index	R_nought_1	R_nought_2	tr_11	tr_22	tr_12	tr_21	removal_rate	sampling_proba	infectious_time	tree_size	proportion_t22_t11	fraction_1
0	3.154	5.532	0.65	1.14	0.005	0	0.206	1	4.859	460	1.754	1
1	2.779	7.767	0.514	1.437	0.005	0	0.185	1	5.411	473	2.795	1
2	1.091	2.78	0.555	1.415	0.005	0	0.509	1	1.964	450	2.548	1
3	4.195	7.694	0.608	1.116	0.005	0	0.145	1	6.873	495	1.834	1
4	1.691	4.831	0.741	2.116	0.005	0	0.438	1	2.283	493	2.857	1
5	1.01	2.876	0.479	1.363	0.005	0	0.474	1	2.108	472	2.848	1
6	4.987	11.181	0.803	1.8	0.005	0	0.161	1	6.222	489	2.242	1
7	3.138	6.179	1.252	2.465	0.005	0	0.399	1	2.504	454	1.969	1
8	2.609	5.536	0.347	0.736	0.005	0	0.133	1	7.502	474	2.122	1
9	1.463	2.474	0.361	0.611	0.005	0	0.247	1	4.042	479	1.691	1
10	2.515	6.433	0.571	1.46	0.005	0	0.227	1	4.397	482	2.558	1
11	1.579	4.099	0.259	0.672	0.005	0	0.164	1	6.096	486	2.596	1
12	3.658	9.606	0.406	1.066	0.005	0	0.111	1	8.987	493	2.626	1
13	2.183	6.027	0.225	0.621	0.005	0	0.103	1	9.732	491	2.761	1
14	3.555	6.122	0.412	0.71	0.005	0	0.116	1	8.638	458	1.722	1
15	3.164	6.717	1.582	3.358	0.005	0	0.5	1	2.001	479	2.123	1
16	1.881	5.509	0.292	0.854	0.005	0	0.155	1	6.444	459	2.929	1
17	3.97	6.816	0.623	1.07	0.005	0	0.157	1	6.368	482	1.717	1
18	4.853	12.618	2.048	5.325	0.005	0	0.422	1	2.369	491	2.6	1
19	4.644	12.153	2.201	5.761	0.005	0	0.474	1	2.108	455	2.617	1
20	4.66	7.451	1.025	1.639	0.005	0	0.22	1	4.552	483	1.599	1
21	3.283	6.714	0.492	1.007	0.005	0	0.15	1	6.649	490	2.045	1
22	3.421	7.858	0.441	1.014	0.005	0	0.129	1	7.767	474	2.297	1
23	2.55	4.391	0.263	0.452	0.005	0	0.103	1	9.733	462	1.722	1
24	2.153	3.294	0.603	0.922	0.005	0	0.28	1	3.566	492	1.53	1
25	1.302	2.203	0.997	1.687	0.005	0	0.766	1	1.306	477	1.692	1
26	3.529	10.082	0.356	1.018	0.005	0	0.101	1	9.949	477	2.857	1
27	3.332	8.617	0.756	1.956	0.005	0	0.227	1	4.402	488	2.586	1
28	3.536	8.129	0.923	2.122	0.005	0	0.261	1	3.827	482	2.299	1
29	3.5	5.576	1.372	2.186	0.005	0	0.392	1	2.554	453	1.593	1
30	2.15	6.439	0.492	1.475	0.005	0	0.229	1	4.372	476	2.995	1
31	2.318	4.36	0.299	0.562	0.005	0	0.129	1	7.78	458	1.881	1
32	1.407	3.489	0.183	0.454	0.005	0	0.13	1	7.695	486	2.48	1
33	3.933	8.424	0.417	0.893	0.005	0	0.106	1	9.438	476	2.142	1
34	1.148	2.407	0.166	0.349	0.005	0	0.145	1	6.92	487	2.097	1
35	3.574	5.822	1.673	2.725	0.005	0	0.468	1	2.138	477	1.629	1
36	2.65	7.868	0.435	1.29	0.005	0	0.164	1	6.097	483	2.969	1
37	1.435	3.008	0.232	0.487	0.005	0	0.162	1	6.163	497	2.096	1
38	1.268	3.145	0.189	0.469	0.005	0	0.149	1	6.693	471	2.48	1
39	1.939	4.964	0.304	0.779	0.005	0	0.157	1	6.35	471	2.56	1
40	4.043	12.012	0.445	1.321	0.005	0	0.11	1	9.082	460	2.971	1
41	2.086	4.339	0.271	0.564	0.005	0	0.13	1	7.709	450	2.08	1
42	4.684	7.115	0.946	1.437	0.005	0	0.202	1	4.95	485	1.519	1
43	2.923	7.156	0.608	1.488	0.005	0	0.208	1	4.797	473	2.448	1
44	1.473	3.596	0.354	0.863	0.005	0	0.24	1	4.174	473	2.441	1
45	3.334	7.481	0.844	1.893	0.005	0	0.253	1	3.954	480	2.244	1
46	1.214	3.11	0.164	0.42	0.005	0	0.135	1	7.385	489	2.562	1
47	1.492	3.646	0.379	0.926	0.005	0	0.254	1	3.942	484	2.444	1
48	1.805	2.948	0.426	0.696	0.005	0	0.236	1	4.241	481	1.633	1
49	3.868	9.89	1.76	4.5	0.005	0	0.455	1	2.197	490	2.557	1
50	1.856	5.037	0.223	0.604	0.005	0	0.12	1	8.308	485	2.714	1
51	1.537	4.279	0.366	1.018	0.005	0	0.238	1	4.197	498	2.784	1
52	4.006	8.873	2.728	6.043	0.005	0	0.681	1	1.469	488	2.215	1
53	3.985	10.441	2.24	5.868	0.005	0	0.562	1	1.779	491	2.62	1
54	4.898	8.165	1.42	2.368	0.005	0	0.29	1	3.443	481	1.667	1
55	1.322	3.037	0.46	1.057	0.005	0	0.348	1	2.877	476	2.297	1
56	4.086	8.54	0.425	0.888	0.005	0	0.104	1	9.573	452	2.09	1
57	2.326	5.848	0.281	0.708	0.005	0	0.121	1	8.234	496	2.514	1
58	4.485	13.446	0.964	2.891	0.005	0	0.215	1	4.655	468	2.998	1
59	1.222	1.839	0.205	0.309	0.005	0	0.168	1	5.936	496	1.505	1
60	3.303	6.249	2.893	5.474	0.005	0	0.876	1	1.142	469	1.892	1
61	1.04	2.957	0.922	2.623	0.005	0	0.887	1	1.128	456	2.843	1
62	1.645	2.922	0.37	0.657	0.005	0	0.225	1	4.442	458	1.776	1
63	3.11	5.48	1.757	3.096	0.005	0	0.565	1	1.771	462	1.762	1
64	4.468	7.663	1.18	2.023	0.005	0	0.264	1	3.782	455	1.715	1
65	3.822	9.712	0.822	2.088	0.005	0	0.215	1	4.645	476	2.541	1
66	1.3	3.601	0.315	0.871	0.005	0	0.242	1	4.13	485	2.77	1
67	2.288	3.83	0.384	0.643	0.005	0	0.168	1	5.943	481	1.674	1
68	1.907	3.343	0.317	0.555	0.005	0	0.166	1	6.026	461	1.753	1
69	2.293	6.498	0.282	0.799	0.005	0	0.123	1	8.141	454	2.834	1
70	3.918	10.978	0.662	1.855	0.005	0	0.169	1	5.926	465	2.802	1
71	3.674	8.27	0.661	1.489	0.005	0	0.18	1	5.543	481	2.251	1
72	4.143	8.319	3.828	7.687	0.005	0	0.924	1	1.082	470	2.008	1
73	4.049	8.163	0.506	1.02	0.005	0	0.125	1	8.0	450	2.016	1
74	2.217	3.709	0.372	0.623	0.005	0	0.168	1	5.947	462	1.673	1
75	1.52	3.583	0.277	0.652	0.005	0	0.182	1	5.494	496	2.357	1
76	4.821	14.222	0.516	1.522	0.005	0	0.107	1	9.375	462	2.95	1
77	1.495	2.983	0.151	0.301	0.005	0	0.101	1	9.864	473	1.995	1
78	1.762	2.893	0.329	0.541	0.005	0	0.187	1	5.353	478	1.642	1
79	3.789	9.832	3.467	8.996	0.005	0	0.915	1	1.093	488	2.595	1
80	1.156	2.007	0.356	0.618	0.005	0	0.308	1	3.245	480	1.736	1
81	3.128	8.305	0.488	1.296	0.005	0	0.156	1	6.395	469	2.655	1
82	4.356	11.739	0.479	1.291	0.005	0	0.11	1	9.053	465	2.695	1
83	3.891	8.611	0.809	1.791	0.005	0	0.208	1	4.797	480	2.213	1
84	1.812	4.994	0.419	1.154	0.005	0	0.231	1	4.33	472	2.756	1
85	4.989	11.23	0.728	1.64	0.005	0	0.146	1	6.839	498	2.251	1
86	3.602	9.898	1.088	2.989	0.005	0	0.302	1	3.315	495	2.748	1
87	1.315	3.675	0.385	1.077	0.005	0	0.293	1	3.409	489	2.795	1
88	2.28	4.052	1.963	3.489	0.005	0	0.861	1	1.162	483	1.777	1
89	4.844	7.934	2.805	4.594	0.005	0	0.579	1	1.727	472	1.638	1
90	2.263	6.244	0.231	0.637	0.005	0	0.102	1	9.767	465	2.759	1
91	2.827	6.284	0.67	1.489	0.005	0	0.237	1	4.216	450	2.223	1
92	2.249	6.115	0.232	0.63	0.005	0	0.103	1	9.747	451	2.719	1
93	3.491	10.358	0.377	1.119	0.005	0	0.108	1	9.217	470	2.967	1
94	3.86	9.712	0.409	1.029	0.005	0	0.106	1	9.477	485	2.516	1
95	3.521	10.39	0.951	2.805	0.005	0	0.27	1	3.701	485	2.951	1
96	4.238	7.107	1.89	3.17	0.005	0	0.446	1	2.241	496	1.677	1
97	2.378	3.722	0.264	0.413	0.005	0	0.111	1	8.978	461	1.565	1
98	3.404	9.436	0.408	1.132	0.005	0	0.12	1	8.352	464	2.772	1
99	4.858	10.615	0.787	1.72	0.005	0	0.162	1	6.181	475	2.185	1
100	1.019	1.654	0.102	0.165	0.005	0	0.1	1	9.953	460	1.623	1
101	3.868	10.97	0.901	2.556	0.005	0	0.233	1	4.3	455	2.836	1
102	4.09	7.031	0.425	0.731	0.005	0	0.104	1	9.652	462	1.719	1
103	4.974	10.047	0.671	1.356	0.005	0	0.135	1	7.403	454	2.02	1
104	3.514	7.474	0.994	2.115	0.005	0	0.283	1	3.531	458	2.127	1
105	1.709	2.623	0.731	1.123	0.005	0	0.428	1	2.339	472	1.535	1
106	2.307	6.861	1.525	4.535	0.005	0	0.661	1	1.513	487	2.974	1
107	3.129	5.648	1.32	2.383	0.005	0	0.422	1	2.371	463	1.805	1
108	2.68	5.867	0.34	0.745	0.005	0	0.127	1	7.875	482	2.189	1
109	3.485	5.642	0.425	0.688	0.005	0	0.122	1	8.185	459	1.619	1
110	1.404	3.524	0.542	1.36	0.005	0	0.386	1	2.589	499	2.51	1
111	2.33	4.825	1.004	2.08	0.005	0	0.431	1	2.321	493	2.071	1
112	1.646	4.304	0.173	0.452	0.005	0	0.105	1	9.553	493	2.615	1
113	3.917	8.112	0.431	0.892	0.005	0	0.11	1	9.11	468	2.071	1
114	4.254	7.636	1.689	3.031	0.005	0	0.397	1	2.516	489	1.795	1
115	2.76	7.667	0.643	1.786	0.005	0	0.233	1	4.287	473	2.778	1
116	4.978	8.687	1.299	2.267	0.005	0	0.261	1	3.835	450	1.745	1
117	2.392	6.757	0.325	0.919	0.005	0	0.136	1	7.377	459	2.825	1
118	1.658	3.122	0.189	0.356	0.005	0	0.114	1	8.743	469	1.883	1
119	1.871	3.259	0.232	0.404	0.005	0	0.124	1	8.077	499	1.742	1
120	1.124	2.499	0.145	0.322	0.005	0	0.129	1	7.776	476	2.223	1
121	3.201	9.309	0.343	0.996	0.005	0	0.107	1	9.318	498	2.908	1
122	3.388	8.548	0.393	0.992	0.005	0	0.116	1	8.637	472	2.523	1
123	4.549	9.817	1.16	2.503	0.005	0	0.255	1	3.924	463	2.158	1
124	3.821	10.049	0.837	2.201	0.005	0	0.219	1	4.569	451	2.63	1
125	2.506	4.954	0.554	1.095	0.005	0	0.221	1	4.519	492	1.977	1
126	2.614	4.517	0.301	0.519	0.005	0	0.115	1	8.665	460	1.728	1
127	3.836	10.691	0.859	2.395	0.005	0	0.224	1	4.457	483	2.787	1
128	4.653	8.287	0.647	1.152	0.005	0	0.139	1	7.216	463	1.781	1
129	3.123	8.454	0.712	1.928	0.005	0	0.228	1	4.39	481	2.707	1
130	3.534	6.004	1.177	1.999	0.005	0	0.333	1	3.002	472	1.699	1
131	2.628	4.223	0.599	0.963	0.005	0	0.228	1	4.386	464	1.607	1
132	4.276	6.842	0.522	0.835	0.005	0	0.122	1	8.189	479	1.6	1
133	1.581	4.433	0.269	0.754	0.005	0	0.17	1	5.895	482	2.804	1
134	1.506	2.461	0.354	0.578	0.005	0	0.235	1	4.264	458	1.634	1
135	4.74	10.466	1.327	2.93	0.005	0	0.28	1	3.571	453	2.208	1
136	4.123	11.977	0.709	2.06	0.005	0	0.172	1	5.819	483	2.905	1
137	4.374	12.317	0.634	1.786	0.005	0	0.145	1	6.873	482	2.816	1
138	2.958	7.788	1.287	3.388	0.005	0	0.435	1	2.3	465	2.633	1
139	2.307	6.416	1.061	2.951	0.005	0	0.46	1	2.173	462	2.781	1
140	1.559	3.389	0.265	0.576	0.005	0	0.17	1	5.882	485	2.174	1
141	4.093	11.162	0.827	2.255	0.005	0	0.202	1	4.954	494	2.727	1
142	2.755	5.587	0.325	0.659	0.005	0	0.118	1	8.456	464	2.028	1
143	2.757	5.721	0.289	0.601	0.005	0	0.105	1	9.504	465	2.075	1
144	4.839	9.538	3.237	6.381	0.005	0	0.669	1	1.495	478	1.971	1
145	4.254	6.492	0.43	0.656	0.005	0	0.101	1	9.877	493	1.526	1
146	2.453	6.0	0.375	0.918	0.005	0	0.153	1	6.542	472	2.446	1
147	2.49	6.852	0.585	1.61	0.005	0	0.235	1	4.255	462	2.752	1
148	3.482	7.413	0.85	1.809	0.005	0	0.244	1	4.094	494	2.129	1
149	1.426	3.936	0.232	0.642	0.005	0	0.163	1	6.149	454	2.76	1
150	4.322	7.974	0.826	1.523	0.005	0	0.191	1	5.24	475	1.845	1
151	4.06	8.295	0.455	0.929	0.005	0	0.112	1	8.905	456	2.043	1
152	3.382	6.125	0.473	0.858	0.005	0	0.14	1	7.123	464	1.811	1
153	4.063	6.854	1.507	2.543	0.005	0	0.371	1	2.695	468	1.687	1
154	3.452	9.9	0.69	1.98	0.005	0	0.2	1	4.995	451	2.868	1
155	4.587	10.834	0.807	1.907	0.005	0	0.176	1	5.691	471	2.362	1
156	1.423	3.947	0.675	1.871	0.005	0	0.474	1	2.11	450	2.774	1
157	3.046	5.254	1.218	2.102	0.005	0	0.4	1	2.5	452	1.725	1
158	3.202	8.588	1.326	3.555	0.005	0	0.414	1	2.413	470	2.682	1
159	4.065	7.415	0.463	0.845	0.005	0	0.114	1	8.783	453	1.824	1
160	2.271	6.552	0.234	0.675	0.005	0	0.103	1	9.676	454	2.885	1
161	2.61	5.794	0.919	2.039	0.005	0	0.352	1	2.844	495	2.22	1
162	3.761	6.435	1.542	2.638	0.005	0	0.41	1	2.437	481	1.711	1
163	3.819	6.622	0.451	0.781	0.005	0	0.118	1	8.463	455	1.734	1
164	4.509	7.192	0.604	0.964	0.005	0	0.134	1	7.473	490	1.595	1
165	4.304	9.813	1.175	2.679	0.005	0	0.273	1	3.658	486	2.28	1
166	3.144	6.209	0.497	0.981	0.005	0	0.158	1	6.343	462	1.975	1
167	2.42	4.76	0.278	0.547	0.005	0	0.115	1	8.723	463	1.967	1
168	4.24	8.963	0.572	1.21	0.005	0	0.135	1	7.387	459	2.114	1
169	4.068	9.389	0.687	1.587	0.005	0	0.169	1	5.928	462	2.308	1
170	4.953	9.45	0.58	1.106	0.005	0	0.117	1	8.554	451	1.908	1
171	4.631	8.234	3.052	5.426	0.005	0	0.659	1	1.518	476	1.778	1
172	3.529	10.351	1.136	3.333	0.005	0	0.322	1	3.106	456	2.933	1
173	4.188	11.877	0.875	2.482	0.005	0	0.209	1	4.778	491	2.836	1
174	3.37	8.678	2.426	6.248	0.005	0	0.72	1	1.389	465	2.575	1
175	1.526	3.124	0.182	0.372	0.005	0	0.119	1	8.412	477	2.047	1
176	2.016	4.232	0.248	0.521	0.005	0	0.123	1	8.119	475	2.099	1
177	3.832	10.312	0.839	2.258	0.005	0	0.219	1	4.556	477	2.691	1
178	4.537	8.992	0.563	1.115	0.005	0	0.124	1	8.091	475	1.982	1
179	2.585	6.682	1.528	3.949	0.005	0	0.591	1	1.691	463	2.585	1
180	4.819	10.621	1.947	4.291	0.005	0	0.404	1	2.476	475	2.204	1
181	2.818	4.605	0.302	0.493	0.005	0	0.107	1	9.322	467	1.634	1
182	1.11	2.491	0.151	0.339	0.005	0	0.136	1	7.341	453	2.244	1
183	4.666	8.072	0.481	0.831	0.005	0	0.103	1	9.721	469	1.73	1
184	2.229	4.679	0.586	1.231	0.005	0	0.263	1	3.798	474	2.099	1
185	4.131	7.911	0.582	1.115	0.005	0	0.141	1	7.107	470	1.915	1
186	1.349	2.513	1.112	2.071	0.005	0	0.824	1	1.213	482	1.863	1
187	1.007	1.844	0.559	1.023	0.005	0	0.555	1	1.803	476	1.831	1
188	4.964	13.755	1.008	2.792	0.005	0	0.203	1	4.931	459	2.771	1
189	3.65	9.793	0.712	1.91	0.005	0	0.195	1	5.135	473	2.683	1
190	2.866	8.162	2.307	6.57	0.005	0	0.805	1	1.243	499	2.848	1
191	1.164	3.116	0.142	0.38	0.005	0	0.122	1	8.184	488	2.677	1
192	4.416	10.25	0.45	1.045	0.005	0	0.102	1	9.841	487	2.321	1
193	3.635	6.772	0.447	0.833	0.005	0	0.123	1	8.163	454	1.863	1
194	3.766	9.449	0.52	1.304	0.005	0	0.138	1	7.246	486	2.509	1
195	1.828	3.879	0.344	0.729	0.005	0	0.188	1	5.31	481	2.122	1
196	2.443	4.434	0.357	0.647	0.005	0	0.146	1	6.842	475	1.815	1
197	1.204	2.365	0.332	0.653	0.005	0	0.276	1	3.627	489	1.964	1
198	3.027	8.412	0.739	2.053	0.005	0	0.244	1	4.096	477	2.779	1
199	4.216	10.207	0.59	1.429	0.005	0	0.14	1	7.122	471	2.421	1
200	1.465	3.091	0.179	0.377	0.005	0	0.122	1	8.178	457	2.11	1
201	3.188	5.4	2.238	3.791	0.005	0	0.702	1	1.425	456	1.694	1
202	2.645	4.163	1.537	2.419	0.005	0	0.581	1	1.721	450	1.574	1
203	2.731	6.792	0.62	1.542	0.005	0	0.227	1	4.403	493	2.487	1
204	4.141	11.388	0.65	1.788	0.005	0	0.157	1	6.378	459	2.75	1
205	4.367	9.241	0.454	0.961	0.005	0	0.104	1	9.632	456	2.116	1
206	2.569	7.388	0.262	0.754	0.005	0	0.102	1	9.764	497	2.876	1
207	1.35	2.805	0.149	0.309	0.005	0	0.11	1	9.057	488	2.078	1
208	4.406	12.698	1.207	3.479	0.005	0	0.274	1	3.644	460	2.882	1
209	4.055	7.287	0.491	0.882	0.005	0	0.121	1	8.273	479	1.797	1
210	1.646	2.839	0.459	0.792	0.005	0	0.279	1	3.588	475	1.725	1
211	4.729	7.595	4.365	7.01	0.005	0	0.923	1	1.083	497	1.606	1
212	3.085	6.793	1.635	3.6	0.005	0	0.53	1	1.888	496	2.202	1
213	1.603	2.683	0.333	0.558	0.005	0	0.208	1	4.803	499	1.674	1
214	4.126	6.515	0.586	0.925	0.005	0	0.142	1	7.043	491	1.579	1
215	1.736	4.059	0.679	1.587	0.005	0	0.391	1	2.555	480	2.338	1
216	3.902	11.445	0.398	1.167	0.005	0	0.102	1	9.821	485	2.933	1
217	4.369	9.122	0.481	1.003	0.005	0	0.11	1	9.097	488	2.088	1
218	1.031	2.254	0.12	0.261	0.005	0	0.116	1	8.619	498	2.186	1
219	2.215	4.831	0.261	0.57	0.005	0	0.118	1	8.453	460	2.181	1
220	1.038	2.706	0.11	0.287	0.005	0	0.106	1	9.44	487	2.607	1
221	1.771	5.007	0.328	0.926	0.005	0	0.185	1	5.415	474	2.827	1
222	2.298	5.331	0.326	0.757	0.005	0	0.142	1	7.067	482	2.32	1
223	3.737	8.561	0.785	1.798	0.005	0	0.21	1	4.77	479	2.291	1
224	3.928	8.457	0.448	0.964	0.005	0	0.114	1	8.751	467	2.153	1
225	4.216	8.306	0.586	1.155	0.005	0	0.139	1	7.214	487	1.97	1
226	4.951	10.402	0.743	1.56	0.005	0	0.15	1	6.688	460	2.101	1
227	4.966	7.494	0.586	0.884	0.005	0	0.118	1	8.494	477	1.509	1
228	3.316	5.498	1.82	3.018	0.005	0	0.549	1	1.823	458	1.658	1
229	1.992	3.719	0.319	0.595	0.005	0	0.16	1	6.268	456	1.867	1
230	1.018	2.91	0.242	0.693	0.005	0	0.238	1	4.206	457	2.859	1
231	2.858	5.453	2.461	4.695	0.005	0	0.861	1	1.161	458	1.908	1
232	3.189	6.633	0.405	0.842	0.005	0	0.127	1	7.896	485	2.08	1
233	1.213	2.451	0.197	0.397	0.005	0	0.162	1	6.17	456	2.021	1
234	2.002	4.456	1.754	3.903	0.005	0	0.876	1	1.141	491	2.226	1
235	4.516	10.942	2.073	5.022	0.005	0	0.459	1	2.179	491	2.423	1
236	1.836	5.029	0.325	0.89	0.005	0	0.177	1	5.647	475	2.739	1
237	2.232	4.48	0.272	0.547	0.005	0	0.122	1	8.19	460	2.007	1
238	1.395	3.561	0.205	0.523	0.005	0	0.147	1	6.79	477	2.553	1
239	1.471	2.758	0.293	0.549	0.005	0	0.199	1	5.031	461	1.875	1
240	3.794	11.234	0.736	2.179	0.005	0	0.194	1	5.164	486	2.961	1
241	4.939	14.18	0.494	1.418	0.005	0	0.1	1	9.998	499	2.871	1
242	1.571	3.791	0.265	0.641	0.005	0	0.169	1	5.922	490	2.413	1
243	1.137	2.799	0.169	0.417	0.005	0	0.149	1	6.702	456	2.462	1
244	1.031	2.225	0.182	0.394	0.005	0	0.177	1	5.651	495	2.158	1
245	4.158	6.848	0.615	1.014	0.005	0	0.148	1	6.745	465	1.647	1
246	3.046	8.489	0.426	1.188	0.005	0	0.14	1	7.156	460	2.787	1
247	1.075	3.135	0.256	0.746	0.005	0	0.238	1	4.2	458	2.916	1
248	1.221	2.181	0.162	0.29	0.005	0	0.133	1	7.501	468	1.786	1
249	2.746	7.395	0.277	0.747	0.005	0	0.101	1	9.873	485	2.693	1
250	4.427	7.123	0.841	1.353	0.005	0	0.19	1	5.254	476	1.609	1
251	2.845	5.118	0.316	0.568	0.005	0	0.111	1	9.041	467	1.799	1
252	4.215	8.565	0.489	0.994	0.005	0	0.116	1	8.619	480	2.032	1
253	1.005	2.399	0.793	1.893	0.005	0	0.789	1	1.267	457	2.387	1
254	3.911	8.428	0.532	1.146	0.005	0	0.136	1	7.35	479	2.155	1
255	3.203	9.071	0.525	1.488	0.005	0	0.164	1	6.091	457	2.832	1
256	3.767	10.028	0.606	1.615	0.005	0	0.161	1	6.222	460	2.662	1
257	4.735	13.286	4.181	11.732	0.005	0	0.883	1	1.132	462	2.806	1
258	3.057	5.649	0.336	0.621	0.005	0	0.11	1	9.069	494	1.848	1
259	1.915	5.575	0.264	0.769	0.005	0	0.138	1	7.237	498	2.911	1
260	4.224	11.781	2.061	5.749	0.005	0	0.488	1	2.048	497	2.789	1
261	4.361	12.834	0.837	2.464	0.005	0	0.192	1	5.217	480	2.943	1
262	3.805	6.872	2.945	5.319	0.005	0	0.774	1	1.292	466	1.806	1
263	4.023	11.305	0.483	1.357	0.005	0	0.12	1	8.326	475	2.81	1
264	1.523	4.153	0.207	0.565	0.005	0	0.136	1	7.369	489	2.727	1
265	1.115	2.31	0.726	1.504	0.005	0	0.651	1	1.537	485	2.072	1
266	3.527	7.908	0.448	1.004	0.005	0	0.127	1	7.853	478	2.242	1
267	4.523	11.525	0.728	1.856	0.005	0	0.161	1	6.216	475	2.548	1
268	1.567	4.395	0.191	0.536	0.005	0	0.122	1	8.185	475	2.805	1
269	1.523	3.083	0.839	1.699	0.005	0	0.551	1	1.815	456	2.024	1
270	1.557	4.185	1.188	3.193	0.005	0	0.763	1	1.311	483	2.688	1
271	2.687	7.379	0.468	1.284	0.005	0	0.174	1	5.754	469	2.746	1
272	2.787	8.124	0.304	0.886	0.005	0	0.109	1	9.201	463	2.915	1
273	3.838	7.377	0.507	0.974	0.005	0	0.132	1	7.564	471	1.922	1
274	1.324	2.616	0.207	0.408	0.005	0	0.156	1	6.407	496	1.976	1
275	3.551	7.407	0.597	1.244	0.005	0	0.168	1	5.956	473	2.086	1
276	2.392	5.81	0.631	1.534	0.005	0	0.264	1	3.794	459	2.429	1
277	2.256	6.337	0.726	2.041	0.005	0	0.322	1	3.109	482	2.809	1
278	2.463	7.069	0.271	0.778	0.005	0	0.11	1	9.1	453	2.87	1
279	3.836	10.027	0.733	1.915	0.005	0	0.191	1	5.233	496	2.614	1
280	4.041	6.773	0.477	0.799	0.005	0	0.118	1	8.49	450	1.676	1
281	4.956	9.411	0.942	1.788	0.005	0	0.19	1	5.256	482	1.899	1
282	1.218	2.387	0.361	0.707	0.005	0	0.296	1	3.376	456	1.96	1
283	4.042	11.75	0.776	2.256	0.005	0	0.192	1	5.202	467	2.907	1
284	3.086	8.625	0.401	1.121	0.005	0	0.13	1	7.685	454	2.795	1
285	4.732	8.12	1.827	3.134	0.005	0	0.386	1	2.594	472	1.716	1
286	1.233	3.254	0.301	0.794	0.005	0	0.244	1	4.099	463	2.639	1
287	4.851	8.994	1.499	2.779	0.005	0	0.309	1	3.233	451	1.854	1
288	2.434	4.286	0.862	1.517	0.005	0	0.354	1	2.821	467	1.761	1
289	4.618	11.125	0.49	1.179	0.005	0	0.106	1	9.449	478	2.409	1
290	1.515	3.66	1.248	3.016	0.005	0	0.824	1	1.214	450	2.416	1
291	2.829	5.658	2.26	4.521	0.005	0	0.799	1	1.252	489	2.0	1
292	4.153	9.186	2.816	6.228	0.005	0	0.678	1	1.475	457	2.212	1
293	3.429	7.444	2.548	5.531	0.005	0	0.743	1	1.346	471	2.171	1
294	3.069	9.186	0.448	1.341	0.005	0	0.146	1	6.844	487	2.993	1
295	3.816	5.758	2.789	4.209	0.005	0	0.731	1	1.368	491	1.509	1
296	1.126	2.269	0.282	0.567	0.005	0	0.25	1	4.008	489	2.015	1
297	1.249	3.34	0.131	0.351	0.005	0	0.105	1	9.504	457	2.674	1
298	2.554	7.09	0.406	1.127	0.005	0	0.159	1	6.299	491	2.776	1
299	2.753	6.07	0.347	0.765	0.005	0	0.126	1	7.919	486	2.205	1
300	3.583	8.055	0.412	0.926	0.005	0	0.115	1	8.725	460	2.248	1
301	4.423	12.092	2.119	5.792	0.005	0	0.479	1	2.087	450	2.734	1
302	4.981	14.002	0.907	2.548	0.005	0	0.182	1	5.5	494	2.811	1
303	1.187	2.982	0.176	0.441	0.005	0	0.148	1	6.779	455	2.512	1
304	3.007	6.312	0.355	0.745	0.005	0	0.118	1	8.465	498	2.099	1
305	4.377	13.131	0.56	1.681	0.005	0	0.128	1	7.812	478	3.0	1
306	2.402	5.678	0.245	0.579	0.005	0	0.102	1	9.832	487	2.364	1
307	1.828	3.649	0.34	0.679	0.005	0	0.186	1	5.372	450	1.996	1
308	3.884	8.556	0.614	1.352	0.005	0	0.158	1	6.347	479	2.203	1
309	2.153	4.263	0.222	0.439	0.005	0	0.103	1	9.749	472	1.98	1
310	3.356	5.94	0.524	0.927	0.005	0	0.156	1	6.424	478	1.77	1
311	1.036	2.026	0.131	0.255	0.005	0	0.126	1	7.966	498	1.956	1
312	4.463	11.698	1.834	4.808	0.005	0	0.411	1	2.435	464	2.621	1
313	2.545	6.739	0.652	1.725	0.005	0	0.256	1	3.905	457	2.648	1
314	2.255	4.386	0.262	0.509	0.005	0	0.116	1	8.626	489	1.945	1
315	3.007	8.32	0.34	0.94	0.005	0	0.113	1	8.834	483	2.767	1
316	4.44	8.716	0.817	1.604	0.005	0	0.184	1	5.434	480	1.963	1
317	2.994	6.266	1.754	3.672	0.005	0	0.586	1	1.707	481	2.093	1
318	1.013	2.048	0.154	0.311	0.005	0	0.152	1	6.574	495	2.022	1
319	4.11	8.487	0.699	1.443	0.005	0	0.17	1	5.879	474	2.065	1
320	1.28	3.557	0.155	0.43	0.005	0	0.121	1	8.288	460	2.779	1
321	1.416	4.213	0.157	0.468	0.005	0	0.111	1	9.002	477	2.975	1
322	4.751	9.516	2.252	4.511	0.005	0	0.474	1	2.111	450	2.003	1
323	3.422	7.162	1.458	3.051	0.005	0	0.426	1	2.345	488	2.093	1
324	3.091	5.239	0.318	0.54	0.005	0	0.103	1	9.726	463	1.695	1
325	1.851	3.328	1.135	2.04	0.005	0	0.613	1	1.631	460	1.798	1
326	4.572	10.991	0.585	1.407	0.005	0	0.128	1	7.824	461	2.404	1
327	1.902	2.935	0.24	0.37	0.005	0	0.126	1	7.911	456	1.543	1
328	2.926	7.587	0.316	0.819	0.005	0	0.108	1	9.26	482	2.593	1
329	2.069	4.846	0.552	1.294	0.005	0	0.267	1	3.752	489	2.342	1
330	1.921	3.661	0.288	0.549	0.005	0	0.15	1	6.686	477	1.906	1
331	3.272	9.665	0.851	2.513	0.005	0	0.26	1	3.852	486	2.954	1
332	4.753	12.272	0.865	2.234	0.005	0	0.182	1	5.501	499	2.582	1
333	3.645	9.863	0.966	2.614	0.005	0	0.265	1	3.768	472	2.706	1
334	3.696	8.279	0.492	1.101	0.005	0	0.133	1	7.545	455	2.24	1
335	4.648	10.026	1.552	3.349	0.005	0	0.334	1	2.991	477	2.157	1
336	1.887	4.063	0.242	0.52	0.005	0	0.128	1	7.809	450	2.153	1
337	1.523	3.664	0.305	0.733	0.005	0	0.2	1	4.993	485	2.406	1
338	1.934	4.083	1.636	3.454	0.005	0	0.846	1	1.182	457	2.111	1
339	4.906	11.72	0.603	1.442	0.005	0	0.123	1	8.142	457	2.389	1
340	4.139	10.799	2.831	7.387	0.005	0	0.684	1	1.462	496	2.609	1
341	3.41	8.136	1.166	2.783	0.005	0	0.342	1	2.92	493	2.386	1
342	2.879	5.536	0.354	0.681	0.005	0	0.123	1	8.139	473	1.923	1
343	3.16	6.927	1.194	2.618	0.005	0	0.378	1	2.646	461	2.192	1
344	1.195	2.8	0.253	0.594	0.005	0	0.212	1	4.716	451	2.343	1
345	4.934	8.047	0.592	0.966	0.005	0	0.12	1	8.299	477	1.631	1
346	4.926	9.645	0.591	1.157	0.005	0	0.12	1	8.331	485	1.958	1
347	2.751	4.589	1.596	2.662	0.005	0	0.58	1	1.724	490	1.668	1
348	4.428	12.947	0.939	2.745	0.005	0	0.212	1	4.728	498	2.924	1
349	3.174	7.335	2.104	4.863	0.005	0	0.663	1	1.508	464	2.311	1
350	4.273	11.631	0.483	1.314	0.005	0	0.113	1	8.817	477	2.722	1
351	4.263	11.872	0.499	1.389	0.005	0	0.117	1	8.521	496	2.785	1
352	2.766	7.604	1.283	3.528	0.005	0	0.464	1	2.155	461	2.749	1
353	3.298	5.267	0.712	1.138	0.005	0	0.216	1	4.631	487	1.597	1
354	1.101	2.365	0.153	0.329	0.005	0	0.139	1	7.211	497	2.148	1
355	1.526	4.015	0.27	0.711	0.005	0	0.177	1	5.652	453	2.631	1
356	3.976	10.055	0.461	1.166	0.005	0	0.116	1	8.627	477	2.529	1
357	4.784	10.683	2.196	4.903	0.005	0	0.459	1	2.179	472	2.233	1
358	3.675	8.897	0.492	1.192	0.005	0	0.134	1	7.441	483	2.421	1
359	3.449	8.022	1.431	3.329	0.005	0	0.415	1	2.412	485	2.326	1
360	2.618	4.841	1.249	2.309	0.005	0	0.477	1	2.097	488	1.849	1
361	4.63	9.704	2.222	4.658	0.005	0	0.48	1	2.085	484	2.096	1
362	4.904	13.55	1.118	3.089	0.005	0	0.228	1	4.39	465	2.763	1
363	1.739	4.94	0.47	1.334	0.005	0	0.27	1	3.705	492	2.841	1
364	1.618	4.181	0.168	0.435	0.005	0	0.104	1	9.578	480	2.584	1
365	4.827	13.472	0.767	2.142	0.005	0	0.159	1	6.271	459	2.791	1
366	4.491	8.169	0.525	0.956	0.005	0	0.117	1	8.559	488	1.819	1
367	1.725	3.936	1.494	3.409	0.005	0	0.866	1	1.155	461	2.282	1
368	4.913	7.964	1.548	2.509	0.005	0	0.315	1	3.179	458	1.621	1
369	3.532	6.947	0.487	0.959	0.005	0	0.138	1	7.241	485	1.967	1
370	1.764	3.99	0.482	1.089	0.005	0	0.273	1	3.659	495	2.262	1
371	2.034	5.093	0.74	1.854	0.005	0	0.364	1	2.745	461	2.504	1
372	1.094	2.626	0.65	1.56	0.005	0	0.594	1	1.683	478	2.4	1
373	1.38	3.534	0.15	0.385	0.005	0	0.109	1	9.204	479	2.561	1
374	4.186	6.827	0.515	0.84	0.005	0	0.123	1	8.147	487	1.631	1
375	2.303	6.863	0.382	1.139	0.005	0	0.166	1	6.016	483	2.98	1
376	1.289	2.542	0.772	1.523	0.005	0	0.599	1	1.67	470	1.972	1
377	1.781	3.074	0.221	0.381	0.005	0	0.124	1	8.09	492	1.726	1
378	1.86	3.636	0.506	0.989	0.005	0	0.272	1	3.679	455	1.955	1
379	1.45	2.841	0.463	0.906	0.005	0	0.319	1	3.135	481	1.959	1
380	2.858	5.847	1.083	2.216	0.005	0	0.379	1	2.641	490	2.046	1
381	1.612	3.945	0.219	0.537	0.005	0	0.136	1	7.363	457	2.447	1
382	3.176	6.879	0.985	2.132	0.005	0	0.31	1	3.23	469	2.166	1
383	3.767	7.093	1.816	3.419	0.005	0	0.482	1	2.075	453	1.883	1
384	2.347	3.873	0.246	0.407	0.005	0	0.105	1	9.501	492	1.65	1
385	1.432	3.431	0.424	1.016	0.005	0	0.296	1	3.379	464	2.396	1
386	4.861	7.34	2.746	4.147	0.005	0	0.565	1	1.77	464	1.51	1
387	1.565	4.235	0.937	2.537	0.005	0	0.599	1	1.67	457	2.706	1
388	1.137	2.254	0.131	0.259	0.005	0	0.115	1	8.672	485	1.982	1
389	3.131	9.321	0.93	2.768	0.005	0	0.297	1	3.369	469	2.977	1
390	2.747	4.7	0.286	0.489	0.005	0	0.104	1	9.586	489	1.711	1
391	2.024	3.504	1.18	2.043	0.005	0	0.583	1	1.714	489	1.731	1
392	4.281	10.54	0.732	1.802	0.005	0	0.171	1	5.852	498	2.462	1
393	2.274	4.082	1.874	3.364	0.005	0	0.824	1	1.214	474	1.795	1
394	4.476	9.543	0.595	1.269	0.005	0	0.133	1	7.535	471	2.132	1
395	3.078	5.796	0.376	0.707	0.005	0	0.122	1	8.166	457	1.883	1
396	4.458	12.705	0.865	2.465	0.005	0	0.194	1	5.159	468	2.85	1
397	1.901	4.939	0.241	0.627	0.005	0	0.127	1	7.899	452	2.598	1
398	2.51	6.491	1.712	4.427	0.005	0	0.682	1	1.466	482	2.586	1
399	4.507	10.285	0.635	1.45	0.005	0	0.141	1	7.078	489	2.282	1
400	3.29	9.34	0.342	0.971	0.005	0	0.104	1	9.661	466	2.839	1
401	2.956	8.064	0.452	1.234	0.005	0	0.153	1	6.537	474	2.728	1
402	1.396	3.771	0.322	0.871	0.005	0	0.231	1	4.33	475	2.701	1
403	3.098	9.158	0.558	1.648	0.005	0	0.18	1	5.556	470	2.956	1
404	4.95	9.217	0.653	1.217	0.005	0	0.132	1	7.598	489	1.862	1
405	3.929	10.376	3.693	9.753	0.005	0	0.94	1	1.064	462	2.641	1
406	1.447	3.104	0.153	0.329	0.005	0	0.106	1	9.462	498	2.145	1
407	1.753	3.602	0.284	0.584	0.005	0	0.162	1	6.159	463	2.055	1
408	4.441	7.892	0.595	1.058	0.005	0	0.134	1	7.476	472	1.777	1
409	1.397	2.153	0.193	0.297	0.005	0	0.138	1	7.266	458	1.541	1
410	4.972	13.111	0.542	1.429	0.005	0	0.109	1	9.157	464	2.637	1
411	2.433	4.649	0.963	1.841	0.005	0	0.396	1	2.523	464	1.911	1
412	1.153	1.947	0.216	0.364	0.005	0	0.187	1	5.334	496	1.689	1
413	4.091	11.242	1.62	4.452	0.005	0	0.396	1	2.526	486	2.748	1
414	4.551	8.847	1.079	2.097	0.005	0	0.237	1	4.213	495	1.944	1
415	3.767	5.993	1.013	1.612	0.005	0	0.269	1	3.716	457	1.591	1
416	2.873	4.591	0.305	0.487	0.005	0	0.106	1	9.45	474	1.598	1
417	2.151	5.421	0.219	0.553	0.005	0	0.102	1	9.814	468	2.52	1
418	2.377	6.266	0.254	0.67	0.005	0	0.107	1	9.361	467	2.636	1
419	1.043	1.607	0.237	0.365	0.005	0	0.227	1	4.406	464	1.541	1
420	2.812	7.106	0.352	0.888	0.005	0	0.125	1	7.977	465	2.527	1
421	4.702	7.692	0.588	0.962	0.005	0	0.125	1	8.001	469	1.636	1
422	3.005	8.931	0.4	1.188	0.005	0	0.133	1	7.524	489	2.972	1
423	1.586	3.059	0.312	0.603	0.005	0	0.197	1	5.079	482	1.929	1
424	2.2	6.404	0.231	0.672	0.005	0	0.105	1	9.482	453	2.911	1
425	1.252	3.581	0.537	1.536	0.005	0	0.429	1	2.331	492	2.86	1
426	1.788	5.353	0.722	2.163	0.005	0	0.404	1	2.476	451	2.994	1
427	2.36	3.934	0.597	0.995	0.005	0	0.253	1	3.956	477	1.667	1
428	3.537	6.292	0.378	0.673	0.005	0	0.107	1	9.369	454	1.779	1
429	4.063	9.918	0.853	2.083	0.005	0	0.21	1	4.762	453	2.441	1
430	1.786	3.777	0.193	0.408	0.005	0	0.108	1	9.227	484	2.115	1
431	2.941	7.785	0.335	0.887	0.005	0	0.114	1	8.735	460	2.647	1
432	2.886	6.877	0.534	1.272	0.005	0	0.185	1	5.411	455	2.383	1
433	3.751	9.816	0.656	1.718	0.005	0	0.175	1	5.709	477	2.617	1
434	3.162	7.741	2.47	6.046	0.005	0	0.781	1	1.28	495	2.448	1
435	3.981	8.969	0.506	1.139	0.005	0	0.127	1	7.894	496	2.253	1
436	4.406	12.592	1.225	3.501	0.005	0	0.278	1	3.592	475	2.858	1
437	4.161	9.62	1.585	3.665	0.005	0	0.381	1	2.626	466	2.312	1
438	4.313	6.608	1.173	1.797	0.005	0	0.272	1	3.67	470	1.532	1
439	2.674	7.255	0.372	1.008	0.005	0	0.139	1	7.206	476	2.713	1
440	4.174	10.777	2.513	6.488	0.005	0	0.602	1	1.661	487	2.582	1
441	3.621	6.742	0.579	1.079	0.005	0	0.16	1	6.245	463	1.862	1
442	4.578	7.764	1.621	2.748	0.005	0	0.354	1	2.828	465	1.696	1
443	2.578	5.661	0.897	1.97	0.005	0	0.348	1	2.874	469	2.196	1
444	3.554	8.764	0.434	1.069	0.005	0	0.122	1	8.177	495	2.466	1
445	1.081	3.062	0.176	0.499	0.005	0	0.163	1	6.14	475	2.833	1
446	1.138	1.726	0.423	0.642	0.005	0	0.372	1	2.69	465	1.517	1
447	1.462	3.931	0.167	0.448	0.005	0	0.114	1	8.762	468	2.689	1
448	1.992	4.221	0.251	0.532	0.005	0	0.126	1	7.93	469	2.119	1
449	4.305	8.21	0.809	1.543	0.005	0	0.188	1	5.318	487	1.907	1
450	1.216	2.844	0.163	0.381	0.005	0	0.134	1	7.458	463	2.339	1
451	2.666	6.566	0.331	0.814	0.005	0	0.124	1	8.084	461	2.463	1
452	2.77	4.468	0.343	0.554	0.005	0	0.124	1	8.053	451	1.613	1
453	4.939	8.293	0.514	0.862	0.005	0	0.104	1	9.584	476	1.679	1
454	2.023	3.51	0.297	0.516	0.005	0	0.147	1	6.81	457	1.735	1
455	4.158	7.077	0.753	1.281	0.005	0	0.181	1	5.538	495	1.702	1
456	4.562	12.281	0.675	1.818	0.005	0	0.148	1	6.745	484	2.692	1
457	1.337	2.939	0.705	1.549	0.005	0	0.527	1	1.896	484	2.198	1
458	1.816	3.138	0.3	0.518	0.005	0	0.165	1	6.059	464	1.728	1
459	4.913	9.605	0.757	1.479	0.005	0	0.154	1	6.478	485	1.955	1
460	2.686	4.692	0.62	1.084	0.005	0	0.231	1	4.329	493	1.747	1
461	1.507	3.67	0.657	1.6	0.005	0	0.436	1	2.296	488	2.435	1
462	2.215	4.262	1.537	2.958	0.005	0	0.694	1	1.441	472	1.924	1
463	3.457	5.248	1.144	1.737	0.005	0	0.331	1	3.021	461	1.518	1
464	3.143	4.931	0.83	1.302	0.005	0	0.264	1	3.794	460	1.569	1
465	4.683	7.549	0.838	1.351	0.005	0	0.179	1	5.596	471	1.612	1
466	4.203	11.878	0.496	1.402	0.005	0	0.118	1	8.446	479	2.826	1
467	3.012	6.678	0.66	1.462	0.005	0	0.219	1	4.561	487	2.217	1
468	3.644	8.454	1.06	2.46	0.005	0	0.291	1	3.438	458	2.32	1
469	1.238	2.76	0.495	1.104	0.005	0	0.4	1	2.5	487	2.229	1
470	2.36	3.549	1.343	2.019	0.005	0	0.569	1	1.758	465	1.504	1
471	1.831	3.393	0.593	1.099	0.005	0	0.324	1	3.088	474	1.853	1
472	3.319	5.639	0.561	0.953	0.005	0	0.169	1	5.929	477	1.699	1
473	2.031	4.032	0.691	1.371	0.005	0	0.34	1	2.941	496	1.985	1
474	2.557	4.909	1.621	3.112	0.005	0	0.634	1	1.578	484	1.92	1
475	2.734	5.031	2.666	4.905	0.005	0	0.975	1	1.026	466	1.84	1
476	3.146	5.546	0.409	0.721	0.005	0	0.13	1	7.722	495	1.763	1
477	2.859	8.288	0.3	0.87	0.005	0	0.105	1	9.524	486	2.899	1
478	2.897	7.387	0.49	1.248	0.005	0	0.169	1	5.934	498	2.55	1
479	2.793	5.223	0.458	0.857	0.005	0	0.164	1	6.086	484	1.87	1
480	3.704	7.223	0.707	1.38	0.005	0	0.191	1	5.232	483	1.95	1
481	1.717	5.022	0.288	0.844	0.005	0	0.168	1	5.963	455	2.925	1
482	3.979	9.562	0.832	1.998	0.005	0	0.209	1	4.796	465	2.403	1
483	4.945	8.471	0.826	1.415	0.005	0	0.167	1	5.971	456	1.713	1
484	1.144	2.369	0.207	0.429	0.005	0	0.181	1	5.524	468	2.071	1
485	2.266	6.58	0.267	0.776	0.005	0	0.118	1	8.478	498	2.904	1
486	3.495	10.349	0.605	1.79	0.005	0	0.173	1	5.788	474	2.961	1
487	1.359	3.127	0.518	1.191	0.005	0	0.381	1	2.626	467	2.301	1
488	4.14	9.162	0.559	1.237	0.005	0	0.135	1	7.427	481	2.213	1
489	3.117	6.234	2.01	4.021	0.005	0	0.645	1	1.55	454	2.0	1
490	2.652	7.492	1.095	3.094	0.005	0	0.413	1	2.424	456	2.825	1
491	1.454	2.956	0.297	0.603	0.005	0	0.204	1	4.896	498	2.033	1
492	4.928	8.762	0.503	0.894	0.005	0	0.102	1	9.836	481	1.778	1
493	3.972	10.117	0.608	1.548	0.005	0	0.153	1	6.524	484	2.547	1
494	3.764	9.06	0.926	2.229	0.005	0	0.246	1	4.072	472	2.407	1
495	1.723	4.309	0.513	1.284	0.005	0	0.298	1	3.361	454	2.501	1
496	1.963	3.9	0.255	0.507	0.005	0	0.13	1	7.695	474	1.987	1
497	3.182	7.379	0.566	1.313	0.005	0	0.178	1	5.617	484	2.319	1
498	3.021	8.456	0.393	1.099	0.005	0	0.13	1	7.679	452	2.799	1
499	4.097	11.57	0.606	1.712	0.005	0	0.148	1	6.765	451	2.824	1
500	3.518	9.446	0.679	1.823	0.005	0	0.193	1	5.172	453	2.685	1
501	1.3	3.492	0.298	0.8	0.005	0	0.229	1	4.363	473	2.686	1
502	2.122	5.148	0.221	0.535	0.005	0	0.104	1	9.62	492	2.426	1
503	2.506	3.829	0.441	0.674	0.005	0	0.176	1	5.682	463	1.528	1
504	2.635	5.51	0.44	0.92	0.005	0	0.167	1	5.996	485	2.091	1
505	2.36	5.442	0.3	0.691	0.005	0	0.127	1	7.894	474	2.306	1
506	1.933	5.511	0.294	0.838	0.005	0	0.152	1	6.572	486	2.851	1
507	3.15	7.106	0.365	0.824	0.005	0	0.116	1	8.619	472	2.256	1
508	3.614	10.51	1.066	3.1	0.005	0	0.295	1	3.394	457	2.908	1
509	3.14	4.716	1.849	2.778	0.005	0	0.589	1	1.697	453	1.502	1
510	2.831	6.186	0.544	1.188	0.005	0	0.192	1	5.2	486	2.185	1
511	3.155	5.354	0.331	0.562	0.005	0	0.105	1	9.543	458	1.697	1
512	1.806	4.546	0.954	2.4	0.005	0	0.528	1	1.894	450	2.517	1
513	2.308	4.034	0.595	1.041	0.005	0	0.258	1	3.872	468	1.748	1
514	4.027	9.894	1.51	3.71	0.005	0	0.375	1	2.666	456	2.457	1
515	2.444	7.251	0.359	1.066	0.005	0	0.147	1	6.808	467	2.967	1
516	3.771	7.15	0.422	0.801	0.005	0	0.112	1	8.944	478	1.896	1
517	1.963	5.646	0.334	0.96	0.005	0	0.17	1	5.867	476	2.876	1
518	1.094	2.899	0.156	0.415	0.005	0	0.143	1	6.998	450	2.65	1
519	2.314	5.642	0.502	1.224	0.005	0	0.217	1	4.599	483	2.438	1
520	2.622	5.414	0.357	0.736	0.005	0	0.136	1	7.374	499	2.065	1
521	4.901	12.821	2.593	6.782	0.005	0	0.529	1	1.889	493	2.616	1
522	3.214	8.176	1.093	2.78	0.005	0	0.34	1	2.941	465	2.544	1
523	2.328	3.762	0.708	1.144	0.005	0	0.304	1	3.286	460	1.616	1
524	2.51	6.175	0.419	1.031	0.005	0	0.167	1	5.996	460	2.46	1
525	3.168	8.874	0.586	1.642	0.005	0	0.185	1	5.405	478	2.801	1
526	3.843	8.139	0.949	2.01	0.005	0	0.247	1	4.051	455	2.118	1
527	4.582	8.115	0.962	1.704	0.005	0	0.21	1	4.753	455	1.771	1
528	2.772	4.954	0.319	0.57	0.005	0	0.115	1	8.729	494	1.787	1
529	2.321	5.046	0.288	0.626	0.005	0	0.124	1	8.046	473	2.174	1
530	4.396	7.557	1.02	1.753	0.005	0	0.232	1	4.305	498	1.719	1
531	3.583	8.115	0.57	1.29	0.005	0	0.159	1	6.292	489	2.265	1
532	3.071	8.239	0.888	2.381	0.005	0	0.289	1	3.462	460	2.683	1
533	4.231	7.709	0.707	1.287	0.005	0	0.167	1	5.991	456	1.822	1
534	1.846	2.867	0.364	0.565	0.005	0	0.197	1	5.07	458	1.553	1
535	4.256	6.461	0.6	0.911	0.005	0	0.141	1	7.088	492	1.518	1
536	1.059	2.239	0.318	0.672	0.005	0	0.3	1	3.33	485	2.114	1
537	2.821	6.711	0.463	1.101	0.005	0	0.164	1	6.089	468	2.379	1
538	3.375	9.865	1.347	3.936	0.005	0	0.399	1	2.508	453	2.923	1
539	1.743	3.476	0.223	0.445	0.005	0	0.128	1	7.802	498	1.994	1
540	2.557	5.587	0.363	0.793	0.005	0	0.142	1	7.057	466	2.185	1
541	2.119	4.153	0.994	1.948	0.005	0	0.469	1	2.13	472	1.96	1
542	2.815	7.539	1.205	3.227	0.005	0	0.428	1	2.337	456	2.678	1
543	2.645	5.756	0.645	1.404	0.005	0	0.244	1	4.103	467	2.176	1
544	1.254	2.044	1.219	1.987	0.005	0	0.972	1	1.029	482	1.63	1
545	1.43	2.568	0.32	0.575	0.005	0	0.224	1	4.469	474	1.796	1
546	4.068	6.387	0.525	0.824	0.005	0	0.129	1	7.764	473	1.57	1
547	1.245	3.627	0.212	0.617	0.005	0	0.17	1	5.888	470	2.913	1
548	3.077	8.794	0.862	2.462	0.005	0	0.28	1	3.576	485	2.858	1
549	4.806	14.226	0.562	1.664	0.005	0	0.117	1	8.537	453	2.96	1
550	3.645	9.229	0.452	1.144	0.005	0	0.124	1	8.064	480	2.532	1
551	3.778	6.449	0.389	0.664	0.005	0	0.103	1	9.741	485	1.707	1
552	2.921	7.595	0.859	2.233	0.005	0	0.294	1	3.403	462	2.6	1
553	4.777	10.629	2.642	5.878	0.005	0	0.553	1	1.808	473	2.225	1
554	3.616	8.91	0.539	1.328	0.005	0	0.149	1	6.704	485	2.464	1
555	4.063	10.507	0.557	1.439	0.005	0	0.137	1	7.303	487	2.586	1
556	2.646	5.549	0.487	1.021	0.005	0	0.184	1	5.422	487	2.097	1
557	3.539	8.55	0.616	1.488	0.005	0	0.174	1	5.751	483	2.416	1
558	1.213	3.632	0.235	0.705	0.005	0	0.194	1	5.142	483	2.994	1
559	1.808	4.836	0.334	0.895	0.005	0	0.185	1	5.394	495	2.675	1
560	1.884	3.632	1.023	1.972	0.005	0	0.543	1	1.841	483	1.928	1
561	3.849	8.221	0.396	0.847	0.005	0	0.103	1	9.668	493	2.136	1
562	3.891	7.805	0.502	1.007	0.005	0	0.129	1	7.744	472	2.006	1
563	2.808	5.883	0.402	0.841	0.005	0	0.143	1	6.987	463	2.095	1
564	1.276	2.392	0.205	0.385	0.005	0	0.161	1	6.219	490	1.875	1
565	4.72	10.096	0.514	1.1	0.005	0	0.109	1	9.216	457	2.139	1
566	2.541	4.78	1.334	2.51	0.005	0	0.525	1	1.905	475	1.881	1
567	1.578	2.487	0.23	0.363	0.005	0	0.146	1	6.853	494	1.576	1
568	2.742	4.423	0.79	1.274	0.005	0	0.288	1	3.474	477	1.613	1
569	1.308	3.003	0.396	0.91	0.005	0	0.303	1	3.305	479	2.296	1
570	1.766	3.006	0.894	1.521	0.005	0	0.506	1	1.978	468	1.702	1
571	3.359	8.589	0.873	2.233	0.005	0	0.26	1	3.851	494	2.557	1
572	1.218	2.636	0.199	0.43	0.005	0	0.163	1	6.123	459	2.164	1
573	1.41	3.209	0.364	0.828	0.005	0	0.258	1	3.88	471	2.276	1
574	4.699	8.895	3.106	5.88	0.005	0	0.661	1	1.512	461	1.893	1
575	3.191	6.806	0.747	1.593	0.005	0	0.234	1	4.268	479	2.133	1
576	4.484	12.273	0.614	1.681	0.005	0	0.137	1	7.297	468	2.737	1
577	4.639	11.43	1.61	3.966	0.005	0	0.347	1	2.88	467	2.464	1
578	3.037	7.353	0.349	0.846	0.005	0	0.115	1	8.662	455	2.421	1
579	4.384	9.57	0.745	1.627	0.005	0	0.17	1	5.897	450	2.183	1
580	1.694	3.786	0.213	0.477	0.005	0	0.126	1	7.916	486	2.235	1
581	1.156	2.261	0.126	0.246	0.005	0	0.109	1	9.174	483	1.956	1
582	1.276	3.711	0.158	0.46	0.005	0	0.124	1	8.079	499	2.908	1
583	3.122	9.229	0.487	1.44	0.005	0	0.156	1	6.43	469	2.956	1
584	3.35	5.852	1.611	2.815	0.005	0	0.481	1	2.077	460	1.747	1
585	2.728	5.126	1.094	2.056	0.005	0	0.401	1	2.495	497	1.879	1
586	2.036	4.903	0.271	0.652	0.005	0	0.133	1	7.546	466	2.408	1
587	1.512	3.659	0.281	0.681	0.005	0	0.186	1	5.364	475	2.42	1
588	4.364	7.118	1.898	3.096	0.005	0	0.435	1	2.298	495	1.631	1
589	3.992	7.381	0.695	1.284	0.005	0	0.174	1	5.754	499	1.849	1
590	2.748	5.298	0.745	1.436	0.005	0	0.271	1	3.688	487	1.928	1
591	4.826	9.932	0.623	1.281	0.005	0	0.129	1	7.723	482	2.058	1
592	3.022	6.521	0.399	0.861	0.005	0	0.132	1	7.577	454	2.158	1
593	3.765	5.919	0.591	0.929	0.005	0	0.157	1	6.369	486	1.572	1
594	1.903	4.995	0.767	2.013	0.005	0	0.403	1	2.48	472	2.625	1
595	2.833	4.941	0.295	0.514	0.005	0	0.104	1	9.597	479	1.744	1
596	3.413	9.089	0.7	1.863	0.005	0	0.205	1	4.886	459	2.663	1
597	4.637	13.146	3.496	9.912	0.005	0	0.754	1	1.327	466	2.835	1
598	3.348	5.99	0.599	1.072	0.005	0	0.179	1	5.573	463	1.789	1
599	3.28	6.419	0.692	1.354	0.005	0	0.211	1	4.73	473	1.957	1
600	3.319	5.417	0.455	0.742	0.005	0	0.137	1	7.287	493	1.632	1
601	3.191	7.952	0.431	1.074	0.005	0	0.135	1	7.43	456	2.492	1
602	2.771	5.464	1.615	3.186	0.005	0	0.583	1	1.716	451	1.972	1
603	1.355	2.248	0.145	0.241	0.005	0	0.107	1	9.329	464	1.659	1
604	3.182	7.293	0.923	2.115	0.005	0	0.29	1	3.444	462	2.292	1
605	2.327	3.572	0.251	0.386	0.005	0	0.108	1	9.239	493	1.535	1
606	2.671	7.148	0.283	0.758	0.005	0	0.106	1	9.478	469	2.676	1
607	3.725	9.182	0.875	2.158	0.005	0	0.235	1	4.252	452	2.465	1
608	1.676	4.492	0.225	0.602	0.005	0	0.134	1	7.483	465	2.68	1
609	4.064	7.612	2.707	5.07	0.005	0	0.666	1	1.502	454	1.873	1
610	1.861	4.852	0.257	0.67	0.005	0	0.138	1	7.256	451	2.607	1
611	4.677	13.863	1.983	5.878	0.005	0	0.424	1	2.361	480	2.964	1
612	2.313	4.779	0.828	1.711	0.005	0	0.358	1	2.792	459	2.066	1
613	3.853	7.718	3.645	7.301	0.005	0	0.946	1	1.057	481	2.003	1
614	2.54	6.982	0.295	0.81	0.005	0	0.116	1	8.648	464	2.749	1
615	2.87	7.809	0.333	0.906	0.005	0	0.116	1	8.611	476	2.721	1
616	4.036	7.475	1.053	1.951	0.005	0	0.261	1	3.835	476	1.852	1
617	2.075	4.912	0.587	1.39	0.005	0	0.283	1	3.537	454	2.367	1
618	4.501	12.855	1.188	3.394	0.005	0	0.264	1	3.782	485	2.856	1
619	3.773	6.376	1.43	2.417	0.005	0	0.379	1	2.636	480	1.69	1
620	3.049	9.12	0.61	1.824	0.005	0	0.2	1	4.998	489	2.991	1
621	1.433	3.443	0.198	0.475	0.005	0	0.138	1	7.237	475	2.403	1
622	4.965	7.681	0.591	0.914	0.005	0	0.119	1	8.395	456	1.547	1
623	4.702	12.329	1.119	2.934	0.005	0	0.238	1	4.204	454	2.622	1
624	4.372	7.607	0.45	0.784	0.005	0	0.103	1	9.672	479	1.74	1
625	4.103	7.459	0.464	0.843	0.005	0	0.113	1	8.858	459	1.818	1
626	2.656	5.256	0.473	0.936	0.005	0	0.178	1	5.613	466	1.979	1
627	1.283	3.835	0.135	0.403	0.005	0	0.105	1	9.52	499	2.989	1
628	1.062	1.616	0.122	0.186	0.005	0	0.115	1	8.693	471	1.522	1
629	4.887	12.237	0.503	1.26	0.005	0	0.103	1	9.677	463	2.504	1
630	3.686	6.491	0.903	1.59	0.005	0	0.245	1	4.089	466	1.761	1
631	2.257	3.632	0.273	0.439	0.005	0	0.121	1	8.258	488	1.609	1
632	1.03	2.868	0.125	0.347	0.005	0	0.121	1	8.257	497	2.784	1
633	1.588	4.153	0.237	0.619	0.005	0	0.149	1	6.701	456	2.615	1
634	2.436	4.619	0.256	0.485	0.005	0	0.105	1	9.511	468	1.896	1
635	2.694	8.066	0.385	1.153	0.005	0	0.143	1	7.007	475	2.994	1
636	2.102	6.239	1.793	5.322	0.005	0	0.853	1	1.173	465	2.968	1
637	4.478	9.023	0.51	1.029	0.005	0	0.114	1	8.801	453	2.015	1
638	3.86	8.561	0.78	1.729	0.005	0	0.202	1	4.954	477	2.218	1
639	4.825	9.332	1.419	2.744	0.005	0	0.294	1	3.406	474	1.934	1
640	1.006	1.583	0.334	0.526	0.005	0	0.332	1	3.012	480	1.574	1
641	1.938	3.996	0.328	0.675	0.005	0	0.169	1	5.911	450	2.062	1
642	2.105	6.248	0.269	0.8	0.005	0	0.128	1	7.833	471	2.968	1
643	2.72	7.774	0.609	1.741	0.005	0	0.224	1	4.457	471	2.858	1
644	4.93	8.125	1.218	2.007	0.005	0	0.247	1	4.042	491	1.648	1
645	3.685	7.879	1.279	2.734	0.005	0	0.347	1	2.886	456	2.138	1
646	4.438	7.873	0.905	1.606	0.005	0	0.204	1	4.89	496	1.774	1
647	4.174	10.602	0.455	1.156	0.005	0	0.109	1	9.163	482	2.54	1
648	4.523	8.544	0.71	1.341	0.005	0	0.157	1	6.372	467	1.889	1
649	3.817	10.669	0.393	1.099	0.005	0	0.103	1	9.737	461	2.795	1
650	4.403	10.823	1.224	3.009	0.005	0	0.278	1	3.597	456	2.458	1
651	4.643	8.915	0.831	1.596	0.005	0	0.179	1	5.573	460	1.92	1
652	3.995	7.363	0.759	1.399	0.005	0	0.19	1	5.277	496	1.843	1
653	4.361	12.189	1.422	3.974	0.005	0	0.326	1	3.071	477	2.795	1
654	1.479	3.486	0.248	0.586	0.005	0	0.168	1	5.951	499	2.357	1
655	4.434	13.134	0.457	1.353	0.005	0	0.103	1	9.755	485	2.962	1
656	2.874	8.174	0.348	0.989	0.005	0	0.121	1	8.239	489	2.844	1
657	1.101	2.969	0.294	0.793	0.005	0	0.267	1	3.746	458	2.697	1
658	2.578	4.076	0.735	1.162	0.005	0	0.285	1	3.51	481	1.581	1
659	1.763	5.229	0.434	1.286	0.005	0	0.246	1	4.066	484	2.966	1
660	1.808	4.144	0.606	1.388	0.005	0	0.335	1	2.987	480	2.292	1
661	4.128	7.327	0.677	1.202	0.005	0	0.164	1	6.084	469	1.775	1
662	3.123	9.019	1.368	3.95	0.005	0	0.438	1	2.281	464	2.888	1
663	3.274	9.059	0.953	2.636	0.005	0	0.291	1	3.437	463	2.767	1
664	4.28	8.872	0.479	0.994	0.005	0	0.112	1	8.962	465	2.073	1
665	1.948	4.406	1.288	2.912	0.005	0	0.661	1	1.512	456	2.262	1
666	3.859	10.79	0.629	1.759	0.005	0	0.163	1	6.135	457	2.796	1
667	1.074	2.232	0.126	0.261	0.005	0	0.117	1	8.526	483	2.078	1
668	1.695	4.253	0.697	1.748	0.005	0	0.411	1	2.433	498	2.509	1
669	4.898	10.692	3.776	8.244	0.005	0	0.771	1	1.297	475	2.183	1
670	2.816	4.241	2.275	3.427	0.005	0	0.808	1	1.237	454	1.506	1
671	4.8	8.482	2.582	4.563	0.005	0	0.538	1	1.86	471	1.767	1
672	3.201	7.375	0.557	1.283	0.005	0	0.174	1	5.76	481	2.304	1
673	3.662	6.496	0.963	1.708	0.005	0	0.263	1	3.802	482	1.774	1
674	1.519	3.462	0.176	0.402	0.005	0	0.116	1	8.649	496	2.279	1
675	4.463	9.645	1.156	2.498	0.005	0	0.259	1	3.866	476	2.161	1
676	3.282	7.365	0.348	0.781	0.005	0	0.106	1	9.476	464	2.244	1
677	4.2	8.602	0.928	1.901	0.005	0	0.221	1	4.532	459	2.048	1
678	3.912	11.004	2.398	6.745	0.005	0	0.613	1	1.632	459	2.813	1
679	4.978	10.17	4.54	9.275	0.005	0	0.912	1	1.097	468	2.043	1
680	1.608	3.62	0.238	0.536	0.005	0	0.148	1	6.778	480	2.251	1
681	1.113	1.757	0.878	1.386	0.005	0	0.789	1	1.268	454	1.579	1
682	4.555	12.449	0.77	2.104	0.005	0	0.169	1	5.924	490	2.733	1
683	3.978	6.444	0.418	0.677	0.005	0	0.105	1	9.556	453	1.62	1
684	3.077	8.837	0.348	0.999	0.005	0	0.113	1	8.813	460	2.872	1
685	2.626	4.624	0.284	0.499	0.005	0	0.108	1	9.271	457	1.761	1
686	4.03	6.637	0.596	0.982	0.005	0	0.148	1	6.747	465	1.647	1
687	1.247	2.053	0.132	0.218	0.005	0	0.106	1	9.473	474	1.646	1
688	2.686	5.659	0.269	0.566	0.005	0	0.1	1	9.994	475	2.107	1
689	2.275	6.579	1.203	3.48	0.005	0	0.529	1	1.892	494	2.892	1
690	2.959	6.681	0.435	0.982	0.005	0	0.147	1	6.782	459	2.258	1
691	3.12	7.638	0.53	1.298	0.005	0	0.17	1	5.869	473	2.448	1
692	3.887	6.666	0.404	0.693	0.005	0	0.104	1	9.635	474	1.715	1
693	4.171	9.894	0.534	1.266	0.005	0	0.128	1	7.828	495	2.372	1
694	4.5	7.124	0.742	1.175	0.005	0	0.165	1	6.054	497	1.583	1
695	2.256	5.455	0.799	1.931	0.005	0	0.354	1	2.825	456	2.418	1
696	1.916	4.872	0.466	1.184	0.005	0	0.243	1	4.119	491	2.543	1
697	3.422	10.163	0.914	2.714	0.005	0	0.267	1	3.744	492	2.97	1
698	4.807	8.672	2.596	4.683	0.005	0	0.54	1	1.851	474	1.804	1
699	3.71	8.589	0.505	1.168	0.005	0	0.136	1	7.367	478	2.315	1
700	3.094	6.238	0.415	0.836	0.005	0	0.134	1	7.49	494	2.016	1
701	3.828	7.901	3.522	7.269	0.005	0	0.92	1	1.087	484	2.064	1
702	4.889	8.795	4.786	8.61	0.005	0	0.979	1	1.021	482	1.799	1
703	4.307	12.189	1.219	3.449	0.005	0	0.283	1	3.537	469	2.83	1
704	2.491	6.18	0.643	1.594	0.005	0	0.258	1	3.879	463	2.481	1
705	2.189	5.604	0.348	0.891	0.005	0	0.159	1	6.279	486	2.56	1
706	2.406	6.041	2.257	5.666	0.005	0	0.938	1	1.066	465	2.511	1
707	2.309	4.83	0.3	0.628	0.005	0	0.13	1	7.663	483	2.092	1
708	4.604	8.029	1.326	2.312	0.005	0	0.288	1	3.475	475	1.744	1
709	1.118	3.061	0.13	0.355	0.005	0	0.116	1	8.629	451	2.738	1
710	3.684	10.054	1.337	3.65	0.005	0	0.363	1	2.755	483	2.729	1
711	2.898	6.784	2.008	4.701	0.005	0	0.693	1	1.442	454	2.341	1
712	4.177	7.886	0.422	0.796	0.005	0	0.101	1	9.947	499	1.888	1
713	1.588	2.452	0.181	0.28	0.005	0	0.114	1	8.736	464	1.544	1
714	3.059	5.176	0.33	0.559	0.005	0	0.108	1	9.273	458	1.692	1
715	2.258	5.478	0.255	0.619	0.005	0	0.113	1	8.88	481	2.426	1
716	2.443	6.222	0.425	1.083	0.005	0	0.174	1	5.75	488	2.547	1
717	1.053	2.822	0.289	0.773	0.005	0	0.274	1	3.649	452	2.68	1
718	1.84	4.732	0.335	0.861	0.005	0	0.182	1	5.48	456	2.572	1
719	3.11	5.408	0.345	0.6	0.005	0	0.111	1	9.008	482	1.739	1
720	2.697	7.125	0.779	2.059	0.005	0	0.289	1	3.458	492	2.642	1
721	2.784	4.379	0.841	1.322	0.005	0	0.302	1	3.312	451	1.573	1
722	2.736	7.22	0.67	1.769	0.005	0	0.245	1	4.089	456	2.639	1
723	1.964	5.566	0.261	0.74	0.005	0	0.133	1	7.527	450	2.834	1
724	3.223	8.203	0.654	1.665	0.005	0	0.203	1	4.935	492	2.545	1
725	2.77	4.643	0.341	0.571	0.005	0	0.123	1	8.149	466	1.676	1
726	3.365	6.33	0.377	0.709	0.005	0	0.112	1	8.932	485	1.881	1
727	1.947	3.579	0.226	0.415	0.005	0	0.116	1	8.604	450	1.838	1
728	4.222	9.428	0.452	1.009	0.005	0	0.107	1	9.36	463	2.233	1
729	4.086	11.723	0.445	1.278	0.005	0	0.109	1	9.16	497	2.869	1
730	1.113	2.543	0.16	0.366	0.005	0	0.144	1	6.923	468	2.285	1
731	2.156	4.823	0.813	1.818	0.005	0	0.377	1	2.653	484	2.237	1
732	4.195	9.795	0.579	1.352	0.005	0	0.138	1	7.228	454	2.335	1
733	4.913	10.258	0.707	1.477	0.005	0	0.144	1	6.968	489	2.088	1
734	3.679	9.404	1.177	3.009	0.005	0	0.32	1	3.128	477	2.556	1
735	2.354	6.299	0.242	0.649	0.005	0	0.103	1	9.687	480	2.676	1
736	4.424	12.431	3.69	10.367	0.005	0	0.834	1	1.199	473	2.81	1
737	2.833	6.714	0.572	1.356	0.005	0	0.202	1	4.959	474	2.37	1
738	3.381	6.184	1.129	2.065	0.005	0	0.334	1	2.991	484	1.829	1
739	2.394	3.735	0.263	0.411	0.005	0	0.11	1	9.069	464	1.56	1
740	4.395	9.599	3.635	7.938	0.005	0	0.827	1	1.209	489	2.184	1
741	1.546	2.545	0.182	0.3	0.005	0	0.118	1	8.467	479	1.646	1
742	2.186	6.536	0.603	1.804	0.005	0	0.276	1	3.621	476	2.99	1
743	1.391	2.708	0.195	0.379	0.005	0	0.14	1	7.131	490	1.947	1
744	2.254	5.184	0.629	1.446	0.005	0	0.279	1	3.584	494	2.3	1
745	4.116	7.495	0.889	1.619	0.005	0	0.216	1	4.639	474	1.821	1
746	3.054	7.116	0.507	1.181	0.005	0	0.166	1	6.022	457	2.33	1
747	1.802	2.968	0.461	0.76	0.005	0	0.256	1	3.904	469	1.647	1
748	2.188	4.713	0.455	0.98	0.005	0	0.208	1	4.814	480	2.154	1
749	4.208	12.527	0.539	1.603	0.005	0	0.128	1	7.823	496	2.977	1
750	2.867	8.134	0.565	1.602	0.005	0	0.197	1	5.089	454	2.837	1
751	3.011	8.864	0.388	1.143	0.005	0	0.129	1	7.75	499	2.944	1
752	3.09	6.959	1.613	3.633	0.005	0	0.522	1	1.916	461	2.252	1
753	1.707	3.32	0.186	0.362	0.005	0	0.109	1	9.202	492	1.945	1
754	4.215	9.846	2.192	5.12	0.005	0	0.52	1	1.922	480	2.336	1
755	3.632	9.843	0.4	1.083	0.005	0	0.11	1	9.06	483	2.71	1
756	4.577	13.26	1.044	3.023	0.005	0	0.228	1	4.395	489	2.897	1
757	3.764	9.101	0.7	1.693	0.005	0	0.186	1	5.389	475	2.418	1
758	1.768	3.066	0.856	1.484	0.005	0	0.484	1	2.065	471	1.734	1
759	2.045	3.254	0.384	0.612	0.005	0	0.188	1	5.33	488	1.591	1
760	1.161	2.843	0.147	0.361	0.005	0	0.127	1	7.893	494	2.449	1
761	2.373	6.011	0.596	1.509	0.005	0	0.251	1	3.986	487	2.533	1
762	3.136	7.909	2.71	6.833	0.005	0	0.864	1	1.158	482	2.522	1
763	2.699	5.838	0.367	0.794	0.005	0	0.136	1	7.361	453	2.163	1
764	1.864	3.691	0.231	0.458	0.005	0	0.124	1	8.071	482	1.98	1
765	1.449	2.662	0.246	0.453	0.005	0	0.17	1	5.898	483	1.837	1
766	1.718	2.929	1.189	2.027	0.005	0	0.692	1	1.445	499	1.705	1
767	4.034	9.718	0.658	1.584	0.005	0	0.163	1	6.123	499	2.409	1
768	2.375	4.22	0.29	0.515	0.005	0	0.122	1	8.187	480	1.777	1
769	1.889	3.627	0.3	0.577	0.005	0	0.159	1	6.3	469	1.92	1
770	4.607	10.684	1.331	3.088	0.005	0	0.289	1	3.456	470	2.319	1
771	1.269	2.516	0.233	0.463	0.005	0	0.184	1	5.423	459	1.983	1
772	2.685	7.601	0.271	0.768	0.005	0	0.101	1	9.933	491	2.831	1
773	2.29	3.73	0.284	0.463	0.005	0	0.124	1	8.048	484	1.629	1
774	4.867	13.968	0.623	1.788	0.005	0	0.128	1	7.811	466	2.87	1
775	3.341	7.985	0.725	1.733	0.005	0	0.217	1	4.6	483	2.39	1
776	1.71	4.74	0.198	0.55	0.005	0	0.116	1	8.601	454	2.772	1
777	3.973	10.671	0.429	1.152	0.005	0	0.108	1	9.288	484	2.686	1
778	4.347	11.133	1.561	3.997	0.005	0	0.359	1	2.785	463	2.561	1
779	4.666	9.999	0.471	1.01	0.005	0	0.101	1	9.883	460	2.143	1
780	2.466	6.209	0.572	1.44	0.005	0	0.232	1	4.308	452	2.518	1
781	1.537	4.028	1.154	3.025	0.005	0	0.751	1	1.332	468	2.621	1
782	2.769	8.141	1.257	3.696	0.005	0	0.454	1	2.204	477	2.94	1
783	1.398	2.686	0.225	0.432	0.005	0	0.161	1	6.213	497	1.921	1
784	2.646	6.051	0.27	0.617	0.005	0	0.102	1	9.765	476	2.287	1
785	4.568	13.32	1.27	3.703	0.005	0	0.278	1	3.593	462	2.916	1
786	3.609	6.637	0.715	1.314	0.005	0	0.198	1	5.041	498	1.839	1
787	1.876	3.255	0.218	0.378	0.005	0	0.116	1	8.64	487	1.735	1
788	4.485	12.293	0.762	2.09	0.005	0	0.17	1	5.898	457	2.741	1
789	4.203	12.151	1.753	5.067	0.005	0	0.417	1	2.399	462	2.891	1
790	2.794	6.105	0.78	1.703	0.005	0	0.279	1	3.583	458	2.185	1
791	2.28	4.649	0.691	1.409	0.005	0	0.303	1	3.305	469	2.039	1
792	2.864	7.713	2.111	5.684	0.005	0	0.737	1	1.356	489	2.693	1
793	1.413	2.71	0.177	0.339	0.005	0	0.125	1	7.984	490	1.918	1
794	1.367	3.569	0.388	1.014	0.005	0	0.284	1	3.518	461	2.611	1
795	1.979	4.11	0.22	0.456	0.005	0	0.111	1	8.977	472	2.077	1
796	4.489	9.045	1.163	2.343	0.005	0	0.259	1	3.867	478	2.015	1
797	1.016	1.646	0.423	0.685	0.005	0	0.416	1	2.404	461	1.62	1
798	3.011	7.38	0.352	0.863	0.005	0	0.117	1	8.549	452	2.451	1
799	4.318	8.07	0.497	0.928	0.005	0	0.115	1	8.686	485	1.869	1
800	4.235	11.282	0.881	2.347	0.005	0	0.208	1	4.805	462	2.664	1
801	3.046	8.328	2.51	6.862	0.005	0	0.824	1	1.213	457	2.734	1
802	4.63	7.112	0.82	1.259	0.005	0	0.177	1	5.652	499	1.536	1
803	2.926	4.597	0.591	0.929	0.005	0	0.202	1	4.945	487	1.571	1
804	4.288	11.573	1.128	3.044	0.005	0	0.263	1	3.804	466	2.699	1
805	2.865	6.532	2.845	6.486	0.005	0	0.993	1	1.007	488	2.28	1
806	4.779	13.634	0.507	1.445	0.005	0	0.106	1	9.403	460	2.853	1
807	3.025	4.683	1.016	1.573	0.005	0	0.336	1	2.975	493	1.548	1
808	2.892	6.597	0.289	0.66	0.005	0	0.1	1	9.958	486	2.281	1
809	1.819	4.058	0.195	0.434	0.005	0	0.107	1	9.319	451	2.231	1
810	1.665	3.681	0.368	0.814	0.005	0	0.221	1	4.524	457	2.211	1
811	3.856	9.351	1.319	3.198	0.005	0	0.342	1	2.924	484	2.425	1
812	3.412	6.541	1.515	2.904	0.005	0	0.444	1	2.25	455	1.917	1
813	3.666	7.706	0.506	1.063	0.005	0	0.138	1	7.258	451	2.102	1
814	4.568	10.936	0.489	1.17	0.005	0	0.107	1	9.356	492	2.394	1
815	1.869	3.512	0.806	1.514	0.005	0	0.431	1	2.318	480	1.879	1
816	4.812	7.945	1.126	1.859	0.005	0	0.234	1	4.276	481	1.651	1
817	1.516	4.393	0.224	0.65	0.005	0	0.148	1	6.761	458	2.898	1
818	2.03	5.02	1.407	3.479	0.005	0	0.693	1	1.443	491	2.473	1
819	4.556	13.408	2.15	6.329	0.005	0	0.472	1	2.118	457	2.943	1
820	3.309	7.991	1.919	4.635	0.005	0	0.58	1	1.724	479	2.415	1
821	4.028	7.097	1.784	3.144	0.005	0	0.443	1	2.257	479	1.762	1
822	3.597	5.989	2.878	4.791	0.005	0	0.8	1	1.25	478	1.665	1
823	4.466	10.634	0.482	1.148	0.005	0	0.108	1	9.278	451	2.381	1
824	1.104	1.806	0.236	0.386	0.005	0	0.214	1	4.672	495	1.636	1
825	2.869	8.111	1.07	3.025	0.005	0	0.373	1	2.679	485	2.827	1
826	2.353	5.151	1.186	2.596	0.005	0	0.504	1	1.984	476	2.189	1
827	3.522	6.833	0.662	1.285	0.005	0	0.188	1	5.311	499	1.94	1
828	2.492	5.861	0.645	1.518	0.005	0	0.259	1	3.865	497	2.352	1
829	1.047	1.585	0.933	1.412	0.005	0	0.891	1	1.122	476	1.514	1
830	4.416	7.163	0.565	0.917	0.005	0	0.128	1	7.842	484	1.622	1
831	3.966	8.174	0.444	0.915	0.005	0	0.112	1	8.947	482	2.061	1
832	3.51	10.126	3.412	9.842	0.005	0	0.972	1	1.029	490	2.885	1
833	4.933	8.426	1.14	1.946	0.005	0	0.231	1	4.325	455	1.708	1
834	2.853	6.334	0.345	0.766	0.005	0	0.121	1	8.232	461	2.22	1
835	4.447	10.535	0.578	1.37	0.005	0	0.13	1	7.7	455	2.369	1
836	4.462	12.569	1.312	3.695	0.005	0	0.294	1	3.397	455	2.817	1
837	4.101	11.159	0.767	2.087	0.005	0	0.187	1	5.361	451	2.721	1
838	2.105	4.347	0.244	0.504	0.005	0	0.116	1	8.615	452	2.065	1
839	4.69	8.911	0.586	1.114	0.005	0	0.125	1	8.025	494	1.9	1
840	2.793	4.488	0.358	0.574	0.005	0	0.128	1	7.797	477	1.607	1
841	2.348	6.168	0.244	0.641	0.005	0	0.104	1	9.598	490	2.627	1
842	1.316	3.801	0.358	1.034	0.005	0	0.272	1	3.674	487	2.888	1
843	2.193	5.298	0.371	0.895	0.005	0	0.169	1	5.901	463	2.416	1
844	2.337	3.777	0.262	0.423	0.005	0	0.112	1	8.967	498	1.616	1
845	4.259	10.767	0.877	2.218	0.005	0	0.206	1	4.848	477	2.528	1
846	1.974	5.346	0.272	0.738	0.005	0	0.138	1	7.239	495	2.708	1
847	1.116	2.878	0.144	0.371	0.005	0	0.129	1	7.727	467	2.579	1
848	4.423	10.062	1.384	3.149	0.005	0	0.313	1	3.19	479	2.275	1
849	2.149	4.148	1.597	3.082	0.005	0	0.743	1	1.346	481	1.93	1
850	4.619	7.986	0.587	1.014	0.005	0	0.127	1	7.888	468	1.729	1
851	4.138	11.479	3.476	9.642	0.005	0	0.84	1	1.191	461	2.774	1
852	1.722	4.865	0.381	1.075	0.005	0	0.221	1	4.535	461	2.825	1
853	1.228	2.692	0.37	0.81	0.005	0	0.301	1	3.322	474	2.192	1
854	4.5	12.29	0.626	1.708	0.005	0	0.139	1	7.211	452	2.731	1
855	3.202	8.146	0.768	1.955	0.005	0	0.24	1	4.174	490	2.544	1
856	1.259	2.31	0.137	0.252	0.005	0	0.109	1	9.179	484	1.835	1
857	1.545	3.252	0.184	0.387	0.005	0	0.119	1	8.411	499	2.105	1
858	2.759	4.337	0.524	0.824	0.005	0	0.19	1	5.254	493	1.572	1
859	4.995	8.257	1.508	2.494	0.005	0	0.302	1	3.308	450	1.653	1
860	4.902	12.324	0.549	1.38	0.005	0	0.112	1	8.937	453	2.514	1
861	1.72	3.428	0.375	0.747	0.005	0	0.218	1	4.583	453	1.993	1
862	1.004	2.89	0.359	1.035	0.005	0	0.358	1	2.796	498	2.878	1
863	3.153	8.135	0.356	0.919	0.005	0	0.113	1	8.863	464	2.58	1
864	2.235	6.245	0.23	0.643	0.005	0	0.103	1	9.691	479	2.794	1
865	2.996	6.067	0.395	0.801	0.005	0	0.132	1	7.58	454	2.025	1
866	3.567	6.264	1.891	3.32	0.005	0	0.53	1	1.888	456	1.756	1
867	4.241	12.43	0.45	1.318	0.005	0	0.106	1	9.392	485	2.931	1
868	1.878	4.943	0.402	1.058	0.005	0	0.214	1	4.677	450	2.632	1
869	4.822	12.479	3.115	8.061	0.005	0	0.646	1	1.549	478	2.588	1
870	4.098	10.425	1.549	3.941	0.005	0	0.378	1	2.649	455	2.544	1
871	4.483	12.055	0.551	1.483	0.005	0	0.123	1	8.131	479	2.689	1
872	3.305	7.701	1.054	2.457	0.005	0	0.319	1	3.132	455	2.33	1
873	1.537	3.343	0.18	0.391	0.005	0	0.117	1	8.527	473	2.175	1
874	1.707	4.365	0.358	0.917	0.005	0	0.21	1	4.756	485	2.557	1
875	1.307	2.909	0.158	0.352	0.005	0	0.121	1	8.277	480	2.226	1
876	1.38	2.131	0.204	0.315	0.005	0	0.148	1	6.743	464	1.544	1
877	4.865	7.638	2.744	4.308	0.005	0	0.564	1	1.773	495	1.57	1
878	3.185	7.004	0.551	1.212	0.005	0	0.173	1	5.791	486	2.199	1
879	3.964	6.255	0.682	1.076	0.005	0	0.172	1	5.819	487	1.578	1
880	1.844	3.839	0.502	1.044	0.005	0	0.272	1	3.681	464	2.082	1
881	3.274	7.029	1.087	2.334	0.005	0	0.332	1	3.013	472	2.147	1
882	2.673	4.958	0.289	0.535	0.005	0	0.108	1	9.236	450	1.855	1
883	4.413	11.911	2.004	5.408	0.005	0	0.454	1	2.203	454	2.699	1
884	2.542	4.484	0.325	0.574	0.005	0	0.128	1	7.841	475	1.764	1
885	1.43	4.081	0.19	0.543	0.005	0	0.133	1	7.529	497	2.854	1
886	2.868	7.58	0.812	2.145	0.005	0	0.283	1	3.529	480	2.643	1
887	1.136	2.079	0.175	0.32	0.005	0	0.154	1	6.508	496	1.83	1
888	2.788	5.478	1.188	2.334	0.005	0	0.426	1	2.347	466	1.965	1
889	2.315	5.142	0.4	0.89	0.005	0	0.173	1	5.788	486	2.221	1
890	3.254	8.454	0.56	1.454	0.005	0	0.172	1	5.812	459	2.598	1
891	1.967	3.692	0.285	0.535	0.005	0	0.145	1	6.916	476	1.877	1
892	3.612	7.152	0.401	0.794	0.005	0	0.111	1	9.004	452	1.98	1
893	2.316	4.63	0.327	0.653	0.005	0	0.141	1	7.099	476	1.999	1
894	1.37	2.262	0.151	0.249	0.005	0	0.11	1	9.068	478	1.651	1
895	3.142	4.964	0.44	0.695	0.005	0	0.14	1	7.146	483	1.58	1
896	3.083	7.442	1.495	3.609	0.005	0	0.485	1	2.063	498	2.414	1
897	1.546	3.873	0.267	0.67	0.005	0	0.173	1	5.784	493	2.505	1
898	2.715	7.187	0.405	1.071	0.005	0	0.149	1	6.69	457	2.647	1
899	2.682	4.377	0.378	0.617	0.005	0	0.141	1	7.084	460	1.632	1
900	1.223	2.105	0.223	0.383	0.005	0	0.182	1	5.503	484	1.721	1
901	2.659	7.11	0.3	0.803	0.005	0	0.113	1	8.817	486	2.674	1
902	2.972	5.159	0.36	0.624	0.005	0	0.121	1	8.26	492	1.736	1
903	1.711	3.771	0.188	0.415	0.005	0	0.11	1	9.112	477	2.204	1
904	1.641	3.874	0.212	0.5	0.005	0	0.129	1	7.737	461	2.361	1
905	2.183	6.248	0.223	0.637	0.005	0	0.102	1	9.816	482	2.862	1
906	1.215	3.417	1.063	2.99	0.005	0	0.875	1	1.143	477	2.812	1
907	2.316	5.146	0.422	0.937	0.005	0	0.182	1	5.494	494	2.222	1
908	1.366	2.511	0.272	0.5	0.005	0	0.199	1	5.022	492	1.838	1
909	4.322	11.185	0.821	2.125	0.005	0	0.19	1	5.253	476	2.588	1
910	2.079	5.802	0.328	0.917	0.005	0	0.158	1	6.346	489	2.791	1
911	3.168	8.139	0.45	1.156	0.005	0	0.142	1	7.046	474	2.569	1
912	3.108	6.664	0.587	1.259	0.005	0	0.189	1	5.282	465	2.144	1
913	2.104	4.74	0.225	0.507	0.005	0	0.107	1	9.352	462	2.253	1
914	2.39	4.013	0.464	0.779	0.005	0	0.194	1	5.166	477	1.679	1
915	3.755	6.699	1.262	2.251	0.005	0	0.336	1	2.976	469	1.784	1
916	2.388	5.963	1.094	2.731	0.005	0	0.458	1	2.184	459	2.497	1
917	1.917	4.848	0.22	0.558	0.005	0	0.115	1	8.707	494	2.529	1
918	4.589	10.133	1.267	2.797	0.005	0	0.276	1	3.62	459	2.208	1
919	3.744	9.162	1.46	3.573	0.005	0	0.39	1	2.562	469	2.447	1
920	1.118	2.043	0.135	0.247	0.005	0	0.121	1	8.251	461	1.827	1
921	2.611	5.89	0.399	0.901	0.005	0	0.153	1	6.532	492	2.256	1
922	4.919	10.502	0.866	1.848	0.005	0	0.176	1	5.693	472	2.135	1
923	1.501	4.132	0.212	0.583	0.005	0	0.141	1	7.087	473	2.753	1
924	1.171	2.943	0.958	2.407	0.005	0	0.818	1	1.223	487	2.513	1
925	4.229	10.192	2.093	5.045	0.005	0	0.495	1	2.019	477	2.41	1
926	4.661	9.028	0.853	1.652	0.005	0	0.183	1	5.453	480	1.937	1
927	4.486	12.35	0.601	1.655	0.005	0	0.134	1	7.452	481	2.753	1
928	1.166	2.77	0.441	1.047	0.005	0	0.378	1	2.649	483	2.376	1
929	4.334	9.86	0.806	1.834	0.005	0	0.186	1	5.369	470	2.275	1
930	4.156	11.342	0.973	2.654	0.005	0	0.234	1	4.271	474	2.729	1
931	3.692	8.248	2.551	5.699	0.005	0	0.691	1	1.448	454	2.234	1
932	2.401	3.738	0.348	0.542	0.005	0	0.145	1	6.916	494	1.557	1
933	3.785	9.322	3.13	7.709	0.005	0	0.827	1	1.209	484	2.463	1
934	1.827	3.552	0.267	0.519	0.005	0	0.146	1	6.843	480	1.944	1
935	3.047	8.727	2.002	5.734	0.005	0	0.657	1	1.522	495	2.864	1
936	1.443	4.193	0.24	0.696	0.005	0	0.166	1	6.029	493	2.906	1
937	2.102	5.278	0.58	1.457	0.005	0	0.276	1	3.626	485	2.511	1
938	2.334	3.991	0.236	0.403	0.005	0	0.101	1	9.944	498	1.71	1
939	4.957	9.086	0.516	0.945	0.005	0	0.104	1	9.629	480	1.833	1
940	1.335	3.841	0.147	0.423	0.005	0	0.11	1	9.092	462	2.877	1
941	2.555	7.33	0.337	0.968	0.005	0	0.132	1	7.554	453	2.869	1
942	1.763	3.579	0.289	0.587	0.005	0	0.164	1	6.087	485	2.03	1
943	2.005	5.225	0.357	0.93	0.005	0	0.178	1	5.632	487	2.606	1
944	3.845	11.47	0.388	1.158	0.005	0	0.101	1	9.867	473	2.983	1
945	3.289	5.739	0.362	0.631	0.005	0	0.11	1	9.081	489	1.745	1
946	2.623	6.736	0.567	1.455	0.005	0	0.216	1	4.635	468	2.568	1
947	1.09	2.917	0.78	2.089	0.005	0	0.716	1	1.397	491	2.676	1
948	4.377	9.686	0.696	1.54	0.005	0	0.159	1	6.276	473	2.213	1
949	3.392	6.77	0.929	1.855	0.005	0	0.274	1	3.652	497	1.996	1
950	4.594	8.191	0.634	1.13	0.005	0	0.138	1	7.24	489	1.783	1
951	3.65	10.559	2.08	6.019	0.005	0	0.57	1	1.755	459	2.893	1
952	1.068	2.03	0.279	0.53	0.005	0	0.261	1	3.834	488	1.901	1
953	2.76	6.287	0.373	0.849	0.005	0	0.135	1	7.396	485	2.278	1
954	1.841	4.803	0.42	1.095	0.005	0	0.228	1	4.388	499	2.609	1
955	3.918	7.233	0.576	1.063	0.005	0	0.147	1	6.81	478	1.846	1
956	4.205	8.179	1.06	2.061	0.005	0	0.252	1	3.973	465	1.945	1
957	3.793	8.917	1.248	2.934	0.005	0	0.329	1	3.041	467	2.351	1
958	3.585	6.908	0.667	1.285	0.005	0	0.186	1	5.381	486	1.927	1
959	1.26	2.709	0.178	0.382	0.005	0	0.141	1	7.075	477	2.15	1
960	4.756	12.565	0.49	1.294	0.005	0	0.103	1	9.748	469	2.642	1
961	4.932	11.136	0.651	1.47	0.005	0	0.132	1	7.55	496	2.258	1
962	4.494	7.878	0.894	1.568	0.005	0	0.199	1	5.037	458	1.753	1
963	1.461	3.033	0.224	0.464	0.005	0	0.153	1	6.535	486	2.076	1
964	3.392	8.897	0.455	1.192	0.005	0	0.134	1	7.448	494	2.623	1
965	4.833	8.187	1.706	2.89	0.005	0	0.353	1	2.835	473	1.694	1
966	2.979	8.13	1.811	4.943	0.005	0	0.608	1	1.644	458	2.729	1
967	1.204	2.841	0.19	0.449	0.005	0	0.158	1	6.324	490	2.36	1
968	2.211	3.427	0.301	0.466	0.005	0	0.136	1	7.328	489	1.55	1
969	1.91	3.339	0.218	0.381	0.005	0	0.114	1	8.743	498	1.748	1
970	2.803	4.869	0.748	1.3	0.005	0	0.267	1	3.739	462	1.737	1
971	4.561	11.795	0.493	1.274	0.005	0	0.108	1	9.22	499	2.586	1
972	4.528	9.5	0.643	1.349	0.005	0	0.142	1	7.067	475	2.098	1
973	1.88	5.29	0.212	0.598	0.005	0	0.113	1	8.835	468	2.814	1
974	2.289	5.67	0.41	1.015	0.005	0	0.179	1	5.578	454	2.477	1
975	4.569	7.402	3.212	5.204	0.005	0	0.703	1	1.423	484	1.62	1
976	2.71	5.604	0.501	1.037	0.005	0	0.185	1	5.414	490	2.068	1
977	3.973	9.789	1.859	4.581	0.005	0	0.468	1	2.137	451	2.464	1
978	3.267	7.442	2.117	4.822	0.005	0	0.648	1	1.544	457	2.278	1
979	1.486	2.449	0.281	0.463	0.005	0	0.189	1	5.289	460	1.648	1
980	3.077	5.145	0.665	1.111	0.005	0	0.216	1	4.629	472	1.672	1
981	2.913	5.299	0.565	1.028	0.005	0	0.194	1	5.166	469	1.819	1
982	4.475	9.679	0.483	1.045	0.005	0	0.108	1	9.271	467	2.163	1
983	1.646	2.861	0.181	0.315	0.005	0	0.11	1	9.054	479	1.738	1
984	2.637	4.478	0.49	0.833	0.005	0	0.186	1	5.383	484	1.698	1
985	3.908	6.276	1.251	2.008	0.005	0	0.32	1	3.121	488	1.606	1
986	3.238	5.012	0.418	0.647	0.005	0	0.129	1	7.745	486	1.548	1
987	2.946	5.845	2.342	4.647	0.005	0	0.795	1	1.258	483	1.984	1
988	4.241	7.986	3.202	6.029	0.005	0	0.755	1	1.324	468	1.883	1
989	2.542	6.957	1.36	3.722	0.005	0	0.535	1	1.869	456	2.737	1
990	2.736	7.278	0.274	0.728	0.005	0	0.1	1	9.988	460	2.66	1
991	1.789	3.558	0.24	0.477	0.005	0	0.134	1	7.44	479	1.989	1
992	1.137	3.176	0.13	0.362	0.005	0	0.114	1	8.788	466	2.793	1
993	3.306	6.209	0.407	0.764	0.005	0	0.123	1	8.106	455	1.878	1
994	1.507	3.364	1.162	2.594	0.005	0	0.771	1	1.297	463	2.232	1
995	1.351	3.045	0.163	0.368	0.005	0	0.121	1	8.281	462	2.254	1
996	3.28	7.567	0.528	1.218	0.005	0	0.161	1	6.199	462	2.307	1
997	4.396	9.544	0.774	1.68	0.005	0	0.176	1	5.667	483	2.171	1
998	1.568	2.584	1.105	1.822	0.005	0	0.705	1	1.419	459	1.648	1
999	2.948	7.346	2.376	5.921	0.005	0	0.806	1	1.241	471	2.492	1
1000	4.817	10.183	0.785	1.66	0.005	0	0.163	1	6.128	465	2.114	1
1001	1.555	2.396	0.737	1.136	0.005	0	0.474	1	2.111	467	1.541	1
1002	1.9	5.66	0.209	0.623	0.005	0	0.11	1	9.083	460	2.979	1
1003	1.689	3.062	0.201	0.364	0.005	0	0.119	1	8.403	458	1.813	1
1004	1.531	4.527	0.349	1.032	0.005	0	0.228	1	4.38	485	2.957	1
1005	4.039	9.706	1.878	4.513	0.005	0	0.465	1	2.151	453	2.403	1
1006	4.978	14.302	0.682	1.959	0.005	0	0.137	1	7.294	456	2.873	1
1007	2.928	5.78	0.313	0.618	0.005	0	0.107	1	9.369	484	1.974	1
1008	4.656	13.051	0.48	1.344	0.005	0	0.103	1	9.716	498	2.803	1
1009	1.871	3.774	0.254	0.513	0.005	0	0.136	1	7.375	474	2.017	1
1010	4.346	10.152	0.626	1.462	0.005	0	0.144	1	6.958	479	2.336	1
1011	1.503	3.565	0.197	0.467	0.005	0	0.131	1	7.643	479	2.372	1
1012	2.286	6.184	2.028	5.485	0.005	0	0.887	1	1.128	470	2.705	1
1013	1.637	4.281	0.231	0.604	0.005	0	0.141	1	7.077	485	2.615	1
1014	4.955	12.105	1.055	2.578	0.005	0	0.213	1	4.688	452	2.443	1
1015	4.115	11.271	0.502	1.375	0.005	0	0.122	1	8.211	450	2.739	1
1016	1.6	3.613	0.757	1.709	0.005	0	0.473	1	2.116	487	2.258	1
1017	2.035	4.843	0.263	0.625	0.005	0	0.129	1	7.766	461	2.38	1
1018	3.995	9.776	0.491	1.202	0.005	0	0.123	1	8.136	489	2.447	1
1019	3.873	10.163	0.55	1.443	0.005	0	0.142	1	7.058	453	2.624	1
1020	3.881	9.951	0.396	1.015	0.005	0	0.102	1	9.837	499	2.564	1
1021	4.088	7.195	0.45	0.791	0.005	0	0.11	1	9.071	473	1.76	1
1022	3.62	6.205	2.016	3.456	0.005	0	0.557	1	1.795	486	1.714	1
1023	3.765	8.633	0.666	1.528	0.005	0	0.177	1	5.643	499	2.293	1
1024	1.288	3.666	0.232	0.66	0.005	0	0.18	1	5.569	493	2.846	1
1025	3.347	5.643	1.422	2.398	0.005	0	0.425	1	2.351	478	1.686	1
1026	1.386	3.109	0.826	1.853	0.005	0	0.596	1	1.679	493	2.243	1
1027	3.092	6.574	0.847	1.801	0.005	0	0.274	1	3.65	460	2.126	1
1028	1.836	3.868	0.341	0.719	0.005	0	0.186	1	5.376	488	2.107	1
1029	4.532	9.05	0.53	1.059	0.005	0	0.117	1	8.527	482	1.997	1
1030	4.397	7.233	1.038	1.707	0.005	0	0.236	1	4.235	484	1.645	1
1031	1.214	3.033	0.142	0.355	0.005	0	0.117	1	8.547	486	2.498	1
1032	2.291	5.815	0.47	1.192	0.005	0	0.205	1	4.888	489	2.538	1
1033	4.776	12.752	0.95	2.538	0.005	0	0.199	1	5.017	450	2.67	1
1034	4.678	13.533	1.403	4.06	0.005	0	0.3	1	3.328	483	2.893	1
1035	4.426	8.737	0.642	1.267	0.005	0	0.145	1	6.882	453	1.974	1
1036	2.302	4.201	0.456	0.832	0.005	0	0.198	1	5.042	465	1.825	1
1037	4.73	12.237	2.237	5.788	0.005	0	0.473	1	2.112	475	2.587	1
1038	2.823	8.125	0.37	1.064	0.005	0	0.131	1	7.63	462	2.878	1
1039	1.106	2.345	0.142	0.3	0.005	0	0.128	1	7.842	481	2.12	1
1040	1.817	3.018	0.434	0.721	0.005	0	0.239	1	4.188	460	1.661	1
1041	2.314	4.929	1.074	2.287	0.005	0	0.464	1	2.157	481	2.13	1
1042	3.607	7.654	0.617	1.309	0.005	0	0.171	1	5.831	477	2.122	1
1043	1.617	4.401	0.212	0.577	0.005	0	0.131	1	7.614	476	2.722	1
1044	4.844	13.026	1.114	2.996	0.005	0	0.23	1	4.354	491	2.689	1
1045	3.519	8.864	0.862	2.172	0.005	0	0.245	1	4.081	463	2.519	1
1046	4.153	6.707	0.453	0.731	0.005	0	0.109	1	9.191	488	1.615	1
1047	4.898	12.563	2.944	7.55	0.005	0	0.601	1	1.665	490	2.565	1
1048	2.115	5.444	0.692	1.78	0.005	0	0.327	1	3.054	472	2.574	1
1049	2.23	4.895	0.468	1.028	0.005	0	0.21	1	4.755	472	2.195	1
1050	4.349	9.707	0.435	0.971	0.005	0	0.1	1	9.964	483	2.232	1
1051	1.245	3.716	1.093	3.263	0.005	0	0.878	1	1.139	486	2.985	1
1052	1.941	3.142	0.487	0.789	0.005	0	0.251	1	3.987	460	1.619	1
1053	1.913	5.674	0.197	0.584	0.005	0	0.103	1	9.7	498	2.966	1
1054	2.32	5.64	0.494	1.201	0.005	0	0.213	1	4.697	496	2.431	1
1055	1.64	4.659	0.251	0.713	0.005	0	0.153	1	6.529	475	2.841	1
1056	1.739	4.713	0.33	0.895	0.005	0	0.19	1	5.25	451	2.71	1
1057	1.102	2.414	0.133	0.292	0.005	0	0.121	1	8.298	480	2.191	1
1058	1.061	2.683	0.115	0.29	0.005	0	0.108	1	9.298	475	2.529	1
1059	2.789	6.417	0.39	0.898	0.005	0	0.14	1	7.147	486	2.301	1
1060	4.574	11.087	1.111	2.694	0.005	0	0.243	1	4.119	488	2.424	1
1061	2.782	6.051	0.387	0.841	0.005	0	0.139	1	7.217	480	2.175	1
1062	3.133	5.154	1.595	2.623	0.005	0	0.509	1	1.963	495	1.645	1
1063	3.769	11.209	2.503	7.443	0.005	0	0.664	1	1.507	450	2.974	1
1064	4.56	8.628	0.748	1.415	0.005	0	0.164	1	6.102	469	1.892	1
1065	2.089	4.98	1.652	3.939	0.005	0	0.791	1	1.264	468	2.384	1
1066	1.64	3.57	0.308	0.671	0.005	0	0.188	1	5.329	469	2.177	1
1067	3.887	10.643	0.498	1.362	0.005	0	0.128	1	7.788	485	2.738	1
1068	2.522	6.509	0.749	1.933	0.005	0	0.297	1	3.364	463	2.581	1
1069	3.474	8.873	0.41	1.047	0.005	0	0.118	1	8.499	496	2.554	1
1070	3.165	7.033	0.791	1.758	0.005	0	0.25	1	4.004	493	2.222	1
1071	2.031	4.834	1.318	3.137	0.005	0	0.649	1	1.542	463	2.38	1
1072	2.65	6.381	0.405	0.976	0.005	0	0.153	1	6.524	455	2.408	1
1073	4.384	10.158	1.714	3.972	0.005	0	0.391	1	2.559	476	2.317	1
1074	4.44	11.526	1.305	3.389	0.005	0	0.294	1	3.403	488	2.596	1
1075	4.191	10.142	0.641	1.552	0.005	0	0.153	1	6.528	473	2.42	1
1076	3.365	9.913	0.643	1.893	0.005	0	0.191	1	5.247	497	2.946	1
1077	4.018	8.836	0.896	1.97	0.005	0	0.223	1	4.491	491	2.199	1
1078	1.268	2.533	0.172	0.344	0.005	0	0.136	1	7.354	494	1.998	1
1079	4.559	11.826	0.925	2.401	0.005	0	0.203	1	4.924	490	2.594	1
1080	1.259	2.983	0.181	0.43	0.005	0	0.144	1	6.941	472	2.369	1
1081	2.536	7.108	0.312	0.874	0.005	0	0.123	1	8.099	470	2.803	1
1082	1.469	2.309	0.204	0.321	0.005	0	0.139	1	7.192	481	1.572	1
1083	4.434	7.143	2.864	4.614	0.005	0	0.646	1	1.548	453	1.611	1
1084	3.583	9.61	0.509	1.365	0.005	0	0.142	1	7.02	479	2.682	1
1085	1.267	3.052	0.333	0.803	0.005	0	0.263	1	3.796	486	2.409	1
1086	3.828	7.614	3.759	7.477	0.005	0	0.982	1	1.018	471	1.989	1
1087	2.779	8.323	0.445	1.332	0.005	0	0.16	1	6.238	462	2.995	1
1088	4.98	10.851	0.687	1.497	0.005	0	0.138	1	7.247	475	2.179	1
1089	1.869	4.973	0.549	1.462	0.005	0	0.294	1	3.399	454	2.661	1
1090	3.837	8.595	3.595	8.054	0.005	0	0.937	1	1.067	491	2.24	1
1091	2.437	6.439	0.751	1.983	0.005	0	0.308	1	3.243	471	2.642	1
1092	2.47	6.405	1.077	2.793	0.005	0	0.436	1	2.291	485	2.593	1
1093	1.64	3.447	0.175	0.369	0.005	0	0.107	1	9.325	499	2.102	1
1094	1.04	2.24	0.493	1.062	0.005	0	0.474	1	2.109	476	2.154	1
1095	2.881	4.97	1.239	2.137	0.005	0	0.43	1	2.326	476	1.725	1
1096	1.849	5.488	0.312	0.927	0.005	0	0.169	1	5.901	451	2.968	1
1097	2.389	5.091	1.562	3.33	0.005	0	0.654	1	1.528	485	2.131	1
1098	2.298	5.297	0.439	1.012	0.005	0	0.191	1	5.228	459	2.305	1
1099	3.963	11.643	0.483	1.42	0.005	0	0.122	1	8.183	493	2.938	1
1100	1.744	4.513	0.443	1.146	0.005	0	0.254	1	3.934	493	2.588	1
1101	4.841	12.451	1.249	3.212	0.005	0	0.258	1	3.881	493	2.572	1
1102	3.59	6.247	0.377	0.656	0.005	0	0.105	1	9.564	471	1.74	1
1103	4.644	10.333	0.469	1.044	0.005	0	0.101	1	9.893	491	2.225	1
1104	1.107	2.927	0.141	0.372	0.005	0	0.127	1	7.852	457	2.644	1
1105	1.043	2.712	0.154	0.401	0.005	0	0.148	1	6.773	467	2.6	1
1106	2.42	6.899	0.3	0.855	0.005	0	0.124	1	8.063	470	2.851	1
1107	3.792	10.64	2.935	8.235	0.005	0	0.774	1	1.292	451	2.806	1
1108	4.604	13.227	1.888	5.423	0.005	0	0.41	1	2.441	484	2.873	1
1109	2.457	5.641	0.435	0.998	0.005	0	0.177	1	5.636	475	2.296	1
1110	2.469	6.57	0.62	1.649	0.005	0	0.251	1	3.989	479	2.661	1
1111	1.635	3.904	0.25	0.597	0.005	0	0.153	1	6.549	469	2.388	1
1112	3.144	5.669	0.751	1.355	0.005	0	0.239	1	4.184	487	1.803	1
1113	4.757	8.867	0.499	0.931	0.005	0	0.105	1	9.504	463	1.864	1
1114	2.642	4.19	0.277	0.44	0.005	0	0.105	1	9.486	478	1.586	1
1115	3.165	7.469	0.807	1.905	0.005	0	0.255	1	3.92	472	2.36	1
1116	1.317	3.694	0.416	1.167	0.005	0	0.316	1	3.16	495	2.805	1
1117	3.34	6.376	1.947	3.717	0.005	0	0.583	1	1.716	450	1.909	1
1118	2.501	6.553	0.38	0.996	0.005	0	0.152	1	6.558	465	2.62	1
1119	1.887	2.874	0.719	1.095	0.005	0	0.381	1	2.623	454	1.523	1
1120	2.329	6.244	0.47	1.261	0.005	0	0.202	1	4.953	482	2.681	1
1121	2.803	5.606	0.577	1.155	0.005	0	0.206	1	4.864	489	2.0	1
1122	4.235	10.151	2.054	4.923	0.005	0	0.485	1	2.06	459	2.397	1
1123	3.152	6.134	0.375	0.73	0.005	0	0.119	1	8.376	451	1.946	1
1124	4.282	11.96	1.036	2.894	0.005	0	0.242	1	4.128	474	2.793	1
1125	3.961	6.5	0.741	1.216	0.005	0	0.187	1	5.347	468	1.641	1
1126	3.32	9.064	0.571	1.559	0.005	0	0.172	1	5.83	498	2.73	1
1127	4.065	10.382	0.76	1.941	0.005	0	0.187	1	5.349	468	2.554	1
1128	3.432	9.215	2.275	6.11	0.005	0	0.663	1	1.508	480	2.685	1
1129	4.125	6.291	0.503	0.768	0.005	0	0.122	1	8.21	471	1.525	1
1130	3.118	7.302	1.157	2.709	0.005	0	0.371	1	2.695	485	2.342	1
1131	2.977	8.91	1.093	3.27	0.005	0	0.367	1	2.726	489	2.993	1
1132	3.419	5.265	0.458	0.706	0.005	0	0.134	1	7.474	489	1.54	1
1133	1.521	4.272	0.176	0.496	0.005	0	0.116	1	8.657	467	2.809	1
1134	2.713	7.092	0.543	1.418	0.005	0	0.2	1	5.007	491	2.614	1
1135	4.207	8.544	0.48	0.974	0.005	0	0.114	1	8.761	465	2.031	1
1136	2.398	3.938	0.242	0.398	0.005	0	0.101	1	9.87	460	1.642	1
1137	1.912	3.294	0.228	0.392	0.005	0	0.119	1	8.437	460	1.723	1
1138	3.451	5.529	0.393	0.63	0.005	0	0.114	1	8.803	457	1.602	1
1139	4.776	12.838	1.27	3.415	0.005	0	0.266	1	3.765	480	2.688	1
1140	2.175	4.683	0.42	0.904	0.005	0	0.193	1	5.17	491	2.153	1
1141	1.663	3.685	0.359	0.796	0.005	0	0.216	1	4.636	455	2.216	1
1142	3.817	8.321	1.275	2.779	0.005	0	0.334	1	2.996	451	2.18	1
1143	3.731	10.174	0.395	1.078	0.005	0	0.106	1	9.422	482	2.727	1
1144	3.016	6.768	0.959	2.152	0.005	0	0.318	1	3.148	463	2.244	1
1145	3.196	8.815	0.933	2.574	0.005	0	0.292	1	3.428	480	2.758	1
1146	4.153	8.194	0.864	1.704	0.005	0	0.208	1	4.818	478	1.973	1
1147	3.584	9.827	2.695	7.39	0.005	0	0.752	1	1.33	488	2.742	1
1148	2.515	4.985	0.35	0.693	0.005	0	0.139	1	7.214	465	1.982	1
1149	1.905	5.637	0.204	0.603	0.005	0	0.107	1	9.344	497	2.959	1
1150	1.435	2.226	0.811	1.258	0.005	0	0.565	1	1.769	498	1.551	1
1151	1.962	5.56	0.198	0.562	0.005	0	0.101	1	9.901	488	2.834	1
1152	4.974	13.012	0.542	1.418	0.005	0	0.109	1	9.154	485	2.616	1
1153	4.163	12.302	0.537	1.587	0.005	0	0.129	1	7.781	474	2.955	1
1154	3.623	9.71	2.406	6.447	0.005	0	0.664	1	1.506	468	2.68	1
1155	2.092	6.274	0.341	1.023	0.005	0	0.163	1	6.143	467	2.999	1
1156	1.741	3.078	0.205	0.363	0.005	0	0.118	1	8.48	496	1.768	1
1157	1.377	3.714	0.216	0.583	0.005	0	0.157	1	6.374	473	2.697	1
1158	4.196	6.453	0.906	1.394	0.005	0	0.216	1	4.634	454	1.538	1
1159	4.952	7.71	1.753	2.729	0.005	0	0.354	1	2.827	460	1.557	1
1160	3.606	8.701	0.371	0.896	0.005	0	0.103	1	9.744	469	2.413	1
1161	4.111	6.327	0.674	1.038	0.005	0	0.164	1	6.088	482	1.539	1
1162	4.542	12.89	2.262	6.419	0.005	0	0.498	1	2.009	468	2.838	1
1163	4.728	8.236	3.981	6.935	0.005	0	0.842	1	1.187	485	1.742	1
1164	4.25	6.634	0.578	0.902	0.005	0	0.136	1	7.332	475	1.561	1
1165	3.639	7.565	1.179	2.451	0.005	0	0.324	1	3.089	494	2.079	1
1166	1.556	3.969	0.294	0.75	0.005	0	0.189	1	5.301	477	2.551	1
1167	3.525	7.998	0.465	1.056	0.005	0	0.132	1	7.589	495	2.269	1
1168	1.502	4.138	0.342	0.943	0.005	0	0.228	1	4.382	456	2.755	1
1169	4.849	11.25	2.812	6.525	0.005	0	0.58	1	1.725	467	2.32	1
1170	1.143	3.082	0.501	1.35	0.005	0	0.438	1	2.285	476	2.696	1
1171	1.539	3.133	0.325	0.661	0.005	0	0.211	1	4.742	490	2.036	1
1172	2.097	4.647	0.392	0.869	0.005	0	0.187	1	5.345	479	2.216	1
1173	3.156	5.611	1.165	2.07	0.005	0	0.369	1	2.707	476	1.778	1
1174	3.714	6.548	0.977	1.722	0.005	0	0.263	1	3.803	467	1.763	1
1175	1.173	2.739	0.297	0.693	0.005	0	0.253	1	3.954	458	2.335	1
1176	2.782	5.339	0.89	1.708	0.005	0	0.32	1	3.126	461	1.919	1
1177	3.05	7.903	1.787	4.631	0.005	0	0.586	1	1.707	450	2.591	1
1178	4.327	6.997	3.998	6.465	0.005	0	0.924	1	1.082	489	1.617	1
1179	1.711	4.837	0.368	1.04	0.005	0	0.215	1	4.651	456	2.827	1
1180	4.523	12.465	1.71	4.712	0.005	0	0.378	1	2.645	499	2.756	1
1181	3.326	5.648	0.602	1.022	0.005	0	0.181	1	5.525	458	1.698	1
1182	1.296	2.628	0.21	0.426	0.005	0	0.162	1	6.181	471	2.028	1
1183	1.146	1.729	0.167	0.252	0.005	0	0.146	1	6.863	458	1.509	1
1184	3.551	6.339	0.586	1.046	0.005	0	0.165	1	6.07	451	1.785	1
1185	1.37	2.752	0.153	0.308	0.005	0	0.112	1	8.954	467	2.009	1
1186	3.156	6.426	0.35	0.713	0.005	0	0.111	1	9.005	462	2.036	1
1187	1.515	2.642	0.265	0.462	0.005	0	0.175	1	5.721	498	1.744	1
1188	4.931	12.199	1.45	3.587	0.005	0	0.294	1	3.406	490	2.474	1
1189	2.851	7.88	1.554	4.295	0.005	0	0.545	1	1.834	454	2.764	1
1190	1.16	3.22	0.723	2.006	0.005	0	0.623	1	1.604	472	2.776	1
1191	2.117	3.459	0.265	0.432	0.005	0	0.125	1	8.03	469	1.634	1
1192	1.934	3.091	0.638	1.02	0.005	0	0.33	1	3.026	457	1.598	1
1193	2.283	5.719	0.374	0.938	0.005	0	0.164	1	6.113	487	2.505	1
1194	1.818	4.258	0.42	0.984	0.005	0	0.231	1	4.331	462	2.342	1
1195	4.403	10.263	1.449	3.377	0.005	0	0.329	1	3.042	497	2.331	1
1196	1.153	1.807	0.158	0.248	0.005	0	0.137	1	7.294	495	1.567	1
1197	1.238	2.154	0.141	0.246	0.005	0	0.114	1	8.736	470	1.74	1
1198	4.862	13.419	0.841	2.321	0.005	0	0.173	1	5.771	495	2.76	1
1199	4.248	7.226	0.51	0.867	0.005	0	0.12	1	8.354	468	1.701	1
1200	4.141	8.907	0.605	1.3	0.005	0	0.146	1	6.835	494	2.151	1
1201	3.114	7.087	0.489	1.113	0.005	0	0.157	1	6.388	492	2.276	1
1202	1.501	3.867	0.158	0.406	0.005	0	0.105	1	9.542	488	2.576	1
1203	3.326	7.65	0.369	0.849	0.005	0	0.111	1	8.98	482	2.3	1
1204	3.267	7.89	0.405	0.978	0.005	0	0.124	1	8.079	462	2.415	1
1205	2.151	4.358	0.473	0.959	0.005	0	0.22	1	4.54	455	2.026	1
1206	1.965	4.382	0.397	0.885	0.005	0	0.202	1	4.947	452	2.23	1
1207	4.51	13.462	0.465	1.387	0.005	0	0.103	1	9.71	487	2.985	1
1208	2.304	6.601	1.576	4.515	0.005	0	0.684	1	1.463	456	2.865	1
1209	2.96	8.332	2.904	8.174	0.005	0	0.981	1	1.019	477	2.815	1
1210	3.716	10.561	0.409	1.162	0.005	0	0.11	1	9.095	491	2.842	1
1211	1.594	2.699	0.58	0.982	0.005	0	0.364	1	2.745	474	1.693	1
1212	3.414	6.797	1.024	2.039	0.005	0	0.3	1	3.33	487	1.991	1
1213	3.583	5.754	1.598	2.566	0.005	0	0.446	1	2.24	467	1.606	1
1214	2.568	4.068	2.298	3.641	0.005	0	0.895	1	1.117	486	1.584	1
1215	2.322	4.565	0.776	1.525	0.005	0	0.334	1	2.997	496	1.966	1
1216	1.654	3.462	0.316	0.661	0.005	0	0.191	1	5.228	452	2.093	1
1217	1.958	5.091	0.619	1.609	0.005	0	0.316	1	3.162	497	2.6	1
1218	4.914	11.248	0.958	2.193	0.005	0	0.195	1	5.14	472	2.289	1
1219	1.918	5.415	0.311	0.877	0.005	0	0.162	1	6.19	462	2.823	1
1220	1.54	4.072	0.359	0.949	0.005	0	0.233	1	4.296	492	2.644	1
1221	3.559	9.663	1.456	3.952	0.005	0	0.409	1	2.443	453	2.715	1
1222	1.823	4.729	0.19	0.492	0.005	0	0.104	1	9.63	458	2.594	1
1223	2.086	4.418	0.332	0.702	0.005	0	0.159	1	6.308	470	2.118	1
1224	1.751	2.856	0.203	0.331	0.005	0	0.116	1	8.635	461	1.631	1
1225	3.239	9.532	0.589	1.735	0.005	0	0.182	1	5.484	479	2.943	1
1226	3.731	11.033	0.478	1.412	0.005	0	0.128	1	7.84	453	2.957	1
1227	3.452	7.598	0.646	1.421	0.005	0	0.187	1	5.34	475	2.201	1
1228	4.932	11.21	0.676	1.536	0.005	0	0.137	1	7.294	471	2.273	1
1229	2.179	6.256	0.604	1.733	0.005	0	0.277	1	3.605	475	2.871	1
1230	2.605	4.809	0.307	0.567	0.005	0	0.118	1	8.493	467	1.846	1
1231	4.587	11.041	0.587	1.413	0.005	0	0.128	1	7.8	492	2.407	1
1232	2.753	5.244	0.383	0.729	0.005	0	0.139	1	7.213	486	1.905	1
1233	1.239	2.844	0.58	1.331	0.005	0	0.468	1	2.139	452	2.295	1
1234	2.296	6.059	0.503	1.327	0.005	0	0.219	1	4.574	498	2.639	1
1235	2.387	6.464	0.382	1.034	0.005	0	0.16	1	6.241	495	2.708	1
1236	4.903	12.792	2.143	5.59	0.005	0	0.437	1	2.286	491	2.609	1
1237	1.597	4.73	0.348	1.031	0.005	0	0.218	1	4.584	492	2.962	1
1238	2.5	5.78	0.395	0.913	0.005	0	0.158	1	6.32	483	2.312	1
1239	4.077	11.428	0.428	1.2	0.005	0	0.105	1	9.514	485	2.803	1
1240	2.238	4.919	0.262	0.576	0.005	0	0.117	1	8.527	488	2.198	1
1241	2.412	5.823	0.798	1.927	0.005	0	0.331	1	3.025	470	2.414	1
1242	1.985	5.417	0.282	0.769	0.005	0	0.142	1	7.019	456	2.729	1
1243	2.551	6.487	0.268	0.681	0.005	0	0.105	1	9.485	450	2.543	1
1244	2.203	3.617	0.639	1.049	0.005	0	0.29	1	3.451	457	1.642	1
1245	3.424	8.183	0.507	1.211	0.005	0	0.148	1	6.779	492	2.39	1
1246	3.465	6.292	1.521	2.762	0.005	0	0.439	1	2.28	498	1.816	1
1247	2.063	3.262	0.792	1.253	0.005	0	0.384	1	2.604	492	1.581	1
1248	4.28	10.298	2.992	7.198	0.005	0	0.699	1	1.431	487	2.406	1
1249	3.613	5.564	0.621	0.957	0.005	0	0.172	1	5.824	462	1.54	1
1250	1.131	2.42	0.122	0.261	0.005	0	0.108	1	9.297	483	2.14	1
1251	1.744	3.01	0.342	0.59	0.005	0	0.196	1	5.113	495	1.726	1
1252	4.512	12.719	0.938	2.646	0.005	0	0.208	1	4.81	451	2.819	1
1253	3.784	9.997	0.598	1.58	0.005	0	0.158	1	6.32	489	2.642	1
1254	1.303	3.755	0.254	0.732	0.005	0	0.195	1	5.13	492	2.882	1
1255	3.03	8.566	0.458	1.293	0.005	0	0.151	1	6.63	451	2.827	1
1256	3.337	7.018	0.337	0.709	0.005	0	0.101	1	9.861	492	2.103	1
1257	4.041	9.84	1.726	4.202	0.005	0	0.427	1	2.344	467	2.435	1
1258	2.118	3.569	0.299	0.503	0.005	0	0.141	1	7.097	460	1.685	1
1259	4.572	7.064	1.518	2.345	0.005	0	0.332	1	3.013	492	1.545	1
1260	1.058	2.15	0.14	0.284	0.005	0	0.132	1	7.548	453	2.032	1
1261	3.495	7.259	0.692	1.437	0.005	0	0.198	1	5.04	479	2.077	1
1262	4.482	8.637	0.529	1.019	0.005	0	0.118	1	8.51	466	1.927	1
1263	4.688	11.94	1.153	2.937	0.005	0	0.246	1	4.062	457	2.547	1
1264	3.834	6.943	1.491	2.701	0.005	0	0.389	1	2.568	466	1.811	1
1265	4.173	11.989	0.542	1.559	0.005	0	0.13	1	7.671	483	2.873	1
1266	3.473	5.658	0.736	1.199	0.005	0	0.212	1	4.72	477	1.629	1
1267	3.961	9.217	1.014	2.36	0.005	0	0.256	1	3.901	495	2.327	1
1268	1.662	4.878	0.317	0.932	0.005	0	0.191	1	5.232	494	2.935	1
1269	3.738	7.984	0.452	0.966	0.005	0	0.121	1	8.283	465	2.136	1
1270	3.787	10.516	0.86	2.387	0.005	0	0.227	1	4.404	477	2.777	1
1271	3.783	10.6	0.719	2.014	0.005	0	0.19	1	5.261	455	2.802	1
1272	4.906	12.128	1.413	3.493	0.005	0	0.288	1	3.469	454	2.472	1
1273	4.837	10.738	1.625	3.608	0.005	0	0.336	1	2.975	463	2.22	1
1274	4.803	10.226	0.581	1.237	0.005	0	0.121	1	8.249	459	2.129	1
1275	3.292	6.62	0.56	1.125	0.005	0	0.17	1	5.894	493	2.011	1
1276	3.111	6.191	0.778	1.548	0.005	0	0.25	1	3.998	491	1.99	1
1277	2.133	3.613	0.768	1.301	0.005	0	0.36	1	2.776	491	1.694	1
1278	3.974	7.058	1.021	1.814	0.005	0	0.257	1	3.898	488	1.776	1
1279	1.738	2.697	0.568	0.882	0.005	0	0.327	1	3.057	460	1.552	1
1280	4.352	9.435	0.496	1.076	0.005	0	0.114	1	8.734	495	2.168	1
1281	2.551	7.505	0.699	2.056	0.005	0	0.274	1	3.644	469	2.942	1
1282	2.519	6.723	0.305	0.813	0.005	0	0.121	1	8.297	486	2.669	1
1283	1.437	3.23	0.579	1.302	0.005	0	0.403	1	2.483	491	2.248	1
1284	1.012	2.158	0.221	0.47	0.005	0	0.218	1	4.587	467	2.132	1
1285	2.46	4.863	0.364	0.72	0.005	0	0.148	1	6.765	470	1.977	1
1286	3.261	9.76	1.112	3.328	0.005	0	0.341	1	2.929	467	2.993	1
1287	1.667	3.312	0.478	0.951	0.005	0	0.287	1	3.49	483	1.987	1
1288	2.755	7.097	0.904	2.328	0.005	0	0.328	1	3.053	460	2.576	1
1289	3.279	8.342	0.584	1.485	0.005	0	0.178	1	5.605	453	2.544	1
1290	4.178	9.497	1.019	2.317	0.005	0	0.244	1	4.102	465	2.273	1
1291	4.044	9.778	0.522	1.261	0.005	0	0.129	1	7.767	460	2.418	1
1292	1.845	5.328	0.552	1.593	0.005	0	0.299	1	3.343	492	2.888	1
1293	1.055	2.953	0.172	0.481	0.005	0	0.163	1	6.126	455	2.799	1
1294	4.719	10.004	0.675	1.431	0.005	0	0.143	1	6.986	471	2.12	1
1295	2.966	5.193	0.377	0.66	0.005	0	0.127	1	7.895	478	1.751	1
1296	1.787	5.02	0.45	1.265	0.005	0	0.252	1	3.969	477	2.809	1
1297	3.614	10.123	1.424	3.988	0.005	0	0.394	1	2.538	486	2.801	1
1298	3.714	8.746	0.431	1.015	0.005	0	0.116	1	8.651	471	2.355	1
1299	2.812	7.958	0.579	1.639	0.005	0	0.206	1	4.853	467	2.83	1
1300	1.039	1.839	0.643	1.138	0.005	0	0.619	1	1.616	469	1.77	1
1301	4.151	8.539	0.461	0.948	0.005	0	0.111	1	8.996	483	2.057	1
1302	4.476	8.648	0.501	0.969	0.005	0	0.112	1	8.918	478	1.932	1
1303	1.106	2.054	0.712	1.323	0.005	0	0.644	1	1.554	495	1.857	1
1304	4.82	12.633	0.921	2.413	0.005	0	0.191	1	5.226	483	2.621	1
1305	3.59	9.409	0.696	1.825	0.005	0	0.194	1	5.145	454	2.621	1
1306	2.928	7.039	0.307	0.739	0.005	0	0.105	1	9.55	499	2.404	1
1307	4.24	8.009	0.458	0.865	0.005	0	0.108	1	9.248	470	1.889	1
1308	4.372	10.947	0.455	1.138	0.005	0	0.104	1	9.64	480	2.504	1
1309	2.65	5.562	0.48	1.007	0.005	0	0.181	1	5.515	450	2.099	1
1310	4.14	9.009	0.807	1.757	0.005	0	0.195	1	5.125	458	2.176	1
1311	1.712	2.969	0.442	0.766	0.005	0	0.258	1	3.877	478	1.734	1
1312	4.447	11.691	0.987	2.595	0.005	0	0.222	1	4.513	473	2.629	1
1313	1.612	4.373	0.221	0.599	0.005	0	0.137	1	7.299	473	2.713	1
1314	3.823	7.038	0.451	0.83	0.005	0	0.118	1	8.466	483	1.841	1
1315	1.174	3.245	0.176	0.487	0.005	0	0.15	1	6.654	472	2.764	1
1316	1.477	3.71	0.48	1.206	0.005	0	0.325	1	3.075	468	2.512	1
1317	4.457	9.734	0.504	1.1	0.005	0	0.113	1	8.878	465	2.184	1
1318	2.713	7.694	0.38	1.077	0.005	0	0.14	1	7.127	450	2.836	1
1319	3.335	6.447	1.998	3.862	0.005	0	0.599	1	1.669	499	1.933	1
1320	1.336	3.01	0.636	1.433	0.005	0	0.476	1	2.102	492	2.253	1
1321	1.499	2.424	0.241	0.39	0.005	0	0.161	1	6.205	469	1.617	1
1322	3.25	8.671	0.972	2.593	0.005	0	0.299	1	3.346	482	2.668	1
1323	1.637	3.695	0.337	0.761	0.005	0	0.206	1	4.857	484	2.257	1
1324	1.24	3.275	0.2	0.527	0.005	0	0.161	1	6.213	481	2.641	1
1325	3.295	5.417	0.356	0.585	0.005	0	0.108	1	9.219	471	1.644	1
1326	2.141	6.333	0.67	1.982	0.005	0	0.313	1	3.195	451	2.958	1
1327	4.471	7.194	4.234	6.813	0.005	0	0.947	1	1.056	484	1.609	1
1328	3.964	9.855	0.428	1.064	0.005	0	0.108	1	9.279	460	2.486	1
1329	3.304	6.056	2.187	4.009	0.005	0	0.662	1	1.51	480	1.833	1
1330	4.817	10.612	0.549	1.21	0.005	0	0.114	1	8.74	486	2.203	1
1331	4.071	11.655	0.436	1.247	0.005	0	0.107	1	9.335	454	2.863	1
1332	1.341	3.257	0.999	2.426	0.005	0	0.745	1	1.343	482	2.429	1
1333	1.224	3.645	0.18	0.536	0.005	0	0.147	1	6.795	458	2.978	1
1334	3.153	6.107	1.116	2.162	0.005	0	0.354	1	2.828	464	1.937	1
1335	2.233	6.467	0.315	0.912	0.005	0	0.141	1	7.105	460	2.896	1
1336	1.013	2.14	0.108	0.229	0.005	0	0.107	1	9.332	482	2.113	1
1337	2.677	4.623	0.399	0.689	0.005	0	0.149	1	6.714	469	1.727	1
1338	1.452	2.926	0.854	1.72	0.005	0	0.588	1	1.701	462	2.015	1
1339	4.521	11.081	0.687	1.684	0.005	0	0.152	1	6.568	498	2.451	1
1340	3.576	10.17	0.411	1.17	0.005	0	0.115	1	8.714	452	2.844	1
1341	1.164	1.964	0.374	0.63	0.005	0	0.321	1	3.119	478	1.687	1
1342	4.65	9.123	0.47	0.921	0.005	0	0.101	1	9.896	476	1.962	1
1343	1.221	3.492	0.269	0.768	0.005	0	0.22	1	4.543	470	2.86	1
1344	3.953	8.471	0.783	1.677	0.005	0	0.198	1	5.051	469	2.143	1
1345	3.282	5.638	0.637	1.094	0.005	0	0.194	1	5.166	463	1.718	1
1346	2.247	6.586	0.512	1.502	0.005	0	0.228	1	4.385	474	2.931	1
1347	3.169	6.785	0.409	0.875	0.005	0	0.129	1	7.782	476	2.141	1
1348	3.538	7.228	0.987	2.017	0.005	0	0.279	1	3.583	458	2.043	1
1349	3.379	8.846	1.24	3.246	0.005	0	0.367	1	2.724	460	2.618	1
1350	2.649	4.789	1.166	2.107	0.005	0	0.44	1	2.271	459	1.808	1
1351	2.234	6.514	0.579	1.687	0.005	0	0.259	1	3.859	474	2.916	1
1352	3.373	6.014	0.418	0.746	0.005	0	0.124	1	8.072	497	1.783	1
1353	4.579	8.077	0.687	1.212	0.005	0	0.15	1	6.686	469	1.764	1
1354	2.107	5.436	0.367	0.946	0.005	0	0.174	1	5.736	476	2.58	1
1355	1.114	2.327	0.154	0.321	0.005	0	0.138	1	7.253	462	2.089	1
1356	1.634	4.438	0.667	1.811	0.005	0	0.408	1	2.452	468	2.716	1
1357	2.828	5.065	0.441	0.79	0.005	0	0.156	1	6.423	470	1.791	1
1358	3.389	8.927	0.705	1.857	0.005	0	0.208	1	4.808	481	2.634	1
1359	3.47	9.376	1.947	5.26	0.005	0	0.561	1	1.782	489	2.702	1
1360	1.586	2.983	0.444	0.835	0.005	0	0.28	1	3.573	451	1.881	1
1361	1.642	3.351	0.186	0.379	0.005	0	0.113	1	8.831	485	2.041	1
1362	1.988	5.62	0.61	1.725	0.005	0	0.307	1	3.261	479	2.827	1
1363	4.749	12.238	1.33	3.427	0.005	0	0.28	1	3.568	468	2.577	1
1364	4.867	13.248	1.153	3.14	0.005	0	0.237	1	4.218	486	2.722	1
1365	2.192	5.638	0.386	0.992	0.005	0	0.176	1	5.671	471	2.572	1
1366	2.017	5.95	0.339	1.0	0.005	0	0.168	1	5.943	498	2.95	1
1367	1.538	4.059	0.181	0.479	0.005	0	0.118	1	8.503	454	2.639	1
1368	2.617	3.931	0.979	1.47	0.005	0	0.374	1	2.676	454	1.502	1
1369	1.002	2.816	0.443	1.245	0.005	0	0.442	1	2.261	478	2.81	1
1370	2.518	7.086	1.037	2.919	0.005	0	0.412	1	2.426	495	2.814	1
1371	3.871	10.308	0.403	1.072	0.005	0	0.104	1	9.586	474	2.663	1
1372	3.596	6.62	2.064	3.8	0.005	0	0.574	1	1.741	484	1.841	1
1373	3.29	8.159	0.352	0.873	0.005	0	0.107	1	9.303	478	2.48	1
1374	1.07	1.932	0.11	0.199	0.005	0	0.103	1	9.685	454	1.806	1
1375	2.165	6.151	0.357	1.015	0.005	0	0.165	1	6.059	460	2.841	1
1376	4.927	8.696	1.306	2.304	0.005	0	0.265	1	3.768	463	1.765	1
1377	4.817	9.571	0.867	1.723	0.005	0	0.18	1	5.546	470	1.987	1
1378	1.459	2.696	0.197	0.364	0.005	0	0.135	1	7.406	478	1.848	1
1379	2.148	5.376	0.417	1.043	0.005	0	0.194	1	5.162	487	2.503	1
1380	4.901	11.571	0.588	1.389	0.005	0	0.12	1	8.347	481	2.361	1
1381	3.446	7.199	0.427	0.893	0.005	0	0.124	1	8.094	484	2.089	1
1382	1.645	2.548	0.444	0.688	0.005	0	0.27	1	3.706	487	1.549	1
1383	3.634	9.884	0.509	1.384	0.005	0	0.14	1	7.161	479	2.72	1
1384	1.193	2.99	0.134	0.335	0.005	0	0.112	1	8.943	470	2.506	1
1385	3.688	10.953	0.476	1.413	0.005	0	0.129	1	7.77	466	2.97	1
1386	1.311	2.057	0.148	0.232	0.005	0	0.113	1	8.814	457	1.569	1
1387	1.869	4.011	0.211	0.453	0.005	0	0.113	1	8.865	472	2.146	1
1388	3.537	8.082	0.354	0.808	0.005	0	0.1	1	9.953	473	2.285	1
1389	3.944	8.555	1.554	3.371	0.005	0	0.394	1	2.537	474	2.169	1
1390	1.433	3.812	0.218	0.579	0.005	0	0.152	1	6.591	455	2.66	1
1391	2.682	6.582	1.271	3.12	0.005	0	0.474	1	2.111	499	2.454	1
1392	4.879	13.983	1.483	4.251	0.005	0	0.304	1	3.289	492	2.866	1
1393	2.022	3.506	0.22	0.382	0.005	0	0.109	1	9.183	496	1.734	1
1394	1.575	3.282	0.295	0.614	0.005	0	0.187	1	5.342	454	2.084	1
1395	1.911	3.354	0.552	0.969	0.005	0	0.289	1	3.463	463	1.755	1
1396	3.8	9.242	0.445	1.081	0.005	0	0.117	1	8.557	489	2.432	1
1397	1.711	3.67	0.265	0.569	0.005	0	0.155	1	6.449	476	2.145	1
1398	4.503	12.055	0.468	1.254	0.005	0	0.104	1	9.605	480	2.677	1
1399	3.348	7.195	0.589	1.266	0.005	0	0.176	1	5.68	457	2.149	1
1400	4.535	10.562	0.844	1.965	0.005	0	0.186	1	5.38	463	2.329	1
1401	4.914	10.486	0.604	1.29	0.005	0	0.123	1	8.16	470	2.134	1
1402	2.62	7.375	1.166	3.282	0.005	0	0.445	1	2.247	497	2.815	1
1403	1.445	2.923	0.256	0.517	0.005	0	0.177	1	5.638	473	2.023	1
1404	3.78	7.998	1.055	2.231	0.005	0	0.279	1	3.586	494	2.116	1
1405	2.892	4.717	0.309	0.505	0.005	0	0.107	1	9.333	489	1.631	1
1406	3.915	11.22	1.018	2.917	0.005	0	0.26	1	3.841	470	2.866	1
1407	3.71	8.207	2.834	6.27	0.005	0	0.764	1	1.309	472	2.212	1
1408	2.276	3.489	0.234	0.359	0.005	0	0.103	1	9.723	479	1.533	1
1409	1.614	3.746	0.534	1.24	0.005	0	0.331	1	3.023	478	2.321	1
1410	3.817	6.168	0.508	0.82	0.005	0	0.133	1	7.498	486	1.616	1
1411	1.871	2.962	0.239	0.379	0.005	0	0.128	1	7.812	456	1.583	1
1412	1.859	2.883	0.74	1.147	0.005	0	0.398	1	2.512	479	1.551	1
1413	1.342	2.846	0.14	0.296	0.005	0	0.104	1	9.598	483	2.121	1
1414	2.212	4.537	0.604	1.239	0.005	0	0.273	1	3.658	450	2.051	1
1415	1.373	2.599	0.174	0.33	0.005	0	0.127	1	7.858	455	1.893	1
1416	4.763	8.321	0.757	1.323	0.005	0	0.159	1	6.278	459	1.747	1
1417	3.621	8.477	0.398	0.932	0.005	0	0.11	1	9.13	479	2.341	1
1418	2.157	4.105	0.578	1.1	0.005	0	0.268	1	3.735	495	1.903	1
1419	3.385	5.961	2.661	4.685	0.005	0	0.786	1	1.273	480	1.761	1
1420	2.659	6.142	0.957	2.211	0.005	0	0.36	1	2.778	478	2.31	1
1421	2.719	7.869	2.333	6.752	0.005	0	0.858	1	1.166	499	2.894	1
1422	3.271	9.142	2.156	6.025	0.005	0	0.659	1	1.517	468	2.795	1
1423	3.988	10.716	0.953	2.561	0.005	0	0.239	1	4.183	493	2.687	1
1424	1.688	3.417	0.248	0.502	0.005	0	0.147	1	6.789	466	2.024	1
1425	2.587	4.181	0.31	0.502	0.005	0	0.12	1	8.34	462	1.616	1
1426	1.216	2.431	0.133	0.265	0.005	0	0.109	1	9.186	499	1.999	1
1427	4.867	13.102	0.623	1.677	0.005	0	0.128	1	7.791	475	2.692	1
1428	4.565	10.618	0.68	1.582	0.005	0	0.149	1	6.689	493	2.326	1
1429	3.858	9.024	0.544	1.272	0.005	0	0.141	1	7.069	461	2.339	1
1430	4.746	11.585	0.835	2.039	0.005	0	0.176	1	5.678	483	2.441	1
1431	2.243	4.188	0.469	0.875	0.005	0	0.209	1	4.777	454	1.867	1
1432	3.032	6.913	0.388	0.885	0.005	0	0.128	1	7.805	494	2.28	1
1433	4.34	7.035	0.746	1.21	0.005	0	0.172	1	5.798	462	1.621	1
1434	2.722	4.192	0.289	0.444	0.005	0	0.106	1	9.393	451	1.54	1
1435	1.02	1.642	0.12	0.194	0.005	0	0.118	1	8.451	468	1.61	1
1436	2.211	3.712	1.89	3.174	0.005	0	0.855	1	1.169	469	1.679	1
1437	1.287	3.452	0.264	0.708	0.005	0	0.205	1	4.873	478	2.682	1
1438	1.433	4.276	0.171	0.509	0.005	0	0.119	1	8.404	488	2.984	1
1439	3.333	9.379	0.823	2.317	0.005	0	0.247	1	4.053	496	2.814	1
1440	4.999	12.747	1.015	2.588	0.005	0	0.203	1	4.915	461	2.55	1
1441	1.62	4.557	1.132	3.185	0.005	0	0.699	1	1.431	465	2.813	1
1442	2.885	5.32	1.454	2.681	0.005	0	0.504	1	1.986	451	1.844	1
1443	3.176	9.137	0.499	1.435	0.005	0	0.157	1	6.389	473	2.877	1
1444	1.878	2.984	0.918	1.459	0.005	0	0.489	1	2.046	482	1.589	1
1445	4.203	8.86	3.367	7.097	0.005	0	0.801	1	1.248	473	2.108	1
1446	4.909	12.508	0.491	1.251	0.005	0	0.1	1	9.96	476	2.548	1
1447	3.767	6.069	0.414	0.668	0.005	0	0.11	1	9.083	492	1.611	1
1448	1.602	3.101	0.748	1.448	0.005	0	0.467	1	2.143	482	1.936	1
1449	1.928	3.505	0.27	0.491	0.005	0	0.14	1	7.129	496	1.818	1
1450	1.825	2.854	0.637	0.996	0.005	0	0.349	1	2.863	493	1.564	1
1451	1.731	3.616	0.582	1.215	0.005	0	0.336	1	2.974	470	2.089	1
1452	3.089	6.888	1.443	3.217	0.005	0	0.467	1	2.14	472	2.23	1
1453	1.721	4.23	0.275	0.677	0.005	0	0.16	1	6.234	472	2.458	1
1454	3.87	9.191	2.214	5.257	0.005	0	0.572	1	1.748	482	2.375	1
1455	1.202	2.92	0.167	0.406	0.005	0	0.139	1	7.204	481	2.429	1
1456	1.977	5.457	1.888	5.211	0.005	0	0.955	1	1.047	488	2.76	1
1457	2.788	7.809	1.394	3.904	0.005	0	0.5	1	1.999	471	2.801	1
1458	4.976	10.549	3.274	6.941	0.005	0	0.658	1	1.52	477	2.12	1
1459	2.232	3.515	0.344	0.541	0.005	0	0.154	1	6.492	451	1.575	1
1460	1.124	2.743	0.208	0.507	0.005	0	0.185	1	5.404	494	2.44	1
1461	2.595	5.761	0.413	0.916	0.005	0	0.159	1	6.301	489	2.22	1
1462	1.216	2.915	0.187	0.449	0.005	0	0.154	1	6.485	482	2.397	1
1463	2.75	4.631	0.74	1.246	0.005	0	0.269	1	3.722	482	1.684	1
1464	3.523	10.534	0.373	1.117	0.005	0	0.106	1	9.466	481	2.99	1
1465	3.149	6.175	0.403	0.79	0.005	0	0.128	1	7.789	480	1.961	1
1466	4.759	11.279	1.237	2.933	0.005	0	0.26	1	3.845	463	2.37	1
1467	2.251	3.642	0.5	0.809	0.005	0	0.222	1	4.507	479	1.618	1
1468	2.58	6.378	0.302	0.746	0.005	0	0.117	1	8.55	488	2.472	1
1469	4.348	8.083	0.809	1.503	0.005	0	0.186	1	5.373	479	1.859	1
1470	2.075	5.138	1.104	2.733	0.005	0	0.532	1	1.879	484	2.476	1
1471	3.901	9.218	0.531	1.254	0.005	0	0.136	1	7.377	475	2.363	1
1472	4.472	11.345	0.555	1.407	0.005	0	0.124	1	8.036	499	2.537	1
1473	4.261	11.343	0.55	1.463	0.005	0	0.129	1	7.743	474	2.662	1
1474	3.497	8.113	1.025	2.377	0.005	0	0.293	1	3.414	498	2.32	1
1475	1.641	3.781	0.184	0.423	0.005	0	0.112	1	8.944	481	2.304	1
1476	1.199	2.519	0.192	0.403	0.005	0	0.16	1	6.239	479	2.101	1
1477	3.915	6.421	0.861	1.413	0.005	0	0.22	1	4.543	452	1.64	1
1478	2.154	4.213	0.334	0.653	0.005	0	0.155	1	6.444	455	1.956	1
1479	2.624	6.56	2.522	6.304	0.005	0	0.961	1	1.041	474	2.5	1
1480	4.98	12.978	0.747	1.947	0.005	0	0.15	1	6.664	494	2.606	1
1481	4.235	10.503	0.529	1.313	0.005	0	0.125	1	7.979	465	2.48	1
1482	4.658	10.178	0.876	1.913	0.005	0	0.188	1	5.31	467	2.185	1
1483	2.273	6.703	0.23	0.677	0.005	0	0.101	1	9.875	482	2.949	1
1484	3.186	5.308	1.325	2.208	0.005	0	0.416	1	2.402	451	1.666	1
1485	2.465	4.822	0.658	1.287	0.005	0	0.267	1	3.751	482	1.956	1
1486	4.227	10.204	1.822	4.398	0.005	0	0.431	1	2.322	491	2.414	1
1487	4.392	10.624	0.584	1.413	0.005	0	0.133	1	7.517	473	2.419	1
1488	1.556	4.268	0.557	1.528	0.005	0	0.358	1	2.794	486	2.743	1
1489	2.457	5.42	0.327	0.721	0.005	0	0.133	1	7.515	473	2.206	1
1490	2.642	7.86	0.412	1.226	0.005	0	0.156	1	6.421	450	2.975	1
1491	4.331	8.523	0.489	0.963	0.005	0	0.113	1	8.821	481	1.968	1
1492	2.303	3.708	0.576	0.927	0.005	0	0.25	1	4.003	470	1.61	1
1493	1.135	2.796	0.127	0.313	0.005	0	0.112	1	8.929	482	2.463	1
1494	1.004	2.323	0.259	0.599	0.005	0	0.258	1	3.873	453	2.314	1
1495	2.155	3.788	0.241	0.424	0.005	0	0.112	1	8.937	460	1.758	1
1496	1.805	3.859	0.182	0.39	0.005	0	0.101	1	9.885	469	2.138	1
1497	1.604	2.799	0.643	1.122	0.005	0	0.401	1	2.494	479	1.745	1
1498	2.741	6.954	0.386	0.981	0.005	0	0.141	1	7.111	472	2.537	1
1499	3.499	6.298	0.605	1.09	0.005	0	0.173	1	5.781	499	1.8	1
1500	2.076	4.725	0.27	0.614	0.005	0	0.13	1	7.716	467	2.276	1
1501	3.684	8.241	3.102	6.939	0.005	0	0.842	1	1.187	456	2.237	1
1502	2.967	7.165	0.774	1.87	0.005	0	0.261	1	3.828	456	2.415	1
1503	1.163	2.371	0.228	0.465	0.005	0	0.196	1	5.106	451	2.039	1
1504	2.31	4.23	0.769	1.409	0.005	0	0.333	1	3.003	488	1.831	1
1505	1.7	3.925	0.796	1.837	0.005	0	0.468	1	2.139	464	2.309	1
1506	1.939	3.508	0.283	0.512	0.005	0	0.146	1	6.852	455	1.809	1
1507	4.608	11.663	0.47	1.19	0.005	0	0.102	1	9.81	471	2.531	1
1508	4.092	8.704	0.524	1.114	0.005	0	0.128	1	7.821	488	2.127	1
1509	2.467	6.392	0.649	1.681	0.005	0	0.263	1	3.806	466	2.591	1
1510	4.688	11.073	0.834	1.971	0.005	0	0.178	1	5.615	469	2.362	1
1511	1.369	2.147	0.259	0.406	0.005	0	0.189	1	5.304	456	1.568	1
1512	2.125	4.467	0.321	0.675	0.005	0	0.151	1	6.602	492	2.102	1
1513	2.504	4.652	0.942	1.749	0.005	0	0.376	1	2.661	468	1.858	1
1514	2.555	5.721	0.787	1.762	0.005	0	0.308	1	3.251	483	2.239	1
1515	4.887	13.684	0.552	1.546	0.005	0	0.113	1	8.881	452	2.8	1
1516	3.2	6.947	1.293	2.807	0.005	0	0.404	1	2.473	483	2.171	1
1517	3.642	6.435	1.639	2.896	0.005	0	0.45	1	2.222	492	1.767	1
1518	1.696	3.377	0.239	0.476	0.005	0	0.141	1	7.077	482	1.991	1
1519	2.132	3.228	1.445	2.189	0.005	0	0.678	1	1.475	488	1.514	1
1520	1.581	2.694	1.236	2.107	0.005	0	0.782	1	1.279	498	1.704	1
1521	3.622	8.331	0.453	1.041	0.005	0	0.125	1	8.006	467	2.3	1
1522	4.825	10.649	0.507	1.118	0.005	0	0.105	1	9.534	457	2.207	1
1523	4.687	13.714	0.614	1.797	0.005	0	0.131	1	7.651	476	2.926	1
1524	1.584	3.914	0.2	0.493	0.005	0	0.126	1	7.953	498	2.471	1
1525	1.097	3.11	0.351	0.995	0.005	0	0.32	1	3.128	499	2.835	1
1526	2.408	4.216	0.482	0.843	0.005	0	0.2	1	4.99	473	1.751	1
1527	3.36	9.015	0.396	1.064	0.005	0	0.118	1	8.48	493	2.683	1
1528	3.684	6.097	0.497	0.823	0.005	0	0.135	1	7.392	482	1.655	1
1529	3.477	8.832	0.556	1.413	0.005	0	0.16	1	6.239	476	2.54	1
1530	3.166	8.235	2.457	6.39	0.005	0	0.776	1	1.289	462	2.601	1
1531	2.856	5.783	0.391	0.792	0.005	0	0.137	1	7.304	483	2.025	1
1532	4.388	11.957	0.737	2.009	0.005	0	0.168	1	5.939	472	2.725	1
1533	4.592	12.807	1.474	4.111	0.005	0	0.321	1	3.114	474	2.789	1
1534	3.21	5.271	0.549	0.901	0.005	0	0.171	1	5.831	473	1.642	1
1535	1.153	2.32	0.277	0.557	0.005	0	0.24	1	4.172	467	2.012	1
1536	2.71	4.715	0.312	0.542	0.005	0	0.115	1	8.663	495	1.74	1
1537	2.809	4.933	0.388	0.681	0.005	0	0.138	1	7.231	494	1.756	1
1538	1.07	1.723	0.146	0.234	0.005	0	0.136	1	7.357	479	1.61	1
1539	3.927	8.427	1.665	3.573	0.005	0	0.424	1	2.358	468	2.146	1
1540	4.693	10.724	1.887	4.311	0.005	0	0.402	1	2.485	490	2.285	1
1541	4.672	8.386	0.869	1.56	0.005	0	0.186	1	5.37	468	1.795	1
1542	2.152	4.78	0.288	0.641	0.005	0	0.134	1	7.442	499	2.221	1
1543	3.254	9.424	0.43	1.244	0.005	0	0.132	1	7.553	484	2.896	1
1544	2.923	5.063	0.4	0.694	0.005	0	0.137	1	7.313	475	1.732	1
1545	3.219	8.505	0.567	1.497	0.005	0	0.176	1	5.695	472	2.642	1
1546	1.105	3.035	0.112	0.307	0.005	0	0.101	1	9.895	457	2.747	1
1547	3.052	8.567	0.705	1.979	0.005	0	0.231	1	4.321	485	2.807	1
1548	2.244	5.226	0.249	0.58	0.005	0	0.111	1	9.042	474	2.329	1
1549	3.002	6.679	0.351	0.781	0.005	0	0.117	1	8.562	499	2.225	1
1550	4.182	11.17	0.447	1.195	0.005	0	0.107	1	9.376	495	2.671	1
1551	2.493	6.928	0.494	1.372	0.005	0	0.198	1	5.059	481	2.779	1
1552	4.984	12.674	1.809	4.601	0.005	0	0.363	1	2.756	468	2.543	1
1553	3.168	8.959	1.166	3.297	0.005	0	0.368	1	2.715	451	2.828	1
1554	1.321	2.061	0.269	0.42	0.005	0	0.204	1	4.899	495	1.56	1
1555	1.078	2.134	0.225	0.446	0.005	0	0.209	1	4.786	450	1.98	1
1556	2.854	6.464	0.374	0.847	0.005	0	0.131	1	7.64	484	2.265	1
1557	1.561	2.752	0.425	0.749	0.005	0	0.272	1	3.67	493	1.763	1
1558	4.588	9.277	0.601	1.215	0.005	0	0.131	1	7.624	475	2.022	1
1559	1.32	2.075	0.418	0.658	0.005	0	0.317	1	3.158	476	1.572	1
1560	2.412	4.626	0.54	1.036	0.005	0	0.224	1	4.473	488	1.918	1
1561	2.404	3.7	0.315	0.485	0.005	0	0.131	1	7.646	497	1.539	1
1562	3.525	9.447	1.815	4.865	0.005	0	0.515	1	1.943	451	2.68	1
1563	4.376	13.04	2.993	8.919	0.005	0	0.684	1	1.462	475	2.98	1
1564	2.782	7.653	2.69	7.4	0.005	0	0.967	1	1.034	458	2.751	1
1565	3.855	8.261	0.894	1.917	0.005	0	0.232	1	4.306	479	2.143	1
1566	4.648	12.898	0.804	2.231	0.005	0	0.173	1	5.771	462	2.775	1
1567	2.464	4.746	0.33	0.636	0.005	0	0.134	1	7.453	487	1.926	1
1568	3.38	6.04	0.757	1.353	0.005	0	0.224	1	4.463	486	1.787	1
1569	1.655	3.192	0.313	0.603	0.005	0	0.189	1	5.282	491	1.929	1
1570	2.114	4.207	0.928	1.847	0.005	0	0.439	1	2.279	460	1.99	1
1571	4.3	10.935	1.264	3.215	0.005	0	0.294	1	3.398	470	2.543	1
1572	4.521	13.558	3.386	10.155	0.005	0	0.749	1	1.335	465	2.999	1
1573	4.557	12.627	0.715	1.982	0.005	0	0.157	1	6.377	461	2.771	1
1574	2.613	7.246	2.119	5.877	0.005	0	0.811	1	1.233	463	2.773	1
1575	3.839	10.715	0.534	1.489	0.005	0	0.139	1	7.206	476	2.791	1
1576	4.968	9.986	0.72	1.448	0.005	0	0.145	1	6.886	477	2.01	1
1577	2.388	5.975	0.501	1.255	0.005	0	0.21	1	4.768	490	2.502	1
1578	4.397	8.886	0.501	1.013	0.005	0	0.114	1	8.76	491	2.021	1
1579	2.118	3.251	0.551	0.845	0.005	0	0.26	1	3.849	492	1.535	1
1580	4.957	8.893	0.58	1.04	0.005	0	0.117	1	8.583	474	1.794	1
1581	2.789	7.299	0.973	2.547	0.005	0	0.349	1	2.866	476	2.617	1
1582	4.094	8.254	0.725	1.461	0.005	0	0.177	1	5.642	459	2.016	1
1583	3.34	9.743	0.404	1.179	0.005	0	0.121	1	8.264	459	2.917	1
1584	1.193	2.261	0.58	1.099	0.005	0	0.486	1	2.056	499	1.895	1
1585	4.252	6.489	2.288	3.491	0.005	0	0.538	1	1.86	479	1.526	1
1586	2.917	7.182	0.443	1.092	0.005	0	0.152	1	6.561	490	2.462	1
1587	2.216	4.064	1.374	2.52	0.005	0	0.62	1	1.613	483	1.834	1
1588	3.941	6.861	1.478	2.573	0.005	0	0.375	1	2.669	469	1.741	1
1589	3.436	6.673	1.618	3.143	0.005	0	0.471	1	2.122	462	1.942	1
1590	1.56	2.527	0.183	0.296	0.005	0	0.117	1	8.548	479	1.62	1
1591	2.756	4.495	0.292	0.476	0.005	0	0.106	1	9.436	473	1.631	1
1592	3.789	10.499	0.591	1.638	0.005	0	0.156	1	6.411	492	2.771	1
1593	3.76	10.599	0.925	2.607	0.005	0	0.246	1	4.065	495	2.819	1
1594	2.033	4.692	0.38	0.877	0.005	0	0.187	1	5.356	478	2.308	1
1595	4.761	10.755	1.271	2.872	0.005	0	0.267	1	3.74	468	2.259	1
1596	2.693	4.829	0.277	0.497	0.005	0	0.103	1	9.696	498	1.793	1
1597	4.43	13.286	0.492	1.475	0.005	0	0.111	1	9.012	467	2.999	1
1598	3.702	9.262	0.633	1.584	0.005	0	0.171	1	5.859	450	2.502	1
1599	1.368	2.67	0.205	0.4	0.005	0	0.15	1	6.67	469	1.952	1
1600	4.134	7.966	1.191	2.294	0.005	0	0.288	1	3.469	497	1.927	1
1601	1.395	3.012	0.215	0.464	0.005	0	0.154	1	6.493	481	2.159	1
1602	2.622	7.069	1.314	3.542	0.005	0	0.501	1	1.997	488	2.696	1
1603	1.581	3.355	0.604	1.282	0.005	0	0.382	1	2.621	487	2.122	1
1604	2.179	3.97	0.246	0.449	0.005	0	0.113	1	8.818	477	1.822	1
1605	4.161	10.594	0.649	1.653	0.005	0	0.156	1	6.429	472	2.546	1
1606	3.985	10.413	0.578	1.51	0.005	0	0.145	1	6.888	481	2.613	1
1607	4.81	10.029	1.414	2.949	0.005	0	0.294	1	3.401	469	2.085	1
1608	1.798	2.925	0.279	0.453	0.005	0	0.155	1	6.434	450	1.627	1
1609	2.024	4.182	0.289	0.598	0.005	0	0.143	1	7.015	484	2.066	1
1610	4.957	9.622	1.606	3.118	0.005	0	0.324	1	3.088	493	1.941	1
1611	1.708	3.619	0.237	0.503	0.005	0	0.139	1	7.204	499	2.119	1
1612	2.25	5.085	0.263	0.595	0.005	0	0.117	1	8.56	469	2.26	1
1613	1.99	5.743	0.744	2.148	0.005	0	0.374	1	2.672	493	2.886	1
1614	3.472	5.586	1.014	1.631	0.005	0	0.292	1	3.428	462	1.609	1
1615	3.677	7.942	0.427	0.921	0.005	0	0.116	1	8.602	463	2.16	1
1616	3.821	9.659	0.527	1.333	0.005	0	0.138	1	7.232	463	2.528	1
1617	1.061	1.879	0.341	0.603	0.005	0	0.321	1	3.118	493	1.771	1
1618	3.871	5.814	3.619	5.436	0.005	0	0.935	1	1.07	453	1.502	1
1619	2.038	3.748	0.234	0.431	0.005	0	0.115	1	8.674	472	1.839	1
1620	4.397	7.928	0.475	0.856	0.005	0	0.108	1	9.278	470	1.803	1
1621	3.965	10.824	2.609	7.122	0.005	0	0.658	1	1.519	461	2.73	1
1622	3.917	9.604	0.588	1.441	0.005	0	0.15	1	6.667	461	2.452	1
1623	2.725	5.376	1.763	3.478	0.005	0	0.647	1	1.546	456	1.973	1
1624	4.466	9.839	0.817	1.801	0.005	0	0.183	1	5.47	472	2.203	1
1625	2.558	7.237	0.517	1.462	0.005	0	0.202	1	4.951	474	2.829	1
1626	3.964	7.242	1.272	2.325	0.005	0	0.321	1	3.112	480	1.827	1
1627	1.638	2.704	0.303	0.5	0.005	0	0.185	1	5.413	456	1.651	1
1628	2.288	5.935	0.231	0.599	0.005	0	0.101	1	9.905	483	2.594	1
1629	4.743	9.135	1.836	3.535	0.005	0	0.387	1	2.582	462	1.926	1
1630	1.365	3.948	0.139	0.403	0.005	0	0.102	1	9.85	497	2.892	1
1631	3.312	8.161	0.384	0.947	0.005	0	0.116	1	8.594	451	2.464	1
1632	4.192	11.138	2.398	6.371	0.005	0	0.572	1	1.749	453	2.657	1
1633	3.125	5.1	1.088	1.775	0.005	0	0.348	1	2.875	472	1.632	1
1634	3.701	10.977	0.625	1.855	0.005	0	0.169	1	5.92	494	2.966	1
1635	4.444	7.666	0.707	1.219	0.005	0	0.159	1	6.294	454	1.725	1
1636	3.468	6.194	0.399	0.712	0.005	0	0.115	1	8.713	466	1.786	1
1637	3.648	7.723	0.412	0.873	0.005	0	0.113	1	8.837	489	2.117	1
1638	2.654	4.085	0.775	1.193	0.005	0	0.292	1	3.426	490	1.539	1
1639	3.114	8.722	0.38	1.064	0.005	0	0.122	1	8.2	455	2.801	1
1640	4.886	8.106	1.114	1.848	0.005	0	0.228	1	4.38	451	1.659	1
1641	2.126	4.165	0.323	0.633	0.005	0	0.152	1	6.564	485	1.959	1
1642	4.544	10.719	0.513	1.211	0.005	0	0.113	1	8.847	471	2.359	1
1643	3.553	9.408	0.59	1.562	0.005	0	0.166	1	6.018	481	2.648	1
1644	2.731	4.965	0.369	0.67	0.005	0	0.135	1	7.413	493	1.818	1
1645	3.254	6.768	0.905	1.882	0.005	0	0.278	1	3.596	459	2.08	1
1646	4.73	12.691	0.492	1.32	0.005	0	0.104	1	9.581	498	2.683	1
1647	4.934	13.095	0.967	2.567	0.005	0	0.196	1	5.091	467	2.654	1
1648	1.405	3.956	0.573	1.614	0.005	0	0.408	1	2.45	471	2.816	1
1649	3.211	6.544	1.772	3.612	0.005	0	0.552	1	1.811	486	2.038	1
1650	1.39	2.726	0.172	0.338	0.005	0	0.124	1	8.064	462	1.961	1
1651	4.064	12.001	1.162	3.432	0.005	0	0.286	1	3.5	481	2.953	1
1652	1.474	2.382	0.153	0.248	0.005	0	0.104	1	9.57	487	1.616	1
1653	4.309	11.216	1.357	3.533	0.005	0	0.315	1	3.173	454	2.603	1
1654	3.411	5.857	0.529	0.908	0.005	0	0.155	1	6.451	464	1.717	1
1655	3.809	7.854	0.415	0.856	0.005	0	0.109	1	9.155	482	2.062	1
1656	3.87	10.372	0.759	2.033	0.005	0	0.196	1	5.104	472	2.68	1
1657	4.985	14.187	1.002	2.852	0.005	0	0.201	1	4.964	472	2.846	1
1658	4.618	12.016	0.508	1.322	0.005	0	0.11	1	9.123	478	2.602	1
1659	2.432	5.183	0.409	0.871	0.005	0	0.168	1	5.97	465	2.131	1
1660	4.269	7.59	0.551	0.979	0.005	0	0.129	1	7.749	450	1.778	1
1661	1.565	3.352	0.336	0.721	0.005	0	0.215	1	4.644	453	2.142	1
1662	2.072	5.145	0.211	0.525	0.005	0	0.102	1	9.801	488	2.483	1
1663	2.943	7.949	1.566	4.229	0.005	0	0.532	1	1.878	492	2.701	1
1664	3.517	6.735	0.482	0.923	0.005	0	0.137	1	7.28	482	1.915	1
1665	3.567	5.422	1.074	1.632	0.005	0	0.301	1	3.32	497	1.52	1
1666	3.795	7.514	0.713	1.413	0.005	0	0.188	1	5.31	469	1.98	1
1667	2.433	5.878	0.389	0.94	0.005	0	0.16	1	6.265	472	2.416	1
1668	3.56	5.621	0.733	1.158	0.005	0	0.206	1	4.865	492	1.579	1
1669	4.196	8.358	1.057	2.106	0.005	0	0.252	1	3.969	454	1.992	1
1670	2.928	5.405	0.501	0.924	0.005	0	0.171	1	5.845	475	1.846	1
1671	4.776	14.261	3.095	9.241	0.005	0	0.648	1	1.544	498	2.986	1
1672	1.096	2.955	0.146	0.393	0.005	0	0.133	1	7.543	482	2.696	1
1673	4.531	7.327	0.856	1.385	0.005	0	0.189	1	5.285	451	1.617	1
1674	2.156	4.258	0.332	0.656	0.005	0	0.154	1	6.491	490	1.975	1
1675	4.287	11.078	1.972	5.096	0.005	0	0.46	1	2.175	497	2.584	1
1676	2.675	5.026	0.273	0.513	0.005	0	0.102	1	9.761	456	1.879	1
1677	3.572	10.012	0.404	1.131	0.005	0	0.113	1	8.866	490	2.803	1
1678	2.23	3.503	0.355	0.557	0.005	0	0.159	1	6.284	475	1.571	1
1679	2.161	3.89	0.236	0.424	0.005	0	0.109	1	9.192	491	1.8	1
1680	2.856	4.504	0.317	0.5	0.005	0	0.111	1	8.983	486	1.577	1
1681	1.062	2.761	0.12	0.312	0.005	0	0.113	1	8.871	489	2.6	1
1682	2.192	6.576	0.246	0.737	0.005	0	0.112	1	8.915	465	3.0	1
1683	4.185	12.162	2.578	7.492	0.005	0	0.616	1	1.623	474	2.906	1
1684	2.015	4.155	0.278	0.573	0.005	0	0.138	1	7.238	452	2.062	1
1685	1.932	5.705	0.226	0.667	0.005	0	0.117	1	8.57	462	2.953	1
1686	2.802	8.168	0.67	1.952	0.005	0	0.239	1	4.184	451	2.915	1
1687	3.029	4.94	2.832	4.619	0.005	0	0.935	1	1.069	470	1.631	1
1688	1.108	2.795	0.261	0.66	0.005	0	0.236	1	4.233	484	2.523	1
1689	1.024	1.755	0.121	0.207	0.005	0	0.118	1	8.492	495	1.714	1
1690	2.066	5.615	0.357	0.971	0.005	0	0.173	1	5.768	456	2.718	1
1691	3.238	7.535	0.962	2.238	0.005	0	0.297	1	3.368	472	2.327	1
1692	1.467	3.861	0.424	1.116	0.005	0	0.289	1	3.463	450	2.632	1
1693	2.793	4.659	1.073	1.789	0.005	0	0.384	1	2.603	457	1.668	1
1694	3.191	5.852	0.485	0.89	0.005	0	0.152	1	6.585	479	1.834	1
1695	4.7	12.333	3.008	7.893	0.005	0	0.64	1	1.562	466	2.624	1
1696	2.806	7.186	0.443	1.135	0.005	0	0.158	1	6.329	487	2.561	1
1697	3.901	10.01	1.947	4.995	0.005	0	0.499	1	2.005	470	2.566	1
1698	4.682	8.816	0.67	1.261	0.005	0	0.143	1	6.989	463	1.883	1
1699	1.582	3.832	0.595	1.441	0.005	0	0.376	1	2.663	452	2.422	1
1700	4.604	8.402	0.7	1.277	0.005	0	0.152	1	6.588	451	1.825	1
1701	2.052	5.181	0.345	0.87	0.005	0	0.168	1	5.964	469	2.525	1
1702	3.316	8.486	0.56	1.434	0.005	0	0.169	1	5.913	463	2.559	1
1703	4.311	8.191	1.44	2.736	0.005	0	0.334	1	2.993	454	1.9	1
1704	2.903	6.053	0.322	0.672	0.005	0	0.111	1	9.017	492	2.085	1
1705	3.678	6.025	0.566	0.928	0.005	0	0.154	1	6.485	459	1.638	1
1706	2.932	7.412	0.431	1.09	0.005	0	0.147	1	6.797	471	2.528	1
1707	1.906	3.046	0.21	0.335	0.005	0	0.11	1	9.101	458	1.598	1
1708	2.7	5.011	1.466	2.721	0.005	0	0.543	1	1.841	483	1.856	1
1709	1.661	4.769	0.183	0.525	0.005	0	0.11	1	9.068	494	2.871	1
1710	3.829	10.645	0.456	1.267	0.005	0	0.119	1	8.423	491	2.78	1
1711	1.04	2.865	0.43	1.183	0.005	0	0.413	1	2.423	456	2.755	1
1712	4.015	7.175	2.843	5.08	0.005	0	0.708	1	1.413	497	1.787	1
1713	2.599	7.251	0.359	1.001	0.005	0	0.138	1	7.225	499	2.79	1
1714	4.735	12.988	2.618	7.182	0.005	0	0.553	1	1.808	487	2.743	1
1715	4.251	11.741	2.563	7.08	0.005	0	0.603	1	1.658	478	2.762	1
1716	1.615	3.92	0.47	1.141	0.005	0	0.291	1	3.439	496	2.427	1
1717	3.885	9.165	0.544	1.283	0.005	0	0.14	1	7.151	498	2.359	1
1718	1.917	4.886	0.573	1.461	0.005	0	0.299	1	3.347	497	2.549	1
1719	4.686	8.191	1.425	2.49	0.005	0	0.304	1	3.293	494	1.748	1
1720	4.21	11.885	2.16	6.097	0.005	0	0.513	1	1.949	489	2.823	1
1721	1.961	3.034	0.743	1.15	0.005	0	0.379	1	2.638	485	1.547	1
1722	1.616	3.027	0.499	0.935	0.005	0	0.309	1	3.233	499	1.873	1
1723	4.728	8.7	0.534	0.983	0.005	0	0.113	1	8.864	456	1.84	1
1724	1.53	2.792	1.331	2.429	0.005	0	0.87	1	1.149	458	1.825	1
1725	3.175	8.055	0.416	1.055	0.005	0	0.131	1	7.639	457	2.537	1
1726	4.521	12.645	2.188	6.12	0.005	0	0.484	1	2.067	483	2.797	1
1727	4.394	9.28	0.808	1.708	0.005	0	0.184	1	5.424	499	2.112	1
1728	3.06	7.837	1.065	2.727	0.005	0	0.348	1	2.874	487	2.561	1
1729	1.708	2.695	0.184	0.291	0.005	0	0.108	1	9.238	477	1.578	1
1730	3.869	7.045	0.894	1.627	0.005	0	0.231	1	4.333	492	1.821	1
1731	1.571	3.915	0.174	0.435	0.005	0	0.111	1	9.009	489	2.492	1
1732	4.212	10.812	2.662	6.833	0.005	0	0.632	1	1.583	470	2.567	1
1733	1.876	3.107	0.263	0.435	0.005	0	0.14	1	7.125	474	1.656	1
1734	1.135	1.764	0.304	0.473	0.005	0	0.268	1	3.731	471	1.554	1
1735	3.909	8.873	1.075	2.44	0.005	0	0.275	1	3.637	458	2.27	1
1736	1.999	3.908	0.214	0.418	0.005	0	0.107	1	9.324	455	1.955	1
1737	1.192	2.796	0.294	0.691	0.005	0	0.247	1	4.049	474	2.346	1
1738	1.692	4.929	0.374	1.089	0.005	0	0.221	1	4.519	451	2.913	1
1739	2.795	4.45	0.696	1.108	0.005	0	0.249	1	4.014	464	1.592	1
1740	4.634	12.609	0.695	1.891	0.005	0	0.15	1	6.667	498	2.721	1
1741	2.183	5.377	0.899	2.215	0.005	0	0.412	1	2.426	471	2.463	1
1742	2.93	4.624	0.343	0.541	0.005	0	0.117	1	8.567	472	1.578	1
1743	3.632	8.949	1.471	3.624	0.005	0	0.405	1	2.47	476	2.464	1
1744	2.181	4.641	1.415	3.012	0.005	0	0.649	1	1.542	485	2.128	1
1745	3.117	8.382	0.352	0.947	0.005	0	0.113	1	8.815	469	2.689	1
1746	2.688	4.266	0.425	0.674	0.005	0	0.158	1	6.315	459	1.587	1
1747	3.645	9.091	0.379	0.945	0.005	0	0.104	1	9.576	492	2.494	1
1748	4.348	9.922	0.665	1.518	0.005	0	0.153	1	6.537	457	2.282	1
1749	4.144	9.68	0.452	1.055	0.005	0	0.109	1	9.159	469	2.336	1
1750	4.925	12.958	1.487	3.913	0.005	0	0.302	1	3.309	463	2.631	1
1751	1.009	2.641	0.142	0.372	0.005	0	0.141	1	7.114	489	2.617	1
1752	4.446	8.461	0.854	1.625	0.005	0	0.192	1	5.204	461	1.903	1
1753	3.749	8.956	0.795	1.899	0.005	0	0.212	1	4.72	466	2.389	1
1754	4.604	11.823	0.557	1.431	0.005	0	0.121	1	8.297	467	2.568	1
1755	2.472	4.257	0.284	0.49	0.005	0	0.115	1	8.661	453	1.722	1
1756	3.628	10.652	0.798	2.343	0.005	0	0.22	1	4.538	494	2.936	1
1757	3.636	7.137	0.491	0.963	0.005	0	0.135	1	7.421	467	1.963	1
1758	4.91	9.918	0.633	1.279	0.005	0	0.129	1	7.773	457	2.02	1
1759	2.061	5.666	0.21	0.578	0.005	0	0.102	1	9.843	450	2.749	1
1760	4.066	8.12	0.525	1.047	0.005	0	0.129	1	7.764	450	1.997	1
1761	2.521	4.366	0.333	0.576	0.005	0	0.132	1	7.553	460	1.732	1
1762	4.717	12.406	1.245	3.275	0.005	0	0.264	1	3.791	467	2.63	1
1763	3.181	5.592	0.786	1.381	0.005	0	0.247	1	4.047	459	1.758	1
1764	3.24	8.78	0.496	1.343	0.005	0	0.153	1	6.541	478	2.71	1
1765	4.47	10.031	0.778	1.745	0.005	0	0.174	1	5.741	476	2.244	1
1766	2.61	7.535	0.624	1.801	0.005	0	0.239	1	4.191	477	2.887	1
1767	1.306	3.729	0.569	1.626	0.005	0	0.436	1	2.296	453	2.855	1
1768	4.158	9.497	1.792	4.093	0.005	0	0.431	1	2.319	455	2.284	1
1769	4.216	9.882	0.438	1.028	0.005	0	0.104	1	9.656	457	2.344	1
1770	1.428	3.933	0.16	0.44	0.005	0	0.112	1	8.923	498	2.754	1
1771	2.345	6.001	1.71	4.375	0.005	0	0.729	1	1.371	452	2.559	1
1772	4.774	11.658	2.998	7.321	0.005	0	0.628	1	1.592	493	2.442	1
1773	3.477	7.576	0.907	1.977	0.005	0	0.261	1	3.826	493	2.179	1
1774	1.049	1.943	0.279	0.517	0.005	0	0.266	1	3.755	475	1.852	1
1775	2.771	4.572	1.078	1.779	0.005	0	0.389	1	2.572	473	1.65	1
1776	3.562	8.082	1.083	2.457	0.005	0	0.304	1	3.292	494	2.269	1
1777	1.853	3.044	0.233	0.384	0.005	0	0.126	1	7.911	462	1.643	1
1778	4.095	6.663	2.445	3.978	0.005	0	0.597	1	1.676	460	1.627	1
1779	4.46	6.98	1.423	2.227	0.005	0	0.319	1	3.138	493	1.565	1
1780	3.516	9.989	0.422	1.199	0.005	0	0.12	1	8.362	483	2.841	1
1781	1.315	3.866	0.199	0.584	0.005	0	0.151	1	6.611	456	2.94	1
1782	2.198	3.787	0.622	1.072	0.005	0	0.283	1	3.529	455	1.723	1
1783	3.732	7.206	0.758	1.463	0.005	0	0.203	1	4.916	464	1.931	1
1784	4.7	8.704	0.653	1.21	0.005	0	0.139	1	7.192	472	1.852	1
1785	1.844	3.898	1.276	2.697	0.005	0	0.692	1	1.446	495	2.114	1
1786	3.784	6.849	0.473	0.856	0.005	0	0.125	1	7.983	482	1.81	1
1787	4.463	12.197	0.844	2.305	0.005	0	0.189	1	5.29	490	2.733	1
1788	1.153	2.022	0.143	0.251	0.005	0	0.124	1	8.087	486	1.754	1
1789	4.23	9.877	2.555	5.966	0.005	0	0.604	1	1.655	487	2.335	1
1790	4.679	12.937	1.53	4.23	0.005	0	0.327	1	3.055	467	2.765	1
1791	2.648	5.939	0.89	1.996	0.005	0	0.336	1	2.979	462	2.243	1
1792	2.645	6.255	0.341	0.807	0.005	0	0.129	1	7.775	494	2.365	1
1793	2.445	6.276	0.249	0.64	0.005	0	0.102	1	9.802	495	2.567	1
1794	2.166	3.377	0.349	0.544	0.005	0	0.161	1	6.216	491	1.559	1
1795	3.659	8.258	0.571	1.288	0.005	0	0.156	1	6.412	499	2.257	1
1796	3.167	8.117	0.475	1.218	0.005	0	0.15	1	6.669	487	2.563	1
1797	1.21	2.612	0.137	0.295	0.005	0	0.113	1	8.837	464	2.159	1
1798	1.453	3.643	1.093	2.74	0.005	0	0.752	1	1.33	490	2.507	1
1799	2.208	5.758	0.227	0.593	0.005	0	0.103	1	9.683	464	2.608	1
1800	2.588	4.255	0.313	0.515	0.005	0	0.121	1	8.241	460	1.644	1
1801	4.176	11.91	1.658	4.728	0.005	0	0.397	1	2.518	460	2.852	1
1802	2.262	6.772	0.511	1.53	0.005	0	0.226	1	4.42	469	2.994	1
1803	2.183	6.261	0.26	0.745	0.005	0	0.119	1	8.418	461	2.868	1
1804	2.978	6.019	0.53	1.071	0.005	0	0.178	1	5.629	487	2.021	1
1805	1.513	3.613	0.182	0.434	0.005	0	0.12	1	8.324	474	2.388	1
1806	1.941	3.865	0.825	1.643	0.005	0	0.425	1	2.351	475	1.991	1
1807	2.203	3.921	0.269	0.478	0.005	0	0.122	1	8.167	468	1.78	1
1808	1.896	3.515	0.262	0.485	0.005	0	0.138	1	7.25	476	1.854	1
1809	1.685	4.511	0.435	1.164	0.005	0	0.258	1	3.882	459	2.677	1
1810	2.887	7.347	0.294	0.749	0.005	0	0.102	1	9.786	492	2.545	1
1811	4.446	8.705	1.552	3.038	0.005	0	0.349	1	2.862	453	1.958	1
1812	3.358	6.86	0.366	0.748	0.005	0	0.109	1	9.134	456	2.043	1
1813	2.311	5.258	0.485	1.104	0.005	0	0.21	1	4.764	460	2.275	1
1814	1.485	3.862	0.478	1.244	0.005	0	0.322	1	3.103	493	2.601	1
1815	4.533	8.341	1.636	3.011	0.005	0	0.361	1	2.773	477	1.84	1
1816	1.854	3.804	0.189	0.388	0.005	0	0.102	1	9.839	498	2.052	1
1817	4.428	11.562	1.324	3.457	0.005	0	0.299	1	3.35	480	2.611	1
1818	3.364	7.061	0.431	0.904	0.005	0	0.128	1	7.838	468	2.099	1
1819	4.307	9.574	3.166	7.037	0.005	0	0.735	1	1.361	458	2.223	1
1820	2.287	3.783	0.249	0.412	0.005	0	0.109	1	9.164	496	1.654	1
1821	1.11	3.256	0.113	0.332	0.005	0	0.102	1	9.818	480	2.933	1
1822	4.498	12.99	0.679	1.961	0.005	0	0.151	1	6.627	462	2.888	1
1823	2.526	5.689	0.44	0.99	0.005	0	0.174	1	5.748	492	2.252	1
1824	4.813	9.063	2.392	4.504	0.005	0	0.497	1	2.013	454	1.883	1
1825	1.893	3.583	0.254	0.48	0.005	0	0.134	1	7.483	475	1.893	1
1826	3.257	8.566	0.752	1.979	0.005	0	0.231	1	4.324	453	2.63	1
1827	2.644	4.82	0.323	0.588	0.005	0	0.122	1	8.199	456	1.823	1
1828	4.016	6.402	0.518	0.826	0.005	0	0.129	1	7.763	451	1.594	1
1829	3.213	5.793	0.864	1.558	0.005	0	0.269	1	3.712	496	1.803	1
1830	4.416	12.488	0.477	1.349	0.005	0	0.108	1	9.298	494	2.828	1
1831	1.69	4.058	0.326	0.783	0.005	0	0.193	1	5.169	489	2.401	1
1832	2.206	4.637	0.476	1.002	0.005	0	0.216	1	4.622	491	2.102	1
1833	2.628	7.146	1.564	4.252	0.005	0	0.595	1	1.682	452	2.719	1
1834	2.844	6.291	0.296	0.654	0.005	0	0.104	1	9.642	488	2.212	1
1835	2.103	3.197	0.652	0.991	0.005	0	0.31	1	3.222	450	1.52	1
1836	1.113	2.537	0.157	0.358	0.005	0	0.141	1	7.109	499	2.279	1
1837	1.246	1.928	0.971	1.502	0.005	0	0.779	1	1.284	463	1.547	1
1838	3.117	5.757	0.321	0.593	0.005	0	0.103	1	9.753	499	1.847	1
1839	3.546	8.56	0.578	1.395	0.005	0	0.163	1	6.119	451	2.414	1
1840	1.627	3.967	0.285	0.694	0.005	0	0.175	1	5.722	455	2.438	1
1841	3.469	8.707	0.444	1.114	0.005	0	0.128	1	7.806	479	2.51	1
1842	1.399	3.362	0.933	2.242	0.005	0	0.667	1	1.5	465	2.403	1
1843	2.614	7.288	0.282	0.787	0.005	0	0.108	1	9.254	467	2.788	1
1844	2.873	6.16	0.307	0.659	0.005	0	0.107	1	9.309	460	2.144	1
1845	3.578	6.605	1.36	2.51	0.005	0	0.38	1	2.632	482	1.846	1
1846	3.174	6.316	0.375	0.745	0.005	0	0.118	1	8.451	476	1.99	1
1847	2.432	3.789	0.939	1.463	0.005	0	0.386	1	2.592	461	1.558	1
1848	1.753	2.817	0.333	0.535	0.005	0	0.19	1	5.258	458	1.607	1
1849	4.834	13.526	0.595	1.664	0.005	0	0.123	1	8.104	478	2.798	1
1850	2.96	5.449	0.314	0.578	0.005	0	0.106	1	9.466	458	1.841	1
1851	4.492	12.137	0.508	1.371	0.005	0	0.113	1	8.813	451	2.702	1
1852	1.422	3.805	0.65	1.739	0.005	0	0.457	1	2.19	473	2.676	1
1853	1.712	3.797	0.383	0.851	0.005	0	0.224	1	4.473	499	2.218	1
1854	2.5	4.87	1.467	2.859	0.005	0	0.587	1	1.704	477	1.948	1
1855	1.948	5.016	0.978	2.518	0.005	0	0.502	1	1.991	465	2.575	1
1856	4.411	10.983	0.618	1.538	0.005	0	0.14	1	7.12	482	2.49	1
1857	4.726	12.018	3.077	7.824	0.005	0	0.651	1	1.537	482	2.543	1
1858	4.325	7.024	0.567	0.92	0.005	0	0.131	1	7.662	488	1.624	1
1859	3.167	5.314	1.156	1.94	0.005	0	0.365	1	2.739	462	1.678	1
1860	3.22	7.573	1.426	3.355	0.005	0	0.443	1	2.255	465	2.352	1
1861	3.185	6.838	0.506	1.087	0.005	0	0.159	1	6.274	456	2.147	1
1862	4.057	7.55	0.422	0.785	0.005	0	0.104	1	9.608	465	1.861	1
1863	3.341	8.57	0.595	1.525	0.005	0	0.178	1	5.609	469	2.565	1
1864	1.18	2.091	0.152	0.27	0.005	0	0.129	1	7.746	483	1.772	1
1865	3.066	9.057	0.613	1.811	0.005	0	0.2	1	4.991	460	2.954	1
1866	2.163	3.268	0.298	0.451	0.005	0	0.138	1	7.223	494	1.511	1
1867	4.025	8.465	0.672	1.414	0.005	0	0.167	1	6.006	491	2.103	1
1868	4.148	6.977	0.452	0.76	0.005	0	0.109	1	9.197	483	1.682	1
1869	4.019	7.604	0.804	1.521	0.005	0	0.2	1	5.0	455	1.892	1
1870	4.496	12.261	0.611	1.667	0.005	0	0.136	1	7.338	461	2.727	1
1871	3.647	10.89	1.295	3.866	0.005	0	0.355	1	2.815	473	2.986	1
1872	4.281	10.591	0.946	2.341	0.005	0	0.221	1	4.521	464	2.474	1
1873	3.013	8.958	1.202	3.574	0.005	0	0.399	1	2.508	498	2.973	1
1874	1.456	4.134	0.204	0.579	0.005	0	0.14	1	7.163	470	2.839	1
1875	3.025	6.788	0.369	0.828	0.005	0	0.122	1	8.223	478	2.244	1
1876	2.236	3.448	0.47	0.724	0.005	0	0.21	1	4.754	467	1.542	1
1877	1.815	2.788	0.739	1.135	0.005	0	0.407	1	2.459	491	1.536	1
1878	3.381	6.41	0.598	1.135	0.005	0	0.177	1	5.661	474	1.896	1
1879	3.625	6.235	0.721	1.241	0.005	0	0.199	1	5.03	489	1.72	1
1880	4.212	7.101	2.296	3.87	0.005	0	0.545	1	1.835	490	1.686	1
1881	1.886	4.394	0.339	0.791	0.005	0	0.18	1	5.559	466	2.33	1
1882	3.769	8.273	0.562	1.233	0.005	0	0.149	1	6.728	472	2.195	1
1883	1.501	4.102	0.176	0.48	0.005	0	0.117	1	8.529	473	2.733	1
1884	1.805	3.783	0.188	0.393	0.005	0	0.104	1	9.655	453	2.096	1
1885	2.502	4.629	1.028	1.903	0.005	0	0.411	1	2.433	492	1.85	1
1886	4.072	10.579	0.411	1.068	0.005	0	0.101	1	9.878	489	2.598	1
1887	3.788	8.538	0.769	1.733	0.005	0	0.203	1	4.929	450	2.254	1
1888	1.881	4.909	0.26	0.677	0.005	0	0.138	1	7.237	471	2.61	1
1889	1.336	3.224	0.148	0.358	0.005	0	0.111	1	9.006	452	2.413	1
1890	2.618	5.411	0.374	0.774	0.005	0	0.143	1	7.01	492	2.067	1
1891	2.741	4.303	1.099	1.726	0.005	0	0.401	1	2.491	482	1.57	1
1892	2.922	5.52	2.525	4.769	0.005	0	0.864	1	1.157	477	1.889	1
1893	3.832	9.622	0.674	1.693	0.005	0	0.176	1	5.693	472	2.511	1
1894	4.42	10.029	0.606	1.374	0.005	0	0.137	1	7.275	473	2.269	1
1895	3.697	10.429	0.632	1.783	0.005	0	0.171	1	5.847	462	2.821	1
1896	3.711	9.511	0.531	1.36	0.005	0	0.143	1	6.984	495	2.563	1
1897	2.857	6.111	0.663	1.418	0.005	0	0.232	1	4.319	464	2.139	1
1898	2.989	5.467	0.532	0.973	0.005	0	0.178	1	5.613	467	1.829	1
1899	3.135	6.721	2.267	4.859	0.005	0	0.723	1	1.384	477	2.144	1
1900	1.141	3.212	0.422	1.188	0.005	0	0.37	1	2.702	463	2.815	1
1901	2.048	5.827	0.244	0.693	0.005	0	0.119	1	8.409	470	2.845	1
1902	3.801	6.397	0.392	0.659	0.005	0	0.103	1	9.685	453	1.683	1
1903	2.587	6.85	0.823	2.178	0.005	0	0.318	1	3.146	480	2.648	1
1904	3.416	8.058	2.155	5.085	0.005	0	0.631	1	1.586	489	2.359	1
1905	1.599	3.072	0.184	0.353	0.005	0	0.115	1	8.665	498	1.921	1
1906	1.096	2.418	0.15	0.331	0.005	0	0.137	1	7.314	492	2.206	1
1907	2.812	7.654	0.377	1.026	0.005	0	0.134	1	7.439	485	2.722	1
1908	1.043	3.056	0.121	0.354	0.005	0	0.116	1	8.62	485	2.93	1
1909	2.686	7.811	0.483	1.406	0.005	0	0.18	1	5.565	458	2.908	1
1910	2.093	3.822	0.211	0.386	0.005	0	0.101	1	9.854	487	1.826	1
1911	1.399	2.518	0.159	0.287	0.005	0	0.114	1	8.795	498	1.8	1
1912	2.878	7.69	0.291	0.777	0.005	0	0.101	1	9.903	489	2.672	1
1913	4.648	13.554	0.497	1.45	0.005	0	0.107	1	9.349	452	2.916	1
1914	3.566	8.829	0.749	1.854	0.005	0	0.21	1	4.767	487	2.476	1
1915	3.436	5.742	0.375	0.626	0.005	0	0.109	1	9.165	492	1.671	1
1916	1.437	2.781	0.203	0.392	0.005	0	0.141	1	7.103	469	1.935	1
1917	4.585	7.364	1.829	2.938	0.005	0	0.399	1	2.508	466	1.606	1
1918	4.961	10.8	0.521	1.134	0.005	0	0.105	1	9.486	477	2.177	1
1919	3.341	7.123	0.488	1.04	0.005	0	0.146	1	6.859	488	2.132	1
1920	1.907	5.282	0.297	0.824	0.005	0	0.156	1	6.429	454	2.77	1
1921	2.261	4.915	0.253	0.55	0.005	0	0.112	1	8.928	450	2.174	1
1922	4.51	12.006	0.866	2.305	0.005	0	0.192	1	5.2	471	2.662	1
1923	1.486	3.103	1.227	2.563	0.005	0	0.826	1	1.211	475	2.088	1
1924	3.347	9.338	0.358	0.999	0.005	0	0.107	1	9.375	465	2.79	1
1925	2.33	6.349	0.343	0.933	0.005	0	0.147	1	6.824	486	2.725	1
1926	1.826	4.185	0.257	0.59	0.005	0	0.141	1	7.094	472	2.292	1
1927	1.913	5.316	0.207	0.574	0.005	0	0.108	1	9.28	491	2.779	1
1928	1.102	2.262	0.264	0.543	0.005	0	0.24	1	4.172	497	2.053	1
1929	2.238	3.426	0.284	0.435	0.005	0	0.127	1	7.846	453	1.531	1
1930	1.812	5.003	0.986	2.722	0.005	0	0.544	1	1.839	498	2.761	1
1931	2.302	6.383	0.391	1.085	0.005	0	0.17	1	5.886	465	2.773	1
1932	3.494	7.012	0.458	0.919	0.005	0	0.131	1	7.649	495	2.007	1
1933	3.367	9.111	0.798	2.159	0.005	0	0.237	1	4.211	467	2.706	1
1934	4.568	12.772	0.612	1.711	0.005	0	0.134	1	7.454	464	2.796	1
1935	2.054	5.891	0.32	0.919	0.005	0	0.156	1	6.427	496	2.868	1
1936	1.682	4.869	0.251	0.725	0.005	0	0.149	1	6.705	462	2.895	1
1937	2.974	7.81	0.369	0.968	0.005	0	0.124	1	8.041	473	2.626	1
1938	1.537	3.813	0.44	1.091	0.005	0	0.286	1	3.495	475	2.481	1
1939	1.666	4.658	0.175	0.489	0.005	0	0.105	1	9.526	490	2.796	1
1940	1.669	3.3	1.043	2.062	0.005	0	0.625	1	1.599	462	1.977	1
1941	1.961	4.306	1.071	2.351	0.005	0	0.546	1	1.833	497	2.196	1
1942	1.089	1.861	0.122	0.208	0.005	0	0.112	1	8.95	464	1.709	1
1943	2.817	8.406	0.58	1.732	0.005	0	0.206	1	4.844	494	2.984	1
1944	3.54	7.455	0.358	0.753	0.005	0	0.101	1	9.876	462	2.106	1
1945	3.662	8.829	0.388	0.936	0.005	0	0.106	1	9.473	484	2.411	1
1946	3.369	6.209	0.566	1.043	0.005	0	0.168	1	5.944	466	1.843	1
1947	3.747	10.046	0.431	1.155	0.005	0	0.115	1	8.671	493	2.681	1
1948	2.957	8.433	0.627	1.788	0.005	0	0.212	1	4.727	494	2.852	1
1949	2.477	5.923	0.394	0.942	0.005	0	0.159	1	6.272	464	2.391	1
1950	1.59	3.983	0.167	0.418	0.005	0	0.105	1	9.554	456	2.505	1
1951	2.27	5.019	0.329	0.728	0.005	0	0.145	1	6.886	451	2.211	1
1952	1.963	3.196	0.222	0.361	0.005	0	0.113	1	8.887	491	1.628	1
1953	4.621	7.269	1.557	2.45	0.005	0	0.337	1	2.969	485	1.573	1
1954	4.808	7.38	0.563	0.863	0.005	0	0.117	1	8.512	492	1.535	1
1955	4.49	9.878	0.867	1.906	0.005	0	0.193	1	5.169	494	2.2	1
1956	2.967	8.038	0.466	1.262	0.005	0	0.157	1	6.369	465	2.709	1
1957	3.922	7.722	0.541	1.066	0.005	0	0.138	1	7.256	465	1.969	1
1958	4.171	6.932	1.147	1.906	0.005	0	0.275	1	3.641	487	1.662	1
1959	3.012	6.876	0.515	1.176	0.005	0	0.171	1	5.854	452	2.283	1
1960	1.149	2.116	0.167	0.307	0.005	0	0.145	1	6.878	497	1.842	1
1961	4.748	7.659	1.206	1.945	0.005	0	0.254	1	3.944	450	1.613	1
1962	3.879	11.172	0.966	2.782	0.005	0	0.249	1	4.022	462	2.88	1
1963	3.114	6.736	1.454	3.146	0.005	0	0.467	1	2.143	481	2.163	1
1964	4.067	8.264	0.643	1.306	0.005	0	0.158	1	6.338	494	2.032	1
1965	3.62	10.234	1.785	5.045	0.005	0	0.493	1	2.03	457	2.827	1
1966	2.854	8.114	1.25	3.554	0.005	0	0.438	1	2.285	468	2.843	1
1967	4.488	10.592	0.462	1.091	0.005	0	0.103	1	9.737	473	2.36	1
1968	2.453	5.07	0.822	1.698	0.005	0	0.335	1	2.987	481	2.067	1
1969	2.38	3.763	0.302	0.478	0.005	0	0.127	1	7.888	467	1.581	1
1970	2.005	4.898	1.8	4.398	0.005	0	0.898	1	1.114	456	2.443	1
1971	3.9	10.046	0.402	1.035	0.005	0	0.103	1	9.743	464	2.576	1
1972	1.107	3.312	0.26	0.778	0.005	0	0.235	1	4.251	476	2.992	1
1973	1.941	4.924	0.202	0.512	0.005	0	0.104	1	9.591	486	2.537	1
1974	4.066	6.136	0.801	1.209	0.005	0	0.197	1	5.08	466	1.509	1
1975	3.427	5.552	0.576	0.933	0.005	0	0.168	1	5.955	458	1.62	1
1976	2.416	3.94	0.321	0.524	0.005	0	0.133	1	7.513	496	1.631	1
1977	1.924	4.897	0.215	0.548	0.005	0	0.112	1	8.919	454	2.545	1
1978	4.464	11.062	4.147	10.277	0.005	0	0.929	1	1.076	453	2.478	1
1979	3.696	8.235	0.942	2.1	0.005	0	0.255	1	3.915	463	2.228	1
1980	4.818	13.654	0.906	2.567	0.005	0	0.188	1	5.323	483	2.834	1
1981	3.931	7.724	0.421	0.826	0.005	0	0.107	1	9.321	493	1.965	1
1982	3.999	6.466	0.476	0.769	0.005	0	0.119	1	8.392	458	1.617	1
1983	1.231	3.022	0.186	0.456	0.005	0	0.151	1	6.609	455	2.455	1
1984	1.498	3.393	1.236	2.799	0.005	0	0.825	1	1.212	497	2.265	1
1985	2.677	6.963	0.412	1.072	0.005	0	0.154	1	6.498	454	2.601	1
1986	3.629	9.893	0.414	1.128	0.005	0	0.114	1	8.776	498	2.726	1
1987	3.761	6.503	0.474	0.819	0.005	0	0.126	1	7.916	471	1.729	1
1988	1.297	2.868	0.392	0.866	0.005	0	0.302	1	3.316	468	2.211	1
1989	2.135	4.387	1.505	3.093	0.005	0	0.705	1	1.419	456	2.055	1
1990	3.713	8.18	0.579	1.276	0.005	0	0.156	1	6.428	464	2.203	1
1991	2.157	5.746	0.22	0.586	0.005	0	0.102	1	9.852	478	2.664	1
1992	2.278	4.205	0.228	0.421	0.005	0	0.1	1	9.988	458	1.846	1
1993	2.479	6.331	0.431	1.102	0.005	0	0.174	1	5.756	473	2.554	1
1994	3.63	6.12	0.363	0.612	0.005	0	0.1	1	9.967	488	1.686	1
1995	4.047	12.101	0.526	1.573	0.005	0	0.13	1	7.681	485	2.99	1
1996	3.396	6.069	0.571	1.02	0.005	0	0.168	1	5.97	499	1.787	1
1997	1.079	3.152	0.188	0.548	0.005	0	0.174	1	5.747	474	2.921	1
1998	2.032	5.45	1.914	5.134	0.005	0	0.942	1	1.062	462	2.682	1
1999	3.661	6.352	0.502	0.87	0.005	0	0.137	1	7.301	499	1.735	1
2000	2.452	3.823	0.517	0.807	0.005	0	0.211	1	4.736	498	1.559	1
2001	2.895	5.237	0.362	0.655	0.005	0	0.125	1	7.979	473	1.809	1
2002	4.06	6.419	1.25	1.977	0.005	0	0.308	1	3.242	456	1.581	1
2003	1.224	2.523	0.573	1.181	0.005	0	0.468	1	2.137	476	2.061	1
2004	1.357	3.448	0.313	0.796	0.005	0	0.231	1	4.323	465	2.541	1
2005	4.695	7.451	0.873	1.386	0.005	0	0.186	1	5.38	464	1.587	1
2006	2.868	7.927	0.336	0.927	0.005	0	0.117	1	8.511	488	2.764	1
2007	4.477	11.237	0.528	1.326	0.005	0	0.118	1	8.508	479	2.51	1
2008	4.975	7.905	0.632	1.004	0.005	0	0.127	1	7.865	461	1.589	1
2009	4.376	6.813	2.232	3.475	0.005	0	0.51	1	1.959	480	1.557	1
2010	4.107	6.407	0.686	1.07	0.005	0	0.167	1	5.985	493	1.56	1
2011	4.867	11.33	0.954	2.221	0.005	0	0.196	1	5.104	480	2.328	1
2012	1.685	4.694	0.573	1.596	0.005	0	0.34	1	2.937	479	2.786	1
2013	4.582	7.505	1.187	1.944	0.005	0	0.259	1	3.858	456	1.638	1
2014	3.878	8.985	1.652	3.828	0.005	0	0.426	1	2.349	455	2.317	1
2015	2.773	5.33	0.624	1.199	0.005	0	0.225	1	4.447	497	1.922	1
2016	1.697	4.587	0.283	0.766	0.005	0	0.167	1	5.991	471	2.703	1
2017	3.63	9.325	0.414	1.063	0.005	0	0.114	1	8.777	481	2.569	1
2018	4.297	9.359	0.46	1.001	0.005	0	0.107	1	9.348	482	2.178	1
2019	2.621	7.504	1.418	4.06	0.005	0	0.541	1	1.849	473	2.863	1
2020	3.655	6.773	0.373	0.691	0.005	0	0.102	1	9.764	485	1.853	1
2021	1.545	3.79	1.128	2.767	0.005	0	0.73	1	1.37	453	2.453	1
2022	3.76	7.106	0.474	0.895	0.005	0	0.126	1	7.956	467	1.89	1
2023	4.199	9.616	1.772	4.058	0.005	0	0.422	1	2.369	475	2.29	1
2024	2.8	7.372	0.406	1.069	0.005	0	0.145	1	6.884	470	2.633	1
2025	3.187	6.992	0.567	1.245	0.005	0	0.178	1	5.613	462	2.194	1
2026	2.358	4.428	0.373	0.7	0.005	0	0.158	1	6.321	480	1.878	1
2027	2.297	3.797	0.292	0.482	0.005	0	0.127	1	7.845	454	1.653	1
2028	4.238	11.82	0.441	1.229	0.005	0	0.104	1	9.595	479	2.789	1
2029	3.334	6.771	0.467	0.948	0.005	0	0.14	1	7.138	496	2.031	1
2030	4.443	11.765	0.662	1.753	0.005	0	0.149	1	6.703	474	2.648	1
2031	2.645	7.012	0.389	1.031	0.005	0	0.147	1	6.808	455	2.651	1
2032	4.837	10.274	1.582	3.36	0.005	0	0.327	1	3.058	469	2.124	1
2033	1.465	4.307	0.207	0.607	0.005	0	0.141	1	7.075	481	2.94	1
2034	1.874	5.401	0.345	0.994	0.005	0	0.184	1	5.428	473	2.882	1
2035	4.778	11.238	1.132	2.663	0.005	0	0.237	1	4.226	456	2.352	1
2036	3.235	8.967	3.073	8.519	0.005	0	0.95	1	1.053	487	2.772	1
2037	3.878	9.85	1.082	2.748	0.005	0	0.279	1	3.581	475	2.54	1
2038	2.167	4.59	0.535	1.134	0.005	0	0.247	1	4.043	486	2.118	1
2039	1.155	2.169	0.224	0.421	0.005	0	0.194	1	5.163	483	1.878	1
2040	1.021	3.056	0.152	0.455	0.005	0	0.149	1	6.731	459	2.993	1
2041	4.643	10.215	0.501	1.103	0.005	0	0.108	1	9.253	477	2.2	1
2042	2.612	6.572	0.285	0.716	0.005	0	0.109	1	9.151	475	2.516	1
2043	4.056	8.197	2.036	4.115	0.005	0	0.502	1	1.991	460	2.021	1
2044	4.078	8.254	0.901	1.824	0.005	0	0.221	1	4.521	457	2.024	1
2045	4.853	10.157	0.937	1.96	0.005	0	0.193	1	5.17	482	2.093	1
2046	2.017	3.078	1.829	2.792	0.005	0	0.907	1	1.102	473	1.526	1
2047	4.169	8.98	0.759	1.634	0.005	0	0.182	1	5.506	466	2.154	1
2048	2.606	4.3	0.891	1.471	0.005	0	0.342	1	2.923	472	1.65	1
2049	1.057	3.117	0.45	1.328	0.005	0	0.426	1	2.346	492	2.949	1
2050	3.487	6.876	0.593	1.169	0.005	0	0.17	1	5.87	465	1.972	1
2051	2.191	4.985	0.237	0.538	0.005	0	0.108	1	9.229	466	2.275	1
2052	2.19	3.559	1.242	2.018	0.005	0	0.567	1	1.765	473	1.625	1
2053	1.743	4.462	0.288	0.736	0.005	0	0.165	1	6.063	483	2.56	1
2054	1.28	2.508	0.535	1.048	0.005	0	0.418	1	2.39	470	1.959	1
2055	1.283	3.817	0.943	2.805	0.005	0	0.735	1	1.361	488	2.975	1
2056	1.634	2.734	1.175	1.966	0.005	0	0.719	1	1.39	461	1.673	1
2057	4.495	11.957	1.375	3.659	0.005	0	0.306	1	3.269	468	2.66	1
2058	4.682	9.341	0.646	1.289	0.005	0	0.138	1	7.251	465	1.995	1
2059	2.152	3.706	0.665	1.145	0.005	0	0.309	1	3.233	480	1.722	1
2060	1.141	2.725	0.372	0.888	0.005	0	0.326	1	3.071	474	2.388	1
2061	3.953	6.961	0.419	0.738	0.005	0	0.106	1	9.466	469	1.761	1
2062	2.206	3.455	0.318	0.498	0.005	0	0.144	1	6.955	480	1.566	1
2063	3.724	7.534	1.188	2.403	0.005	0	0.319	1	3.135	496	2.023	1
2064	1.903	4.855	0.717	1.83	0.005	0	0.377	1	2.654	454	2.551	1
2065	2.748	5.958	0.541	1.174	0.005	0	0.197	1	5.066	480	2.168	1
2066	3.7	10.541	0.377	1.075	0.005	0	0.102	1	9.79	491	2.849	1
2067	3.629	7.675	1.158	2.448	0.005	0	0.319	1	3.134	475	2.115	1
2068	3.707	7.407	0.393	0.785	0.005	0	0.106	1	9.47	469	1.998	1
2069	1.028	2.561	0.276	0.686	0.005	0	0.268	1	3.736	461	2.491	1
2070	4.354	11.447	1.041	2.736	0.005	0	0.239	1	4.182	452	2.629	1
2071	2.13	5.973	0.249	0.699	0.005	0	0.117	1	8.529	469	2.804	1
2072	1.042	1.737	0.204	0.34	0.005	0	0.196	1	5.113	485	1.667	1
2073	3.675	6.6	0.632	1.135	0.005	0	0.172	1	5.808	479	1.796	1
2074	4.865	10.883	3.357	7.509	0.005	0	0.69	1	1.45	488	2.237	1
2075	3.686	9.311	0.391	0.987	0.005	0	0.106	1	9.394	498	2.526	1
2076	4.25	10.349	2.712	6.603	0.005	0	0.638	1	1.567	483	2.435	1
2077	3.294	7.365	2.194	4.905	0.005	0	0.666	1	1.502	458	2.236	1
2078	4.748	12.022	1.999	5.061	0.005	0	0.421	1	2.374	494	2.532	1
2079	4.43	7.07	0.527	0.841	0.005	0	0.119	1	8.424	453	1.596	1
2080	2.413	5.256	0.244	0.531	0.005	0	0.101	1	9.896	461	2.178	1
2081	4.036	9.456	0.484	1.135	0.005	0	0.12	1	8.34	485	2.343	1
2082	2.045	6.113	0.311	0.929	0.005	0	0.152	1	6.565	466	2.989	1
2083	3.426	6.352	3.135	5.812	0.005	0	0.915	1	1.093	478	1.854	1
2084	4.49	8.1	1.118	2.017	0.005	0	0.249	1	4.011	495	1.804	1
2085	4.579	11.855	1.136	2.94	0.005	0	0.248	1	4.04	462	2.589	1
2086	3.676	9.451	0.412	1.059	0.005	0	0.112	1	8.951	468	2.571	1
2087	1.553	3.912	1.309	3.298	0.005	0	0.843	1	1.186	499	2.519	1
2088	2.24	3.924	0.258	0.451	0.005	0	0.115	1	8.665	477	1.752	1
2089	3.283	8.106	0.506	1.248	0.005	0	0.154	1	6.475	492	2.469	1
2090	4.192	11.847	1.995	5.639	0.005	0	0.476	1	2.101	482	2.826	1
2091	4.393	10.143	0.611	1.41	0.005	0	0.139	1	7.202	468	2.309	1
2092	1.968	4.666	0.462	1.097	0.005	0	0.235	1	4.249	487	2.371	1
2093	3.157	6.765	1.399	2.997	0.005	0	0.443	1	2.257	498	2.143	1
2094	3.841	10.006	2.09	5.443	0.005	0	0.544	1	1.838	462	2.605	1
2095	1.267	1.982	0.426	0.666	0.005	0	0.336	1	2.975	494	1.564	1
2096	3.517	5.388	0.355	0.544	0.005	0	0.101	1	9.855	470	1.532	1
2097	1.831	3.808	0.297	0.617	0.005	0	0.162	1	6.167	499	2.08	1
2098	4.374	9.894	0.547	1.237	0.005	0	0.125	1	7.977	468	2.262	1
2099	4.558	9.13	0.843	1.689	0.005	0	0.185	1	5.404	472	2.003	1
2100	4.341	10.661	1.472	3.614	0.005	0	0.339	1	2.953	466	2.456	1
2101	1.672	4.095	0.244	0.598	0.005	0	0.146	1	6.862	474	2.449	1
2102	2.845	6.711	0.29	0.685	0.005	0	0.102	1	9.821	456	2.359	1
2103	4.013	10.478	0.835	2.179	0.005	0	0.208	1	4.816	462	2.611	1
2104	3.934	8.261	1.857	3.899	0.005	0	0.472	1	2.12	498	2.1	1
2105	2.322	4.488	0.288	0.557	0.005	0	0.124	1	8.091	484	1.933	1
2106	3.847	11.26	0.485	1.419	0.005	0	0.126	1	7.965	486	2.927	1
2107	2.951	4.577	1.216	1.886	0.005	0	0.412	1	2.425	471	1.551	1
2108	4.421	11.039	0.668	1.667	0.005	0	0.151	1	6.644	496	2.497	1
2109	3.472	8.225	0.462	1.094	0.005	0	0.133	1	7.528	490	2.369	1
2110	4.376	11.938	1.09	2.973	0.005	0	0.249	1	4.021	464	2.728	1
2111	1.17	3.489	0.135	0.401	0.005	0	0.115	1	8.707	475	2.982	1
2112	2.002	3.435	0.819	1.405	0.005	0	0.409	1	2.445	482	1.716	1
2113	3.207	7.636	0.462	1.1	0.005	0	0.144	1	6.96	486	2.381	1
2114	2.885	5.848	1.693	3.433	0.005	0	0.587	1	1.703	461	2.027	1
2115	2.338	3.619	0.288	0.445	0.005	0	0.123	1	8.107	497	1.548	1
2116	1.874	5.043	0.508	1.367	0.005	0	0.271	1	3.689	478	2.691	1
2117	4.376	10.34	0.486	1.148	0.005	0	0.111	1	9.026	484	2.363	1
2118	2.472	3.869	0.438	0.685	0.005	0	0.177	1	5.662	457	1.565	1
2119	1.195	3.573	0.939	2.808	0.005	0	0.786	1	1.272	462	2.99	1
2120	1.486	3.559	0.16	0.384	0.005	0	0.108	1	9.302	483	2.395	1
2121	3.337	9.978	1.121	3.353	0.005	0	0.336	1	2.972	472	2.99	1
2122	2.7	7.179	2.471	6.569	0.005	0	0.915	1	1.093	470	2.659	1
2123	3.349	10.03	0.459	1.374	0.005	0	0.137	1	7.289	492	2.995	1
2124	4.714	8.966	0.981	1.865	0.005	0	0.208	1	4.818	478	1.902	1
2125	3.505	9.393	0.852	2.282	0.005	0	0.243	1	4.108	473	2.68	1
2126	2.777	8.209	0.286	0.846	0.005	0	0.103	1	9.698	482	2.956	1
2127	4.078	7.915	0.604	1.171	0.005	0	0.148	1	6.763	493	1.941	1
2128	4.93	13.602	1.262	3.482	0.005	0	0.256	1	3.907	492	2.759	1
2129	2.3	5.653	0.241	0.594	0.005	0	0.105	1	9.52	484	2.458	1
2130	1.23	3.364	0.14	0.383	0.005	0	0.114	1	8.786	481	2.735	1
2131	4.007	7.157	1.635	2.92	0.005	0	0.408	1	2.452	489	1.786	1
2132	4.38	10.184	0.793	1.843	0.005	0	0.181	1	5.529	484	2.325	1
2133	3.486	7.666	2.527	5.558	0.005	0	0.725	1	1.379	477	2.199	1
2134	1.152	3.208	0.179	0.497	0.005	0	0.155	1	6.443	454	2.785	1
2135	2.973	7.079	0.324	0.772	0.005	0	0.109	1	9.158	488	2.381	1
2136	1.793	2.897	1.321	2.135	0.005	0	0.737	1	1.356	452	1.616	1
2137	4.349	7.806	0.648	1.163	0.005	0	0.149	1	6.704	497	1.795	1
2138	1.423	3.59	0.672	1.694	0.005	0	0.472	1	2.118	472	2.523	1
2139	3.246	9.735	1.548	4.644	0.005	0	0.477	1	2.098	469	2.999	1
2140	1.035	2.268	0.288	0.631	0.005	0	0.278	1	3.593	479	2.191	1
2141	3.591	8.834	1.882	4.629	0.005	0	0.524	1	1.91	456	2.46	1
2142	1.913	4.928	0.727	1.873	0.005	0	0.38	1	2.635	492	2.576	1
2143	3.542	7.474	0.45	0.949	0.005	0	0.127	1	7.89	473	2.11	1
2144	4.14	8.317	1.052	2.113	0.005	0	0.254	1	3.932	464	2.009	1
2145	2.112	5.992	0.386	1.097	0.005	0	0.183	1	5.451	491	2.837	1
2146	2.601	5.751	0.767	1.697	0.005	0	0.295	1	3.391	499	2.211	1
2147	1.489	2.74	0.149	0.274	0.005	0	0.1	1	9.991	499	1.84	1
2148	2.481	5.999	1.335	3.227	0.005	0	0.538	1	1.86	471	2.418	1
2149	2.611	7.619	1.42	4.145	0.005	0	0.544	1	1.838	489	2.918	1
2150	1.365	3.069	0.141	0.316	0.005	0	0.103	1	9.735	479	2.248	1
2151	3.53	6.552	0.582	1.081	0.005	0	0.165	1	6.048	458	1.856	1
2152	4.716	9.267	1.839	3.614	0.005	0	0.39	1	2.563	459	1.965	1
2153	4.443	9.042	1.831	3.725	0.005	0	0.412	1	2.428	451	2.035	1
2154	2.919	4.694	1.147	1.845	0.005	0	0.393	1	2.546	476	1.608	1
2155	3.524	5.825	0.398	0.658	0.005	0	0.113	1	8.863	486	1.653	1
2156	2.393	4.374	0.711	1.299	0.005	0	0.297	1	3.365	472	1.828	1
2157	4.764	11.424	0.524	1.257	0.005	0	0.11	1	9.08	471	2.398	1
2158	3.591	10.012	0.359	1.001	0.005	0	0.1	1	9.991	471	2.788	1
2159	3.506	8.821	1.851	4.657	0.005	0	0.528	1	1.893	499	2.516	1
2160	1.811	4.194	0.413	0.956	0.005	0	0.228	1	4.39	493	2.316	1
2161	2.649	5.136	0.273	0.529	0.005	0	0.103	1	9.744	456	1.939	1
2162	4.632	10.825	0.468	1.093	0.005	0	0.101	1	9.859	450	2.337	1
2163	1.112	2.833	0.37	0.943	0.005	0	0.333	1	3.005	464	2.548	1
2164	4.029	11.209	0.544	1.513	0.005	0	0.135	1	7.419	479	2.782	1
2165	1.433	3.208	0.148	0.33	0.005	0	0.103	1	9.67	483	2.239	1
2166	1.551	3.341	0.848	1.828	0.005	0	0.547	1	1.827	497	2.154	1
2167	1.577	3.286	0.355	0.739	0.005	0	0.225	1	4.449	469	2.084	1
2168	3.371	5.535	0.829	1.362	0.005	0	0.246	1	4.062	496	1.642	1
2169	1.529	3.988	0.428	1.117	0.005	0	0.28	1	3.569	455	2.608	1
2170	4.982	7.473	0.902	1.353	0.005	0	0.181	1	5.538	459	1.5	1
2171	2.832	4.404	2.818	4.382	0.005	0	0.995	1	1.005	460	1.555	1
2172	2.682	5.31	0.316	0.627	0.005	0	0.118	1	8.491	452	1.98	1
2173	3.036	5.289	1.26	2.195	0.005	0	0.415	1	2.409	489	1.742	1
2174	1.662	4.507	0.342	0.928	0.005	0	0.206	1	4.856	493	2.712	1
2175	4.742	12.282	0.569	1.474	0.005	0	0.12	1	8.324	474	2.59	1
2176	1.011	2.273	0.744	1.673	0.005	0	0.736	1	1.359	485	2.248	1
2177	3.78	10.346	0.752	2.059	0.005	0	0.199	1	5.019	474	2.737	1
2178	2.692	6.423	0.396	0.944	0.005	0	0.147	1	6.805	468	2.386	1
2179	4.914	8.531	0.565	0.981	0.005	0	0.115	1	8.706	470	1.736	1
2180	2.889	7.968	1.054	2.908	0.005	0	0.365	1	2.737	479	2.758	1
2181	3.106	6.224	0.317	0.635	0.005	0	0.102	1	9.848	481	2.004	1
2182	4.435	8.888	0.483	0.969	0.005	0	0.109	1	9.155	459	2.004	1
2183	1.515	3.833	0.874	2.212	0.005	0	0.577	1	1.733	452	2.53	1
2184	4.925	8.018	0.497	0.81	0.005	0	0.101	1	9.874	451	1.628	1
2185	1.633	3.573	0.851	1.862	0.005	0	0.521	1	1.918	480	2.188	1
2186	3.641	6.627	2.516	4.579	0.005	0	0.691	1	1.448	477	1.82	1
2187	3.896	7.808	0.393	0.789	0.005	0	0.101	1	9.878	494	2.004	1
2188	1.796	4.925	0.39	1.069	0.005	0	0.217	1	4.609	465	2.742	1
2189	3.739	9.4	2.228	5.602	0.005	0	0.596	1	1.677	486	2.514	1
2190	1.853	4.188	0.636	1.436	0.005	0	0.343	1	2.917	492	2.26	1
2191	2.461	5.879	0.63	1.505	0.005	0	0.256	1	3.906	495	2.389	1
2192	4.883	9.561	0.601	1.176	0.005	0	0.123	1	8.103	466	1.958	1
2193	4.746	10.617	2.15	4.81	0.005	0	0.453	1	2.209	469	2.237	1
2194	1.774	3.585	0.273	0.552	0.005	0	0.154	1	6.486	487	2.021	1
2195	2.702	7.695	0.346	0.985	0.005	0	0.128	1	7.825	490	2.848	1
2196	4.62	10.732	1.03	2.393	0.005	0	0.223	1	4.489	468	2.323	1
2197	2.794	5.538	1.735	3.439	0.005	0	0.621	1	1.611	471	1.982	1
2198	3.49	10.044	0.391	1.125	0.005	0	0.112	1	8.91	451	2.878	1
2199	4.582	11.899	1.155	2.999	0.005	0	0.252	1	3.965	478	2.597	1
2200	1.582	4.319	0.221	0.605	0.005	0	0.14	1	7.123	480	2.73	1
2201	4.875	13.484	1.633	4.517	0.005	0	0.335	1	2.981	457	2.766	1
2202	2.906	5.396	0.497	0.923	0.005	0	0.171	1	5.84	450	1.857	1
2203	3.597	9.374	0.381	0.994	0.005	0	0.106	1	9.456	459	2.606	1
2204	2.604	6.104	2.055	4.816	0.005	0	0.789	1	1.268	482	2.344	1
2205	3.056	7.041	0.354	0.817	0.005	0	0.116	1	8.599	479	2.304	1
2206	2.215	6.175	1.232	3.433	0.005	0	0.556	1	1.798	487	2.788	1
2207	3.167	8.722	0.675	1.858	0.005	0	0.213	1	4.697	468	2.754	1
2208	3.066	4.924	0.779	1.251	0.005	0	0.254	1	3.932	474	1.606	1
2209	4.86	8.695	0.544	0.974	0.005	0	0.112	1	8.967	488	1.789	1
2210	2.914	6.591	0.632	1.43	0.005	0	0.217	1	4.605	494	2.262	1
2211	1.38	3.498	0.175	0.444	0.005	0	0.127	1	7.892	496	2.535	1
2212	4.789	10.201	0.584	1.245	0.005	0	0.122	1	8.165	496	2.13	1
2213	4.623	8.007	0.855	1.481	0.005	0	0.185	1	5.403	455	1.732	1
2214	1.898	3.938	0.452	0.937	0.005	0	0.238	1	4.197	495	2.075	1
2215	4.573	13.179	2.113	6.089	0.005	0	0.462	1	2.165	479	2.882	1
2216	1.382	3.212	0.153	0.357	0.005	0	0.111	1	8.991	467	2.324	1
2217	1.996	4.485	0.435	0.978	0.005	0	0.218	1	4.584	451	2.247	1
2218	3.458	10.084	1.051	3.066	0.005	0	0.304	1	3.292	490	2.916	1
2219	3.096	7.276	0.656	1.543	0.005	0	0.212	1	4.723	472	2.35	1
2220	1.713	2.972	0.175	0.303	0.005	0	0.102	1	9.804	490	1.735	1
2221	1.984	3.41	0.387	0.665	0.005	0	0.195	1	5.119	482	1.719	1
2222	3.988	10.149	2.221	5.653	0.005	0	0.557	1	1.794	461	2.545	1
2223	2.906	5.556	0.52	0.995	0.005	0	0.179	1	5.591	497	1.912	1
2224	3.271	8.802	2.777	7.473	0.005	0	0.849	1	1.178	468	2.691	1
2225	3.751	7.757	3.736	7.726	0.005	0	0.996	1	1.004	461	2.068	1
2226	1.058	2.9	0.314	0.861	0.005	0	0.297	1	3.363	451	2.741	1
2227	4.913	9.561	3.763	7.324	0.005	0	0.766	1	1.306	477	1.946	1
2228	2.292	5.203	0.584	1.327	0.005	0	0.255	1	3.928	477	2.27	1
2229	2.727	7.401	0.401	1.088	0.005	0	0.147	1	6.8	494	2.714	1
2230	1.968	5.176	1.45	3.815	0.005	0	0.737	1	1.357	477	2.63	1
2231	1.095	2.821	0.168	0.432	0.005	0	0.153	1	6.524	484	2.576	1
2232	2.344	6.966	1.113	3.309	0.005	0	0.475	1	2.105	496	2.972	1
2233	2.266	3.721	0.526	0.863	0.005	0	0.232	1	4.308	470	1.642	1
2234	3.453	5.815	0.59	0.994	0.005	0	0.171	1	5.843	454	1.684	1
2235	4.454	11.451	0.962	2.473	0.005	0	0.216	1	4.635	495	2.571	1
2236	3.35	6.107	0.616	1.124	0.005	0	0.184	1	5.435	464	1.823	1
2237	2.594	7.424	0.477	1.366	0.005	0	0.184	1	5.424	494	2.862	1
2238	3.227	6.289	0.645	1.258	0.005	0	0.2	1	4.992	489	1.949	1
2239	1.748	4.908	0.26	0.731	0.005	0	0.149	1	6.721	493	2.808	1
2240	2.31	5.66	0.3	0.736	0.005	0	0.13	1	7.687	459	2.45	1
2241	3.012	7.425	0.611	1.507	0.005	0	0.203	1	4.917	450	2.465	1
2242	3.869	8.013	0.507	1.05	0.005	0	0.131	1	7.614	489	2.071	1
2243	2.957	6.372	0.319	0.688	0.005	0	0.108	1	9.232	495	2.155	1
2244	4.491	8.834	2.946	5.795	0.005	0	0.656	1	1.524	457	1.967	1
2245	3.114	5.235	0.757	1.272	0.005	0	0.243	1	4.118	465	1.681	1
2246	3.234	7.606	0.505	1.187	0.005	0	0.156	1	6.417	454	2.352	1
2247	3.327	9.778	0.576	1.692	0.005	0	0.173	1	5.795	452	2.939	1
2248	3.517	7.685	0.623	1.36	0.005	0	0.177	1	5.657	496	2.185	1
2249	3.253	7.092	1.431	3.12	0.005	0	0.44	1	2.274	481	2.18	1
2250	4.316	11.468	4.105	10.906	0.005	0	0.951	1	1.051	462	2.657	1
2251	1.928	2.992	0.237	0.368	0.005	0	0.123	1	8.161	483	1.552	1
2252	4.603	13.215	2.941	8.444	0.005	0	0.639	1	1.565	488	2.871	1
2253	1.265	3.314	0.355	0.931	0.005	0	0.281	1	3.556	479	2.62	1
2254	3.941	6.006	0.398	0.607	0.005	0	0.101	1	9.87	467	1.524	1
2255	1.361	2.242	0.152	0.251	0.005	0	0.112	1	8.932	499	1.647	1
2256	1.604	2.412	0.245	0.369	0.005	0	0.153	1	6.526	458	1.504	1
2257	4.654	11.23	0.619	1.494	0.005	0	0.133	1	7.496	480	2.413	1
2258	3.138	5.884	0.442	0.83	0.005	0	0.141	1	7.116	468	1.875	1
2259	3.743	10.323	0.999	2.756	0.005	0	0.267	1	3.745	479	2.758	1
2260	3.882	9.763	0.602	1.513	0.005	0	0.155	1	6.463	472	2.515	1
2261	1.577	3.193	0.353	0.715	0.005	0	0.224	1	4.468	498	2.025	1
2262	2.269	4.35	0.402	0.77	0.005	0	0.177	1	5.654	481	1.917	1
2263	3.992	6.395	0.507	0.812	0.005	0	0.127	1	7.903	471	1.602	1
2264	3.759	11.055	0.974	2.863	0.005	0	0.259	1	3.866	496	2.941	1
2265	2.189	4.647	0.221	0.469	0.005	0	0.101	1	9.924	490	2.123	1
2266	1.084	1.902	1.033	1.813	0.005	0	0.953	1	1.049	471	1.755	1
2267	1.813	5.415	0.341	1.018	0.005	0	0.188	1	5.321	494	2.987	1
2268	1.812	5.128	0.207	0.585	0.005	0	0.114	1	8.776	469	2.83	1
2269	3.773	8.693	0.438	1.008	0.005	0	0.116	1	8.607	475	2.304	1
2270	3.696	9.114	0.869	2.142	0.005	0	0.235	1	4.26	498	2.466	1
2271	2.177	4.548	1.241	2.592	0.005	0	0.57	1	1.755	492	2.089	1
2272	1.209	3.079	0.3	0.764	0.005	0	0.248	1	4.029	471	2.547	1
2273	4.0	8.488	1.988	4.219	0.005	0	0.497	1	2.014	451	2.122	1
2274	2.179	3.648	1.018	1.704	0.005	0	0.467	1	2.141	476	1.674	1
2275	2.869	8.487	1.71	5.058	0.005	0	0.596	1	1.677	469	2.958	1
2276	4.729	13.166	0.894	2.488	0.005	0	0.189	1	5.299	471	2.784	1
2277	3.665	7.154	0.608	1.188	0.005	0	0.166	1	6.037	454	1.952	1
2278	3.472	7.02	0.812	1.643	0.005	0	0.234	1	4.282	477	2.022	1
2279	4.112	9.745	0.51	1.208	0.005	0	0.124	1	8.085	458	2.37	1
2280	3.957	10.197	0.74	1.907	0.005	0	0.187	1	5.347	482	2.577	1
2281	4.053	9.277	0.434	0.993	0.005	0	0.107	1	9.338	459	2.289	1
2282	2.617	3.949	1.481	2.235	0.005	0	0.566	1	1.768	493	1.509	1
2283	1.681	3.693	0.444	0.975	0.005	0	0.264	1	3.784	483	2.197	1
2284	3.308	8.363	0.374	0.945	0.005	0	0.113	1	8.812	481	2.528	1
2285	4.299	7.622	2.674	4.741	0.005	0	0.622	1	1.607	480	1.773	1
2286	2.708	6.905	0.834	2.127	0.005	0	0.308	1	3.248	497	2.55	1
2287	4.354	7.75	0.496	0.884	0.005	0	0.114	1	8.754	489	1.78	1
2288	1.834	4.543	0.213	0.527	0.005	0	0.116	1	8.653	486	2.477	1
2289	4.7	11.388	0.503	1.219	0.005	0	0.107	1	9.389	484	2.423	1
2290	3.129	5.67	0.616	1.117	0.005	0	0.197	1	5.086	490	1.812	1
2291	3.51	9.761	0.463	1.288	0.005	0	0.132	1	7.601	478	2.781	1
2292	3.934	9.973	3.32	8.417	0.005	0	0.844	1	1.185	489	2.535	1
2293	1.129	2.134	0.522	0.986	0.005	0	0.462	1	2.163	454	1.89	1
2294	2.36	6.92	0.307	0.9	0.005	0	0.13	1	7.693	469	2.932	1
2295	3.185	5.093	1.229	1.966	0.005	0	0.386	1	2.593	484	1.599	1
2296	4.834	12.385	1.238	3.171	0.005	0	0.256	1	3.905	450	2.562	1
2297	1.069	2.341	0.162	0.356	0.005	0	0.152	1	6.594	454	2.19	1
2298	2.88	5.927	0.671	1.381	0.005	0	0.233	1	4.294	477	2.058	1
2299	2.492	5.303	0.321	0.684	0.005	0	0.129	1	7.775	473	2.128	1
2300	4.479	8.98	0.797	1.598	0.005	0	0.178	1	5.605	477	2.005	1
2301	3.378	5.249	2.142	3.328	0.005	0	0.634	1	1.578	468	1.554	1
2302	3.489	5.921	0.38	0.645	0.005	0	0.109	1	9.139	494	1.697	1
2303	3.835	6.876	1.097	1.967	0.005	0	0.286	1	3.498	476	1.793	1
2304	4.954	7.857	1.922	3.049	0.005	0	0.388	1	2.579	497	1.586	1
2305	3.374	9.64	0.87	2.487	0.005	0	0.258	1	3.881	476	2.857	1
2306	3.687	9.07	1.169	2.875	0.005	0	0.317	1	3.15	479	2.46	1
2307	2.454	6.344	0.267	0.691	0.005	0	0.109	1	9.17	489	2.585	1
2308	1.04	1.73	0.114	0.19	0.005	0	0.11	1	9.076	484	1.663	1
2309	4.608	11.589	0.521	1.31	0.005	0	0.113	1	8.87	491	2.515	1
2310	1.471	3.255	0.187	0.413	0.005	0	0.127	1	7.897	455	2.213	1
2311	2.172	5.219	0.443	1.065	0.005	0	0.204	1	4.891	462	2.403	1
2312	1.868	3.783	0.499	1.01	0.005	0	0.267	1	3.75	465	2.025	1
2313	2.318	3.853	0.327	0.543	0.005	0	0.141	1	7.099	488	1.662	1
2314	1.257	2.051	0.162	0.265	0.005	0	0.129	1	7.758	494	1.632	1
2315	2.992	5.888	0.353	0.695	0.005	0	0.118	1	8.474	492	1.968	1
2316	4.165	7.718	0.454	0.841	0.005	0	0.109	1	9.141	460	1.853	1
2317	1.175	2.11	0.432	0.776	0.005	0	0.368	1	2.714	471	1.796	1
2318	3.786	7.947	0.719	1.51	0.005	0	0.19	1	5.25	450	2.099	1
2319	1.721	4.397	1.329	3.394	0.005	0	0.772	1	1.295	495	2.555	1
2320	1.446	3.82	0.259	0.684	0.005	0	0.179	1	5.597	490	2.642	1
2321	2.435	6.285	0.278	0.716	0.005	0	0.114	1	8.808	456	2.581	1
2322	1.777	3.785	0.61	1.298	0.005	0	0.343	1	2.917	456	2.13	1
2323	2.109	5.19	0.407	1.002	0.005	0	0.193	1	5.185	486	2.461	1
2324	1.591	3.367	0.191	0.404	0.005	0	0.12	1	8.36	460	2.116	1
2325	2.965	8.622	0.335	0.974	0.005	0	0.113	1	8.869	488	2.908	1
2326	1.832	3.32	1.11	2.012	0.005	0	0.606	1	1.65	495	1.812	1
2327	1.084	1.824	0.163	0.274	0.005	0	0.15	1	6.673	474	1.683	1
2328	4.345	12.766	0.908	2.668	0.005	0	0.209	1	4.791	489	2.938	1
2329	4.574	6.907	3.087	4.662	0.005	0	0.675	1	1.482	491	1.51	1
2330	2.142	5.852	0.728	1.99	0.005	0	0.34	1	2.94	493	2.732	1
2331	1.09	2.71	0.51	1.268	0.005	0	0.468	1	2.137	465	2.486	1
2332	3.914	10.842	0.951	2.635	0.005	0	0.243	1	4.121	466	2.77	1
2333	1.298	2.963	0.498	1.138	0.005	0	0.384	1	2.604	486	2.283	1
2334	3.617	7.838	0.799	1.732	0.005	0	0.221	1	4.523	465	2.167	1
2335	1.094	1.677	0.177	0.272	0.005	0	0.162	1	6.159	476	1.533	1
2336	1.931	3.982	1.709	3.524	0.005	0	0.885	1	1.13	499	2.062	1
2337	1.973	5.838	0.41	1.214	0.005	0	0.208	1	4.799	459	2.959	1
2338	4.861	7.374	0.588	0.892	0.005	0	0.121	1	8.242	494	1.517	1
2339	2.387	6.674	0.812	2.269	0.005	0	0.34	1	2.94	478	2.796	1
2340	4.35	9.84	1.118	2.529	0.005	0	0.257	1	3.885	456	2.262	1
2341	2.645	6.258	0.299	0.707	0.005	0	0.113	1	8.855	455	2.366	1
2342	4.679	9.405	0.491	0.988	0.005	0	0.105	1	9.56	492	2.01	1
2343	4.527	7.212	0.824	1.313	0.005	0	0.182	1	5.504	467	1.593	1
2344	2.014	4.276	1.299	2.758	0.005	0	0.645	1	1.551	464	2.123	1
2345	1.758	3.516	0.359	0.717	0.005	0	0.204	1	4.893	488	2.0	1
2346	3.799	7.366	0.718	1.392	0.005	0	0.189	1	5.3	492	1.939	1
2347	3.647	9.391	0.398	1.024	0.005	0	0.109	1	9.158	470	2.575	1
2348	2.079	4.274	0.462	0.949	0.005	0	0.222	1	4.497	475	2.056	1
2349	1.162	3.123	0.206	0.553	0.005	0	0.177	1	5.644	467	2.688	1
2350	3.094	4.749	0.61	0.936	0.005	0	0.197	1	5.068	455	1.535	1
2351	2.322	3.627	1.098	1.716	0.005	0	0.473	1	2.113	452	1.562	1
2352	3.917	11.148	0.407	1.159	0.005	0	0.104	1	9.597	496	2.846	1
2353	4.178	6.426	0.84	1.292	0.005	0	0.201	1	4.982	457	1.538	1
2354	2.754	6.213	0.341	0.77	0.005	0	0.124	1	8.06	499	2.256	1
2355	2.148	5.896	0.221	0.607	0.005	0	0.103	1	9.716	478	2.745	1
2356	2.821	8.353	0.291	0.86	0.005	0	0.103	1	9.74	478	2.961	1
2357	2.819	4.305	0.448	0.684	0.005	0	0.159	1	6.298	469	1.527	1
2358	4.076	8.066	0.713	1.412	0.005	0	0.175	1	5.713	460	1.979	1
2359	4.049	10.046	0.943	2.341	0.005	0	0.233	1	4.298	475	2.481	1
2360	2.551	6.724	0.416	1.096	0.005	0	0.163	1	6.146	484	2.636	1
2361	2.08	3.13	0.424	0.639	0.005	0	0.204	1	4.905	484	1.505	1
2362	2.277	6.253	0.943	2.589	0.005	0	0.414	1	2.417	470	2.746	1
2363	4.385	11.616	0.781	2.068	0.005	0	0.178	1	5.605	499	2.649	1
2364	2.511	6.252	0.57	1.419	0.005	0	0.227	1	4.396	459	2.49	1
2365	1.398	3.013	0.159	0.343	0.005	0	0.114	1	8.756	450	2.155	1
2366	1.064	2.946	0.451	1.249	0.005	0	0.424	1	2.356	492	2.769	1
2367	4.515	11.843	0.831	2.179	0.005	0	0.184	1	5.441	473	2.623	1
2368	1.789	3.921	0.556	1.219	0.005	0	0.311	1	3.218	462	2.192	1
2369	4.373	10.447	0.691	1.651	0.005	0	0.158	1	6.339	496	2.389	1
2370	4.099	9.067	1.504	3.328	0.005	0	0.367	1	2.727	455	2.212	1
2371	4.676	12.265	0.987	2.588	0.005	0	0.211	1	4.738	454	2.623	1
2372	1.302	2.719	0.289	0.604	0.005	0	0.222	1	4.508	472	2.088	1
2373	3.119	5.767	0.536	0.992	0.005	0	0.172	1	5.828	457	1.849	1
2374	1.157	2.128	0.484	0.89	0.005	0	0.418	1	2.393	457	1.839	1
2375	3.694	9.143	0.739	1.829	0.005	0	0.2	1	5.01	471	2.475	1
2376	3.682	9.614	0.479	1.25	0.005	0	0.13	1	7.695	458	2.611	1
2377	3.794	10.87	1.206	3.457	0.005	0	0.318	1	3.14	486	2.865	1
2378	4.443	7.74	1.195	2.082	0.005	0	0.269	1	3.722	477	1.742	1
2379	1.34	2.24	0.225	0.376	0.005	0	0.168	1	5.968	498	1.672	1
2380	1.423	3.58	0.195	0.49	0.005	0	0.137	1	7.3	485	2.516	1
2381	4.444	13.132	0.853	2.521	0.005	0	0.192	1	5.22	475	2.955	1
2382	2.834	8.034	0.377	1.069	0.005	0	0.133	1	7.496	488	2.835	1
2383	1.706	3.107	0.384	0.699	0.005	0	0.225	1	4.449	492	1.821	1
2384	2.798	5.478	0.484	0.948	0.005	0	0.173	1	5.794	481	1.958	1
2385	3.995	6.784	0.851	1.445	0.005	0	0.213	1	4.694	460	1.698	1
2386	2.769	5.629	0.651	1.323	0.005	0	0.235	1	4.25	490	2.033	1
2387	4.369	7.03	1.612	2.594	0.005	0	0.369	1	2.711	470	1.609	1
2388	4.261	9.31	0.976	2.132	0.005	0	0.229	1	4.367	496	2.185	1
2389	1.645	3.084	0.967	1.813	0.005	0	0.588	1	1.702	464	1.875	1
2390	3.909	10.742	0.688	1.891	0.005	0	0.176	1	5.696	454	2.748	1
2391	2.394	6.519	0.299	0.815	0.005	0	0.125	1	7.989	468	2.723	1
2392	2.584	6.881	0.364	0.97	0.005	0	0.141	1	7.108	467	2.663	1
2393	4.636	11.4	1.465	3.602	0.005	0	0.316	1	3.162	451	2.459	1
2394	3.461	10.134	0.405	1.186	0.005	0	0.117	1	8.541	475	2.928	1
2395	2.042	5.683	1.95	5.427	0.005	0	0.955	1	1.047	476	2.783	1
2396	2.717	4.274	0.31	0.487	0.005	0	0.114	1	8.738	456	1.573	1
2397	3.311	9.042	0.387	1.058	0.005	0	0.117	1	8.556	488	2.731	1
2398	4.601	7.233	0.676	1.063	0.005	0	0.147	1	6.794	483	1.572	1
2399	1.464	3.783	1.007	2.603	0.005	0	0.688	1	1.454	463	2.584	1
2400	1.498	3.833	0.15	0.383	0.005	0	0.1	1	9.994	490	2.559	1
2401	1.169	2.103	0.119	0.215	0.005	0	0.102	1	9.809	484	1.799	1
2402	3.696	9.366	0.495	1.255	0.005	0	0.134	1	7.451	467	2.534	1
2403	2.478	5.491	0.268	0.593	0.005	0	0.108	1	9.243	495	2.216	1
2404	3.255	9.098	0.837	2.338	0.005	0	0.257	1	3.886	476	2.795	1
2405	3.962	10.056	0.812	2.061	0.005	0	0.205	1	4.878	461	2.538	1
2406	3.099	8.262	2.259	6.023	0.005	0	0.729	1	1.371	461	2.666	1
2407	4.555	9.515	0.943	1.97	0.005	0	0.207	1	4.824	457	2.089	1
2408	4.414	8.987	0.839	1.708	0.005	0	0.19	1	5.256	461	2.036	1
2409	2.121	5.249	0.636	1.575	0.005	0	0.3	1	3.335	462	2.475	1
2410	4.981	13.857	0.667	1.857	0.005	0	0.134	1	7.452	480	2.782	1
2411	3.472	8.586	0.778	1.923	0.005	0	0.224	1	4.468	461	2.473	1
2412	2.65	5.57	0.416	0.874	0.005	0	0.157	1	6.368	458	2.102	1
2413	1.318	3.151	0.207	0.495	0.005	0	0.157	1	6.366	452	2.391	1
2414	4.965	12.74	0.591	1.516	0.005	0	0.119	1	8.402	485	2.566	1
2415	2.598	3.965	0.335	0.511	0.005	0	0.129	1	7.77	475	1.526	1
2416	3.868	9.295	0.437	1.05	0.005	0	0.113	1	8.819	452	2.403	1
2417	4.929	8.685	0.503	0.886	0.005	0	0.102	1	9.767	459	1.762	1
2418	4.226	8.004	1.192	2.257	0.005	0	0.282	1	3.549	485	1.894	1
2419	1.689	4.479	0.39	1.035	0.005	0	0.231	1	4.334	483	2.652	1
2420	4.267	11.354	1.434	3.815	0.005	0	0.336	1	2.979	470	2.661	1
2421	2.02	4.05	0.222	0.446	0.005	0	0.11	1	9.104	458	2.005	1
2422	4.405	9.273	0.934	1.966	0.005	0	0.212	1	4.723	479	2.105	1
2423	1.092	3.215	0.491	1.447	0.005	0	0.45	1	2.22	466	2.944	1
2424	1.12	2.172	0.136	0.263	0.005	0	0.121	1	8.252	499	1.939	1
2425	3.084	8.984	0.697	2.03	0.005	0	0.226	1	4.43	476	2.913	1
2426	3.782	6.161	0.412	0.672	0.005	0	0.109	1	9.214	488	1.629	1
2427	2.998	4.605	0.962	1.478	0.005	0	0.321	1	3.115	452	1.536	1
2428	1.839	3.352	0.239	0.436	0.005	0	0.13	1	7.71	482	1.823	1
2429	4.973	8.917	0.676	1.213	0.005	0	0.136	1	7.379	497	1.793	1
2430	2.259	4.572	0.239	0.485	0.005	0	0.106	1	9.394	461	2.024	1
2431	3.161	6.976	0.462	1.018	0.005	0	0.146	1	6.84	458	2.207	1
2432	4.052	8.457	1.321	2.757	0.005	0	0.326	1	3.07	496	2.087	1
2433	1.36	2.536	0.227	0.424	0.005	0	0.167	1	5.978	459	1.865	1
2434	2.148	6.079	0.322	0.912	0.005	0	0.15	1	6.662	499	2.83	1
2435	3.231	9.593	0.378	1.122	0.005	0	0.117	1	8.523	495	2.969	1
2436	1.608	3.267	0.195	0.395	0.005	0	0.121	1	8.262	463	2.032	1
2437	4.063	6.261	0.78	1.202	0.005	0	0.192	1	5.201	498	1.541	1
2438	1.507	2.996	0.307	0.611	0.005	0	0.204	1	4.913	454	1.988	1
2439	4.246	9.337	1.142	2.512	0.005	0	0.269	1	3.717	465	2.199	1
2440	3.653	10.78	0.413	1.218	0.005	0	0.113	1	8.853	472	2.951	1
2441	1.215	2.53	1.094	2.277	0.005	0	0.9	1	1.111	472	2.082	1
2442	1.363	3.91	0.157	0.45	0.005	0	0.115	1	8.679	482	2.869	1
2443	2.736	4.84	1.565	2.768	0.005	0	0.572	1	1.749	457	1.769	1
2444	3.499	8.632	2.663	6.569	0.005	0	0.761	1	1.314	469	2.467	1
2445	2.551	6.668	2.212	5.781	0.005	0	0.867	1	1.154	457	2.614	1
2446	4.612	9.51	0.53	1.094	0.005	0	0.115	1	8.703	465	2.062	1
2447	3.905	8.743	0.558	1.25	0.005	0	0.143	1	6.969	454	2.239	1
2448	4.926	13.729	0.532	1.483	0.005	0	0.108	1	9.223	494	2.787	1
2449	4.187	6.519	0.984	1.532	0.005	0	0.235	1	4.261	488	1.557	1
2450	4.147	10.861	1.829	4.79	0.005	0	0.441	1	2.266	454	2.619	1
2451	1.408	2.374	0.141	0.237	0.005	0	0.1	1	9.973	488	1.686	1
2452	4.282	9.463	0.904	1.997	0.005	0	0.211	1	4.743	480	2.21	1
2453	3.38	8.132	0.646	1.553	0.005	0	0.191	1	5.241	471	2.406	1
2454	4.024	10.652	0.885	2.343	0.005	0	0.22	1	4.546	494	2.647	1
2455	1.698	3.449	0.255	0.517	0.005	0	0.15	1	6.676	481	2.031	1
2456	4.881	11.192	4.866	11.158	0.005	0	0.997	1	1.003	472	2.293	1
2457	2.593	5.653	2.323	5.065	0.005	0	0.896	1	1.116	494	2.18	1
2458	3.627	9.213	0.392	0.995	0.005	0	0.108	1	9.244	481	2.54	1
2459	2.218	5.064	0.807	1.843	0.005	0	0.364	1	2.746	470	2.283	1
2460	4.941	11.547	0.682	1.593	0.005	0	0.138	1	7.24	487	2.337	1
2461	1.111	1.72	0.354	0.549	0.005	0	0.319	1	3.136	497	1.548	1
2462	2.499	5.895	0.292	0.69	0.005	0	0.117	1	8.583	466	2.359	1
2463	4.711	13.681	2.398	6.964	0.005	0	0.509	1	1.963	495	2.904	1
2464	1.239	2.359	0.213	0.406	0.005	0	0.172	1	5.829	485	1.904	1
2465	3.561	6.99	0.42	0.825	0.005	0	0.118	1	8.448	484	1.963	1
2466	1.851	3.598	0.233	0.453	0.005	0	0.126	1	7.955	461	1.944	1
2467	3.834	8.155	2.331	4.958	0.005	0	0.608	1	1.644	490	2.127	1
2468	3.578	6.469	0.358	0.647	0.005	0	0.1	1	9.961	491	1.808	1
2469	4.526	12.695	1.204	3.377	0.005	0	0.266	1	3.759	484	2.805	1
2470	1.182	3.226	0.459	1.252	0.005	0	0.388	1	2.575	453	2.729	1
2471	2.615	5.902	0.28	0.632	0.005	0	0.107	1	9.307	480	2.257	1
2472	2.268	6.718	0.356	1.055	0.005	0	0.157	1	6.381	474	2.962	1
2473	4.77	9.755	0.582	1.19	0.005	0	0.122	1	8.182	454	2.045	1
2474	1.152	3.082	0.356	0.952	0.005	0	0.309	1	3.235	496	2.675	1
2475	4.682	7.927	0.974	1.649	0.005	0	0.208	1	4.803	473	1.693	1
2476	2.563	4.326	0.267	0.45	0.005	0	0.104	1	9.646	478	1.688	1
2477	1.833	4.359	0.834	1.983	0.005	0	0.455	1	2.198	493	2.378	1
2478	3.341	9.899	0.361	1.069	0.005	0	0.108	1	9.258	476	2.963	1
2479	4.993	8.443	1.493	2.524	0.005	0	0.299	1	3.344	482	1.691	1
2480	2.682	7.756	0.434	1.256	0.005	0	0.162	1	6.161	492	2.892	1
2481	1.463	3.153	0.715	1.542	0.005	0	0.489	1	2.047	450	2.155	1
2482	2.881	7.254	0.55	1.386	0.005	0	0.191	1	5.24	473	2.518	1
2483	4.003	7.914	0.436	0.863	0.005	0	0.109	1	9.154	488	1.977	1
2484	2.57	7.432	0.267	0.773	0.005	0	0.104	1	9.586	450	2.892	1
2485	3.47	8.213	0.711	1.684	0.005	0	0.205	1	4.885	497	2.367	1
2486	4.068	11.008	2.473	6.693	0.005	0	0.608	1	1.645	450	2.706	1
2487	4.624	7.639	1.618	2.674	0.005	0	0.35	1	2.855	489	1.652	1
2488	1.618	4.482	0.191	0.529	0.005	0	0.118	1	8.446	477	2.77	1
2489	2.235	4.231	0.235	0.444	0.005	0	0.105	1	9.514	452	1.893	1
2490	4.038	7.745	0.42	0.805	0.005	0	0.104	1	9.644	491	1.918	1
2491	3.026	5.925	0.478	0.936	0.005	0	0.158	1	6.334	482	1.958	1
2492	3.962	8.079	0.503	1.026	0.005	0	0.127	1	7.869	486	2.039	1
2493	4.98	14.337	2.938	8.459	0.005	0	0.59	1	1.696	460	2.879	1
2494	2.477	4.909	0.971	1.924	0.005	0	0.392	1	2.549	466	1.982	1
2495	2.587	4.175	1.4	2.259	0.005	0	0.541	1	1.85	495	1.614	1
2496	2.316	3.942	0.303	0.516	0.005	0	0.131	1	7.66	456	1.702	1
2497	3.78	8.131	0.525	1.13	0.005	0	0.139	1	7.217	463	2.151	1
2498	2.49	5.881	1.058	2.499	0.005	0	0.425	1	2.352	463	2.362	1
2499	3.357	5.036	0.681	1.022	0.005	0	0.203	1	4.93	490	1.5	1
2500	4.596	7.294	0.758	1.204	0.005	0	0.165	1	6.044	464	1.587	1
2501	3.474	6.892	0.504	0.999	0.005	0	0.145	1	6.915	473	1.984	1
2502	4.243	8.804	1.523	3.161	0.005	0	0.359	1	2.788	478	2.075	1
2503	3.095	5.395	0.313	0.545	0.005	0	0.101	1	9.948	477	1.743	1
2504	4.035	6.912	0.504	0.864	0.005	0	0.125	1	7.988	453	1.713	1
2505	2.952	8.49	0.342	0.985	0.005	0	0.116	1	8.622	463	2.876	1
2506	2.99	7.699	0.712	1.832	0.005	0	0.238	1	4.204	474	2.575	1
2507	2.277	3.604	1.047	1.658	0.005	0	0.46	1	2.173	454	1.583	1
2508	2.204	3.348	0.289	0.439	0.005	0	0.131	1	7.661	463	1.519	1
2509	1.701	3.923	1.167	2.691	0.005	0	0.686	1	1.458	490	2.306	1
2510	1.437	3.102	0.881	1.902	0.005	0	0.613	1	1.632	455	2.159	1
2511	4.411	10.167	0.543	1.251	0.005	0	0.123	1	8.146	452	2.305	1
2512	4.185	6.57	0.444	0.696	0.005	0	0.106	1	9.445	485	1.57	1
2513	2.629	5.949	0.471	1.065	0.005	0	0.179	1	5.594	495	2.263	1
2514	2.819	5.342	0.304	0.577	0.005	0	0.108	1	9.274	464	1.895	1
2515	2.012	3.597	0.211	0.378	0.005	0	0.105	1	9.485	456	1.788	1
2516	1.066	3.166	0.114	0.339	0.005	0	0.107	1	9.327	453	2.97	1
2517	2.817	8.057	0.513	1.466	0.005	0	0.182	1	5.506	493	2.86	1
2518	4.589	9.183	3.511	7.025	0.005	0	0.765	1	1.308	466	2.001	1
2519	2.488	4.095	0.271	0.446	0.005	0	0.109	1	9.171	491	1.646	1
2520	1.011	1.702	0.152	0.255	0.005	0	0.15	1	6.684	493	1.683	1
2521	3.452	9.766	0.535	1.514	0.005	0	0.155	1	6.44	480	2.829	1
2522	2.462	3.895	0.505	0.798	0.005	0	0.205	1	4.876	478	1.582	1
2523	1.98	4.811	0.257	0.625	0.005	0	0.13	1	7.684	453	2.43	1
2524	1.188	2.498	0.293	0.617	0.005	0	0.247	1	4.041	459	2.103	1
2525	1.744	4.529	0.792	2.056	0.005	0	0.454	1	2.201	498	2.597	1
2526	4.355	12.164	0.749	2.092	0.005	0	0.172	1	5.801	453	2.793	1
2527	1.72	3.4	1.247	2.465	0.005	0	0.725	1	1.379	481	1.977	1
2528	1.81	4.498	0.344	0.855	0.005	0	0.19	1	5.259	497	2.485	1
2529	3.364	7.239	0.464	0.999	0.005	0	0.138	1	7.221	454	2.152	1
2530	1.254	3.119	0.747	1.859	0.005	0	0.596	1	1.678	494	2.487	1
2531	1.45	2.955	0.167	0.34	0.005	0	0.115	1	8.721	496	2.038	1
2532	3.502	9.34	0.918	2.447	0.005	0	0.262	1	3.81	494	2.667	1
2533	4.297	8.521	2.686	5.326	0.005	0	0.625	1	1.601	481	1.983	1
2534	4.582	11.116	2.378	5.769	0.005	0	0.519	1	1.927	486	2.426	1
2535	2.195	3.951	1.253	2.256	0.005	0	0.571	1	1.751	487	1.8	1
2536	2.357	7.005	0.483	1.436	0.005	0	0.205	1	4.867	450	2.972	1
2537	4.544	12.682	0.854	2.384	0.005	0	0.188	1	5.309	472	2.791	1
2538	3.173	5.375	0.647	1.096	0.005	0	0.204	1	4.9	488	1.694	1
2539	4.664	12.327	2.714	7.174	0.005	0	0.582	1	1.718	469	2.643	1
2540	1.208	3.266	0.203	0.549	0.005	0	0.168	1	5.967	462	2.704	1
2541	3.27	7.475	1.527	3.491	0.005	0	0.467	1	2.141	453	2.286	1
2542	2.722	5.904	0.343	0.744	0.005	0	0.126	1	7.92	476	2.169	1
2543	2.714	4.747	0.356	0.622	0.005	0	0.131	1	7.614	455	1.749	1
2544	4.812	13.344	1.28	3.55	0.005	0	0.266	1	3.756	494	2.773	1
2545	4.499	13.047	0.711	2.061	0.005	0	0.158	1	6.324	461	2.9	1
2546	1.707	3.887	0.529	1.205	0.005	0	0.31	1	3.226	495	2.277	1
2547	2.538	4.063	0.269	0.431	0.005	0	0.106	1	9.418	477	1.601	1
2548	3.055	7.298	0.733	1.752	0.005	0	0.24	1	4.164	453	2.389	1
2549	3.979	8.519	1.114	2.385	0.005	0	0.28	1	3.567	470	2.141	1
2550	1.443	3.945	0.984	2.69	0.005	0	0.682	1	1.467	466	2.734	1
2551	1.767	4.935	0.274	0.765	0.005	0	0.155	1	6.443	458	2.793	1
2552	3.82	6.735	0.596	1.051	0.005	0	0.156	1	6.414	480	1.763	1
2553	4.085	8.791	2.042	4.396	0.005	0	0.5	1	2.002	454	2.152	1
2554	2.639	6.231	0.406	0.96	0.005	0	0.154	1	6.483	476	2.361	1
2555	2.833	4.306	2.663	4.048	0.005	0	0.94	1	1.064	495	1.52	1
2556	3.634	7.697	0.414	0.877	0.005	0	0.114	1	8.781	470	2.118	1
2557	3.688	6.177	0.527	0.883	0.005	0	0.143	1	6.972	464	1.675	1
2558	4.566	9.018	2.488	4.915	0.005	0	0.545	1	1.835	453	1.975	1
2559	4.705	8.836	0.927	1.741	0.005	0	0.197	1	5.079	497	1.878	1
2560	3.258	7.177	0.381	0.84	0.005	0	0.117	1	8.539	473	2.203	1
2561	1.341	2.797	0.192	0.4	0.005	0	0.143	1	7.017	495	2.086	1
2562	2.126	4.386	0.261	0.539	0.005	0	0.123	1	8.15	496	2.063	1
2563	4.923	13.435	0.891	2.432	0.005	0	0.181	1	5.533	484	2.729	1
2564	3.122	5.017	0.93	1.495	0.005	0	0.298	1	3.353	493	1.607	1
2565	2.724	6.222	0.379	0.865	0.005	0	0.139	1	7.178	453	2.284	1
2566	3.23	9.364	0.417	1.208	0.005	0	0.129	1	7.765	481	2.899	1
2567	1.427	3.442	0.275	0.664	0.005	0	0.193	1	5.183	484	2.412	1
2568	1.932	4.567	0.205	0.484	0.005	0	0.106	1	9.443	497	2.364	1
2569	4.811	11.267	0.929	2.175	0.005	0	0.193	1	5.192	478	2.342	1
2570	4.035	12.077	3.067	9.179	0.005	0	0.76	1	1.315	479	2.993	1
2571	2.192	5.059	0.305	0.703	0.005	0	0.139	1	7.207	454	2.308	1
2572	4.861	11.044	0.651	1.48	0.005	0	0.134	1	7.468	450	2.272	1
2573	3.979	8.642	0.613	1.331	0.005	0	0.154	1	6.492	477	2.172	1
2574	3.685	6.773	0.586	1.077	0.005	0	0.159	1	6.273	499	1.838	1
2575	1.519	3.38	0.453	1.007	0.005	0	0.298	1	3.361	491	2.225	1
2576	4.833	13.963	0.909	2.625	0.005	0	0.188	1	5.33	469	2.889	1
2577	1.406	3.201	0.375	0.855	0.005	0	0.267	1	3.743	463	2.277	1
2578	2.354	4.774	0.363	0.735	0.005	0	0.154	1	6.514	479	2.028	1
2579	3.803	10.264	1.103	2.977	0.005	0	0.29	1	3.454	499	2.699	1
2580	1.612	3.393	0.358	0.753	0.005	0	0.222	1	4.507	453	2.105	1
2581	2.915	8.255	0.979	2.774	0.005	0	0.336	1	2.98	477	2.832	1
2582	2.213	6.311	0.414	1.18	0.005	0	0.187	1	5.356	457	2.852	1
2583	3.947	11.778	0.734	2.191	0.005	0	0.186	1	5.368	477	2.984	1
2584	2.75	4.26	1.262	1.955	0.005	0	0.459	1	2.177	476	1.549	1
2585	4.986	8.302	1.072	1.785	0.005	0	0.215	1	4.653	475	1.665	1
2586	4.702	12.808	1.049	2.856	0.005	0	0.223	1	4.485	466	2.724	1
2587	1.669	4.465	0.968	2.59	0.005	0	0.58	1	1.724	454	2.675	1
2588	4.688	11.687	1.064	2.653	0.005	0	0.227	1	4.406	479	2.493	1
2589	4.77	10.294	0.525	1.132	0.005	0	0.11	1	9.082	488	2.158	1
2590	2.089	5.183	0.215	0.534	0.005	0	0.103	1	9.727	460	2.481	1
2591	2.962	7.98	1.339	3.607	0.005	0	0.452	1	2.212	470	2.694	1
2592	1.99	4.949	0.293	0.728	0.005	0	0.147	1	6.816	462	2.487	1
2593	4.283	11.136	0.642	1.67	0.005	0	0.15	1	6.676	460	2.6	1
2594	4.094	9.22	0.442	0.996	0.005	0	0.108	1	9.276	476	2.252	1
2595	3.774	10.96	0.593	1.721	0.005	0	0.157	1	6.375	486	2.904	1
2596	2.618	5.33	0.997	2.031	0.005	0	0.381	1	2.626	454	2.036	1
2597	2.446	5.589	0.443	1.012	0.005	0	0.181	1	5.512	471	2.285	1
2598	3.482	8.026	0.843	1.942	0.005	0	0.242	1	4.133	471	2.305	1
2599	1.635	2.899	0.196	0.348	0.005	0	0.12	1	8.344	488	1.773	1
2600	1.779	4.001	0.219	0.492	0.005	0	0.123	1	8.101	495	2.249	1
2601	1.798	3.129	0.415	0.723	0.005	0	0.231	1	4.329	472	1.74	1
2602	1.119	2.218	0.716	1.42	0.005	0	0.64	1	1.563	466	1.982	1
2603	3.601	6.817	0.576	1.091	0.005	0	0.16	1	6.254	490	1.893	1
2604	3.442	9.978	0.41	1.187	0.005	0	0.119	1	8.419	458	2.899	1
2605	2.91	8.526	0.879	2.575	0.005	0	0.302	1	3.314	458	2.93	1
2606	4.603	10.762	1.938	4.531	0.005	0	0.421	1	2.377	482	2.338	1
2607	4.949	10.561	1.663	3.548	0.005	0	0.336	1	2.98	476	2.134	1
2608	2.944	8.234	2.455	6.867	0.005	0	0.834	1	1.199	497	2.797	1
2609	2.895	7.935	0.897	2.46	0.005	0	0.31	1	3.223	470	2.741	1
2610	3.218	8.537	0.389	1.033	0.005	0	0.121	1	8.281	489	2.653	1
2611	2.683	5.849	0.287	0.626	0.005	0	0.107	1	9.32	460	2.18	1
2612	2.442	7.114	0.264	0.768	0.005	0	0.108	1	9.27	454	2.913	1
2613	1.405	2.88	0.547	1.12	0.005	0	0.389	1	2.57	499	2.05	1
2614	2.324	4.283	1.004	1.85	0.005	0	0.432	1	2.314	489	1.843	1
2615	1.15	3.192	0.161	0.447	0.005	0	0.14	1	7.152	457	2.776	1
2616	2.308	6.432	0.337	0.939	0.005	0	0.146	1	6.836	466	2.787	1
2617	4.879	12.754	0.868	2.27	0.005	0	0.178	1	5.613	476	2.614	1
2618	4.279	11.536	2.709	7.302	0.005	0	0.633	1	1.581	462	2.696	1
2619	2.108	4.671	0.601	1.331	0.005	0	0.285	1	3.506	496	2.216	1
2620	3.705	6.298	2.405	4.087	0.005	0	0.649	1	1.542	478	1.7	1
2621	1.972	3.206	0.475	0.773	0.005	0	0.241	1	4.148	453	1.626	1
2622	2.775	7.495	0.71	1.919	0.005	0	0.256	1	3.913	489	2.701	1
2623	3.618	9.74	0.47	1.266	0.005	0	0.13	1	7.708	451	2.692	1
2624	3.839	6.1	0.514	0.817	0.005	0	0.134	1	7.487	484	1.589	1
2625	3.422	7.734	0.5	1.129	0.005	0	0.146	1	6.837	490	2.26	1
2626	4.169	8.571	0.509	1.046	0.005	0	0.122	1	8.228	494	2.056	1
2627	3.308	6.484	0.87	1.705	0.005	0	0.263	1	3.8	484	1.96	1
2628	1.486	2.473	0.207	0.344	0.005	0	0.139	1	7.188	471	1.664	1
2629	4.492	11.068	0.642	1.583	0.005	0	0.143	1	6.986	469	2.464	1
2630	1.504	4.008	0.323	0.862	0.005	0	0.215	1	4.655	469	2.665	1
2631	2.201	5.111	0.489	1.135	0.005	0	0.222	1	4.496	464	2.322	1
2632	3.225	8.337	0.39	1.009	0.005	0	0.121	1	8.265	474	2.585	1
2633	2.651	7.895	0.7	2.084	0.005	0	0.264	1	3.787	457	2.978	1
2634	4.461	8.034	0.665	1.197	0.005	0	0.149	1	6.709	461	1.801	1
2635	4.61	10.432	1.023	2.316	0.005	0	0.222	1	4.502	459	2.263	1
2636	1.924	3.563	0.412	0.762	0.005	0	0.214	1	4.664	452	1.852	1
2637	1.805	4.056	0.43	0.965	0.005	0	0.238	1	4.204	463	2.247	1
2638	3.478	7.582	0.487	1.061	0.005	0	0.14	1	7.157	450	2.18	1
2639	4.425	11.12	3.314	8.329	0.005	0	0.749	1	1.335	498	2.513	1
2640	4.617	13.537	2.142	6.281	0.005	0	0.464	1	2.155	467	2.932	1
2641	2.79	6.531	0.299	0.699	0.005	0	0.107	1	9.378	450	2.341	1
2642	3.632	9.752	0.385	1.034	0.005	0	0.106	1	9.449	482	2.685	1
2643	2.441	6.498	0.413	1.098	0.005	0	0.169	1	5.924	480	2.662	1
2644	3.191	8.332	1.733	4.524	0.005	0	0.543	1	1.843	456	2.611	1
2645	4.317	9.627	1.01	2.253	0.005	0	0.234	1	4.265	467	2.23	1
2646	2.147	6.196	0.247	0.713	0.005	0	0.115	1	8.709	493	2.886	1
2647	2.057	3.283	0.237	0.378	0.005	0	0.115	1	8.72	464	1.596	1
2648	2.571	7.338	0.355	1.013	0.005	0	0.138	1	7.252	453	2.854	1
2649	3.606	5.528	1.41	2.161	0.005	0	0.391	1	2.557	459	1.533	1
2650	3.828	9.199	2.125	5.105	0.005	0	0.555	1	1.803	451	2.403	1
2651	2.675	7.913	0.284	0.839	0.005	0	0.106	1	9.41	493	2.958	1
2652	1.849	3.282	0.41	0.729	0.005	0	0.222	1	4.514	456	1.775	1
2653	1.494	4.443	0.194	0.578	0.005	0	0.13	1	7.665	471	2.974	1
2654	1.289	3.001	0.695	1.618	0.005	0	0.539	1	1.856	491	2.328	1
2655	4.833	13.189	0.86	2.348	0.005	0	0.178	1	5.608	498	2.729	1
2656	1.218	2.384	0.158	0.31	0.005	0	0.13	1	7.71	463	1.957	1
2657	4.767	12.809	0.515	1.383	0.005	0	0.108	1	9.236	472	2.687	1
2658	1.229	1.889	0.259	0.399	0.005	0	0.211	1	4.748	452	1.537	1
2659	3.709	7.344	0.571	1.131	0.005	0	0.154	1	6.51	450	1.98	1
2660	4.494	9.289	1.209	2.499	0.005	0	0.269	1	3.713	462	2.067	1
2661	1.341	3.273	0.148	0.36	0.005	0	0.11	1	9.094	497	2.441	1
2662	1.605	2.913	0.225	0.408	0.005	0	0.14	1	7.158	454	1.815	1
2663	2.482	6.979	0.256	0.719	0.005	0	0.103	1	9.736	486	2.812	1
2664	3.808	11.268	3.18	9.409	0.005	0	0.835	1	1.198	455	2.959	1
2665	3.847	8.61	2.427	5.433	0.005	0	0.631	1	1.584	495	2.238	1
2666	1.041	2.647	0.125	0.318	0.005	0	0.12	1	8.311	457	2.543	1
2667	4.537	12.49	0.544	1.499	0.005	0	0.12	1	8.344	486	2.753	1
2668	4.296	9.314	1.366	2.962	0.005	0	0.318	1	3.142	465	2.168	1
2669	3.611	7.388	2.141	4.381	0.005	0	0.593	1	1.687	498	2.046	1
2670	2.539	5.995	1.437	3.393	0.005	0	0.566	1	1.766	453	2.361	1
2671	2.766	5.513	0.747	1.489	0.005	0	0.27	1	3.699	492	1.993	1
2672	1.814	4.998	0.41	1.13	0.005	0	0.226	1	4.425	473	2.755	1
2673	2.448	6.264	0.962	2.462	0.005	0	0.393	1	2.544	483	2.559	1
2674	3.185	6.303	0.322	0.637	0.005	0	0.101	1	9.924	458	1.979	1
2675	2.129	5.982	0.228	0.64	0.005	0	0.107	1	9.335	450	2.81	1
2676	1.006	2.936	0.875	2.554	0.005	0	0.87	1	1.149	478	2.918	1
2677	1.346	3.77	0.143	0.4	0.005	0	0.106	1	9.394	478	2.801	1
2678	2.98	5.036	0.486	0.821	0.005	0	0.163	1	6.147	466	1.69	1
2679	2.765	7.673	1.164	3.23	0.005	0	0.421	1	2.376	479	2.775	1
2680	3.167	7.085	0.763	1.707	0.005	0	0.241	1	4.146	484	2.237	1
2681	2.118	6.129	0.254	0.735	0.005	0	0.12	1	8.356	478	2.894	1
2682	3.309	6.277	2.971	5.637	0.005	0	0.898	1	1.114	450	1.897	1
2683	2.791	5.44	0.876	1.708	0.005	0	0.314	1	3.181	478	1.949	1
2684	4.769	9.314	1.502	2.934	0.005	0	0.315	1	3.178	491	1.953	1
2685	2.485	4.769	0.258	0.496	0.005	0	0.104	1	9.616	495	1.919	1
2686	1.342	2.826	0.377	0.794	0.005	0	0.281	1	3.56	451	2.106	1
2687	4.023	9.913	2.51	6.186	0.005	0	0.624	1	1.602	478	2.464	1
2688	1.838	2.9	0.3	0.473	0.005	0	0.163	1	6.128	473	1.578	1
2689	1.961	3.977	0.488	0.99	0.005	0	0.249	1	4.024	454	2.028	1
2690	1.455	3.645	1.237	3.098	0.005	0	0.85	1	1.177	492	2.505	1
2691	2.921	6.035	0.359	0.742	0.005	0	0.123	1	8.139	461	2.066	1
2692	4.821	14.044	1.388	4.045	0.005	0	0.288	1	3.467	456	2.913	1
2693	4.405	7.299	0.48	0.796	0.005	0	0.109	1	9.181	453	1.657	1
2694	1.095	2.665	0.13	0.317	0.005	0	0.119	1	8.438	493	2.434	1
2695	3.141	5.889	0.327	0.612	0.005	0	0.104	1	9.641	486	1.875	1
2696	3.368	7.17	0.798	1.699	0.005	0	0.237	1	4.211	471	2.129	1
2697	1.986	4.604	0.937	2.173	0.005	0	0.472	1	2.117	464	2.318	1
2698	1.733	3.452	0.241	0.48	0.005	0	0.139	1	7.178	497	1.992	1
2699	4.242	10.427	0.615	1.512	0.005	0	0.145	1	6.91	474	2.458	1
2700	2.608	7.156	0.415	1.138	0.005	0	0.159	1	6.297	475	2.744	1
2701	1.867	4.886	0.39	1.021	0.005	0	0.209	1	4.788	468	2.617	1
2702	2.416	6.221	0.251	0.647	0.005	0	0.104	1	9.637	462	2.575	1
2703	4.431	7.054	3.146	5.008	0.005	0	0.71	1	1.409	461	1.592	1
2704	2.311	6.36	0.393	1.081	0.005	0	0.17	1	5.886	468	2.752	1
2705	2.622	6.175	1.563	3.68	0.005	0	0.596	1	1.679	464	2.355	1
2706	3.411	7.32	3.07	6.588	0.005	0	0.9	1	1.111	461	2.146	1
2707	1.495	3.697	0.298	0.736	0.005	0	0.199	1	5.032	482	2.473	1
2708	1.932	3.095	0.214	0.344	0.005	0	0.111	1	9.007	468	1.602	1
2709	1.04	2.932	0.266	0.751	0.005	0	0.256	1	3.904	453	2.819	1
2710	3.082	9.036	0.361	1.057	0.005	0	0.117	1	8.553	480	2.932	1
2711	3.495	6.102	0.433	0.757	0.005	0	0.124	1	8.042	472	1.746	1
2712	3.486	9.548	0.763	2.091	0.005	0	0.219	1	4.558	484	2.739	1
2713	3.276	9.032	1.104	3.044	0.005	0	0.337	1	2.971	497	2.757	1
2714	3.375	7.047	2.896	6.046	0.005	0	0.858	1	1.165	486	2.088	1
2715	1.94	5.587	0.26	0.749	0.005	0	0.134	1	7.467	464	2.88	1
2716	1.413	2.365	0.24	0.402	0.005	0	0.17	1	5.872	450	1.674	1
2717	4.238	7.052	1.106	1.841	0.005	0	0.261	1	3.828	453	1.664	1
2718	1.207	2.83	0.55	1.29	0.005	0	0.456	1	2.195	498	2.345	1
2719	4.655	12.061	1.029	2.665	0.005	0	0.221	1	4.52	483	2.591	1
2720	1.586	2.52	1.161	1.845	0.005	0	0.732	1	1.367	467	1.589	1
2721	2.395	6.718	0.757	2.123	0.005	0	0.316	1	3.167	497	2.805	1
2722	2.144	5.311	0.444	1.099	0.005	0	0.207	1	4.84	470	2.477	1
2723	1.589	2.998	0.281	0.531	0.005	0	0.177	1	5.639	499	1.887	1
2724	2.439	5.388	0.259	0.571	0.005	0	0.106	1	9.405	477	2.209	1
2725	2.899	5.708	0.49	0.965	0.005	0	0.169	1	5.917	488	1.969	1
2726	3.256	8.257	0.723	1.833	0.005	0	0.222	1	4.5	477	2.536	1
2727	2.438	5.337	0.461	1.009	0.005	0	0.189	1	5.297	468	2.189	1
2728	2.378	3.921	0.628	1.035	0.005	0	0.264	1	3.788	492	1.649	1
2729	3.734	7.677	0.553	1.136	0.005	0	0.148	1	6.766	474	2.056	1
2730	4.693	11.897	0.962	2.439	0.005	0	0.205	1	4.882	494	2.535	1
2731	2.424	5.495	0.301	0.681	0.005	0	0.124	1	8.095	460	2.267	1
2732	4.711	10.477	0.579	1.289	0.005	0	0.123	1	8.105	453	2.224	1
2733	1.332	2.021	0.181	0.275	0.005	0	0.136	1	7.376	491	1.517	1
2734	1.848	5.149	0.19	0.53	0.005	0	0.103	1	9.692	493	2.786	1
2735	4.248	7.714	1.682	3.055	0.005	0	0.396	1	2.524	490	1.816	1
2736	4.52	10.482	0.958	2.222	0.005	0	0.212	1	4.711	466	2.319	1
2737	2.672	4.796	0.353	0.633	0.005	0	0.132	1	7.569	488	1.795	1
2738	3.851	9.3	0.947	2.288	0.005	0	0.246	1	4.071	499	2.415	1
2739	3.478	7.415	0.511	1.09	0.005	0	0.147	1	6.824	474	2.132	1
2740	3.306	6.024	0.876	1.596	0.005	0	0.265	1	3.771	489	1.822	1
2741	3.255	9.407	2.308	6.67	0.005	0	0.709	1	1.41	482	2.89	1
2742	1.744	4.597	0.417	1.099	0.005	0	0.239	1	4.192	496	2.636	1
2743	4.009	9.233	0.469	1.08	0.005	0	0.117	1	8.575	481	2.303	1
2744	3.195	9.384	2.176	6.391	0.005	0	0.681	1	1.469	483	2.937	1
2745	1.4	2.832	0.568	1.15	0.005	0	0.406	1	2.462	476	2.023	1
2746	4.66	11.911	1.98	5.062	0.005	0	0.425	1	2.355	466	2.556	1
2747	1.257	3.76	1.084	3.241	0.005	0	0.862	1	1.16	498	2.991	1
2748	1.689	2.555	0.552	0.835	0.005	0	0.327	1	3.059	483	1.513	1
2749	3.891	6.311	2.047	3.32	0.005	0	0.526	1	1.9	462	1.622	1
2750	4.248	7.332	0.425	0.733	0.005	0	0.1	1	9.96	478	1.726	1
2751	1.841	4.579	0.53	1.319	0.005	0	0.288	1	3.47	484	2.487	1
2752	2.348	6.861	0.888	2.593	0.005	0	0.378	1	2.643	483	2.922	1
2753	1.199	3.294	0.199	0.547	0.005	0	0.166	1	6.031	461	2.747	1
2754	1.324	2.007	0.155	0.235	0.005	0	0.117	1	8.583	499	1.516	1
2755	1.5	2.764	1.114	2.054	0.005	0	0.743	1	1.346	485	1.843	1
2756	2.575	6.239	0.26	0.63	0.005	0	0.101	1	9.864	464	2.423	1
2757	4.395	11.018	0.927	2.325	0.005	0	0.211	1	4.738	490	2.507	1
2758	3.608	10.362	0.39	1.119	0.005	0	0.108	1	9.292	491	2.872	1
2759	4.236	8.552	1.5	3.027	0.005	0	0.354	1	2.822	469	2.019	1
2760	1.404	3.24	0.265	0.612	0.005	0	0.189	1	5.304	457	2.308	1
2761	4.259	11.129	0.477	1.246	0.005	0	0.112	1	8.911	453	2.613	1
2762	1.949	3.818	0.269	0.527	0.005	0	0.138	1	7.262	456	1.959	1
2763	2.679	4.803	0.6	1.076	0.005	0	0.224	1	4.458	471	1.793	1
2764	2.877	6.321	0.912	2.004	0.005	0	0.317	1	3.158	495	2.197	1
2765	2.557	6.694	0.905	2.37	0.005	0	0.354	1	2.823	482	2.618	1
2766	4.952	13.757	0.619	1.72	0.005	0	0.125	1	8.024	485	2.778	1
2767	4.165	11.304	1.179	3.199	0.005	0	0.283	1	3.534	462	2.714	1
2768	3.78	8.248	1.837	4.009	0.005	0	0.486	1	2.057	491	2.182	1
2769	3.252	5.928	1.265	2.306	0.005	0	0.389	1	2.57	474	1.823	1
2770	4.772	12.708	1.961	5.223	0.005	0	0.411	1	2.436	497	2.663	1
2771	3.862	7.936	0.444	0.913	0.005	0	0.115	1	8.704	460	2.055	1
2772	1.051	2.9	0.152	0.42	0.005	0	0.145	1	6.91	458	2.759	1
2773	1.634	2.601	0.208	0.33	0.005	0	0.127	1	7.899	484	1.592	1
2774	3.386	10.114	0.46	1.376	0.005	0	0.136	1	7.372	477	2.987	1
2775	2.815	8.346	0.892	2.646	0.005	0	0.317	1	3.158	483	2.965	1
2776	3.835	8.015	0.633	1.322	0.005	0	0.165	1	6.066	496	2.09	1
2777	3.916	6.732	0.525	0.902	0.005	0	0.134	1	7.49	487	1.719	1
2778	4.032	9.552	2.48	5.874	0.005	0	0.615	1	1.627	478	2.369	1
2779	4.568	7.313	4.349	6.962	0.005	0	0.952	1	1.05	479	1.601	1
2780	1.267	2.407	0.441	0.838	0.005	0	0.348	1	2.876	455	1.9	1
2781	3.012	8.563	0.319	0.908	0.005	0	0.106	1	9.454	455	2.843	1
2782	1.224	3.386	0.353	0.975	0.005	0	0.288	1	3.474	455	2.766	1
2783	1.028	2.332	0.538	1.22	0.005	0	0.523	1	1.913	478	2.268	1
2784	4.823	13.736	0.574	1.635	0.005	0	0.119	1	8.394	498	2.848	1
2785	4.441	8.056	0.746	1.353	0.005	0	0.168	1	5.949	483	1.814	1
2786	2.622	6.689	1.154	2.943	0.005	0	0.44	1	2.272	473	2.551	1
2787	2.753	5.415	0.969	1.906	0.005	0	0.352	1	2.839	482	1.967	1
2788	4.314	9.262	0.518	1.111	0.005	0	0.12	1	8.327	493	2.147	1
2789	2.5	7.428	0.293	0.869	0.005	0	0.117	1	8.565	462	2.971	1
2790	4.622	7.289	1.271	2.004	0.005	0	0.275	1	3.636	456	1.577	1
2791	1.371	3.067	0.159	0.356	0.005	0	0.116	1	8.587	470	2.237	1
2792	1.257	3.057	0.214	0.52	0.005	0	0.17	1	5.869	493	2.432	1
2793	4.256	12.279	1.656	4.777	0.005	0	0.389	1	2.568	496	2.885	1
2794	1.502	4.0	0.236	0.628	0.005	0	0.157	1	6.367	482	2.663	1
2795	2.799	6.67	0.96	2.288	0.005	0	0.343	1	2.915	470	2.383	1
2796	1.354	3.626	0.183	0.49	0.005	0	0.135	1	7.381	482	2.678	1
2797	3.019	7.602	0.885	2.227	0.005	0	0.293	1	3.408	465	2.518	1
2798	2.162	4.806	0.824	1.831	0.005	0	0.381	1	2.627	474	2.223	1
2799	1.777	4.19	0.284	0.67	0.005	0	0.16	1	6.237	453	2.358	1
2800	1.39	3.027	0.197	0.43	0.005	0	0.142	1	7.062	486	2.178	1
2801	2.102	4.088	1.078	2.097	0.005	0	0.513	1	1.948	492	1.945	1
2802	2.444	4.641	0.609	1.156	0.005	0	0.249	1	4.015	482	1.899	1
2803	1.015	1.654	0.139	0.227	0.005	0	0.137	1	7.296	489	1.63	1
2804	4.508	10.508	0.748	1.744	0.005	0	0.166	1	6.014	461	2.331	1
2805	1.209	2.245	0.134	0.249	0.005	0	0.111	1	9.0	456	1.857	1
2806	4.042	6.318	0.618	0.967	0.005	0	0.153	1	6.549	469	1.563	1
2807	4.932	14.554	0.715	2.11	0.005	0	0.145	1	6.901	463	2.951	1
2808	2.192	3.937	0.243	0.437	0.005	0	0.111	1	9.048	497	1.796	1
2809	1.548	2.646	0.18	0.307	0.005	0	0.116	1	8.642	483	1.709	1
2810	3.454	9.782	0.394	1.115	0.005	0	0.114	1	8.778	493	2.832	1
2811	2.8	5.429	0.72	1.395	0.005	0	0.257	1	3.89	470	1.939	1
2812	4.307	9.816	1.15	2.621	0.005	0	0.267	1	3.748	458	2.279	1
2813	1.476	2.46	0.858	1.429	0.005	0	0.581	1	1.722	476	1.667	1
2814	2.33	4.553	0.545	1.065	0.005	0	0.234	1	4.276	491	1.954	1
2815	2.09	3.672	0.33	0.58	0.005	0	0.158	1	6.321	468	1.757	1
2816	2.949	8.508	0.363	1.046	0.005	0	0.123	1	8.108	483	2.885	1
2817	2.259	6.041	0.343	0.918	0.005	0	0.152	1	6.579	454	2.674	1
2818	1.359	3.108	0.482	1.103	0.005	0	0.355	1	2.816	465	2.287	1
2819	4.093	11.518	0.659	1.854	0.005	0	0.161	1	6.23	480	2.814	1
2820	1.38	2.828	0.606	1.241	0.005	0	0.439	1	2.279	489	2.049	1
2821	1.928	3.765	0.206	0.403	0.005	0	0.107	1	9.347	456	1.953	1
2822	1.939	3.608	1.241	2.309	0.005	0	0.64	1	1.563	457	1.861	1
2823	3.607	7.708	0.364	0.779	0.005	0	0.101	1	9.912	457	2.137	1
2824	3.365	6.521	0.66	1.278	0.005	0	0.196	1	5.107	450	1.938	1
2825	4.371	6.806	0.503	0.783	0.005	0	0.115	1	8.722	471	1.557	1
2826	4.723	10.405	0.817	1.8	0.005	0	0.173	1	5.793	471	2.203	1
2827	4.118	11.967	1.244	3.614	0.005	0	0.302	1	3.313	470	2.906	1
2828	3.892	10.049	0.405	1.045	0.005	0	0.104	1	9.633	471	2.582	1
2829	1.083	3.245	0.172	0.516	0.005	0	0.159	1	6.306	471	2.996	1
2830	3.875	8.897	0.566	1.299	0.005	0	0.146	1	6.826	498	2.296	1
2831	4.641	10.178	0.515	1.13	0.005	0	0.111	1	9.011	452	2.193	1
2832	3.982	10.13	1.342	3.414	0.005	0	0.337	1	2.965	456	2.544	1
2833	4.438	6.835	1.034	1.593	0.005	0	0.233	1	4.301	497	1.54	1
2834	1.588	3.705	0.162	0.378	0.005	0	0.102	1	9.797	456	2.333	1
2835	1.603	3.358	0.183	0.383	0.005	0	0.114	1	8.755	493	2.095	1
2836	1.006	2.884	0.378	1.084	0.005	0	0.376	1	2.66	488	2.867	1
2837	4.443	10.859	0.889	2.172	0.005	0	0.2	1	4.995	498	2.444	1
2838	4.499	9.655	0.54	1.159	0.005	0	0.12	1	8.354	465	2.146	1
2839	4.258	7.937	0.439	0.818	0.005	0	0.103	1	9.718	468	1.864	1
2840	1.99	3.27	0.31	0.51	0.005	0	0.156	1	6.404	485	1.643	1
2841	3.299	6.466	0.772	1.513	0.005	0	0.234	1	4.273	479	1.96	1
2842	4.823	9.694	2.026	4.071	0.005	0	0.42	1	2.38	463	2.01	1
2843	1.294	2.274	0.23	0.405	0.005	0	0.178	1	5.611	481	1.757	1
2844	3.196	5.676	1.24	2.202	0.005	0	0.388	1	2.576	475	1.776	1
2845	1.927	5.444	0.42	1.187	0.005	0	0.218	1	4.59	453	2.825	1
2846	4.251	12.179	1.012	2.899	0.005	0	0.238	1	4.199	456	2.865	1
2847	1.851	3.641	0.735	1.445	0.005	0	0.397	1	2.521	477	1.967	1
2848	2.817	5.837	0.431	0.893	0.005	0	0.153	1	6.556	456	2.072	1
2849	1.896	5.423	0.209	0.597	0.005	0	0.11	1	9.07	487	2.86	1
2850	4.77	12.602	2.337	6.175	0.005	0	0.49	1	2.041	484	2.642	1
2851	4.834	10.548	1.474	3.217	0.005	0	0.305	1	3.282	497	2.182	1
2852	1.364	2.665	0.582	1.138	0.005	0	0.427	1	2.341	490	1.954	1
2853	3.511	5.726	1.015	1.655	0.005	0	0.289	1	3.456	456	1.631	1
2854	4.466	11.938	3.515	9.395	0.005	0	0.787	1	1.27	487	2.673	1
2855	3.008	5.571	0.37	0.685	0.005	0	0.123	1	8.104	464	1.852	1
2856	2.724	5.527	0.926	1.879	0.005	0	0.34	1	2.944	450	2.029	1
2857	4.339	10.366	1.119	2.674	0.005	0	0.258	1	3.882	453	2.389	1
2858	2.949	8.644	0.896	2.628	0.005	0	0.304	1	3.288	483	2.931	1
2859	3.106	8.486	0.854	2.334	0.005	0	0.275	1	3.632	495	2.732	1
2860	4.659	10.767	0.657	1.518	0.005	0	0.141	1	7.084	473	2.311	1
2861	1.087	1.834	0.249	0.42	0.005	0	0.229	1	4.358	454	1.687	1
2862	4.028	11.379	0.882	2.492	0.005	0	0.219	1	4.575	464	2.825	1
2863	4.429	10.678	0.505	1.217	0.005	0	0.114	1	8.763	496	2.411	1
2864	1.767	2.882	0.479	0.781	0.005	0	0.271	1	3.685	480	1.631	1
2865	3.153	8.05	0.672	1.715	0.005	0	0.213	1	4.697	467	2.553	1
2866	1.054	2.06	0.153	0.299	0.005	0	0.145	1	6.89	484	1.954	1
2867	4.807	9.287	0.909	1.755	0.005	0	0.189	1	5.302	452	1.932	1
2868	1.885	3.142	0.268	0.446	0.005	0	0.142	1	7.066	475	1.667	1
2869	3.5	8.74	0.57	1.425	0.005	0	0.163	1	6.139	478	2.497	1
2870	2.474	7.001	0.767	2.17	0.005	0	0.31	1	3.224	480	2.83	1
2871	4.822	9.143	0.863	1.637	0.005	0	0.179	1	5.6	454	1.896	1
2872	3.085	6.688	0.355	0.769	0.005	0	0.115	1	8.674	476	2.168	1
2873	4.39	12.586	0.443	1.271	0.005	0	0.101	1	9.873	484	2.867	1
2874	1.679	4.884	0.171	0.498	0.005	0	0.102	1	9.788	473	2.909	1
2875	4.414	12.602	1.055	3.012	0.005	0	0.239	1	4.187	480	2.855	1
2876	1.093	2.77	0.131	0.332	0.005	0	0.12	1	8.341	460	2.534	1
2877	2.246	4.213	0.824	1.546	0.005	0	0.367	1	2.724	480	1.876	1
2878	3.336	6.865	1.401	2.883	0.005	0	0.42	1	2.382	466	2.058	1
2879	2.836	7.365	0.893	2.32	0.005	0	0.315	1	3.179	479	2.597	1
2880	1.263	3.732	0.203	0.601	0.005	0	0.161	1	6.218	486	2.955	1
2881	3.312	8.025	0.497	1.204	0.005	0	0.15	1	6.668	454	2.423	1
2882	2.416	5.32	0.261	0.575	0.005	0	0.108	1	9.301	459	2.202	1
2883	1.847	4.095	0.194	0.43	0.005	0	0.105	1	9.567	459	2.217	1
2884	1.313	3.737	0.562	1.599	0.005	0	0.428	1	2.334	498	2.846	1
2885	2.018	3.725	0.226	0.417	0.005	0	0.112	1	8.955	472	1.846	1
2886	2.082	3.806	0.262	0.48	0.005	0	0.126	1	7.939	497	1.828	1
2887	4.051	11.096	0.867	2.375	0.005	0	0.214	1	4.674	466	2.739	1
2888	1.162	1.812	0.713	1.113	0.005	0	0.614	1	1.628	469	1.559	1
2889	4.122	6.451	1.426	2.232	0.005	0	0.346	1	2.888	483	1.565	1
2890	1.11	2.371	0.42	0.896	0.005	0	0.378	1	2.643	466	2.136	1
2891	4.624	10.917	0.573	1.354	0.005	0	0.124	1	8.061	479	2.361	1
2892	4.462	9.227	4.208	8.701	0.005	0	0.943	1	1.061	463	2.068	1
2893	2.939	8.744	1.237	3.681	0.005	0	0.421	1	2.374	457	2.975	1
2894	4.468	8.967	0.938	1.883	0.005	0	0.21	1	4.772	475	2.007	1
2895	4.41	10.05	2.972	6.774	0.005	0	0.674	1	1.484	483	2.279	1
2896	2.753	5.952	0.474	1.024	0.005	0	0.172	1	5.83	471	2.162	1
2897	3.822	11.198	1.143	3.348	0.005	0	0.299	1	3.34	495	2.93	1
2898	2.913	8.421	0.484	1.398	0.005	0	0.166	1	6.014	489	2.891	1
2899	1.605	3.263	0.236	0.48	0.005	0	0.147	1	6.803	477	2.033	1
2900	1.649	4.113	0.463	1.156	0.005	0	0.281	1	3.557	488	2.494	1
2901	2.364	3.745	0.326	0.517	0.005	0	0.138	1	7.264	499	1.584	1
2902	4.189	12.119	0.553	1.6	0.005	0	0.132	1	7.573	481	2.893	1
2903	1.025	2.221	0.391	0.846	0.005	0	0.381	1	2.623	497	2.167	1
2904	2.578	6.146	0.309	0.738	0.005	0	0.12	1	8.344	467	2.384	1
2905	4.336	9.292	0.806	1.728	0.005	0	0.186	1	5.384	450	2.143	1
2906	1.855	4.727	1.733	4.415	0.005	0	0.934	1	1.071	488	2.548	1
2907	2.809	8.303	0.284	0.839	0.005	0	0.101	1	9.911	492	2.956	1
2908	4.133	9.254	2.922	6.543	0.005	0	0.707	1	1.415	485	2.239	1
2909	1.11	2.267	0.253	0.517	0.005	0	0.228	1	4.39	456	2.042	1
2910	4.983	9.019	0.742	1.344	0.005	0	0.149	1	6.689	477	1.81	1
2911	2.681	4.764	0.408	0.724	0.005	0	0.152	1	6.57	458	1.777	1
2912	3.465	6.594	0.398	0.758	0.005	0	0.115	1	8.683	476	1.903	1
2913	3.817	10.466	1.031	2.826	0.005	0	0.27	1	3.706	474	2.742	1
2914	2.0	3.386	1.192	2.018	0.005	0	0.596	1	1.678	464	1.693	1
2915	4.905	10.031	0.976	1.996	0.005	0	0.199	1	5.016	493	2.045	1
2916	2.303	4.042	0.341	0.598	0.005	0	0.148	1	6.763	476	1.755	1
2917	2.764	6.324	0.412	0.942	0.005	0	0.149	1	6.709	471	2.288	1
2918	4.642	11.145	0.52	1.248	0.005	0	0.112	1	8.931	455	2.401	1
2919	3.074	8.481	0.673	1.857	0.005	0	0.219	1	4.557	463	2.759	1
2920	2.232	4.346	0.277	0.539	0.005	0	0.124	1	8.08	452	1.947	1
2921	3.98	11.16	1.357	3.806	0.005	0	0.341	1	2.932	488	2.804	1
2922	2.786	5.48	0.365	0.718	0.005	0	0.131	1	7.661	474	1.967	1
2923	3.28	5.432	0.512	0.847	0.005	0	0.156	1	6.391	464	1.656	1
2924	2.129	6.321	0.213	0.632	0.005	0	0.1	1	9.998	485	2.969	1
2925	4.824	11.631	1.119	2.698	0.005	0	0.232	1	4.317	498	2.411	1
2926	1.885	3.813	0.322	0.652	0.005	0	0.171	1	5.856	459	2.023	1
2927	3.084	5.853	0.524	0.995	0.005	0	0.17	1	5.888	451	1.898	1
2928	1.418	3.195	0.146	0.329	0.005	0	0.103	1	9.692	452	2.253	1
2929	2.851	6.155	0.294	0.634	0.005	0	0.103	1	9.666	497	2.159	1
2930	3.858	6.512	0.409	0.69	0.005	0	0.106	1	9.443	495	1.688	1
2931	3.009	7.501	0.304	0.758	0.005	0	0.101	1	9.945	452	2.493	1
2932	3.119	6.958	0.334	0.745	0.005	0	0.107	1	9.314	457	2.231	1
2933	3.466	5.868	2.177	3.685	0.005	0	0.628	1	1.593	461	1.693	1
2934	2.385	5.156	0.284	0.614	0.005	0	0.119	1	8.404	459	2.162	1
2935	3.13	6.085	0.995	1.935	0.005	0	0.318	1	3.145	473	1.944	1
2936	1.322	2.12	0.734	1.177	0.005	0	0.555	1	1.802	490	1.604	1
2937	4.757	11.331	0.999	2.38	0.005	0	0.21	1	4.765	470	2.382	1
2938	1.412	2.648	0.23	0.432	0.005	0	0.163	1	6.13	458	1.875	1
2939	4.229	11.68	0.998	2.756	0.005	0	0.236	1	4.23	497	2.762	1
2940	4.589	10.766	1.01	2.369	0.005	0	0.22	1	4.548	492	2.346	1
2941	4.179	11.726	2.691	7.552	0.005	0	0.644	1	1.552	487	2.806	1
2942	4.474	9.583	0.483	1.035	0.005	0	0.108	1	9.265	456	2.142	1
2943	2.43	6.435	0.384	1.017	0.005	0	0.158	1	6.321	471	2.648	1
2944	4.514	11.28	0.709	1.771	0.005	0	0.157	1	6.363	469	2.499	1
2945	3.055	6.119	0.687	1.377	0.005	0	0.225	1	4.445	474	2.003	1
2946	2.814	5.333	0.419	0.795	0.005	0	0.149	1	6.71	499	1.895	1
2947	2.328	6.66	0.247	0.706	0.005	0	0.106	1	9.4	475	2.861	1
2948	4.31	9.297	1.746	3.765	0.005	0	0.405	1	2.472	478	2.157	1
2949	3.192	7.67	1.194	2.869	0.005	0	0.374	1	2.676	472	2.403	1
2950	4.861	11.861	1.225	2.989	0.005	0	0.252	1	3.961	496	2.44	1
2951	2.996	5.033	1.678	2.818	0.005	0	0.56	1	1.785	485	1.68	1
2952	1.532	3.19	0.676	1.407	0.005	0	0.441	1	2.268	481	2.082	1
2953	3.789	11.117	0.542	1.59	0.005	0	0.143	1	6.983	450	2.934	1
2954	3.223	6.659	0.835	1.725	0.005	0	0.259	1	3.854	491	2.066	1
2955	1.427	3.005	0.348	0.733	0.005	0	0.244	1	4.103	491	2.106	1
2956	1.265	2.944	0.132	0.306	0.005	0	0.104	1	9.63	473	2.327	1
2957	1.187	3.105	0.167	0.438	0.005	0	0.141	1	7.098	458	2.616	1
2958	3.272	8.648	0.376	0.995	0.005	0	0.115	1	8.692	451	2.643	1
2959	4.896	12.622	1.151	2.966	0.005	0	0.235	1	4.248	498	2.578	1
2960	3.391	7.386	0.448	0.975	0.005	0	0.132	1	7.594	466	2.178	1
2961	1.931	5.241	0.209	0.566	0.005	0	0.108	1	9.298	490	2.714	1
2962	3.277	7.884	0.344	0.828	0.005	0	0.105	1	9.527	480	2.406	1
2963	4.402	11.652	0.453	1.2	0.005	0	0.103	1	9.742	486	2.647	1
2964	1.423	2.261	0.158	0.251	0.005	0	0.111	1	9.004	457	1.589	1
2965	4.451	9.218	1.309	2.71	0.005	0	0.294	1	3.399	481	2.071	1
2966	3.718	7.291	0.428	0.838	0.005	0	0.115	1	8.722	494	1.961	1
2967	4.574	12.519	1.18	3.23	0.005	0	0.258	1	3.882	468	2.737	1
2968	3.28	7.724	0.807	1.9	0.005	0	0.246	1	4.062	493	2.355	1
2969	3.021	6.939	0.616	1.416	0.005	0	0.204	1	4.902	492	2.297	1
2970	1.662	4.193	0.194	0.491	0.005	0	0.117	1	8.532	494	2.523	1
2971	2.082	3.471	1.582	2.638	0.005	0	0.76	1	1.315	479	1.667	1
2972	4.902	8.128	0.534	0.886	0.005	0	0.109	1	9.196	457	1.658	1
2973	2.305	5.276	0.277	0.633	0.005	0	0.12	1	8.306	478	2.289	1
2974	4.009	10.684	0.966	2.575	0.005	0	0.241	1	4.156	464	2.665	1
2975	4.13	6.381	0.578	0.893	0.005	0	0.14	1	7.15	496	1.545	1
2976	2.538	5.766	0.371	0.842	0.005	0	0.146	1	6.829	461	2.272	1
2977	4.879	8.143	0.751	1.254	0.005	0	0.154	1	6.488	486	1.669	1
2978	3.31	8.725	0.89	2.347	0.005	0	0.269	1	3.713	454	2.636	1
2979	4.628	7.035	0.523	0.795	0.005	0	0.113	1	8.829	474	1.52	1
2980	1.008	1.852	0.761	1.398	0.005	0	0.755	1	1.325	488	1.837	1
2981	1.098	2.57	0.16	0.375	0.005	0	0.146	1	6.864	470	2.341	1
2982	1.728	3.021	0.242	0.423	0.005	0	0.14	1	7.146	466	1.748	1
2983	1.728	3.554	0.204	0.419	0.005	0	0.118	1	8.506	458	2.057	1
2984	2.228	5.144	0.942	2.176	0.005	0	0.423	1	2.364	499	2.309	1
2985	4.02	10.745	0.667	1.784	0.005	0	0.166	1	6.041	483	2.673	1
2986	4.26	6.769	0.728	1.157	0.005	0	0.171	1	5.856	496	1.589	1
2987	4.071	9.713	0.647	1.544	0.005	0	0.159	1	6.284	474	2.386	1
2988	4.93	7.76	0.823	1.296	0.005	0	0.167	1	5.978	496	1.574	1
2989	4.404	9.046	0.876	1.8	0.005	0	0.199	1	5.013	476	2.054	1
2990	3.618	8.412	1.31	3.045	0.005	0	0.362	1	2.765	484	2.325	1
2991	4.267	10.911	1.182	3.022	0.005	0	0.277	1	3.605	485	2.557	1
2992	1.19	3.34	0.387	1.086	0.005	0	0.325	1	3.074	478	2.807	1
2993	1.165	3.191	0.155	0.424	0.005	0	0.133	1	7.532	454	2.739	1
2994	2.33	5.173	0.354	0.786	0.005	0	0.152	1	6.596	452	2.22	1
2995	3.357	5.522	0.346	0.569	0.005	0	0.103	1	9.746	486	1.645	1
2996	3.947	11.537	0.45	1.315	0.005	0	0.114	1	8.807	488	2.923	1
2997	4.739	9.217	0.578	1.124	0.005	0	0.122	1	8.19	490	1.945	1
2998	3.158	6.199	0.452	0.886	0.005	0	0.143	1	7.015	454	1.963	1
2999	1.839	3.397	0.199	0.367	0.005	0	0.108	1	9.283	484	1.847	1
3000	3.415	9.555	0.618	1.729	0.005	0	0.181	1	5.539	482	2.798	1
3001	1.981	5.753	0.947	2.75	0.005	0	0.478	1	2.091	451	2.904	1
3002	1.412	3.995	0.35	0.991	0.005	0	0.248	1	4.034	495	2.829	1
3003	1.291	2.662	0.416	0.857	0.005	0	0.322	1	3.107	487	2.062	1
3004	4.876	10.259	1.746	3.673	0.005	0	0.358	1	2.794	494	2.104	1
3005	2.358	6.77	0.34	0.975	0.005	0	0.144	1	6.968	457	2.871	1
3006	4.106	10.593	2.225	5.741	0.005	0	0.542	1	1.845	482	2.58	1
3007	1.279	3.258	0.178	0.453	0.005	0	0.139	1	7.19	458	2.547	1
3008	4.334	8.547	0.867	1.709	0.005	0	0.2	1	5.0	472	1.972	1
3009	1.865	3.702	0.2	0.396	0.005	0	0.107	1	9.348	473	1.985	1
3010	4.285	6.796	0.72	1.142	0.005	0	0.168	1	5.941	478	1.586	1
3011	4.848	7.728	0.718	1.144	0.005	0	0.148	1	6.748	475	1.594	1
3012	2.284	6.489	0.34	0.967	0.005	0	0.149	1	6.692	489	2.841	1
3013	1.641	3.994	0.259	0.631	0.005	0	0.158	1	6.342	467	2.434	1
3014	1.348	3.238	0.319	0.767	0.005	0	0.237	1	4.214	492	2.402	1
3015	4.405	13.034	0.537	1.59	0.005	0	0.122	1	8.229	489	2.959	1
3016	4.13	6.753	0.516	0.844	0.005	0	0.125	1	7.999	462	1.635	1
3017	4.807	11.546	0.822	1.974	0.005	0	0.171	1	5.856	472	2.402	1
3018	3.101	5.055	1.867	3.043	0.005	0	0.602	1	1.661	466	1.63	1
3019	2.158	3.869	0.311	0.557	0.005	0	0.144	1	6.96	476	1.793	1
3020	1.338	2.851	0.498	1.061	0.005	0	0.372	1	2.688	463	2.131	1
3021	3.31	6.749	1.096	2.234	0.005	0	0.331	1	3.024	459	2.039	1
3022	4.699	7.053	0.601	0.903	0.005	0	0.128	1	7.8	463	1.501	1
3023	4.094	8.806	0.7	1.506	0.005	0	0.171	1	5.857	480	2.151	1
3024	3.69	7.457	1.395	2.819	0.005	0	0.378	1	2.646	460	2.021	1
3025	2.962	6.742	0.69	1.571	0.005	0	0.233	1	4.287	457	2.276	1
3026	1.932	3.205	0.404	0.67	0.005	0	0.209	1	4.777	457	1.659	1
3027	2.406	3.895	0.609	0.985	0.005	0	0.253	1	3.949	476	1.619	1
3028	1.113	2.666	0.238	0.571	0.005	0	0.214	1	4.663	496	2.395	1
3029	1.671	3.145	0.269	0.506	0.005	0	0.161	1	6.195	497	1.882	1
3030	1.137	3.203	0.133	0.375	0.005	0	0.117	1	8.541	453	2.817	1
3031	4.591	7.433	0.735	1.189	0.005	0	0.16	1	6.255	475	1.619	1
3032	3.995	10.563	0.923	2.44	0.005	0	0.231	1	4.328	470	2.644	1
3033	4.038	9.469	0.569	1.335	0.005	0	0.141	1	7.09	456	2.345	1
3034	2.121	5.886	0.293	0.812	0.005	0	0.138	1	7.245	460	2.775	1
3035	3.299	7.908	0.587	1.408	0.005	0	0.178	1	5.622	493	2.397	1
3036	3.64	8.332	1.576	3.608	0.005	0	0.433	1	2.307	497	2.289	1
3037	2.147	5.496	0.258	0.66	0.005	0	0.12	1	8.334	469	2.56	1
3038	3.27	9.006	0.51	1.405	0.005	0	0.156	1	6.414	483	2.754	1
3039	2.477	5.442	0.263	0.577	0.005	0	0.106	1	9.447	487	2.197	1
3040	4.638	10.069	0.942	2.044	0.005	0	0.203	1	4.925	482	2.171	1
3041	3.212	5.361	0.501	0.836	0.005	0	0.156	1	6.404	457	1.669	1
3042	3.19	7.93	0.842	2.094	0.005	0	0.264	1	3.781	478	2.486	1
3043	3.296	9.545	0.514	1.489	0.005	0	0.156	1	6.41	471	2.896	1
3044	4.384	10.394	0.473	1.123	0.005	0	0.108	1	9.247	475	2.371	1
3045	2.385	5.576	0.51	1.193	0.005	0	0.214	1	4.67	497	2.338	1
3046	4.928	8.747	1.217	2.161	0.005	0	0.247	1	4.044	475	1.775	1
3047	3.882	10.167	0.943	2.471	0.005	0	0.243	1	4.121	480	2.619	1
3048	1.666	2.861	0.175	0.3	0.005	0	0.105	1	9.569	479	1.717	1
3049	4.096	7.836	1.167	2.233	0.005	0	0.285	1	3.505	494	1.913	1
3050	1.305	2.675	0.171	0.35	0.005	0	0.131	1	7.658	472	2.05	1
3051	3.131	7.796	0.708	1.762	0.005	0	0.226	1	4.421	454	2.49	1
3052	2.617	6.163	2.334	5.497	0.005	0	0.892	1	1.121	494	2.355	1
3053	4.016	9.703	0.554	1.339	0.005	0	0.138	1	7.249	484	2.416	1
3054	4.274	9.599	1.517	3.408	0.005	0	0.355	1	2.813	470	2.246	1
3055	4.885	14.079	1.48	4.266	0.005	0	0.303	1	3.301	464	2.882	1
3056	4.173	9.706	0.459	1.068	0.005	0	0.11	1	9.092	494	2.326	1
3057	4.222	8.79	0.882	1.837	0.005	0	0.209	1	4.787	467	2.082	1
3058	1.666	3.542	0.225	0.478	0.005	0	0.135	1	7.425	490	2.126	1
3059	4.69	10.628	1.294	2.933	0.005	0	0.276	1	3.622	490	2.266	1
3060	1.898	3.551	0.192	0.359	0.005	0	0.101	1	9.9	498	1.871	1
3061	2.794	6.37	0.774	1.764	0.005	0	0.277	1	3.612	452	2.28	1
3062	4.876	7.348	0.78	1.176	0.005	0	0.16	1	6.232	478	1.507	1
3063	1.994	4.702	0.217	0.513	0.005	0	0.109	1	9.174	469	2.358	1
3064	3.548	9.221	0.468	1.217	0.005	0	0.132	1	7.578	480	2.599	1
3065	2.101	4.105	0.864	1.687	0.005	0	0.411	1	2.435	484	1.954	1
3066	4.08	11.351	0.751	2.089	0.005	0	0.184	1	5.439	468	2.782	1
3067	1.474	2.45	0.411	0.684	0.005	0	0.279	1	3.584	486	1.662	1
3068	3.016	8.888	0.32	0.942	0.005	0	0.106	1	9.454	462	2.947	1
3069	1.186	2.215	0.154	0.288	0.005	0	0.13	1	7.698	469	1.868	1
3070	2.751	5.527	0.575	1.155	0.005	0	0.209	1	4.785	453	2.009	1
3071	3.254	9.18	0.459	1.294	0.005	0	0.141	1	7.105	491	2.821	1
3072	1.131	2.844	0.176	0.444	0.005	0	0.156	1	6.427	467	2.515	1
3073	4.82	10.975	0.737	1.679	0.005	0	0.153	1	6.542	472	2.277	1
3074	3.912	8.008	0.512	1.049	0.005	0	0.131	1	7.612	467	2.047	1
3075	3.446	9.68	0.438	1.229	0.005	0	0.127	1	7.88	479	2.809	1
3076	1.602	3.236	0.187	0.379	0.005	0	0.117	1	8.561	450	2.02	1
3077	3.458	8.569	0.526	1.302	0.005	0	0.152	1	6.575	469	2.478	1
3078	1.569	4.605	1.451	4.26	0.005	0	0.925	1	1.081	450	2.935	1
3079	4.897	13.08	3.658	9.771	0.005	0	0.747	1	1.338	458	2.671	1
3080	4.167	8.609	1.35	2.789	0.005	0	0.324	1	3.082	489	2.066	1
3081	2.67	4.996	0.27	0.505	0.005	0	0.101	1	9.89	460	1.871	1
3082	3.587	9.947	2.482	6.883	0.005	0	0.692	1	1.446	477	2.773	1
3083	1.074	2.381	0.12	0.267	0.005	0	0.112	1	8.956	490	2.217	1
3084	2.365	4.318	0.274	0.501	0.005	0	0.116	1	8.63	473	1.826	1
3085	1.551	2.478	0.439	0.701	0.005	0	0.283	1	3.531	489	1.598	1
3086	2.084	4.639	0.258	0.575	0.005	0	0.124	1	8.047	468	2.226	1
3087	4.041	9.1	1.831	4.122	0.005	0	0.453	1	2.206	462	2.252	1
3088	4.381	10.216	1.875	4.372	0.005	0	0.428	1	2.337	496	2.332	1
3089	4.299	11.134	0.641	1.659	0.005	0	0.149	1	6.725	499	2.59	1
3090	3.477	9.291	0.435	1.161	0.005	0	0.125	1	8.015	461	2.672	1
3091	4.857	7.635	0.549	0.863	0.005	0	0.113	1	8.822	495	1.572	1
3092	2.469	6.37	0.911	2.351	0.005	0	0.369	1	2.71	478	2.58	1
3093	3.372	7.027	0.344	0.717	0.005	0	0.102	1	9.77	498	2.084	1
3094	2.66	4.695	0.662	1.169	0.005	0	0.249	1	4.024	476	1.765	1
3095	3.943	10.938	0.461	1.28	0.005	0	0.117	1	8.534	454	2.774	1
3096	2.101	6.084	0.309	0.894	0.005	0	0.147	1	6.792	464	2.896	1
3097	1.933	3.729	0.274	0.53	0.005	0	0.142	1	7.05	474	1.929	1
3098	3.554	9.102	0.842	2.157	0.005	0	0.237	1	4.216	464	2.561	1
3099	4.114	7.895	0.889	1.705	0.005	0	0.216	1	4.623	489	1.919	1
3100	3.372	6.852	2.229	4.529	0.005	0	0.661	1	1.512	497	2.032	1
3101	1.39	2.773	0.877	1.75	0.005	0	0.631	1	1.586	475	1.995	1
3102	4.404	6.919	0.537	0.844	0.005	0	0.122	1	8.2	472	1.571	1
3103	3.476	6.333	0.494	0.899	0.005	0	0.142	1	7.038	462	1.822	1
3104	2.493	5.193	1.867	3.89	0.005	0	0.749	1	1.335	466	2.083	1
3105	2.143	4.944	0.219	0.504	0.005	0	0.102	1	9.801	482	2.307	1
3106	4.795	9.235	0.839	1.616	0.005	0	0.175	1	5.699	473	1.926	1
3107	1.362	3.902	0.419	1.202	0.005	0	0.308	1	3.244	477	2.865	1
3108	2.966	5.259	0.762	1.352	0.005	0	0.257	1	3.889	490	1.773	1
3109	1.516	2.395	0.4	0.632	0.005	0	0.264	1	3.788	454	1.58	1
3110	1.594	2.405	0.351	0.529	0.005	0	0.22	1	4.553	461	1.509	1
3111	4.928	13.626	0.586	1.621	0.005	0	0.119	1	8.398	498	2.765	1
3112	3.017	5.714	0.51	0.966	0.005	0	0.169	1	5.901	450	1.894	1
3113	2.777	6.32	0.719	1.637	0.005	0	0.259	1	3.858	455	2.276	1
3114	3.616	9.619	0.423	1.125	0.005	0	0.117	1	8.562	492	2.66	1
3115	3.096	7.845	0.666	1.687	0.005	0	0.215	1	4.652	466	2.534	1
3116	2.32	6.528	0.304	0.855	0.005	0	0.131	1	7.649	469	2.814	1
3117	1.21	1.817	0.126	0.189	0.005	0	0.104	1	9.653	485	1.502	1
3118	1.253	3.528	0.212	0.596	0.005	0	0.169	1	5.906	479	2.816	1
3119	2.528	7.354	0.283	0.824	0.005	0	0.112	1	8.91	490	2.909	1
3120	3.616	7.084	0.398	0.779	0.005	0	0.11	1	9.093	492	1.959	1
3121	4.834	11.341	0.667	1.565	0.005	0	0.138	1	7.247	461	2.346	1
3122	3.62	9.919	0.684	1.875	0.005	0	0.189	1	5.304	462	2.74	1
3123	3.685	9.625	0.538	1.405	0.005	0	0.146	1	6.853	458	2.612	1
3124	3.633	9.62	0.687	1.818	0.005	0	0.189	1	5.291	464	2.648	1
3125	4.437	10.409	0.621	1.457	0.005	0	0.14	1	7.144	483	2.346	1
3126	4.465	11.39	0.531	1.355	0.005	0	0.119	1	8.422	453	2.551	1
3127	3.994	7.916	2.612	5.177	0.005	0	0.654	1	1.53	471	1.982	1
3128	3.422	8.226	0.931	2.237	0.005	0	0.272	1	3.672	480	2.404	1
3129	3.245	8.632	2.002	5.326	0.005	0	0.617	1	1.621	472	2.66	1
3130	4.58	9.151	0.54	1.08	0.005	0	0.118	1	8.446	455	1.998	1
3131	3.469	10.025	1.093	3.158	0.005	0	0.315	1	3.175	486	2.89	1
3132	1.599	4.468	0.924	2.583	0.005	0	0.578	1	1.729	453	2.794	1
3133	2.643	4.784	0.457	0.828	0.005	0	0.173	1	5.768	467	1.81	1
3134	1.05	2.435	0.304	0.706	0.005	0	0.29	1	3.448	485	2.319	1
3135	2.073	5.348	0.466	1.203	0.005	0	0.225	1	4.452	454	2.58	1
3136	3.439	9.602	0.712	1.988	0.005	0	0.207	1	4.835	464	2.792	1
3137	3.707	7.774	0.389	0.816	0.005	0	0.105	1	9.528	453	2.097	1
3138	4.868	10.5	0.589	1.27	0.005	0	0.121	1	8.287	492	2.157	1
3139	1.201	2.545	0.213	0.45	0.005	0	0.177	1	5.645	455	2.119	1
3140	3.678	6.584	0.537	0.961	0.005	0	0.146	1	6.848	473	1.79	1
3141	1.687	2.807	0.656	1.092	0.005	0	0.389	1	2.572	460	1.664	1
3142	3.276	8.275	0.465	1.175	0.005	0	0.142	1	7.044	450	2.526	1
3143	3.344	5.792	1.187	2.056	0.005	0	0.355	1	2.817	495	1.732	1
3144	2.192	5.603	0.274	0.7	0.005	0	0.125	1	7.981	480	2.556	1
3145	2.619	4.258	0.453	0.737	0.005	0	0.173	1	5.769	498	1.626	1
3146	3.813	9.979	0.549	1.437	0.005	0	0.144	1	6.958	479	2.617	1
3147	2.104	6.011	0.507	1.449	0.005	0	0.241	1	4.145	484	2.857	1
3148	2.465	4.158	1.203	2.029	0.005	0	0.488	1	2.05	472	1.687	1
3149	3.782	8.748	0.442	1.024	0.005	0	0.117	1	8.515	483	2.313	1
3150	1.023	2.3	0.288	0.649	0.005	0	0.282	1	3.55	479	2.248	1
3151	3.895	11.171	0.491	1.408	0.005	0	0.126	1	7.95	473	2.868	1
3152	3.947	7.401	0.971	1.821	0.005	0	0.246	1	4.067	493	1.875	1
3153	4.828	11.418	0.84	1.987	0.005	0	0.174	1	5.739	477	2.365	1
3154	1.727	4.293	0.18	0.446	0.005	0	0.104	1	9.646	487	2.486	1
3155	4.385	13.015	2.916	8.655	0.005	0	0.665	1	1.503	490	2.968	1
3156	1.723	4.115	0.195	0.465	0.005	0	0.113	1	8.849	451	2.388	1
3157	1.021	2.171	0.255	0.543	0.005	0	0.25	1	4.004	481	2.126	1
3158	2.438	4.513	0.697	1.291	0.005	0	0.286	1	3.498	481	1.851	1
3159	2.795	7.745	0.344	0.953	0.005	0	0.123	1	8.124	476	2.771	1
3160	2.89	7.855	0.659	1.791	0.005	0	0.228	1	4.389	487	2.718	1
3161	2.818	7.068	1.003	2.516	0.005	0	0.356	1	2.812	464	2.508	1
3162	4.395	7.129	0.607	0.984	0.005	0	0.138	1	7.252	490	1.622	1
3163	2.551	5.964	0.355	0.829	0.005	0	0.139	1	7.218	451	2.338	1
3164	3.861	9.429	3.529	8.618	0.005	0	0.914	1	1.094	451	2.442	1
3165	2.366	5.678	0.279	0.67	0.005	0	0.118	1	8.505	463	2.4	1
3166	2.386	4.428	1.186	2.201	0.005	0	0.497	1	2.013	462	1.856	1
3167	2.873	7.128	0.836	2.074	0.005	0	0.291	1	3.436	483	2.481	1
3168	3.496	7.876	3.16	7.12	0.005	0	0.904	1	1.106	474	2.253	1
3169	3.143	7.675	0.811	1.98	0.005	0	0.258	1	3.88	474	2.442	1
3170	1.71	3.848	0.443	0.997	0.005	0	0.259	1	3.859	490	2.25	1
3171	4.505	8.204	0.987	1.797	0.005	0	0.219	1	4.573	471	1.821	1
3172	1.967	5.213	0.203	0.537	0.005	0	0.103	1	9.746	464	2.65	1
3173	3.194	7.161	2.986	6.696	0.005	0	0.935	1	1.069	471	2.242	1
3174	2.727	7.377	0.485	1.313	0.005	0	0.178	1	5.63	459	2.705	1
3175	1.615	2.681	0.297	0.493	0.005	0	0.184	1	5.446	499	1.66	1
3176	2.399	6.576	1.84	5.044	0.005	0	0.767	1	1.303	456	2.741	1
3177	2.485	4.011	0.268	0.433	0.005	0	0.108	1	9.27	477	1.614	1
3178	2.202	4.272	0.273	0.53	0.005	0	0.124	1	8.071	461	1.94	1
3179	3.775	6.984	0.445	0.824	0.005	0	0.118	1	8.46	471	1.85	1
3180	2.168	6.005	0.243	0.673	0.005	0	0.112	1	8.929	483	2.77	1
3181	2.197	4.179	0.494	0.94	0.005	0	0.225	1	4.449	476	1.902	1
3182	4.661	7.793	1.17	1.956	0.005	0	0.251	1	3.986	485	1.672	1
3183	1.03	2.512	0.107	0.261	0.005	0	0.104	1	9.643	480	2.439	1
3184	3.557	7.854	1.569	3.464	0.005	0	0.441	1	2.269	484	2.208	1
3185	2.718	5.469	0.275	0.552	0.005	0	0.101	1	9.853	493	2.012	1
3186	1.628	3.23	1.604	3.182	0.005	0	0.985	1	1.015	450	1.984	1
3187	2.363	5.423	0.728	1.67	0.005	0	0.308	1	3.244	473	2.295	1
3188	2.751	6.426	0.63	1.472	0.005	0	0.229	1	4.364	453	2.336	1
3189	3.868	10.161	0.418	1.097	0.005	0	0.108	1	9.296	474	2.627	1
3190	4.51	10.215	0.92	2.084	0.005	0	0.204	1	4.911	455	2.265	1
3191	3.611	8.139	2.932	6.609	0.005	0	0.812	1	1.232	491	2.254	1
3192	4.666	8.861	0.77	1.462	0.005	0	0.165	1	6.055	467	1.899	1
3193	2.513	5.689	0.405	0.916	0.005	0	0.161	1	6.198	461	2.264	1
3194	2.415	5.571	0.258	0.596	0.005	0	0.107	1	9.313	462	2.307	1
3195	4.948	8.674	2.855	5.005	0.005	0	0.577	1	1.734	471	1.753	1
3196	3.783	6.174	0.586	0.957	0.005	0	0.155	1	6.445	487	1.632	1
3197	1.577	3.447	0.486	1.062	0.005	0	0.308	1	3.251	498	2.186	1
3198	3.638	8.058	0.549	1.217	0.005	0	0.151	1	6.632	461	2.215	1
3199	1.807	4.895	0.204	0.553	0.005	0	0.113	1	8.847	474	2.709	1
3200	2.899	7.572	1.316	3.438	0.005	0	0.454	1	2.203	452	2.612	1
3201	1.323	2.851	0.833	1.796	0.005	0	0.63	1	1.588	458	2.155	1
3202	3.852	10.709	0.455	1.264	0.005	0	0.118	1	8.495	462	2.78	1
3203	2.272	6.43	0.897	2.54	0.005	0	0.395	1	2.53	462	2.83	1
3204	2.983	6.971	0.379	0.885	0.005	0	0.127	1	7.868	454	2.337	1
3205	4.068	9.702	1.399	3.337	0.005	0	0.344	1	2.91	455	2.385	1
3206	4.381	7.86	0.548	0.982	0.005	0	0.125	1	7.994	481	1.794	1
3207	4.556	11.285	0.469	1.162	0.005	0	0.103	1	9.753	499	2.477	1
3208	4.252	11.931	0.714	2.004	0.005	0	0.168	1	5.955	469	2.806	1
3209	4.436	7.089	0.767	1.226	0.005	0	0.173	1	5.793	497	1.598	1
3210	3.892	7.177	1.572	2.9	0.005	0	0.404	1	2.474	472	1.844	1
3211	4.548	10.347	0.646	1.469	0.005	0	0.142	1	7.056	467	2.275	1
3212	1.876	4.549	0.265	0.641	0.005	0	0.141	1	7.095	484	2.425	1
3213	2.766	6.887	0.473	1.178	0.005	0	0.171	1	5.863	474	2.49	1
3214	1.985	3.206	0.304	0.491	0.005	0	0.153	1	6.523	471	1.615	1
3215	1.499	2.95	0.202	0.398	0.005	0	0.135	1	7.41	467	1.968	1
3216	2.346	5.567	0.298	0.707	0.005	0	0.127	1	7.853	492	2.373	1
3217	2.658	4.184	0.351	0.552	0.005	0	0.132	1	7.587	491	1.574	1
3218	3.501	6.634	1.372	2.601	0.005	0	0.392	1	2.553	456	1.895	1
3219	4.575	9.827	0.476	1.022	0.005	0	0.104	1	9.576	498	2.148	1
3220	4.034	8.108	0.71	1.427	0.005	0	0.176	1	5.676	481	2.01	1
3221	1.253	1.986	0.15	0.238	0.005	0	0.12	1	8.33	490	1.585	1
3222	2.876	6.969	0.538	1.303	0.005	0	0.187	1	5.348	483	2.423	1
3223	4.212	7.931	0.649	1.221	0.005	0	0.154	1	6.498	482	1.883	1
3224	1.857	4.173	0.197	0.442	0.005	0	0.106	1	9.407	462	2.247	1
3225	4.029	8.582	1.797	3.828	0.005	0	0.446	1	2.244	467	2.13	1
3226	1.654	3.933	0.174	0.413	0.005	0	0.105	1	9.523	452	2.378	1
3227	2.476	7.277	0.282	0.83	0.005	0	0.114	1	8.759	473	2.939	1
3228	4.246	11.362	0.633	1.693	0.005	0	0.149	1	6.692	451	2.676	1
3229	4.062	6.239	0.796	1.223	0.005	0	0.196	1	5.094	454	1.536	1
3230	4.441	6.719	0.964	1.458	0.005	0	0.217	1	4.599	452	1.513	1
3231	3.091	6.581	0.986	2.099	0.005	0	0.319	1	3.136	493	2.129	1
3232	1.195	3.085	0.813	2.098	0.005	0	0.68	1	1.47	476	2.582	1
3233	3.158	5.909	1.045	1.956	0.005	0	0.331	1	3.02	477	1.871	1
3234	1.912	3.665	0.6	1.151	0.005	0	0.314	1	3.181	466	1.917	1
3235	1.468	3.171	0.235	0.507	0.005	0	0.16	1	6.241	496	2.16	1
3236	4.481	11.225	4.185	10.484	0.005	0	0.934	1	1.071	484	2.505	1
3237	1.118	1.946	0.245	0.426	0.005	0	0.219	1	4.573	481	1.741	1
3238	1.541	3.453	0.174	0.39	0.005	0	0.113	1	8.849	469	2.241	1
3239	2.421	4.406	0.38	0.692	0.005	0	0.157	1	6.379	462	1.82	1
3240	3.863	7.9	0.421	0.861	0.005	0	0.109	1	9.195	462	2.045	1
3241	4.775	12.63	0.501	1.326	0.005	0	0.105	1	9.537	459	2.645	1
3242	4.141	11.587	0.733	2.051	0.005	0	0.177	1	5.636	468	2.798	1
3243	1.81	3.611	0.393	0.784	0.005	0	0.217	1	4.604	492	1.995	1
3244	4.605	8.234	0.571	1.021	0.005	0	0.124	1	8.054	478	1.788	1
3245	3.966	9.669	0.527	1.286	0.005	0	0.133	1	7.516	458	2.438	1
3246	2.103	5.636	1.903	5.101	0.005	0	0.905	1	1.105	494	2.68	1
3247	3.409	7.469	0.494	1.083	0.005	0	0.145	1	6.877	450	2.191	1
3248	1.45	4.311	0.296	0.879	0.005	0	0.204	1	4.91	463	2.973	1
3249	4.616	8.955	0.863	1.675	0.005	0	0.187	1	5.358	463	1.94	1
3250	3.982	6.813	3.655	6.254	0.005	0	0.918	1	1.089	457	1.711	1
3251	4.16	9.381	0.466	1.051	0.005	0	0.112	1	8.891	459	2.255	1
3252	4.63	8.663	2.287	4.28	0.005	0	0.494	1	2.023	472	1.871	1
3253	2.446	3.926	0.969	1.555	0.005	0	0.396	1	2.525	494	1.605	1
3254	4.315	12.069	0.488	1.364	0.005	0	0.113	1	8.861	490	2.797	1
3255	4.638	12.054	1.243	3.23	0.005	0	0.268	1	3.73	482	2.599	1
3256	3.516	7.384	0.432	0.908	0.005	0	0.123	1	8.099	483	2.1	1
3257	2.367	6.022	0.895	2.276	0.005	0	0.378	1	2.643	478	2.544	1
3258	4.451	12.147	1.22	3.328	0.005	0	0.274	1	3.652	464	2.729	1
3259	1.14	2.64	0.417	0.966	0.005	0	0.366	1	2.733	498	2.316	1
3260	3.519	6.827	0.552	1.072	0.005	0	0.157	1	6.376	467	1.94	1
3261	1.021	2.169	0.318	0.675	0.005	0	0.311	1	3.22	457	2.124	1
3262	1.009	2.46	0.164	0.401	0.005	0	0.163	1	6.145	458	2.438	1
3263	4.424	13.108	0.575	1.704	0.005	0	0.13	1	7.672	492	2.963	1
3264	2.488	7.108	0.408	1.166	0.005	0	0.164	1	6.107	480	2.857	1
3265	2.662	4.35	1.733	2.832	0.005	0	0.651	1	1.535	465	1.634	1
3266	1.49	2.827	1.326	2.516	0.005	0	0.89	1	1.124	472	1.897	1
3267	1.766	5.116	0.233	0.675	0.005	0	0.132	1	7.555	481	2.897	1
3268	2.137	4.088	1.81	3.463	0.005	0	0.847	1	1.181	490	1.913	1
3269	3.002	8.289	0.387	1.069	0.005	0	0.129	1	7.752	491	2.761	1
3270	2.563	5.344	0.405	0.844	0.005	0	0.158	1	6.322	450	2.085	1
3271	3.068	4.939	0.592	0.953	0.005	0	0.193	1	5.168	455	1.61	1
3272	2.352	4.713	1.428	2.861	0.005	0	0.607	1	1.647	480	2.004	1
3273	1.857	4.964	0.338	0.903	0.005	0	0.182	1	5.502	462	2.673	1
3274	3.12	7.398	0.774	1.835	0.005	0	0.248	1	4.032	472	2.371	1
3275	4.013	10.053	1.505	3.77	0.005	0	0.375	1	2.668	463	2.505	1
3276	2.419	7.182	0.314	0.934	0.005	0	0.13	1	7.694	450	2.969	1
3277	1.019	3.007	0.255	0.752	0.005	0	0.25	1	3.998	455	2.951	1
3278	4.264	12.097	3.676	10.428	0.005	0	0.862	1	1.16	463	2.837	1
3279	4.245	11.729	0.849	2.346	0.005	0	0.2	1	5.001	456	2.763	1
3280	2.563	5.205	1.253	2.545	0.005	0	0.489	1	2.046	453	2.031	1
3281	4.44	12.148	0.555	1.518	0.005	0	0.125	1	7.974	497	2.736	1
3282	1.796	5.28	0.388	1.14	0.005	0	0.216	1	4.636	496	2.94	1
3283	3.636	9.228	1.72	4.365	0.005	0	0.473	1	2.112	464	2.538	1
3284	3.856	9.621	0.563	1.405	0.005	0	0.146	1	6.847	497	2.495	1
3285	3.847	6.678	0.789	1.369	0.005	0	0.205	1	4.884	475	1.736	1
3286	3.11	7.455	2.476	5.934	0.005	0	0.796	1	1.256	459	2.397	1
3287	4.608	13.179	0.728	2.082	0.005	0	0.158	1	6.333	472	2.86	1
3288	4.27	10.645	0.734	1.831	0.005	0	0.172	1	5.82	471	2.493	1
3289	2.151	6.109	0.391	1.112	0.005	0	0.182	1	5.505	475	2.84	1
3290	4.911	7.774	0.688	1.088	0.005	0	0.14	1	7.139	499	1.583	1
3291	1.142	2.829	0.196	0.487	0.005	0	0.172	1	5.828	470	2.477	1
3292	1.207	2.368	0.14	0.275	0.005	0	0.116	1	8.637	460	1.962	1
3293	4.169	9.893	0.442	1.049	0.005	0	0.106	1	9.435	456	2.373	1
3294	2.443	5.267	0.332	0.716	0.005	0	0.136	1	7.333	490	2.156	1
3295	2.227	4.946	0.281	0.623	0.005	0	0.126	1	7.958	460	2.221	1
3296	4.067	7.898	0.72	1.398	0.005	0	0.177	1	5.661	493	1.942	1
3297	4.154	8.632	0.552	1.148	0.005	0	0.133	1	7.5	490	2.078	1
3298	4.129	9.889	0.962	2.304	0.005	0	0.233	1	4.283	458	2.395	1
3299	1.85	3.698	0.268	0.536	0.005	0	0.145	1	6.887	455	1.999	1
3300	3.89	8.01	0.572	1.177	0.005	0	0.147	1	6.784	485	2.059	1
3301	3.667	8.753	0.414	0.989	0.005	0	0.113	1	8.822	490	2.387	1
3302	4.491	9.031	0.602	1.21	0.005	0	0.134	1	7.446	490	2.011	1
3303	4.886	9.796	0.513	1.029	0.005	0	0.105	1	9.493	474	2.005	1
3304	2.545	4.187	1.214	1.997	0.005	0	0.477	1	2.096	478	1.645	1
3305	4.949	11.18	2.059	4.651	0.005	0	0.416	1	2.402	451	2.259	1
3306	3.857	6.588	0.559	0.955	0.005	0	0.145	1	6.896	453	1.708	1
3307	3.177	8.886	0.349	0.977	0.005	0	0.11	1	9.099	467	2.797	1
3308	2.791	8.356	0.461	1.379	0.005	0	0.165	1	6.048	487	2.994	1
3309	4.358	8.925	0.488	1.0	0.005	0	0.112	1	8.918	489	2.048	1
3310	4.579	13.21	1.026	2.959	0.005	0	0.224	1	4.466	471	2.885	1
3311	3.271	8.599	0.618	1.625	0.005	0	0.189	1	5.28	454	2.629	1
3312	1.336	3.853	0.139	0.401	0.005	0	0.104	1	9.585	450	2.884	1
3313	1.326	2.134	0.168	0.271	0.005	0	0.127	1	7.851	460	1.609	1
3314	4.268	11.114	0.947	2.467	0.005	0	0.222	1	4.497	472	2.604	1
3315	3.711	6.888	0.442	0.82	0.005	0	0.119	1	8.408	495	1.856	1
3316	4.974	9.958	0.572	1.145	0.005	0	0.115	1	8.716	481	2.002	1
3317	4.453	7.953	1.728	3.086	0.005	0	0.388	1	2.58	480	1.786	1
3318	1.037	2.46	0.193	0.458	0.005	0	0.186	1	5.38	492	2.372	1
3319	2.506	7.405	0.296	0.874	0.005	0	0.118	1	8.509	473	2.955	1
3320	2.068	3.787	0.254	0.466	0.005	0	0.123	1	8.133	486	1.831	1
3321	4.188	6.625	0.461	0.729	0.005	0	0.11	1	9.059	471	1.582	1
3322	4.728	8.416	0.582	1.035	0.005	0	0.123	1	8.107	459	1.78	1
3323	3.209	7.265	2.015	4.562	0.005	0	0.628	1	1.593	450	2.264	1
3324	2.426	3.974	0.393	0.644	0.005	0	0.162	1	6.186	491	1.638	1
3325	2.133	4.646	0.243	0.53	0.005	0	0.114	1	8.748	451	2.178	1
3326	2.898	8.178	0.304	0.859	0.005	0	0.105	1	9.548	498	2.822	1
3327	4.617	9.553	0.813	1.681	0.005	0	0.176	1	5.691	450	2.069	1
3328	1.776	3.396	0.201	0.384	0.005	0	0.113	1	8.859	471	1.912	1
3329	1.49	3.545	0.352	0.837	0.005	0	0.236	1	4.243	469	2.379	1
3330	3.261	7.647	0.385	0.902	0.005	0	0.118	1	8.477	476	2.345	1
3331	1.752	2.663	1.454	2.21	0.005	0	0.83	1	1.205	491	1.52	1
3332	4.127	8.233	0.697	1.391	0.005	0	0.169	1	5.924	493	1.995	1
3333	1.377	2.158	0.27	0.423	0.005	0	0.196	1	5.103	497	1.567	1
3334	1.971	4.202	0.678	1.445	0.005	0	0.344	1	2.906	474	2.132	1
3335	4.768	12.373	0.629	1.633	0.005	0	0.132	1	7.59	487	2.595	1
3336	1.157	3.142	0.18	0.49	0.005	0	0.156	1	6.424	495	2.716	1
3337	3.329	9.062	0.919	2.501	0.005	0	0.276	1	3.627	496	2.722	1
3338	2.49	4.328	0.473	0.822	0.005	0	0.19	1	5.273	464	1.738	1
3339	2.428	4.215	1.146	1.989	0.005	0	0.472	1	2.118	487	1.736	1
3340	2.114	3.209	0.243	0.369	0.005	0	0.115	1	8.69	456	1.518	1
3341	1.738	4.686	0.459	1.237	0.005	0	0.264	1	3.785	455	2.696	1
3342	3.843	8.635	0.738	1.658	0.005	0	0.192	1	5.22	457	2.247	1
3343	1.753	3.774	0.196	0.423	0.005	0	0.112	1	8.915	456	2.153	1
3344	4.623	7.485	0.509	0.823	0.005	0	0.11	1	9.093	471	1.619	1
3345	4.261	12.604	2.079	6.151	0.005	0	0.488	1	2.049	485	2.958	1
3346	4.829	7.813	0.488	0.789	0.005	0	0.101	1	9.92	489	1.618	1
3347	4.634	13.054	1.33	3.746	0.005	0	0.287	1	3.487	451	2.817	1
3348	1.069	3.048	0.113	0.323	0.005	0	0.106	1	9.391	450	2.851	1
3349	2.782	5.405	0.501	0.973	0.005	0	0.18	1	5.57	499	1.943	1
3350	1.46	3.384	0.574	1.33	0.005	0	0.393	1	2.543	465	2.318	1
3351	4.331	7.016	1.217	1.971	0.005	0	0.281	1	3.56	480	1.62	1
3352	4.453	9.222	3.269	6.769	0.005	0	0.734	1	1.363	496	2.071	1
3353	4.465	13.346	2.679	8.008	0.005	0	0.6	1	1.666	454	2.989	1
3354	1.916	4.38	0.305	0.696	0.005	0	0.159	1	6.276	480	2.286	1
3355	3.62	10.053	2.02	5.61	0.005	0	0.558	1	1.793	487	2.777	1
3356	1.937	3.08	1.061	1.688	0.005	0	0.548	1	1.824	475	1.59	1
3357	4.152	11.783	0.606	1.72	0.005	0	0.146	1	6.856	456	2.838	1
3358	2.998	8.361	0.657	1.831	0.005	0	0.219	1	4.576	485	2.789	1
3359	2.976	4.744	0.372	0.593	0.005	0	0.125	1	7.988	464	1.594	1
3360	4.659	9.821	0.48	1.012	0.005	0	0.103	1	9.73	462	2.108	1
3361	2.803	4.277	0.294	0.449	0.005	0	0.105	1	9.48	472	1.526	1
3362	2.324	6.833	0.541	1.592	0.005	0	0.233	1	4.293	450	2.94	1
3363	3.226	6.833	1.497	3.171	0.005	0	0.464	1	2.154	463	2.118	1
3364	2.652	6.943	0.461	1.208	0.005	0	0.174	1	5.733	498	2.618	1
3365	3.216	6.451	0.412	0.826	0.005	0	0.128	1	7.79	462	2.006	1
3366	4.418	7.082	1.051	1.686	0.005	0	0.238	1	4.207	461	1.603	1
3367	2.997	5.035	1.519	2.553	0.005	0	0.507	1	1.971	467	1.68	1
3368	3.316	5.581	0.856	1.44	0.005	0	0.258	1	3.876	464	1.683	1
3369	2.454	5.661	0.326	0.753	0.005	0	0.133	1	7.509	465	2.307	1
3370	4.077	9.87	0.416	1.007	0.005	0	0.102	1	9.787	480	2.421	1
3371	4.429	8.995	0.585	1.187	0.005	0	0.132	1	7.548	454	2.031	1
3372	4.981	8.747	0.682	1.198	0.005	0	0.137	1	7.303	450	1.756	1
3373	1.975	4.294	0.284	0.618	0.005	0	0.144	1	6.968	490	2.174	1
3374	2.952	5.945	1.86	3.745	0.005	0	0.63	1	1.588	452	2.014	1
3375	3.281	5.355	0.407	0.664	0.005	0	0.124	1	8.095	468	1.632	1
3376	4.168	7.973	0.604	1.156	0.005	0	0.145	1	6.907	476	1.913	1
3377	1.408	2.139	0.773	1.174	0.005	0	0.549	1	1.82	458	1.519	1
3378	1.996	5.543	0.323	0.898	0.005	0	0.162	1	6.172	496	2.777	1
3379	2.798	4.913	0.951	1.67	0.005	0	0.34	1	2.939	462	1.756	1
3380	1.701	3.201	0.316	0.595	0.005	0	0.186	1	5.388	470	1.882	1
3381	1.392	4.147	0.32	0.954	0.005	0	0.23	1	4.355	480	2.979	1
3382	3.364	9.796	2.129	6.201	0.005	0	0.633	1	1.581	480	2.912	1
3383	1.457	4.101	0.275	0.775	0.005	0	0.189	1	5.297	473	2.815	1
3384	3.37	9.813	0.974	2.836	0.005	0	0.289	1	3.463	480	2.912	1
3385	3.81	9.453	1.768	4.386	0.005	0	0.464	1	2.153	483	2.481	1
3386	3.048	7.998	0.582	1.528	0.005	0	0.191	1	5.223	469	2.624	1
3387	4.466	11.437	0.451	1.155	0.005	0	0.101	1	9.927	495	2.561	1
3388	2.385	5.221	0.417	0.914	0.005	0	0.175	1	5.727	478	2.189	1
3389	4.176	10.64	0.514	1.309	0.005	0	0.123	1	8.156	464	2.548	1
3390	4.6	8.703	0.851	1.61	0.005	0	0.185	1	5.404	483	1.892	1
3391	2.735	6.955	0.506	1.287	0.005	0	0.185	1	5.397	455	2.543	1
3392	4.988	13.283	1.417	3.772	0.005	0	0.284	1	3.518	498	2.663	1
3393	4.694	11.289	0.554	1.332	0.005	0	0.118	1	8.508	462	2.405	1
3394	1.593	4.01	0.198	0.497	0.005	0	0.124	1	8.094	457	2.517	1
3395	1.115	3.184	0.18	0.513	0.005	0	0.161	1	6.205	475	2.856	1
3396	2.918	6.312	0.318	0.688	0.005	0	0.109	1	9.158	471	2.163	1
3397	2.036	4.284	0.513	1.08	0.005	0	0.252	1	3.968	469	2.104	1
3398	1.51	4.3	0.168	0.477	0.005	0	0.111	1	9.003	458	2.848	1
3399	1.886	4.689	0.247	0.614	0.005	0	0.131	1	7.621	472	2.486	1
3400	1.161	3.044	0.303	0.794	0.005	0	0.261	1	3.832	464	2.622	1
3401	4.38	10.35	0.477	1.128	0.005	0	0.109	1	9.206	468	2.363	1
3402	4.483	8.361	0.498	0.928	0.005	0	0.111	1	8.988	458	1.865	1
3403	2.425	4.998	0.327	0.675	0.005	0	0.135	1	7.393	479	2.061	1
3404	3.756	11.245	0.62	1.855	0.005	0	0.165	1	6.07	474	2.994	1
3405	1.634	3.533	0.801	1.731	0.005	0	0.49	1	2.039	499	2.162	1
3406	4.267	12.127	1.054	2.995	0.005	0	0.247	1	4.053	483	2.842	1
3407	1.715	3.737	0.557	1.215	0.005	0	0.325	1	3.073	487	2.179	1
3408	2.398	4.937	0.506	1.042	0.005	0	0.211	1	4.732	455	2.059	1
3409	3.364	9.846	0.437	1.28	0.005	0	0.13	1	7.699	465	2.927	1
3410	1.746	4.241	1.348	3.274	0.005	0	0.772	1	1.296	493	2.429	1
3411	3.871	6.929	1.63	2.917	0.005	0	0.421	1	2.375	488	1.79	1
3412	3.453	5.625	3.239	5.276	0.005	0	0.938	1	1.066	496	1.629	1
3413	3.564	7.463	2.064	4.321	0.005	0	0.579	1	1.727	453	2.094	1
3414	4.872	14.012	0.711	2.046	0.005	0	0.146	1	6.84	462	2.876	1
3415	3.682	8.69	0.401	0.947	0.005	0	0.109	1	9.148	453	2.36	1
3416	2.19	6.079	0.276	0.766	0.005	0	0.126	1	7.911	473	2.776	1
3417	4.301	9.707	0.826	1.864	0.005	0	0.192	1	5.212	498	2.257	1
3418	4.837	8.247	0.934	1.592	0.005	0	0.193	1	5.189	498	1.705	1
3419	3.296	7.858	3.128	7.457	0.005	0	0.949	1	1.054	484	2.384	1
3420	2.343	4.435	0.312	0.59	0.005	0	0.133	1	7.543	492	1.893	1
3421	1.693	2.763	0.179	0.293	0.005	0	0.106	1	9.442	459	1.632	1
3422	3.626	7.455	0.431	0.887	0.005	0	0.119	1	8.378	450	2.056	1
3423	2.012	3.595	0.374	0.669	0.005	0	0.186	1	5.377	455	1.787	1
3424	3.772	7.269	0.611	1.178	0.005	0	0.162	1	6.167	491	1.927	1
3425	4.628	9.885	0.514	1.097	0.005	0	0.111	1	8.991	476	2.136	1
3426	1.815	3.819	1.679	3.533	0.005	0	0.925	1	1.081	496	2.104	1
3427	3.177	5.858	0.632	1.166	0.005	0	0.199	1	5.018	498	1.844	1
3428	3.968	6.44	0.425	0.689	0.005	0	0.107	1	9.376	459	1.623	1
3429	2.645	4.137	0.434	0.678	0.005	0	0.164	1	6.099	477	1.564	1
3430	2.768	6.178	0.592	1.322	0.005	0	0.214	1	4.678	495	2.232	1
3431	2.959	5.542	0.488	0.914	0.005	0	0.165	1	6.079	488	1.873	1
3432	3.131	6.531	0.373	0.777	0.005	0	0.119	1	8.383	478	2.086	1
3433	2.953	8.079	0.372	1.018	0.005	0	0.126	1	7.925	487	2.736	1
3434	2.324	6.621	1.29	3.675	0.005	0	0.555	1	1.802	482	2.849	1
3435	4.469	10.556	1.636	3.863	0.005	0	0.366	1	2.731	485	2.362	1
3436	2.643	7.778	0.46	1.353	0.005	0	0.174	1	5.759	484	2.943	1
3437	2.566	7.023	1.203	3.294	0.005	0	0.469	1	2.134	473	2.737	1
3438	1.761	3.906	0.551	1.223	0.005	0	0.313	1	3.194	480	2.218	1
3439	1.784	3.625	0.191	0.388	0.005	0	0.107	1	9.33	467	2.032	1
3440	1.284	3.724	0.15	0.436	0.005	0	0.117	1	8.522	453	2.9	1
3441	4.543	7.437	2.29	3.748	0.005	0	0.504	1	1.985	456	1.637	1
3442	4.03	10.325	0.431	1.105	0.005	0	0.107	1	9.309	497	2.562	1
3443	3.668	7.85	0.389	0.832	0.005	0	0.106	1	9.413	489	2.14	1
3444	3.785	6.669	0.413	0.727	0.005	0	0.109	1	9.178	475	1.762	1
3445	3.728	10.286	0.857	2.366	0.005	0	0.23	1	4.35	468	2.759	1
3446	3.502	5.736	0.497	0.815	0.005	0	0.142	1	7.05	481	1.638	1
3447	3.047	4.954	0.344	0.56	0.005	0	0.113	1	8.855	480	1.626	1
3448	1.031	1.744	0.187	0.316	0.005	0	0.181	1	5.52	458	1.692	1
3449	2.657	5.202	0.414	0.812	0.005	0	0.156	1	6.427	496	1.958	1
3450	3.174	6.719	0.413	0.873	0.005	0	0.13	1	7.69	478	2.117	1
3451	4.837	10.767	0.58	1.292	0.005	0	0.12	1	8.361	483	2.226	1
3452	3.452	5.982	0.356	0.616	0.005	0	0.103	1	9.723	471	1.733	1
3453	4.444	11.074	1.564	3.898	0.005	0	0.352	1	2.838	470	2.492	1
3454	2.656	6.133	0.802	1.852	0.005	0	0.302	1	3.312	488	2.309	1
3455	1.617	3.983	0.173	0.426	0.005	0	0.107	1	9.381	486	2.463	1
3456	3.708	7.731	0.853	1.778	0.005	0	0.23	1	4.352	472	2.085	1
3457	1.723	4.866	0.265	0.749	0.005	0	0.154	1	6.498	452	2.824	1
3458	2.267	6.012	1.344	3.565	0.005	0	0.593	1	1.686	488	2.652	1
3459	1.442	3.126	0.741	1.607	0.005	0	0.514	1	1.945	457	2.168	1
3460	1.456	2.402	0.281	0.464	0.005	0	0.193	1	5.17	473	1.65	1
3461	3.532	6.623	0.537	1.007	0.005	0	0.152	1	6.6	467	1.875	1
3462	1.737	4.791	0.36	0.992	0.005	0	0.207	1	4.82	488	2.758	1
3463	4.21	6.993	0.48	0.797	0.005	0	0.114	1	8.752	461	1.661	1
3464	1.988	3.292	0.555	0.918	0.005	0	0.279	1	3.579	455	1.656	1
3465	3.474	8.306	1.529	3.655	0.005	0	0.44	1	2.272	487	2.391	1
3466	2.907	5.14	1.384	2.447	0.005	0	0.476	1	2.099	485	1.768	1
3467	4.919	9.986	1.043	2.117	0.005	0	0.212	1	4.724	474	2.03	1
3468	4.299	8.568	0.752	1.499	0.005	0	0.175	1	5.713	488	1.993	1
3469	2.585	6.868	0.279	0.742	0.005	0	0.108	1	9.278	499	2.657	1
3470	1.845	3.482	0.275	0.519	0.005	0	0.149	1	6.697	453	1.887	1
3471	1.827	3.806	0.239	0.499	0.005	0	0.131	1	7.62	481	2.083	1
3472	4.949	10.363	0.718	1.503	0.005	0	0.145	1	6.901	462	2.094	1
3473	1.164	2.684	0.161	0.37	0.005	0	0.138	1	7.241	493	2.306	1
3474	4.532	9.834	0.603	1.308	0.005	0	0.133	1	7.493	470	2.17	1
3475	3.94	9.44	0.934	2.237	0.005	0	0.237	1	4.228	470	2.396	1
3476	4.58	9.302	0.962	1.953	0.005	0	0.21	1	4.772	498	2.031	1
3477	3.226	8.988	0.581	1.618	0.005	0	0.18	1	5.543	488	2.786	1
3478	2.516	4.476	0.476	0.846	0.005	0	0.189	1	5.3	483	1.779	1
3479	4.872	9.778	0.59	1.183	0.005	0	0.121	1	8.277	489	2.007	1
3480	2.657	7.724	0.372	1.081	0.005	0	0.14	1	7.143	466	2.907	1
3481	1.113	3.293	0.183	0.54	0.005	0	0.164	1	6.112	461	2.959	1
3482	4.45	8.504	1.54	2.942	0.005	0	0.346	1	2.893	459	1.911	1
3483	1.551	2.499	0.78	1.257	0.005	0	0.503	1	1.99	464	1.611	1
3484	1.676	4.884	0.546	1.592	0.005	0	0.326	1	3.065	458	2.914	1
3485	3.716	8.008	0.933	2.01	0.005	0	0.251	1	3.99	463	2.155	1
3486	1.151	3.235	0.272	0.763	0.005	0	0.236	1	4.245	497	2.811	1
3487	4.875	13.397	0.721	1.983	0.005	0	0.148	1	6.748	479	2.748	1
3488	2.652	5.803	0.31	0.679	0.005	0	0.117	1	8.517	495	2.188	1
3489	4.226	12.175	1.424	4.103	0.005	0	0.337	1	2.971	456	2.881	1
3490	1.378	3.371	0.171	0.418	0.005	0	0.124	1	8.09	455	2.446	1
3491	4.224	9.871	1.09	2.547	0.005	0	0.258	1	3.877	463	2.337	1
3492	4.729	9.34	0.917	1.812	0.005	0	0.194	1	5.162	456	1.975	1
3493	2.883	7.352	1.09	2.779	0.005	0	0.378	1	2.649	481	2.55	1
3494	4.159	8.318	1.14	2.279	0.005	0	0.274	1	3.654	499	2.0	1
3495	3.712	6.073	1.589	2.599	0.005	0	0.428	1	2.336	478	1.636	1
3496	4.082	9.266	0.412	0.936	0.005	0	0.101	1	9.889	475	2.27	1
3497	1.978	5.147	0.338	0.88	0.005	0	0.171	1	5.863	493	2.602	1
3498	3.252	8.754	0.634	1.707	0.005	0	0.195	1	5.135	450	2.692	1
3499	4.55	8.572	1.065	2.006	0.005	0	0.234	1	4.281	478	1.884	1
3500	2.309	6.511	0.249	0.703	0.005	0	0.108	1	9.275	497	2.82	1
3501	2.663	6.998	0.29	0.763	0.005	0	0.109	1	9.182	485	2.628	1
3502	2.932	7.007	0.856	2.046	0.005	0	0.292	1	3.429	475	2.39	1
3503	1.232	3.425	0.192	0.534	0.005	0	0.156	1	6.393	484	2.78	1
3504	2.267	4.699	0.268	0.554	0.005	0	0.118	1	8.503	451	2.073	1
3505	1.732	3.994	0.475	1.094	0.005	0	0.274	1	3.643	486	2.306	1
3506	1.087	2.408	0.334	0.739	0.005	0	0.307	1	3.253	478	2.215	1
3507	4.297	10.283	0.902	2.159	0.005	0	0.21	1	4.77	469	2.393	1
3508	3.547	6.246	3.359	5.915	0.005	0	0.947	1	1.056	458	1.761	1
3509	2.186	4.407	0.492	0.992	0.005	0	0.225	1	4.445	451	2.016	1
3510	1.875	4.839	0.729	1.882	0.005	0	0.389	1	2.571	478	2.581	1
3511	4.273	8.469	0.483	0.957	0.005	0	0.113	1	8.819	464	1.982	1
3512	1.615	2.626	0.178	0.289	0.005	0	0.11	1	9.059	456	1.626	1
3513	2.438	6.47	0.344	0.912	0.005	0	0.141	1	7.09	478	2.654	1
3514	3.713	10.563	0.691	1.965	0.005	0	0.186	1	5.376	469	2.845	1
3515	4.629	8.883	0.764	1.466	0.005	0	0.165	1	6.079	471	1.919	1
3516	3.357	6.902	0.648	1.332	0.005	0	0.193	1	5.185	480	2.056	1
3517	4.637	9.673	0.547	1.141	0.005	0	0.118	1	8.5	465	2.086	1
3518	3.489	7.997	0.37	0.848	0.005	0	0.106	1	9.426	479	2.292	1
3519	2.828	8.334	0.795	2.342	0.005	0	0.281	1	3.564	493	2.947	1
3520	3.619	7.629	0.684	1.442	0.005	0	0.189	1	5.288	477	2.108	1
3521	2.839	6.68	0.872	2.051	0.005	0	0.307	1	3.253	489	2.353	1
3522	4.813	13.876	0.746	2.151	0.005	0	0.155	1	6.464	477	2.883	1
3523	1.68	4.817	0.217	0.621	0.005	0	0.129	1	7.739	497	2.867	1
3524	2.932	4.729	0.405	0.653	0.005	0	0.138	1	7.258	460	1.613	1
3525	4.121	11.65	0.42	1.188	0.005	0	0.102	1	9.803	454	2.827	1
3526	4.811	10.868	1.934	4.369	0.005	0	0.402	1	2.489	473	2.259	1
3527	1.673	3.015	0.52	0.938	0.005	0	0.311	1	3.215	475	1.802	1
3528	4.764	12.563	1.41	3.719	0.005	0	0.296	1	3.378	457	2.637	1
3529	1.882	5.262	0.297	0.831	0.005	0	0.158	1	6.315	475	2.796	1
3530	3.15	8.962	0.438	1.246	0.005	0	0.139	1	7.212	472	2.845	1
3531	1.134	2.657	0.166	0.388	0.005	0	0.146	1	6.869	456	2.343	1
3532	1.216	2.363	0.5	0.971	0.005	0	0.411	1	2.431	453	1.943	1
3533	4.225	8.737	2.007	4.15	0.005	0	0.475	1	2.104	468	2.068	1
3534	2.045	4.937	0.397	0.958	0.005	0	0.194	1	5.154	476	2.414	1
3535	3.084	6.035	0.376	0.736	0.005	0	0.122	1	8.187	486	1.957	1
3536	1.061	2.511	0.69	1.632	0.005	0	0.65	1	1.539	467	2.367	1
3537	1.714	2.664	0.379	0.589	0.005	0	0.221	1	4.519	452	1.554	1
3538	1.883	5.395	0.392	1.122	0.005	0	0.208	1	4.804	476	2.865	1
3539	1.622	3.627	0.245	0.548	0.005	0	0.151	1	6.632	460	2.236	1
3540	3.191	5.265	0.609	1.006	0.005	0	0.191	1	5.229	457	1.65	1
3541	1.063	2.831	0.15	0.399	0.005	0	0.141	1	7.09	493	2.663	1
3542	3.25	6.516	1.804	3.616	0.005	0	0.555	1	1.803	455	2.005	1
3543	3.033	5.878	0.807	1.564	0.005	0	0.266	1	3.763	496	1.938	1
3544	3.517	5.381	0.816	1.248	0.005	0	0.232	1	4.316	494	1.53	1
3545	2.903	7.588	1.359	3.551	0.005	0	0.468	1	2.135	452	2.614	1
3546	2.904	7.272	0.421	1.054	0.005	0	0.145	1	6.89	476	2.504	1
3547	4.153	9.515	1.101	2.521	0.005	0	0.265	1	3.769	453	2.291	1
3548	2.867	7.314	0.373	0.951	0.005	0	0.13	1	7.696	490	2.551	1
3549	3.104	4.892	0.314	0.494	0.005	0	0.101	1	9.926	476	1.576	1
3550	2.24	5.685	0.585	1.484	0.005	0	0.261	1	3.832	472	2.538	1
3551	2.471	7.112	0.42	1.209	0.005	0	0.17	1	5.891	485	2.878	1
3552	1.059	2.642	0.958	2.391	0.005	0	0.905	1	1.105	467	2.495	1
3553	3.646	7.113	0.408	0.797	0.005	0	0.112	1	8.956	497	1.951	1
3554	2.244	3.523	0.227	0.356	0.005	0	0.101	1	9.914	464	1.57	1
3555	2.123	5.121	0.242	0.584	0.005	0	0.114	1	8.738	464	2.412	1
3556	3.383	9.807	0.365	1.059	0.005	0	0.108	1	9.237	450	2.899	1
3557	1.834	4.592	0.299	0.748	0.005	0	0.163	1	6.147	453	2.504	1
3558	2.852	5.313	0.975	1.817	0.005	0	0.342	1	2.92	482	1.863	1
3559	1.51	4.388	0.554	1.61	0.005	0	0.367	1	2.728	464	2.906	1
3560	1.928	3.711	0.453	0.872	0.005	0	0.235	1	4.258	451	1.925	1
3561	4.943	11.848	0.529	1.268	0.005	0	0.107	1	9.32	482	2.397	1
3562	2.603	4.477	0.534	0.918	0.005	0	0.205	1	4.888	487	1.72	1
3563	1.347	3.241	0.163	0.392	0.005	0	0.121	1	8.251	490	2.406	1
3564	1.749	3.568	0.201	0.41	0.005	0	0.115	1	8.685	480	2.04	1
3565	2.472	3.75	2.405	3.649	0.005	0	0.973	1	1.028	480	1.517	1
3566	4.699	7.157	0.489	0.744	0.005	0	0.104	1	9.574	494	1.523	1
3567	1.122	2.478	1.119	2.471	0.005	0	0.997	1	1.003	484	2.209	1
3568	4.478	13.147	2.682	7.875	0.005	0	0.599	1	1.669	472	2.936	1
3569	4.895	13.848	0.622	1.759	0.005	0	0.127	1	7.854	452	2.829	1
3570	2.914	8.707	0.737	2.203	0.005	0	0.253	1	3.947	476	2.988	1
3571	4.196	8.228	0.545	1.07	0.005	0	0.13	1	7.716	457	1.961	1
3572	4.174	10.114	1.991	4.824	0.005	0	0.477	1	2.096	456	2.423	1
3573	1.59	3.458	0.305	0.664	0.005	0	0.192	1	5.21	459	2.175	1
3574	1.618	4.81	0.272	0.808	0.005	0	0.168	1	5.965	461	2.973	1
3575	4.213	7.752	0.493	0.907	0.005	0	0.117	1	8.583	497	1.84	1
3576	2.563	4.547	0.29	0.514	0.005	0	0.113	1	8.862	466	1.774	1
3577	2.687	6.704	0.688	1.716	0.005	0	0.256	1	3.902	494	2.495	1
3578	3.919	7.767	2.026	4.016	0.005	0	0.517	1	1.933	492	1.982	1
3579	1.02	1.655	0.105	0.17	0.005	0	0.103	1	9.67	451	1.623	1
3580	4.794	10.724	0.829	1.855	0.005	0	0.173	1	5.797	467	2.237	1
3581	1.628	2.657	0.177	0.29	0.005	0	0.109	1	9.209	461	1.632	1
3582	3.077	8.613	0.455	1.275	0.005	0	0.148	1	6.741	454	2.799	1
3583	3.307	8.721	0.866	2.285	0.005	0	0.262	1	3.817	486	2.637	1
3584	4.528	8.658	1.05	2.009	0.005	0	0.232	1	4.315	463	1.912	1
3585	3.937	6.004	0.406	0.618	0.005	0	0.103	1	9.678	479	1.525	1
3586	2.904	6.38	0.319	0.702	0.005	0	0.11	1	9.068	470	2.197	1
3587	1.811	3.16	0.297	0.518	0.005	0	0.164	1	6.093	499	1.745	1
3588	4.396	11.346	0.774	1.997	0.005	0	0.176	1	5.689	490	2.581	1
3589	2.368	5.754	0.663	1.611	0.005	0	0.28	1	3.568	467	2.43	1
3590	2.08	6.08	0.333	0.973	0.005	0	0.16	1	6.261	469	2.923	1
3591	3.435	9.711	1.505	4.253	0.005	0	0.438	1	2.281	466	2.827	1
3592	1.069	2.336	0.111	0.243	0.005	0	0.104	1	9.635	490	2.185	1
3593	1.679	4.723	0.324	0.912	0.005	0	0.193	1	5.191	461	2.813	1
3594	1.578	4.532	0.196	0.562	0.005	0	0.124	1	8.044	496	2.872	1
3595	1.816	2.788	0.278	0.427	0.005	0	0.153	1	6.544	493	1.535	1
3596	1.003	2.129	0.12	0.255	0.005	0	0.12	1	8.35	478	2.123	1
3597	2.982	7.616	0.406	1.036	0.005	0	0.136	1	7.328	485	2.554	1
3598	3.522	6.287	1.768	3.156	0.005	0	0.502	1	1.991	455	1.785	1
3599	3.312	7.293	1.282	2.822	0.005	0	0.387	1	2.584	479	2.202	1
3600	2.181	4.445	0.41	0.836	0.005	0	0.188	1	5.329	477	2.038	1
3601	2.227	3.585	2.149	3.46	0.005	0	0.965	1	1.036	468	1.61	1
3602	4.172	10.422	0.438	1.094	0.005	0	0.105	1	9.563	464	2.498	1
3603	3.138	6.885	0.38	0.833	0.005	0	0.121	1	8.243	458	2.194	1
3604	2.576	4.253	1.37	2.263	0.005	0	0.532	1	1.881	456	1.651	1
3605	2.18	5.498	0.342	0.863	0.005	0	0.157	1	6.358	472	2.522	1
3606	2.153	5.152	0.256	0.613	0.005	0	0.119	1	8.395	457	2.393	1
3607	3.304	9.535	0.492	1.421	0.005	0	0.149	1	6.695	474	2.886	1
3608	3.478	6.601	1.301	2.469	0.005	0	0.374	1	2.675	452	1.898	1
3609	3.679	8.609	0.655	1.532	0.005	0	0.178	1	5.625	479	2.34	1
3610	1.513	4.363	0.283	0.816	0.005	0	0.187	1	5.339	464	2.884	1
3611	1.986	5.902	0.234	0.696	0.005	0	0.118	1	8.444	486	2.972	1
3612	4.55	11.689	1.929	4.956	0.005	0	0.424	1	2.358	460	2.569	1
3613	2.045	4.309	0.38	0.801	0.005	0	0.186	1	5.368	450	2.107	1
3614	1.692	3.579	0.477	1.009	0.005	0	0.282	1	3.546	497	2.115	1
3615	3.699	6.188	0.499	0.835	0.005	0	0.135	1	7.433	487	1.673	1
3616	2.944	4.752	1.298	2.096	0.005	0	0.441	1	2.267	460	1.614	1
3617	4.071	8.997	0.863	1.907	0.005	0	0.212	1	4.708	476	2.21	1
3618	3.263	9.306	0.995	2.838	0.005	0	0.305	1	3.277	477	2.852	1
3619	1.855	3.929	0.245	0.519	0.005	0	0.132	1	7.594	477	2.118	1
3620	2.305	5.32	0.295	0.681	0.005	0	0.128	1	7.805	478	2.308	1
3621	3.861	9.954	1.88	4.848	0.005	0	0.487	1	2.052	466	2.578	1
3622	2.711	7.908	0.317	0.925	0.005	0	0.117	1	8.557	454	2.917	1
3623	2.134	4.445	1.37	2.854	0.005	0	0.642	1	1.558	458	2.083	1
3624	3.131	7.333	0.326	0.763	0.005	0	0.104	1	9.64	480	2.342	1
3625	2.392	6.628	1.418	3.93	0.005	0	0.593	1	1.686	469	2.771	1
3626	3.737	10.18	0.381	1.038	0.005	0	0.102	1	9.85	492	2.724	1
3627	3.549	8.259	0.809	1.883	0.005	0	0.228	1	4.39	483	2.327	1
3628	2.181	5.972	0.51	1.397	0.005	0	0.234	1	4.282	456	2.738	1
3629	3.709	10.86	0.66	1.933	0.005	0	0.178	1	5.626	484	2.928	1
3630	3.697	9.535	0.902	2.327	0.005	0	0.244	1	4.105	460	2.579	1
3631	4.037	9.499	3.855	9.072	0.005	0	0.955	1	1.047	454	2.353	1
3632	1.8	2.947	0.243	0.398	0.005	0	0.135	1	7.382	488	1.637	1
3633	4.096	11.502	0.745	2.093	0.005	0	0.182	1	5.486	458	2.808	1
3634	1.171	3.128	0.192	0.513	0.005	0	0.164	1	6.109	475	2.671	1
3635	2.222	4.982	0.373	0.837	0.005	0	0.168	1	5.944	492	2.242	1
3636	4.936	13.214	1.219	3.264	0.005	0	0.247	1	4.046	461	2.677	1
3637	1.028	2.641	0.45	1.157	0.005	0	0.438	1	2.284	470	2.569	1
3638	4.409	11.865	0.794	2.136	0.005	0	0.18	1	5.544	484	2.691	1
3639	1.406	3.197	0.295	0.671	0.005	0	0.21	1	4.758	490	2.274	1
3640	3.131	7.63	0.611	1.488	0.005	0	0.195	1	5.131	452	2.437	1
3641	1.025	1.879	0.315	0.577	0.005	0	0.307	1	3.261	498	1.833	1
3642	4.443	11.036	2.697	6.699	0.005	0	0.607	1	1.648	477	2.484	1
3643	3.231	6.074	1.076	2.023	0.005	0	0.333	1	3.006	483	1.88	1
3644	3.036	6.801	0.307	0.687	0.005	0	0.101	1	9.937	458	2.24	1
3645	2.818	4.627	1.463	2.401	0.005	0	0.519	1	1.928	487	1.642	1
3646	4.836	8.956	0.663	1.227	0.005	0	0.137	1	7.317	457	1.852	1
3647	2.858	4.684	0.48	0.787	0.005	0	0.168	1	5.958	498	1.639	1
3648	2.704	7.258	0.427	1.147	0.005	0	0.158	1	6.347	496	2.684	1
3649	2.199	6.045	0.361	0.991	0.005	0	0.164	1	6.082	475	2.749	1
3650	1.016	2.19	0.106	0.228	0.005	0	0.104	1	9.661	460	2.156	1
3651	2.431	5.506	0.282	0.639	0.005	0	0.116	1	8.646	488	2.265	1
3652	1.5	2.936	0.256	0.502	0.005	0	0.171	1	5.831	456	1.957	1
3653	1.045	2.204	0.11	0.231	0.005	0	0.105	1	9.49	452	2.109	1
3654	4.556	10.602	3.367	7.835	0.005	0	0.739	1	1.354	462	2.327	1
3655	2.262	4.734	0.891	1.865	0.005	0	0.394	1	2.537	463	2.093	1
3656	3.885	7.16	0.416	0.766	0.005	0	0.107	1	9.359	490	1.843	1
3657	1.617	3.271	1.059	2.143	0.005	0	0.655	1	1.526	452	2.023	1
3658	2.489	7.362	0.423	1.252	0.005	0	0.17	1	5.866	479	2.958	1
3659	4.116	7.771	0.543	1.026	0.005	0	0.132	1	7.573	453	1.888	1
3660	3.603	7.04	0.386	0.753	0.005	0	0.107	1	9.318	468	1.954	1
3661	3.693	6.389	0.399	0.69	0.005	0	0.108	1	9.302	484	1.73	1
3662	3.491	5.621	0.349	0.562	0.005	0	0.1	1	9.959	466	1.61	1
3663	3.3	8.768	0.759	2.017	0.005	0	0.23	1	4.339	466	2.657	1
3664	1.117	3.021	0.481	1.302	0.005	0	0.431	1	2.322	451	2.705	1
3665	3.175	5.832	0.892	1.639	0.005	0	0.281	1	3.564	472	1.837	1
3666	4.886	12.577	0.537	1.383	0.005	0	0.11	1	9.088	478	2.574	1
3667	4.524	12.115	2.855	7.645	0.005	0	0.631	1	1.585	466	2.678	1
3668	1.3	3.669	0.162	0.459	0.005	0	0.125	1	7.987	459	2.822	1
3669	3.743	8.186	0.438	0.958	0.005	0	0.117	1	8.521	474	2.187	1
3670	1.601	2.888	0.613	1.106	0.005	0	0.383	1	2.611	493	1.804	1
3671	1.982	3.27	1.659	2.737	0.005	0	0.837	1	1.195	484	1.65	1
3672	4.756	8.423	2.483	4.397	0.005	0	0.522	1	1.914	494	1.771	1
3673	1.684	2.999	0.451	0.804	0.005	0	0.268	1	3.728	458	1.781	1
3674	4.837	8.121	1.412	2.371	0.005	0	0.292	1	3.429	482	1.679	1
3675	4.952	10.657	1.065	2.291	0.005	0	0.215	1	4.652	487	2.152	1
3676	4.397	9.607	0.55	1.201	0.005	0	0.125	1	8.026	461	2.185	1
3677	1.4	3.336	0.937	2.232	0.005	0	0.669	1	1.494	479	2.383	1
3678	3.652	6.625	0.522	0.947	0.005	0	0.143	1	7.004	459	1.814	1
3679	1.674	4.224	0.236	0.596	0.005	0	0.141	1	7.081	498	2.523	1
3680	4.067	7.87	0.724	1.401	0.005	0	0.178	1	5.616	494	1.935	1
3681	4.226	12.623	0.478	1.426	0.005	0	0.113	1	8.858	499	2.987	1
3682	2.044	4.681	0.374	0.857	0.005	0	0.183	1	5.47	482	2.29	1
3683	1.946	3.363	0.195	0.336	0.005	0	0.1	1	9.961	458	1.728	1
3684	1.8	2.993	0.295	0.491	0.005	0	0.164	1	6.089	479	1.663	1
3685	4.783	10.781	0.909	2.048	0.005	0	0.19	1	5.267	471	2.254	1
3686	4.02	7.734	0.454	0.874	0.005	0	0.113	1	8.873	492	1.924	1
3687	1.167	2.657	0.124	0.282	0.005	0	0.106	1	9.465	474	2.277	1
3688	2.648	5.415	0.307	0.628	0.005	0	0.116	1	8.651	459	2.045	1
3689	1.779	3.154	0.366	0.65	0.005	0	0.206	1	4.848	461	1.773	1
3690	2.408	7.063	0.508	1.49	0.005	0	0.211	1	4.735	474	2.933	1
3691	2.47	5.56	1.173	2.641	0.005	0	0.475	1	2.104	454	2.251	1
3692	1.724	3.641	0.622	1.314	0.005	0	0.361	1	2.768	458	2.112	1
3693	4.705	8.996	0.805	1.538	0.005	0	0.171	1	5.861	460	1.912	1
3694	4.911	10.416	0.732	1.552	0.005	0	0.149	1	6.692	490	2.121	1
3695	4.006	6.486	1.042	1.686	0.005	0	0.26	1	3.847	474	1.619	1
3696	1.357	3.173	0.16	0.374	0.005	0	0.118	1	8.443	460	2.338	1
3697	3.501	8.266	2.125	5.017	0.005	0	0.607	1	1.648	461	2.361	1
3698	4.504	9.454	1.392	2.921	0.005	0	0.309	1	3.237	486	2.099	1
3699	1.041	2.517	0.107	0.259	0.005	0	0.103	1	9.714	499	2.418	1
3700	3.169	9.349	1.258	3.712	0.005	0	0.397	1	2.521	479	2.95	1
3701	4.12	10.098	0.82	2.01	0.005	0	0.199	1	5.014	474	2.451	1
3702	3.844	7.231	3.725	7.007	0.005	0	0.969	1	1.032	471	1.881	1
3703	2.53	7.066	0.319	0.89	0.005	0	0.126	1	7.954	466	2.793	1
3704	2.453	5.892	0.304	0.731	0.005	0	0.124	1	8.062	475	2.402	1
3705	2.097	3.863	0.306	0.564	0.005	0	0.146	1	6.863	462	1.842	1
3706	3.317	7.261	0.544	1.191	0.005	0	0.164	1	6.115	462	2.189	1
3707	4.173	9.143	0.768	1.682	0.005	0	0.184	1	5.421	455	2.191	1
3708	1.56	3.371	0.563	1.217	0.005	0	0.361	1	2.771	495	2.161	1
3709	3.123	7.027	1.814	4.083	0.005	0	0.581	1	1.722	458	2.25	1
3710	2.329	5.869	0.321	0.81	0.005	0	0.138	1	7.258	478	2.52	1
3711	4.502	8.644	0.486	0.934	0.005	0	0.108	1	9.248	475	1.92	1
3712	1.777	3.275	0.329	0.606	0.005	0	0.185	1	5.407	475	1.843	1
3713	3.67	5.644	0.58	0.892	0.005	0	0.158	1	6.314	466	1.538	1
3714	1.449	2.882	0.236	0.47	0.005	0	0.163	1	6.124	486	1.989	1
3715	4.078	8.401	0.652	1.344	0.005	0	0.16	1	6.264	467	2.06	1
3716	1.487	3.735	0.373	0.937	0.005	0	0.251	1	3.989	454	2.512	1
3717	1.041	2.696	0.149	0.386	0.005	0	0.143	1	7.012	499	2.59	1
3718	2.155	4.532	0.94	1.976	0.005	0	0.436	1	2.295	485	2.103	1
3719	1.18	3.068	0.197	0.512	0.005	0	0.167	1	6.0	469	2.6	1
3720	1.146	2.269	0.187	0.37	0.005	0	0.163	1	6.138	485	1.98	1
3721	1.532	2.79	0.299	0.544	0.005	0	0.195	1	5.125	486	1.821	1
3722	3.421	5.946	2.935	5.102	0.005	0	0.858	1	1.166	473	1.738	1
3723	3.621	6.855	0.75	1.419	0.005	0	0.207	1	4.821	481	1.893	1
3724	4.422	12.501	0.451	1.275	0.005	0	0.102	1	9.79	469	2.827	1
3725	2.779	7.175	0.422	1.091	0.005	0	0.152	1	6.592	470	2.582	1
3726	2.467	6.841	2.304	6.389	0.005	0	0.934	1	1.071	486	2.773	1
3727	4.104	6.755	0.46	0.757	0.005	0	0.112	1	8.896	453	1.646	1
3728	2.777	4.302	0.4	0.619	0.005	0	0.144	1	6.966	450	1.549	1
3729	3.308	9.428	0.354	1.009	0.005	0	0.107	1	9.387	464	2.85	1
3730	1.328	2.276	0.159	0.273	0.005	0	0.12	1	8.32	491	1.714	1
3731	4.039	11.774	1.018	2.967	0.005	0	0.252	1	3.968	475	2.915	1
3732	4.592	12.78	0.459	1.278	0.005	0	0.1	1	9.982	473	2.783	1
3733	1.991	3.646	0.386	0.707	0.005	0	0.194	1	5.154	498	1.831	1
3734	3.523	5.411	0.451	0.693	0.005	0	0.128	1	7.803	458	1.536	1
3735	2.056	6.053	0.23	0.678	0.005	0	0.112	1	8.951	474	2.944	1
3736	3.519	6.848	0.94	1.828	0.005	0	0.267	1	3.749	471	1.946	1
3737	3.998	8.964	0.656	1.47	0.005	0	0.164	1	6.09	455	2.242	1
3738	1.56	3.909	0.165	0.414	0.005	0	0.106	1	9.404	474	2.506	1
3739	4.178	9.221	3.614	7.976	0.005	0	0.865	1	1.156	498	2.207	1
3740	3.431	9.96	0.535	1.554	0.005	0	0.156	1	6.418	497	2.903	1
3741	1.393	3.53	0.233	0.59	0.005	0	0.167	1	5.987	469	2.534	1
3742	4.119	11.039	1.297	3.477	0.005	0	0.315	1	3.172	466	2.68	1
3743	4.712	13.731	0.928	2.705	0.005	0	0.197	1	5.078	462	2.914	1
3744	1.345	3.973	0.221	0.652	0.005	0	0.164	1	6.094	451	2.954	1
3745	1.922	4.709	0.209	0.513	0.005	0	0.109	1	9.2	461	2.45	1
3746	4.28	10.435	0.432	1.054	0.005	0	0.101	1	9.858	496	2.438	1
3747	3.325	7.78	0.356	0.832	0.005	0	0.107	1	9.334	474	2.34	1
3748	2.454	6.717	0.4	1.095	0.005	0	0.163	1	6.145	491	2.737	1
3749	4.781	12.306	0.904	2.326	0.005	0	0.189	1	5.3	478	2.574	1
3750	1.616	3.318	0.262	0.538	0.005	0	0.162	1	6.158	493	2.053	1
3751	4.936	8.12	1.826	3.004	0.005	0	0.37	1	2.702	478	1.645	1
3752	4.491	10.334	1.338	3.08	0.005	0	0.298	1	3.359	452	2.301	1
3753	3.566	5.905	0.382	0.632	0.005	0	0.107	1	9.386	464	1.656	1
3754	1.634	4.281	0.302	0.792	0.005	0	0.185	1	5.406	479	2.62	1
3755	2.429	4.693	0.396	0.765	0.005	0	0.163	1	6.141	495	1.932	1
3756	1.809	5.167	0.186	0.532	0.005	0	0.103	1	9.734	466	2.856	1
3757	3.538	7.221	0.41	0.838	0.005	0	0.116	1	8.623	454	2.041	1
3758	4.471	7.753	1.56	2.706	0.005	0	0.349	1	2.868	492	1.734	1
3759	2.316	4.567	0.331	0.653	0.005	0	0.143	1	7.001	459	1.972	1
3760	2.059	3.927	0.216	0.412	0.005	0	0.105	1	9.512	450	1.907	1
3761	2.04	5.812	0.351	1.0	0.005	0	0.172	1	5.807	480	2.849	1
3762	2.713	6.902	0.353	0.897	0.005	0	0.13	1	7.69	492	2.544	1
3763	2.589	7.42	0.3	0.861	0.005	0	0.116	1	8.648	466	2.866	1
3764	3.591	7.792	0.402	0.873	0.005	0	0.112	1	8.897	497	2.17	1
3765	1.318	2.902	0.134	0.296	0.005	0	0.102	1	9.832	452	2.202	1
3766	4.89	8.528	1.951	3.403	0.005	0	0.399	1	2.506	499	1.744	1
3767	4.708	7.505	0.574	0.916	0.005	0	0.122	1	8.213	496	1.594	1
3768	1.034	2.596	0.144	0.361	0.005	0	0.139	1	7.179	468	2.511	1
3769	1.998	3.644	0.298	0.543	0.005	0	0.149	1	6.732	474	1.824	1
3770	4.48	7.697	0.641	1.101	0.005	0	0.143	1	7.005	474	1.718	1
3771	3.438	5.339	0.815	1.265	0.005	0	0.237	1	4.225	460	1.553	1
3772	3.673	8.65	1.3	3.062	0.005	0	0.354	1	2.824	483	2.355	1
3773	4.647	10.999	2.286	5.412	0.005	0	0.492	1	2.033	493	2.367	1
3774	2.079	4.711	0.449	1.018	0.005	0	0.216	1	4.63	488	2.266	1
3775	4.007	9.32	0.409	0.951	0.005	0	0.102	1	9.775	459	2.326	1
3776	3.769	9.747	0.754	1.949	0.005	0	0.2	1	5.012	471	2.586	1
3777	4.586	9.122	0.468	0.93	0.005	0	0.102	1	9.823	465	1.989	1
3778	1.248	3.663	0.15	0.44	0.005	0	0.12	1	8.313	474	2.935	1
3779	1.241	3.091	0.369	0.918	0.005	0	0.297	1	3.372	461	2.491	1
3780	4.094	8.331	0.892	1.816	0.005	0	0.218	1	4.593	478	2.035	1
3781	3.853	9.814	0.489	1.246	0.005	0	0.127	1	7.881	469	2.547	1
3782	2.805	5.383	0.303	0.581	0.005	0	0.108	1	9.283	474	1.919	1
3783	4.288	12.144	2.316	6.558	0.005	0	0.54	1	1.852	493	2.832	1
3784	4.516	7.542	2.33	3.892	0.005	0	0.516	1	1.938	467	1.67	1
3785	2.839	5.519	0.406	0.789	0.005	0	0.143	1	6.986	488	1.944	1
3786	2.45	4.099	0.507	0.848	0.005	0	0.207	1	4.836	462	1.673	1
3787	3.516	5.496	2.718	4.248	0.005	0	0.773	1	1.293	489	1.563	1
3788	4.433	10.617	0.496	1.189	0.005	0	0.112	1	8.927	485	2.395	1
3789	2.212	5.198	0.79	1.856	0.005	0	0.357	1	2.805	489	2.35	1
3790	3.315	5.42	0.428	0.699	0.005	0	0.129	1	7.778	469	1.635	1
3791	4.078	10.301	0.526	1.329	0.005	0	0.129	1	7.745	465	2.526	1
3792	3.63	10.367	0.436	1.244	0.005	0	0.12	1	8.346	494	2.856	1
3793	2.677	5.632	0.608	1.278	0.005	0	0.227	1	4.411	459	2.104	1
3794	3.07	4.771	0.448	0.697	0.005	0	0.146	1	6.827	475	1.554	1
3795	3.33	8.655	1.195	3.107	0.005	0	0.359	1	2.788	471	2.599	1
3796	2.888	8.014	0.292	0.809	0.005	0	0.101	1	9.877	495	2.775	1
3797	2.306	4.012	0.731	1.272	0.005	0	0.317	1	3.15	493	1.74	1
3798	3.932	9.74	1.066	2.64	0.005	0	0.271	1	3.684	476	2.477	1
3799	2.237	5.68	0.754	1.914	0.005	0	0.337	1	2.965	468	2.539	1
3800	2.668	6.182	0.392	0.909	0.005	0	0.147	1	6.804	487	2.317	1
3801	4.945	14.706	1.731	5.147	0.005	0	0.35	1	2.854	465	2.974	1
3802	4.817	8.733	1.002	1.816	0.005	0	0.208	1	4.803	483	1.813	1
3803	1.877	4.452	0.203	0.481	0.005	0	0.108	1	9.287	450	2.372	1
3804	2.236	4.747	0.264	0.56	0.005	0	0.118	1	8.487	483	2.123	1
3805	1.267	2.467	0.132	0.257	0.005	0	0.104	1	9.623	492	1.947	1
3806	1.182	1.953	0.16	0.264	0.005	0	0.135	1	7.402	483	1.652	1
3807	1.227	3.4	0.141	0.391	0.005	0	0.115	1	8.712	466	2.771	1
3808	2.839	7.674	0.44	1.189	0.005	0	0.155	1	6.463	484	2.703	1
3809	4.025	11.93	0.881	2.613	0.005	0	0.219	1	4.565	468	2.964	1
3810	4.179	6.849	0.468	0.767	0.005	0	0.112	1	8.894	493	1.639	1
3811	1.546	3.877	0.523	1.31	0.005	0	0.338	1	2.959	455	2.508	1
3812	3.208	7.25	0.497	1.124	0.005	0	0.155	1	6.46	489	2.26	1
3813	4.049	6.418	0.915	1.45	0.005	0	0.226	1	4.417	459	1.585	1
3814	2.653	4.399	1.128	1.87	0.005	0	0.425	1	2.354	464	1.658	1
3815	3.926	11.676	0.919	2.732	0.005	0	0.234	1	4.274	455	2.974	1
3816	4.34	6.618	0.59	0.9	0.005	0	0.136	1	7.376	455	1.525	1
3817	4.725	8.892	0.813	1.529	0.005	0	0.172	1	5.825	498	1.882	1
3818	3.046	5.172	0.53	0.9	0.005	0	0.174	1	5.735	484	1.698	1
3819	2.838	5.971	0.289	0.609	0.005	0	0.102	1	9.813	475	2.104	1
3820	4.44	13.218	3.974	11.83	0.005	0	0.895	1	1.117	479	2.977	1
3821	2.417	3.838	0.406	0.645	0.005	0	0.168	1	5.969	492	1.588	1
3822	1.815	3.41	0.329	0.617	0.005	0	0.181	1	5.523	469	1.879	1
3823	2.064	3.439	0.235	0.392	0.005	0	0.114	1	8.776	498	1.666	1
3824	4.136	11.978	0.612	1.773	0.005	0	0.148	1	6.735	496	2.896	1
3825	3.699	7.354	0.551	1.096	0.005	0	0.149	1	6.716	475	1.988	1
3826	1.381	4.028	0.8	2.332	0.005	0	0.579	1	1.728	465	2.917	1
3827	2.659	5.509	0.55	1.14	0.005	0	0.207	1	4.829	471	2.072	1
3828	4.036	10.328	1.057	2.706	0.005	0	0.262	1	3.823	497	2.559	1
3829	1.854	4.83	1.14	2.97	0.005	0	0.615	1	1.626	499	2.605	1
3830	3.645	10.8	1.046	3.1	0.005	0	0.287	1	3.482	492	2.963	1
3831	2.054	5.626	0.456	1.249	0.005	0	0.222	1	4.51	479	2.739	1
3832	2.968	4.787	0.371	0.598	0.005	0	0.125	1	7.988	461	1.613	1
3833	2.474	6.032	0.727	1.773	0.005	0	0.294	1	3.402	477	2.438	1
3834	3.185	8.66	0.35	0.953	0.005	0	0.11	1	9.103	495	2.719	1
3835	4.73	14.133	1.953	5.837	0.005	0	0.413	1	2.423	494	2.988	1
3836	4.769	12.786	0.706	1.892	0.005	0	0.148	1	6.771	472	2.681	1
3837	3.498	7.531	0.598	1.288	0.005	0	0.171	1	5.856	476	2.153	1
3838	4.982	10.901	0.528	1.156	0.005	0	0.106	1	9.398	471	2.188	1
3839	2.946	5.459	0.383	0.71	0.005	0	0.13	1	7.666	455	1.853	1
3840	4.087	10.369	0.756	1.918	0.005	0	0.185	1	5.391	470	2.537	1
3841	4.495	8.361	0.485	0.903	0.005	0	0.108	1	9.228	495	1.86	1
3842	1.367	2.34	1.26	2.157	0.005	0	0.922	1	1.085	496	1.712	1
3843	4.658	11.314	1.085	2.636	0.005	0	0.233	1	4.287	495	2.429	1
3844	3.0	8.376	0.306	0.854	0.005	0	0.102	1	9.838	459	2.792	1
3845	2.31	5.837	0.252	0.636	0.005	0	0.109	1	9.176	472	2.527	1
3846	4.689	7.953	0.708	1.201	0.005	0	0.151	1	6.601	494	1.696	1
3847	4.356	10.563	0.497	1.204	0.005	0	0.114	1	8.737	484	2.425	1
3848	1.356	3.084	0.513	1.166	0.005	0	0.378	1	2.645	467	2.274	1
3849	2.237	5.854	0.233	0.609	0.005	0	0.104	1	9.625	450	2.617	1
3850	3.036	5.274	0.37	0.643	0.005	0	0.122	1	8.204	486	1.737	1
3851	4.197	11.114	1.087	2.879	0.005	0	0.259	1	3.862	476	2.648	1
3852	2.435	4.768	0.304	0.596	0.005	0	0.125	1	8.0	467	1.958	1
3853	1.833	3.604	0.286	0.562	0.005	0	0.156	1	6.391	493	1.966	1
3854	1.98	3.328	1.352	2.273	0.005	0	0.683	1	1.465	454	1.681	1
3855	3.037	6.42	1.831	3.871	0.005	0	0.603	1	1.658	475	2.114	1
3856	4.494	8.13	1.11	2.008	0.005	0	0.247	1	4.046	476	1.809	1
3857	3.133	6.62	0.345	0.728	0.005	0	0.11	1	9.05	487	2.113	1
3858	4.667	9.684	3.262	6.769	0.005	0	0.699	1	1.431	481	2.075	1
3859	1.245	2.541	0.214	0.437	0.005	0	0.172	1	5.808	458	2.041	1
3860	4.825	10.818	2.393	5.366	0.005	0	0.496	1	2.017	459	2.242	1
3861	1.873	3.986	0.305	0.65	0.005	0	0.163	1	6.122	481	2.128	1
3862	1.754	3.569	0.314	0.639	0.005	0	0.179	1	5.601	493	2.035	1
3863	3.088	8.853	0.482	1.381	0.005	0	0.156	1	6.416	473	2.867	1
3864	1.369	2.184	0.159	0.253	0.005	0	0.116	1	8.64	452	1.595	1
3865	1.481	4.071	0.539	1.482	0.005	0	0.364	1	2.751	468	2.749	1
3866	2.875	7.314	0.382	0.973	0.005	0	0.133	1	7.535	481	2.544	1
3867	3.708	7.987	0.797	1.717	0.005	0	0.215	1	4.642	485	2.154	1
3868	3.202	6.964	0.698	1.518	0.005	0	0.218	1	4.577	495	2.175	1
3869	3.628	8.119	0.762	1.705	0.005	0	0.21	1	4.754	480	2.238	1
3870	2.502	5.862	0.418	0.979	0.005	0	0.167	1	5.987	477	2.343	1
3871	3.07	5.271	1.234	2.119	0.005	0	0.402	1	2.485	455	1.717	1
3872	4.652	8.122	0.568	0.991	0.005	0	0.122	1	8.228	493	1.746	1
3873	1.299	3.516	0.157	0.425	0.005	0	0.121	1	8.266	497	2.707	1
3874	4.323	10.734	0.532	1.32	0.005	0	0.123	1	8.153	479	2.483	1
3875	1.076	2.845	0.342	0.905	0.005	0	0.318	1	3.14	498	2.644	1
3876	1.546	4.522	0.331	0.968	0.005	0	0.214	1	4.67	453	2.925	1
3877	3.299	6.374	0.782	1.511	0.005	0	0.237	1	4.215	473	1.932	1
3878	2.873	5.447	0.658	1.247	0.005	0	0.229	1	4.376	468	1.896	1
3879	3.293	7.156	0.767	1.667	0.005	0	0.233	1	4.298	487	2.173	1
3880	2.812	5.891	0.481	1.007	0.005	0	0.171	1	5.856	453	2.095	1
3881	4.137	8.832	0.832	1.775	0.005	0	0.201	1	4.964	450	2.135	1
3882	1.58	4.696	0.174	0.517	0.005	0	0.11	1	9.095	458	2.972	1
3883	1.019	1.87	0.441	0.81	0.005	0	0.433	1	2.311	462	1.835	1
3884	2.01	3.417	0.539	0.916	0.005	0	0.268	1	3.73	460	1.7	1
3885	4.316	8.649	3.293	6.599	0.005	0	0.763	1	1.311	486	2.004	1
3886	1.76	4.752	0.389	1.05	0.005	0	0.221	1	4.531	481	2.7	1
3887	2.643	6.996	0.359	0.951	0.005	0	0.136	1	7.348	468	2.647	1
3888	3.83	8.683	0.417	0.946	0.005	0	0.109	1	9.158	496	2.267	1
3889	2.243	3.564	0.428	0.681	0.005	0	0.191	1	5.249	498	1.589	1
3890	2.856	4.661	0.814	1.328	0.005	0	0.285	1	3.512	477	1.632	1
3891	2.027	4.95	0.207	0.505	0.005	0	0.102	1	9.762	495	2.442	1
3892	3.646	7.544	3.117	6.45	0.005	0	0.855	1	1.17	456	2.069	1
3893	3.579	7.083	0.376	0.744	0.005	0	0.105	1	9.528	482	1.979	1
3894	4.772	10.336	1.517	3.287	0.005	0	0.318	1	3.149	481	2.166	1
3895	1.225	2.858	0.148	0.346	0.005	0	0.121	1	8.239	457	2.333	1
3896	3.553	5.884	0.515	0.853	0.005	0	0.145	1	6.916	495	1.656	1
3897	2.657	5.888	0.446	0.989	0.005	0	0.168	1	5.939	454	2.216	1
3898	3.118	7.979	0.524	1.34	0.005	0	0.168	1	5.942	450	2.559	1
3899	1.835	2.813	0.259	0.397	0.005	0	0.141	1	7.08	475	1.533	1
3900	2.364	4.775	0.53	1.07	0.005	0	0.224	1	4.47	457	2.02	1
3901	2.059	5.868	0.229	0.651	0.005	0	0.111	1	9.03	455	2.85	1
3902	4.563	8.186	1.583	2.841	0.005	0	0.347	1	2.884	494	1.794	1
3903	3.063	5.449	0.631	1.122	0.005	0	0.206	1	4.858	450	1.779	1
3904	2.069	5.096	0.271	0.668	0.005	0	0.131	1	7.627	499	2.463	1
3905	1.629	3.654	0.182	0.409	0.005	0	0.112	1	8.892	481	2.243	1
3906	2.765	5.209	0.335	0.63	0.005	0	0.121	1	8.286	474	1.884	1
3907	2.944	4.531	0.321	0.494	0.005	0	0.109	1	9.157	453	1.539	1
3908	2.291	5.203	0.323	0.734	0.005	0	0.141	1	7.116	453	2.271	1
3909	3.35	8.013	0.382	0.913	0.005	0	0.114	1	8.796	488	2.392	1
3910	2.378	5.087	0.273	0.585	0.005	0	0.115	1	8.715	461	2.139	1
3911	2.138	3.453	0.706	1.139	0.005	0	0.33	1	3.026	460	1.615	1
3912	1.403	2.107	0.269	0.405	0.005	0	0.192	1	5.22	454	1.502	1
3913	1.762	3.748	0.518	1.102	0.005	0	0.294	1	3.402	458	2.127	1
3914	2.964	7.158	0.774	1.868	0.005	0	0.261	1	3.826	458	2.415	1
3915	4.143	7.76	0.617	1.156	0.005	0	0.149	1	6.734	480	1.873	1
3916	1.526	2.71	0.157	0.279	0.005	0	0.103	1	9.702	492	1.776	1
3917	2.172	5.002	0.232	0.535	0.005	0	0.107	1	9.34	461	2.303	1
3918	4.588	12.952	0.583	1.645	0.005	0	0.127	1	7.859	463	2.823	1
3919	3.315	6.759	0.885	1.805	0.005	0	0.267	1	3.746	480	2.039	1
3920	1.688	3.359	0.49	0.974	0.005	0	0.29	1	3.443	467	1.99	1
3921	2.474	6.596	0.44	1.174	0.005	0	0.178	1	5.615	492	2.666	1
3922	2.112	5.151	0.511	1.247	0.005	0	0.242	1	4.138	496	2.439	1
3923	2.186	4.418	0.426	0.862	0.005	0	0.195	1	5.128	467	2.021	1
3924	1.315	2.981	0.26	0.59	0.005	0	0.198	1	5.038	461	2.267	1
3925	1.262	2.882	0.472	1.078	0.005	0	0.374	1	2.672	453	2.284	1
3926	4.153	8.539	0.901	1.853	0.005	0	0.217	1	4.609	458	2.056	1
3927	4.005	9.8	0.653	1.597	0.005	0	0.163	1	6.133	457	2.447	1
3928	4.465	11.546	0.705	1.824	0.005	0	0.158	1	6.348	450	2.586	1
3929	2.689	6.491	0.721	1.74	0.005	0	0.268	1	3.729	494	2.414	1
3930	1.757	3.387	0.685	1.321	0.005	0	0.39	1	2.561	495	1.928	1
3931	1.469	3.338	0.22	0.501	0.005	0	0.15	1	6.684	456	2.272	1
3932	3.509	6.204	1.358	2.401	0.005	0	0.387	1	2.585	461	1.768	1
3933	2.173	6.276	0.632	1.826	0.005	0	0.291	1	3.435	489	2.888	1
3934	1.831	3.188	0.185	0.322	0.005	0	0.101	1	9.931	483	1.741	1
3935	2.535	6.959	0.332	0.912	0.005	0	0.131	1	7.652	451	2.745	1
3936	3.962	6.086	0.547	0.84	0.005	0	0.138	1	7.272	456	1.536	1
3937	1.088	2.087	0.413	0.793	0.005	0	0.38	1	2.63	462	1.918	1
3938	2.671	6.926	0.358	0.928	0.005	0	0.134	1	7.475	496	2.593	1
3939	1.241	2.276	0.432	0.792	0.005	0	0.348	1	2.877	476	1.834	1
3940	3.755	7.63	1.19	2.419	0.005	0	0.317	1	3.158	492	2.032	1
3941	2.477	7.263	0.552	1.62	0.005	0	0.223	1	4.475	495	2.932	1
3942	3.39	5.658	0.42	0.702	0.005	0	0.124	1	8.065	497	1.669	1
3943	2.802	4.444	0.311	0.493	0.005	0	0.111	1	9.005	451	1.586	1
3944	2.161	3.283	0.746	1.133	0.005	0	0.345	1	2.902	469	1.519	1
3945	4.21	11.194	1.263	3.358	0.005	0	0.3	1	3.336	482	2.659	1
3946	3.418	6.275	2.813	5.164	0.005	0	0.823	1	1.215	493	1.836	1
3947	4.892	11.34	1.291	2.994	0.005	0	0.264	1	3.785	465	2.318	1
3948	4.599	9.727	0.69	1.459	0.005	0	0.15	1	6.662	468	2.115	1
3949	4.164	10.21	0.916	2.246	0.005	0	0.22	1	4.554	490	2.452	1
3950	4.694	12.664	1.657	4.47	0.005	0	0.353	1	2.829	493	2.698	1
3951	3.441	5.85	2.526	4.294	0.005	0	0.734	1	1.363	490	1.7	1
3952	2.313	5.822	0.289	0.728	0.005	0	0.125	1	7.993	489	2.517	1
3953	4.464	11.531	0.549	1.418	0.005	0	0.123	1	8.15	456	2.583	1
3954	1.251	2.732	0.293	0.639	0.005	0	0.234	1	4.273	465	2.184	1
3955	2.67	4.507	0.331	0.559	0.005	0	0.124	1	8.088	495	1.688	1
3956	4.111	8.452	1.439	2.958	0.005	0	0.35	1	2.856	481	2.056	1
3957	1.137	2.53	0.164	0.364	0.005	0	0.144	1	6.942	489	2.225	1
3958	1.365	2.707	0.183	0.363	0.005	0	0.134	1	7.483	478	1.983	1
3959	1.022	2.723	0.253	0.675	0.005	0	0.248	1	4.039	487	2.664	1
3960	2.812	7.418	0.419	1.105	0.005	0	0.149	1	6.701	490	2.638	1
3961	1.889	5.406	0.202	0.578	0.005	0	0.107	1	9.322	460	2.862	1
3962	3.234	9.531	2.031	5.985	0.005	0	0.628	1	1.592	450	2.947	1
3963	1.158	2.594	0.498	1.115	0.005	0	0.43	1	2.324	487	2.24	1
3964	1.487	2.467	0.343	0.57	0.005	0	0.231	1	4.32	460	1.659	1
3965	1.278	2.304	0.211	0.38	0.005	0	0.165	1	6.047	488	1.803	1
3966	2.502	5.667	0.275	0.623	0.005	0	0.11	1	9.054	496	2.265	1
3967	2.111	6.183	0.857	2.51	0.005	0	0.406	1	2.463	464	2.929	1
3968	4.313	9.087	3.127	6.588	0.005	0	0.725	1	1.38	493	2.107	1
3969	1.089	2.739	0.196	0.493	0.005	0	0.18	1	5.551	489	2.515	1
3970	4.934	11.871	1.554	3.739	0.005	0	0.315	1	3.17	454	2.406	1
3971	4.982	8.21	4.803	7.914	0.005	0	0.964	1	1.037	452	1.648	1
3972	1.456	4.03	0.312	0.862	0.005	0	0.214	1	4.673	466	2.768	1
3973	2.952	7.303	0.499	1.234	0.005	0	0.169	1	5.922	457	2.474	1
3974	3.332	8.167	1.193	2.924	0.005	0	0.358	1	2.791	498	2.451	1
3975	2.5	5.162	0.33	0.681	0.005	0	0.132	1	7.558	460	2.065	1
3976	2.732	5.046	0.473	0.873	0.005	0	0.173	1	5.787	482	1.847	1
3977	1.273	2.033	0.179	0.287	0.005	0	0.141	1	7.071	483	1.597	1
3978	2.124	3.456	0.879	1.431	0.005	0	0.414	1	2.414	472	1.627	1
3979	1.899	4.501	0.471	1.116	0.005	0	0.248	1	4.038	476	2.37	1
3980	2.138	5.907	0.272	0.75	0.005	0	0.127	1	7.887	499	2.763	1
3981	3.393	8.893	0.811	2.125	0.005	0	0.239	1	4.186	481	2.621	1
3982	3.146	8.186	0.346	0.9	0.005	0	0.11	1	9.117	456	2.602	1
3983	2.319	3.481	0.29	0.435	0.005	0	0.125	1	8.03	487	1.501	1
3984	1.45	2.783	0.461	0.885	0.005	0	0.318	1	3.141	476	1.919	1
3985	1.76	5.218	0.683	2.025	0.005	0	0.388	1	2.579	481	2.965	1
3986	4.172	7.631	1.297	2.373	0.005	0	0.311	1	3.214	492	1.829	1
3987	3.603	7.156	0.8	1.589	0.005	0	0.222	1	4.507	479	1.986	1
3988	4.84	11.268	0.891	2.073	0.005	0	0.184	1	5.442	473	2.328	1
3989	4.802	11.885	2.569	6.358	0.005	0	0.535	1	1.868	459	2.475	1
3990	4.436	7.532	3.114	5.287	0.005	0	0.702	1	1.424	475	1.698	1
3991	1.571	3.371	1.023	2.195	0.005	0	0.651	1	1.537	451	2.146	1
3992	4.476	8.889	1.204	2.391	0.005	0	0.269	1	3.711	453	1.986	1
3993	4.082	9.903	0.416	1.01	0.005	0	0.102	1	9.806	475	2.426	1
3994	3.64	6.701	0.612	1.126	0.005	0	0.168	1	5.949	493	1.841	1
3995	1.332	2.815	0.234	0.495	0.005	0	0.176	1	5.694	486	2.113	1
3996	3.667	9.795	1.944	5.191	0.005	0	0.53	1	1.888	458	2.671	1
3997	1.975	5.666	0.304	0.873	0.005	0	0.154	1	6.486	498	2.869	1
3998	4.263	9.2	0.605	1.306	0.005	0	0.142	1	7.062	450	2.158	1
3999	4.534	8.841	0.762	1.485	0.005	0	0.168	1	5.968	494	1.95	1
4000	1.96	4.181	0.206	0.439	0.005	0	0.105	1	9.52	492	2.133	1
4001	4.157	7.025	0.881	1.489	0.005	0	0.212	1	4.726	471	1.69	1
4002	4.672	10.806	0.785	1.815	0.005	0	0.168	1	5.953	487	2.313	1
4003	3.438	8.983	0.76	1.985	0.005	0	0.221	1	4.523	489	2.613	1
4004	2.184	4.602	0.347	0.732	0.005	0	0.159	1	6.275	486	2.107	1
4005	1.998	5.516	0.859	2.372	0.005	0	0.43	1	2.327	478	2.761	1
4006	4.014	9.967	0.618	1.535	0.005	0	0.154	1	6.493	473	2.483	1
4007	1.649	3.408	0.318	0.658	0.005	0	0.193	1	5.174	463	2.067	1
4008	3.59	8.171	0.427	0.972	0.005	0	0.119	1	8.413	486	2.276	1
4009	4.874	10.489	1.067	2.297	0.005	0	0.219	1	4.559	488	2.152	1
4010	1.495	4.235	0.179	0.508	0.005	0	0.12	1	8.311	474	2.833	1
4011	2.262	5.845	0.428	1.105	0.005	0	0.189	1	5.279	472	2.584	1
4012	1.215	1.854	0.752	1.148	0.005	0	0.619	1	1.615	474	1.526	1
4013	4.911	12.926	3.035	7.988	0.005	0	0.618	1	1.617	483	2.632	1
4014	1.04	1.758	0.123	0.207	0.005	0	0.118	1	8.448	484	1.69	1
4015	3.73	5.711	0.489	0.748	0.005	0	0.131	1	7.641	455	1.531	1
4016	3.571	6.378	0.514	0.918	0.005	0	0.144	1	6.941	488	1.786	1
4017	3.079	7.063	0.628	1.441	0.005	0	0.204	1	4.903	451	2.294	1
4018	1.525	3.399	0.281	0.625	0.005	0	0.184	1	5.428	459	2.229	1
4019	1.731	2.827	0.272	0.444	0.005	0	0.157	1	6.378	493	1.633	1
4020	3.138	7.716	0.628	1.543	0.005	0	0.2	1	4.995	498	2.459	1
4021	4.903	10.468	2.084	4.449	0.005	0	0.425	1	2.351	452	2.135	1
4022	3.644	5.947	1.578	2.575	0.005	0	0.433	1	2.309	492	1.632	1
4023	2.771	5.775	1.147	2.391	0.005	0	0.414	1	2.413	496	2.084	1
4024	4.641	7.569	1.276	2.081	0.005	0	0.275	1	3.634	498	1.631	1
4025	1.939	4.958	0.384	0.982	0.005	0	0.198	1	5.039	488	2.557	1
4026	2.774	5.64	0.38	0.773	0.005	0	0.137	1	7.293	479	2.033	1
4027	4.795	13.771	1.002	2.878	0.005	0	0.209	1	4.777	476	2.872	1
4028	1.01	1.663	0.107	0.176	0.005	0	0.106	1	9.405	470	1.647	1
4029	2.239	6.148	0.499	1.371	0.005	0	0.223	1	4.476	498	2.746	1
4030	4.996	10.452	0.814	1.704	0.005	0	0.163	1	6.146	494	2.092	1
4031	4.482	12.473	0.798	2.22	0.005	0	0.178	1	5.624	468	2.783	1
4032	2.882	8.237	0.761	2.175	0.005	0	0.264	1	3.794	455	2.858	1
4033	2.794	7.778	0.559	1.556	0.005	0	0.2	1	4.989	477	2.784	1
4034	3.056	8.737	0.712	2.036	0.005	0	0.233	1	4.299	477	2.859	1
4035	2.033	5.288	0.394	1.026	0.005	0	0.194	1	5.158	453	2.601	1
4036	4.45	7.053	1.179	1.869	0.005	0	0.265	1	3.78	465	1.585	1
4037	3.383	7.639	0.399	0.901	0.005	0	0.118	1	8.465	483	2.258	1
4038	2.193	5.897	0.379	1.02	0.005	0	0.173	1	5.782	471	2.689	1
4039	3.878	9.144	0.659	1.554	0.005	0	0.17	1	5.867	469	2.358	1
4040	2.206	5.447	0.743	1.836	0.005	0	0.337	1	2.966	460	2.469	1
4041	2.548	6.691	0.769	2.021	0.005	0	0.302	1	3.313	477	2.626	1
4042	4.578	9.536	0.792	1.65	0.005	0	0.173	1	5.796	496	2.083	1
4043	3.045	7.019	0.347	0.8	0.005	0	0.114	1	8.748	455	2.305	1
4044	2.016	4.834	0.214	0.512	0.005	0	0.106	1	9.391	465	2.398	1
4045	2.185	3.47	0.297	0.472	0.005	0	0.136	1	7.375	480	1.588	1
4046	3.542	6.135	0.907	1.571	0.005	0	0.256	1	3.912	461	1.732	1
4047	3.226	8.539	0.716	1.896	0.005	0	0.222	1	4.509	483	2.647	1
4048	1.488	3.049	0.292	0.598	0.005	0	0.196	1	5.093	485	2.049	1
4049	3.279	9.171	0.371	1.036	0.005	0	0.113	1	8.868	493	2.797	1
4050	4.291	9.444	1.163	2.559	0.005	0	0.271	1	3.689	456	2.201	1
4051	3.598	7.138	0.604	1.199	0.005	0	0.168	1	5.951	456	1.984	1
4052	3.482	10.355	2.197	6.534	0.005	0	0.631	1	1.586	475	2.974	1
4053	2.298	4.355	0.391	0.74	0.005	0	0.17	1	5.876	472	1.895	1
4054	2.808	6.669	0.885	2.101	0.005	0	0.315	1	3.176	493	2.375	1
4055	4.779	8.382	2.203	3.864	0.005	0	0.461	1	2.171	452	1.754	1
4056	4.096	11.006	1.114	2.994	0.005	0	0.272	1	3.671	456	2.687	1
4057	2.22	4.973	0.255	0.572	0.005	0	0.115	1	8.689	451	2.24	1
4058	3.053	5.926	0.342	0.664	0.005	0	0.112	1	8.927	484	1.941	1
4059	4.393	7.582	0.839	1.448	0.005	0	0.191	1	5.227	489	1.726	1
4060	1.423	4.188	0.529	1.558	0.005	0	0.372	1	2.689	450	2.943	1
4061	4.926	10.33	1.537	3.223	0.005	0	0.312	1	3.201	463	2.097	1
4062	4.606	11.93	1.101	2.851	0.005	0	0.239	1	4.182	466	2.59	1
4063	4.293	6.478	2.344	3.537	0.005	0	0.546	1	1.831	471	1.509	1
4064	2.028	3.867	0.763	1.454	0.005	0	0.376	1	2.659	491	1.907	1
4065	4.998	8.102	3.958	6.417	0.005	0	0.792	1	1.263	499	1.621	1
4066	4.945	12.872	0.796	2.072	0.005	0	0.161	1	6.218	453	2.603	1
4067	3.913	7.486	0.943	1.804	0.005	0	0.241	1	4.148	497	1.913	1
4068	2.62	4.999	1.077	2.055	0.005	0	0.411	1	2.434	498	1.908	1
4069	3.773	6.912	0.936	1.714	0.005	0	0.248	1	4.03	491	1.832	1
4070	1.874	4.265	0.219	0.499	0.005	0	0.117	1	8.582	463	2.276	1
4071	2.902	8.323	1.146	3.288	0.005	0	0.395	1	2.533	477	2.868	1
4072	2.674	4.538	1.816	3.081	0.005	0	0.679	1	1.473	476	1.697	1
4073	1.282	3.824	0.188	0.562	0.005	0	0.147	1	6.808	451	2.983	1
4074	2.897	8.407	0.345	1.0	0.005	0	0.119	1	8.425	462	2.902	1
4075	2.017	5.726	0.286	0.813	0.005	0	0.142	1	7.028	488	2.839	1
4076	2.309	5.493	0.24	0.571	0.005	0	0.104	1	9.592	472	2.379	1
4077	4.661	10.459	0.988	2.217	0.005	0	0.212	1	4.725	488	2.244	1
4078	3.09	4.647	0.927	1.394	0.005	0	0.3	1	3.338	461	1.504	1
4079	2.583	6.284	0.465	1.131	0.005	0	0.18	1	5.565	450	2.433	1
4080	1.607	4.159	0.267	0.69	0.005	0	0.166	1	6.035	471	2.588	1
4081	4.784	10.257	0.584	1.251	0.005	0	0.122	1	8.226	485	2.144	1
4082	1.995	4.988	0.561	1.402	0.005	0	0.281	1	3.553	463	2.5	1
4083	3.921	10.63	0.976	2.647	0.005	0	0.249	1	4.012	489	2.711	1
4084	1.374	4.008	0.188	0.549	0.005	0	0.137	1	7.299	468	2.917	1
4085	3.73	7.288	2.424	4.737	0.005	0	0.65	1	1.538	483	1.954	1
4086	3.188	5.152	0.558	0.902	0.005	0	0.175	1	5.705	450	1.616	1
4087	2.296	4.424	0.349	0.672	0.005	0	0.152	1	6.565	494	1.927	1
4088	4.452	9.763	0.467	1.025	0.005	0	0.105	1	9.548	474	2.193	1
4089	1.902	3.639	1.754	3.355	0.005	0	0.922	1	1.085	498	1.913	1
4090	3.351	7.278	0.345	0.75	0.005	0	0.103	1	9.715	492	2.172	1
4091	2.037	5.665	0.208	0.578	0.005	0	0.102	1	9.835	473	2.781	1
4092	3.897	6.812	1.068	1.866	0.005	0	0.274	1	3.643	490	1.748	1
4093	3.008	8.41	0.881	2.464	0.005	0	0.293	1	3.416	460	2.796	1
4094	2.943	7.711	0.665	1.743	0.005	0	0.226	1	4.419	491	2.62	1
4095	1.202	1.891	0.159	0.25	0.005	0	0.132	1	7.565	499	1.573	1
4096	1.062	2.893	0.183	0.498	0.005	0	0.172	1	5.825	464	2.724	1
4097	3.718	6.871	0.509	0.941	0.005	0	0.137	1	7.32	489	1.848	1
4098	1.095	1.668	0.284	0.432	0.005	0	0.259	1	3.863	499	1.523	1
4099	3.815	8.572	0.977	2.194	0.005	0	0.256	1	3.908	483	2.247	1
4100	4.364	10.875	0.62	1.544	0.005	0	0.142	1	7.053	473	2.492	1
4101	2.704	6.787	0.538	1.351	0.005	0	0.199	1	5.016	483	2.51	1
4102	4.857	10.851	1.627	3.635	0.005	0	0.335	1	2.982	453	2.234	1
4103	3.163	8.36	0.329	0.869	0.005	0	0.104	1	9.661	488	2.643	1
4104	3.184	9.186	0.704	2.03	0.005	0	0.221	1	4.523	467	2.885	1
4105	3.397	8.445	1.549	3.851	0.005	0	0.456	1	2.191	468	2.486	1
4106	1.129	2.81	0.321	0.798	0.005	0	0.284	1	3.523	465	2.489	1
4107	4.768	10.461	1.793	3.933	0.005	0	0.376	1	2.657	459	2.194	1
4108	4.048	6.481	1.194	1.912	0.005	0	0.295	1	3.39	490	1.601	1
4109	1.465	4.193	0.278	0.797	0.005	0	0.19	1	5.268	456	2.862	1
4110	1.652	2.934	0.169	0.299	0.005	0	0.102	1	9.775	477	1.776	1
4111	2.637	4.507	2.423	4.142	0.005	0	0.919	1	1.088	450	1.709	1
4112	2.752	7.353	0.283	0.757	0.005	0	0.103	1	9.662	470	2.672	1
4113	1.594	3.387	1.537	3.265	0.005	0	0.964	1	1.037	482	2.125	1
4114	2.556	3.939	0.803	1.237	0.005	0	0.314	1	3.188	472	1.541	1
4115	3.359	9.452	0.396	1.115	0.005	0	0.118	1	8.48	455	2.814	1
4116	1.947	5.463	0.212	0.595	0.005	0	0.109	1	9.204	464	2.806	1
4117	3.476	6.636	0.407	0.776	0.005	0	0.117	1	8.574	489	1.909	1
4118	4.624	7.431	3.297	5.298	0.005	0	0.713	1	1.402	493	1.607	1
4119	3.49	8.041	0.415	0.957	0.005	0	0.119	1	8.372	479	2.304	1
4120	2.697	4.884	0.539	0.977	0.005	0	0.2	1	4.997	483	1.811	1
4121	2.934	6.822	0.367	0.853	0.005	0	0.125	1	7.987	467	2.325	1
4122	1.26	2.855	0.581	1.316	0.005	0	0.461	1	2.168	485	2.266	1
4123	1.056	2.851	0.136	0.368	0.005	0	0.129	1	7.737	477	2.7	1
4124	3.589	6.521	2.128	3.867	0.005	0	0.593	1	1.686	455	1.817	1
4125	4.186	9.515	0.707	1.608	0.005	0	0.169	1	5.915	485	2.273	1
4126	4.501	9.394	0.833	1.738	0.005	0	0.185	1	5.414	466	2.087	1
4127	3.242	9.292	0.496	1.422	0.005	0	0.153	1	6.54	453	2.866	1
4128	3.254	9.69	0.911	2.713	0.005	0	0.28	1	3.567	487	2.978	1
4129	4.872	12.302	2.831	7.147	0.005	0	0.581	1	1.721	461	2.525	1
4130	1.71	4.494	0.248	0.652	0.005	0	0.145	1	6.908	484	2.628	1
4131	4.27	11.179	3.348	8.764	0.005	0	0.784	1	1.275	454	2.618	1
4132	1.376	2.354	0.374	0.64	0.005	0	0.272	1	3.677	477	1.711	1
4133	4.789	8.376	0.627	1.097	0.005	0	0.131	1	7.662	474	1.749	1
4134	3.333	7.256	1.187	2.583	0.005	0	0.356	1	2.809	455	2.177	1
4135	3.801	11.335	0.939	2.8	0.005	0	0.247	1	4.043	467	2.982	1
4136	4.604	9.807	3.264	6.953	0.005	0	0.709	1	1.41	487	2.13	1
4137	1.249	2.011	0.478	0.77	0.005	0	0.383	1	2.611	456	1.61	1
4138	3.793	8.834	0.705	1.643	0.005	0	0.186	1	5.371	493	2.329	1
4139	1.023	2.539	0.196	0.487	0.005	0	0.192	1	5.218	484	2.482	1
4140	3.782	7.541	3.513	7.006	0.005	0	0.929	1	1.076	499	1.994	1
4141	1.868	3.545	0.321	0.61	0.005	0	0.172	1	5.809	469	1.898	1
4142	2.127	4.371	0.421	0.865	0.005	0	0.198	1	5.06	486	2.055	1
4143	3.932	7.18	0.841	1.537	0.005	0	0.214	1	4.68	476	1.826	1
4144	1.14	2.158	0.267	0.505	0.005	0	0.234	1	4.265	477	1.893	1
4145	2.355	6.945	0.622	1.833	0.005	0	0.264	1	3.794	461	2.949	1
4146	3.35	7.233	0.358	0.774	0.005	0	0.107	1	9.329	471	2.159	1
4147	2.723	4.651	0.602	1.028	0.005	0	0.221	1	4.527	468	1.708	1
4148	4.579	10.784	0.902	2.124	0.005	0	0.197	1	5.084	486	2.355	1
4149	4.246	7.235	0.59	1.006	0.005	0	0.139	1	7.199	454	1.704	1
4150	3.25	8.463	0.478	1.244	0.005	0	0.147	1	6.789	453	2.604	1
4151	1.063	1.959	0.243	0.449	0.005	0	0.229	1	4.368	452	1.843	1
4152	3.175	8.055	0.905	2.296	0.005	0	0.285	1	3.505	493	2.537	1
4153	1.549	4.329	0.175	0.489	0.005	0	0.113	1	8.839	479	2.795	1
4154	1.834	2.78	0.701	1.062	0.005	0	0.382	1	2.615	452	1.516	1
4155	4.897	10.382	0.651	1.381	0.005	0	0.133	1	7.528	460	2.12	1
4156	1.914	4.404	0.266	0.612	0.005	0	0.139	1	7.189	477	2.301	1
4157	3.345	9.958	0.933	2.778	0.005	0	0.279	1	3.578	482	2.977	1
4158	2.895	6.603	1.112	2.536	0.005	0	0.384	1	2.606	482	2.281	1
4159	4.392	10.716	1.691	4.126	0.005	0	0.385	1	2.595	499	2.44	1
4160	1.886	3.77	0.994	1.987	0.005	0	0.527	1	1.897	468	1.999	1
4161	1.917	3.121	0.194	0.315	0.005	0	0.101	1	9.872	470	1.628	1
4162	4.738	7.988	0.687	1.158	0.005	0	0.145	1	6.885	480	1.686	1
4163	1.838	4.924	0.785	2.103	0.005	0	0.427	1	2.342	470	2.679	1
4164	3.414	7.255	0.341	0.726	0.005	0	0.1	1	9.985	473	2.125	1
4165	4.976	13.007	0.567	1.483	0.005	0	0.114	1	8.774	483	2.614	1
4166	3.257	7.283	0.335	0.75	0.005	0	0.103	1	9.701	487	2.236	1
4167	4.874	13.155	0.941	2.539	0.005	0	0.193	1	5.182	487	2.699	1
4168	3.704	9.501	0.419	1.074	0.005	0	0.113	1	8.867	457	2.565	1
4169	4.213	10.604	1.154	2.905	0.005	0	0.274	1	3.654	486	2.517	1
4170	3.959	9.581	1.623	3.928	0.005	0	0.41	1	2.442	457	2.42	1
4171	3.51	8.968	0.432	1.103	0.005	0	0.123	1	8.1	476	2.555	1
4172	3.57	7.011	0.56	1.101	0.005	0	0.157	1	6.37	474	1.964	1
4173	3.686	7.811	0.612	1.297	0.005	0	0.166	1	6.021	450	2.119	1
4174	4.862	10.113	0.545	1.133	0.005	0	0.112	1	8.907	452	2.08	1
4175	4.723	9.035	0.576	1.102	0.005	0	0.122	1	8.222	461	1.913	1
4176	4.169	10.969	0.717	1.887	0.005	0	0.172	1	5.805	484	2.631	1
4177	2.974	4.61	0.41	0.636	0.005	0	0.138	1	7.262	472	1.55	1
4178	4.075	7.873	1.524	2.945	0.005	0	0.374	1	2.672	457	1.932	1
4179	1.698	4.578	0.265	0.714	0.005	0	0.156	1	6.401	483	2.696	1
4180	1.505	2.701	0.566	1.016	0.005	0	0.376	1	2.662	489	1.795	1
4181	4.133	6.58	0.967	1.54	0.005	0	0.234	1	4.281	465	1.592	1
4182	2.869	4.754	0.58	0.96	0.005	0	0.202	1	4.946	486	1.657	1
4183	2.887	5.378	0.612	1.14	0.005	0	0.212	1	4.724	456	1.863	1
4184	3.72	7.619	1.782	3.65	0.005	0	0.479	1	2.089	497	2.048	1
4185	2.743	4.446	0.771	1.249	0.005	0	0.281	1	3.556	484	1.621	1
4186	3.008	7.532	1.781	4.459	0.005	0	0.592	1	1.688	464	2.504	1
4187	2.273	5.778	0.266	0.676	0.005	0	0.117	1	8.528	476	2.542	1
4188	3.399	6.682	0.343	0.675	0.005	0	0.101	1	9.9	453	1.966	1
4189	1.007	1.688	0.218	0.365	0.005	0	0.216	1	4.622	470	1.676	1
4190	4.174	6.737	0.689	1.112	0.005	0	0.165	1	6.066	482	1.614	1
4191	1.079	3.157	0.17	0.499	0.005	0	0.158	1	6.346	470	2.926	1
4192	1.389	3.556	0.15	0.384	0.005	0	0.108	1	9.292	494	2.56	1
4193	3.729	8.293	2.446	5.44	0.005	0	0.656	1	1.525	493	2.224	1
4194	1.283	2.046	0.254	0.405	0.005	0	0.198	1	5.056	494	1.595	1
4195	2.063	5.023	0.314	0.763	0.005	0	0.152	1	6.574	495	2.435	1
4196	2.304	5.47	0.613	1.455	0.005	0	0.266	1	3.754	452	2.374	1
4197	2.826	8.128	0.291	0.837	0.005	0	0.103	1	9.748	469	2.876	1
4198	1.215	3.075	0.512	1.295	0.005	0	0.421	1	2.377	485	2.531	1
4199	1.447	2.263	0.719	1.125	0.005	0	0.497	1	2.012	466	1.564	1
4200	3.374	6.849	0.459	0.931	0.005	0	0.136	1	7.357	458	2.03	1
4201	1.303	2.143	0.427	0.703	0.005	0	0.328	1	3.048	450	1.645	1
4202	2.876	6.244	0.44	0.955	0.005	0	0.153	1	6.542	473	2.171	1
4203	1.431	3.376	0.233	0.55	0.005	0	0.163	1	6.127	453	2.359	1
4204	1.317	3.195	0.68	1.649	0.005	0	0.516	1	1.939	489	2.426	1
4205	1.192	3.24	0.21	0.57	0.005	0	0.176	1	5.697	462	2.718	1
4206	2.118	4.759	0.216	0.485	0.005	0	0.102	1	9.795	452	2.247	1
4207	4.488	7.167	3.406	5.44	0.005	0	0.759	1	1.318	452	1.597	1
4208	4.065	7.606	1.248	2.335	0.005	0	0.307	1	3.259	482	1.871	1
4209	2.3	4.11	0.784	1.402	0.005	0	0.341	1	2.932	472	1.787	1
4210	3.574	10.186	0.379	1.08	0.005	0	0.106	1	9.41	453	2.85	1
4211	2.151	3.708	0.262	0.452	0.005	0	0.122	1	8.195	475	1.724	1
4212	2.846	5.846	0.367	0.754	0.005	0	0.129	1	7.748	495	2.054	1
4213	3.104	5.153	0.326	0.541	0.005	0	0.105	1	9.552	486	1.66	1
4214	3.271	6.411	0.994	1.949	0.005	0	0.304	1	3.293	483	1.96	1
4215	3.477	5.848	1.596	2.684	0.005	0	0.459	1	2.178	463	1.682	1
4216	3.775	7.105	1.355	2.551	0.005	0	0.359	1	2.786	450	1.882	1
4217	3.195	5.959	0.428	0.799	0.005	0	0.134	1	7.459	459	1.865	1
4218	1.694	4.911	0.696	2.018	0.005	0	0.411	1	2.433	493	2.899	1
4219	2.735	6.761	0.615	1.521	0.005	0	0.225	1	4.446	490	2.472	1
4220	3.846	9.742	0.546	1.383	0.005	0	0.142	1	7.049	498	2.533	1
4221	3.79	9.998	1.516	3.999	0.005	0	0.4	1	2.499	459	2.638	1
4222	1.32	2.773	1.093	2.296	0.005	0	0.828	1	1.208	452	2.101	1
4223	4.624	8.795	0.814	1.548	0.005	0	0.176	1	5.675	466	1.902	1
4224	4.067	7.617	0.553	1.036	0.005	0	0.136	1	7.331	491	1.873	1
4225	2.351	5.033	0.273	0.584	0.005	0	0.116	1	8.588	473	2.141	1
4226	3.941	8.686	0.906	1.998	0.005	0	0.23	1	4.343	458	2.204	1
4227	3.579	8.071	1.024	2.308	0.005	0	0.286	1	3.502	478	2.255	1
4228	4.65	10.611	0.735	1.677	0.005	0	0.158	1	6.336	497	2.282	1
4229	2.379	7.087	0.297	0.886	0.005	0	0.125	1	8.028	479	2.979	1
4230	4.648	13.512	1.367	3.973	0.005	0	0.294	1	3.404	473	2.907	1
4231	1.237	3.675	0.255	0.757	0.005	0	0.206	1	4.848	493	2.971	1
4232	4.885	7.469	1.91	2.92	0.005	0	0.391	1	2.557	451	1.529	1
4233	1.471	2.655	0.349	0.629	0.005	0	0.237	1	4.211	463	1.805	1
4234	4.163	11.923	1.515	4.34	0.005	0	0.364	1	2.751	472	2.864	1
4235	1.662	2.583	0.54	0.839	0.005	0	0.325	1	3.081	470	1.554	1
4236	1.307	3.143	0.813	1.955	0.005	0	0.622	1	1.607	499	2.405	1
4237	1.658	2.494	0.225	0.339	0.005	0	0.136	1	7.349	490	1.504	1
4238	4.49	12.074	0.75	2.016	0.005	0	0.167	1	5.999	457	2.689	1
4239	2.73	8.062	1.777	5.248	0.005	0	0.651	1	1.537	462	2.953	1
4240	1.497	2.916	0.253	0.493	0.005	0	0.169	1	5.905	492	1.948	1
4241	4.555	13.205	1.02	2.958	0.005	0	0.224	1	4.473	482	2.899	1
4242	1.556	2.438	0.16	0.251	0.005	0	0.103	1	9.742	458	1.567	1
4243	3.42	9.566	0.369	1.033	0.005	0	0.108	1	9.226	453	2.797	1
4244	3.248	6.973	0.432	0.927	0.005	0	0.133	1	7.506	478	2.147	1
4245	1.921	3.258	0.45	0.762	0.005	0	0.234	1	4.279	477	1.696	1
4246	4.279	7.244	0.608	1.029	0.005	0	0.142	1	7.063	475	1.693	1
4247	3.741	7.998	1.972	4.215	0.005	0	0.527	1	1.899	483	2.138	1
4248	2.191	3.471	0.261	0.413	0.005	0	0.119	1	8.43	494	1.584	1
4249	4.96	8.234	0.665	1.103	0.005	0	0.134	1	7.482	493	1.66	1
4250	3.142	7.054	1.782	4.0	0.005	0	0.567	1	1.764	476	2.245	1
4251	2.477	7.032	0.498	1.413	0.005	0	0.201	1	4.983	476	2.839	1
4252	3.598	9.912	3.429	9.446	0.005	0	0.953	1	1.049	497	2.755	1
4253	1.034	1.812	0.392	0.687	0.005	0	0.379	1	2.639	451	1.752	1
4254	3.139	4.715	1.463	2.197	0.005	0	0.466	1	2.147	481	1.502	1
4255	2.076	4.129	0.33	0.657	0.005	0	0.159	1	6.292	486	1.989	1
4256	2.142	6.396	0.263	0.787	0.005	0	0.123	1	8.131	452	2.986	1
4257	3.919	8.14	0.435	0.904	0.005	0	0.111	1	9.019	489	2.077	1
4258	2.471	4.776	0.25	0.482	0.005	0	0.101	1	9.922	463	1.933	1
4259	3.287	6.663	1.075	2.179	0.005	0	0.327	1	3.055	452	2.027	1
4260	1.865	5.347	0.19	0.545	0.005	0	0.102	1	9.846	464	2.867	1
4261	4.946	10.5	1.029	2.184	0.005	0	0.208	1	4.813	493	2.123	1
4262	3.122	8.717	0.425	1.186	0.005	0	0.136	1	7.355	471	2.792	1
4263	2.345	4.249	0.809	1.466	0.005	0	0.345	1	2.9	480	1.812	1
4264	3.66	7.909	0.523	1.131	0.005	0	0.143	1	6.98	499	2.161	1
4265	2.429	4.134	1.214	2.067	0.005	0	0.5	1	2.0	481	1.702	1
4266	2.813	8.006	0.492	1.401	0.005	0	0.175	1	5.711	466	2.846	1
4267	3.167	9.346	0.434	1.28	0.005	0	0.137	1	7.287	487	2.951	1
4268	1.098	2.236	0.183	0.373	0.005	0	0.167	1	5.993	450	2.036	1
4269	3.677	7.317	1.044	2.078	0.005	0	0.284	1	3.524	487	1.99	1
4270	3.507	6.0	0.747	1.278	0.005	0	0.213	1	4.691	474	1.711	1
4271	3.162	4.762	2.305	3.471	0.005	0	0.729	1	1.371	488	1.506	1
4272	4.416	8.417	0.512	0.976	0.005	0	0.116	1	8.621	460	1.906	1
4273	4.76	8.573	1.48	2.666	0.005	0	0.311	1	3.216	471	1.801	1
4274	1.738	3.905	0.205	0.461	0.005	0	0.118	1	8.445	489	2.247	1
4275	3.169	5.543	0.501	0.876	0.005	0	0.158	1	6.318	487	1.749	1
4276	2.019	5.849	0.287	0.831	0.005	0	0.142	1	7.033	487	2.897	1
4277	4.566	8.415	1.256	2.314	0.005	0	0.275	1	3.642	498	1.843	1
4278	3.8	9.614	2.763	6.989	0.005	0	0.727	1	1.376	451	2.53	1
4279	2.164	5.577	0.498	1.283	0.005	0	0.23	1	4.346	464	2.577	1
4280	1.136	2.016	0.292	0.518	0.005	0	0.257	1	3.886	456	1.775	1
4281	4.351	9.198	1.523	3.219	0.005	0	0.35	1	2.86	470	2.114	1
4282	2.163	4.96	0.29	0.665	0.005	0	0.134	1	7.439	472	2.293	1
4283	1.54	2.884	0.183	0.343	0.005	0	0.119	1	8.375	465	1.873	1
4284	4.358	7.905	0.488	0.885	0.005	0	0.112	1	8.944	460	1.814	1
4285	3.567	8.942	0.596	1.493	0.005	0	0.167	1	5.984	473	2.507	1
4286	4.784	12.587	2.325	6.117	0.005	0	0.486	1	2.056	465	2.631	1
4287	3.182	7.755	0.334	0.814	0.005	0	0.105	1	9.53	460	2.437	1
4288	2.361	5.036	0.321	0.685	0.005	0	0.136	1	7.338	497	2.133	1
4289	1.682	2.864	0.19	0.324	0.005	0	0.113	1	8.873	499	1.703	1
4290	1.468	4.276	0.169	0.492	0.005	0	0.115	1	8.662	498	2.913	1
4291	4.683	12.827	0.487	1.334	0.005	0	0.104	1	9.611	452	2.739	1
4292	4.115	6.703	1.934	3.15	0.005	0	0.47	1	2.127	491	1.629	1
4293	3.515	7.023	0.949	1.896	0.005	0	0.27	1	3.709	463	1.998	1
4294	2.411	5.642	0.289	0.677	0.005	0	0.12	1	8.368	499	2.34	1
4295	3.711	6.88	1.165	2.16	0.005	0	0.314	1	3.183	478	1.854	1
4296	4.228	9.078	3.408	7.317	0.005	0	0.806	1	1.241	474	2.147	1
4297	4.528	11.13	0.507	1.247	0.005	0	0.112	1	8.891	468	2.458	1
4298	3.747	10.094	2.106	5.673	0.005	0	0.562	1	1.778	468	2.694	1
4299	4.694	13.167	0.882	2.475	0.005	0	0.188	1	5.311	494	2.805	1
4300	4.746	13.944	0.626	1.841	0.005	0	0.132	1	7.587	460	2.938	1
4301	3.261	5.211	0.424	0.677	0.005	0	0.13	1	7.709	486	1.598	1
4302	1.859	3.255	0.271	0.475	0.005	0	0.146	1	6.851	489	1.751	1
4303	2.685	5.706	0.596	1.267	0.005	0	0.222	1	4.499	460	2.125	1
4304	3.065	4.898	1.483	2.371	0.005	0	0.484	1	2.067	499	1.598	1
4305	1.828	3.804	0.526	1.096	0.005	0	0.288	1	3.478	463	2.081	1
4306	3.023	8.165	0.314	0.849	0.005	0	0.104	1	9.617	459	2.701	1
4307	4.865	13.607	0.569	1.592	0.005	0	0.117	1	8.574	467	2.797	1
4308	3.064	6.177	1.06	2.137	0.005	0	0.346	1	2.893	479	2.016	1
4309	2.481	5.9	0.945	2.248	0.005	0	0.381	1	2.626	495	2.378	1
4310	1.761	2.848	0.234	0.379	0.005	0	0.133	1	7.531	458	1.617	1
4311	2.376	5.099	1.1	2.361	0.005	0	0.463	1	2.162	478	2.146	1
4312	3.631	5.628	0.951	1.475	0.005	0	0.262	1	3.816	485	1.55	1
4313	3.481	9.19	0.553	1.461	0.005	0	0.159	1	6.277	484	2.64	1
4314	4.32	9.31	0.657	1.415	0.005	0	0.152	1	6.566	466	2.155	1
4315	1.367	2.405	0.854	1.503	0.005	0	0.625	1	1.6	464	1.759	1
4316	4.296	12.63	1.86	5.469	0.005	0	0.433	1	2.312	459	2.94	1
4317	3.996	6.633	0.787	1.307	0.005	0	0.197	1	5.076	468	1.66	1
4318	1.593	4.687	0.352	1.036	0.005	0	0.221	1	4.534	476	2.942	1
4319	2.565	7.297	0.277	0.788	0.005	0	0.108	1	9.278	498	2.845	1
4320	2.872	8.38	0.979	2.858	0.005	0	0.341	1	2.936	458	2.918	1
4321	3.321	7.21	1.026	2.228	0.005	0	0.309	1	3.232	493	2.171	1
4322	3.021	7.915	0.438	1.148	0.005	0	0.145	1	6.878	453	2.62	1
4323	2.144	6.423	0.708	2.12	0.005	0	0.33	1	3.031	456	2.996	1
4324	1.953	4.338	0.217	0.482	0.005	0	0.111	1	9.001	498	2.221	1
4325	4.558	12.27	3.218	8.663	0.005	0	0.706	1	1.417	489	2.692	1
4326	1.194	3.249	0.876	2.385	0.005	0	0.734	1	1.363	498	2.721	1
4327	2.162	4.287	0.432	0.857	0.005	0	0.2	1	4.99	458	1.983	1
4328	4.28	11.188	0.441	1.152	0.005	0	0.103	1	9.674	483	2.614	1
4329	4.364	7.633	1.802	3.152	0.005	0	0.413	1	2.421	452	1.749	1
4330	3.39	5.475	0.373	0.602	0.005	0	0.11	1	9.083	495	1.615	1
4331	2.648	7.028	2.426	6.438	0.005	0	0.916	1	1.092	465	2.654	1
4332	1.225	2.086	0.124	0.211	0.005	0	0.101	1	9.854	473	1.703	1
4333	1.508	3.186	0.228	0.481	0.005	0	0.151	1	6.636	491	2.113	1
4334	2.795	7.15	0.439	1.123	0.005	0	0.157	1	6.355	483	2.558	1
4335	4.852	11.931	1.446	3.555	0.005	0	0.298	1	3.353	470	2.459	1
4336	3.388	8.233	0.379	0.922	0.005	0	0.112	1	8.904	467	2.43	1
4337	4.361	7.043	1.134	1.831	0.005	0	0.26	1	3.847	484	1.615	1
4338	4.517	10.787	0.682	1.629	0.005	0	0.151	1	6.612	495	2.388	1
4339	4.828	7.894	0.729	1.192	0.005	0	0.151	1	6.636	491	1.635	1
4340	4.297	9.509	0.623	1.379	0.005	0	0.145	1	6.877	481	2.213	1
4341	3.378	7.867	0.375	0.873	0.005	0	0.111	1	9.045	459	2.329	1
4342	1.183	3.347	0.878	2.483	0.005	0	0.742	1	1.347	488	2.829	1
4343	3.28	7.255	0.745	1.647	0.005	0	0.227	1	4.404	473	2.212	1
4344	3.693	5.831	0.558	0.88	0.005	0	0.151	1	6.617	462	1.579	1
4345	2.288	6.567	1.318	3.783	0.005	0	0.576	1	1.737	475	2.87	1
4346	4.319	6.768	0.829	1.299	0.005	0	0.192	1	5.196	462	1.567	1
4347	4.987	8.398	2.434	4.098	0.005	0	0.488	1	2.049	487	1.684	1
4348	3.499	9.972	0.413	1.177	0.005	0	0.118	1	8.482	496	2.85	1
4349	1.441	2.496	0.686	1.188	0.005	0	0.476	1	2.102	476	1.732	1
4350	1.728	3.874	0.804	1.801	0.005	0	0.465	1	2.15	451	2.242	1
4351	1.448	3.572	0.423	1.043	0.005	0	0.292	1	3.425	473	2.467	1
4352	3.245	5.607	0.422	0.729	0.005	0	0.13	1	7.684	454	1.728	1
4353	1.024	2.196	0.179	0.384	0.005	0	0.175	1	5.706	484	2.145	1
4354	2.967	6.263	0.312	0.658	0.005	0	0.105	1	9.497	474	2.111	1
4355	4.954	12.633	1.684	4.295	0.005	0	0.34	1	2.939	469	2.55	1
4356	1.372	3.876	0.331	0.934	0.005	0	0.241	1	4.149	460	2.825	1
4357	1.648	4.321	0.206	0.54	0.005	0	0.125	1	8.02	487	2.622	1
4358	1.322	3.395	1.112	2.855	0.005	0	0.841	1	1.189	483	2.568	1
4359	3.241	7.357	0.707	1.604	0.005	0	0.218	1	4.593	484	2.27	1
4360	4.431	7.231	1.87	3.051	0.005	0	0.422	1	2.371	460	1.632	1
4361	3.01	4.903	0.307	0.5	0.005	0	0.102	1	9.836	492	1.629	1
4362	4.4	11.682	2.024	5.374	0.005	0	0.46	1	2.174	457	2.655	1
4363	1.315	2.187	0.438	0.728	0.005	0	0.333	1	3.004	455	1.663	1
4364	3.784	9.604	0.496	1.258	0.005	0	0.131	1	7.62	475	2.538	1
4365	1.081	2.973	0.305	0.838	0.005	0	0.282	1	3.548	464	2.75	1
4366	3.507	9.707	0.459	1.272	0.005	0	0.131	1	7.615	450	2.768	1
4367	2.796	8.363	1.529	4.575	0.005	0	0.547	1	1.828	490	2.991	1
4368	2.565	3.876	0.413	0.624	0.005	0	0.161	1	6.23	452	1.511	1
4369	2.489	7.094	0.483	1.376	0.005	0	0.194	1	5.159	494	2.85	1
4370	2.927	4.619	0.509	0.804	0.005	0	0.174	1	5.732	490	1.578	1
4371	3.424	7.118	1.763	3.666	0.005	0	0.515	1	1.943	453	2.079	1
4372	2.571	7.397	1.46	4.201	0.005	0	0.568	1	1.762	466	2.877	1
4373	1.244	3.731	0.26	0.78	0.005	0	0.209	1	4.783	489	2.999	1
4374	2.465	4.506	0.269	0.491	0.005	0	0.109	1	9.207	479	1.828	1
4375	2.711	6.292	0.488	1.133	0.005	0	0.18	1	5.561	483	2.321	1
4376	4.226	8.448	1.141	2.281	0.005	0	0.27	1	3.709	458	1.999	1
4377	3.354	7.164	0.379	0.81	0.005	0	0.113	1	8.818	491	2.136	1
4378	1.198	2.246	0.29	0.544	0.005	0	0.242	1	4.126	465	1.875	1
4379	2.616	7.288	1.093	3.046	0.005	0	0.418	1	2.392	478	2.786	1
4380	2.405	5.76	0.608	1.457	0.005	0	0.253	1	3.952	481	2.395	1
4381	2.675	7.319	0.778	2.13	0.005	0	0.291	1	3.437	484	2.736	1
4382	1.459	2.865	0.394	0.774	0.005	0	0.27	1	3.698	452	1.964	1
4383	1.952	3.566	0.199	0.364	0.005	0	0.102	1	9.815	482	1.827	1
4384	4.033	10.857	1.545	4.158	0.005	0	0.383	1	2.609	450	2.692	1
4385	3.326	9.758	0.575	1.688	0.005	0	0.173	1	5.771	456	2.934	1
4386	4.244	9.439	1.57	3.492	0.005	0	0.37	1	2.7	462	2.224	1
4387	3.256	7.066	2.097	4.551	0.005	0	0.644	1	1.554	475	2.17	1
4388	4.182	11.777	0.502	1.413	0.005	0	0.12	1	8.351	495	2.816	1
4389	1.054	2.92	0.921	2.552	0.005	0	0.874	1	1.144	456	2.77	1
4390	2.608	6.896	0.269	0.71	0.005	0	0.103	1	9.691	460	2.644	1
4391	4.294	7.308	0.515	0.877	0.005	0	0.12	1	8.331	452	1.702	1
4392	3.425	6.665	0.771	1.5	0.005	0	0.225	1	4.448	493	1.946	1
4393	3.919	7.027	0.474	0.85	0.005	0	0.121	1	8.267	474	1.793	1
4394	3.878	10.699	0.407	1.123	0.005	0	0.105	1	9.491	477	2.759	1
4395	4.974	11.276	1.303	2.954	0.005	0	0.262	1	3.818	491	2.267	1
4396	2.211	5.492	0.65	1.615	0.005	0	0.294	1	3.406	473	2.484	1
4397	1.581	2.895	1.486	2.721	0.005	0	0.94	1	1.064	450	1.831	1
4398	1.782	3.847	0.212	0.458	0.005	0	0.119	1	8.37	484	2.159	1
4399	1.515	2.379	1.191	1.87	0.005	0	0.786	1	1.272	495	1.57	1
4400	1.544	3.621	0.213	0.5	0.005	0	0.138	1	7.233	496	2.345	1
4401	3.081	5.441	0.373	0.658	0.005	0	0.121	1	8.246	497	1.766	1
4402	4.033	10.631	0.456	1.201	0.005	0	0.113	1	8.839	475	2.636	1
4403	2.934	5.61	0.434	0.83	0.005	0	0.148	1	6.754	495	1.912	1
4404	1.531	2.41	0.202	0.318	0.005	0	0.132	1	7.598	483	1.574	1
4405	3.759	6.605	0.455	0.799	0.005	0	0.121	1	8.296	484	1.757	1
4406	4.985	14.85	0.798	2.376	0.005	0	0.16	1	6.249	493	2.979	1
4407	4.027	8.525	0.934	1.978	0.005	0	0.232	1	4.307	486	2.117	1
4408	1.057	1.766	0.119	0.2	0.005	0	0.113	1	8.849	464	1.671	1
4409	3.062	7.438	0.677	1.644	0.005	0	0.221	1	4.533	478	2.429	1
4410	2.137	5.625	0.425	1.119	0.005	0	0.199	1	5.019	457	2.632	1
4411	1.92	5.618	0.444	1.298	0.005	0	0.231	1	4.337	496	2.926	1
4412	4.567	8.39	0.484	0.889	0.005	0	0.106	1	9.394	455	1.837	1
4413	2.856	6.172	1.348	2.913	0.005	0	0.472	1	2.119	452	2.161	1
4414	3.914	6.654	0.575	0.978	0.005	0	0.147	1	6.788	489	1.7	1
4415	4.512	9.087	2.315	4.662	0.005	0	0.513	1	1.948	455	2.014	1
4416	4.529	11.517	1.245	3.167	0.005	0	0.275	1	3.632	490	2.543	1
4417	3.411	5.502	0.761	1.227	0.005	0	0.223	1	4.475	489	1.613	1
4418	2.525	4.325	2.091	3.581	0.005	0	0.828	1	1.208	472	1.713	1
4419	1.23	2.598	0.134	0.283	0.005	0	0.109	1	9.182	452	2.112	1
4420	4.275	9.358	0.581	1.273	0.005	0	0.136	1	7.34	469	2.189	1
4421	3.247	5.052	0.523	0.813	0.005	0	0.161	1	6.218	462	1.556	1
4422	3.935	9.448	0.858	2.06	0.005	0	0.218	1	4.591	494	2.401	1
4423	3.357	5.895	0.389	0.684	0.005	0	0.116	1	8.615	459	1.756	1
4424	1.583	3.479	0.415	0.911	0.005	0	0.262	1	3.822	490	2.198	1
4425	3.966	9.729	0.619	1.518	0.005	0	0.156	1	6.403	494	2.453	1
4426	4.765	13.271	0.515	1.433	0.005	0	0.108	1	9.27	451	2.785	1
4427	2.086	5.255	0.248	0.625	0.005	0	0.119	1	8.422	462	2.519	1
4428	4.755	8.554	1.298	2.335	0.005	0	0.273	1	3.665	462	1.799	1
4429	3.548	10.612	0.401	1.199	0.005	0	0.113	1	8.871	462	2.991	1
4430	2.051	3.745	1.678	3.063	0.005	0	0.818	1	1.223	459	1.826	1
4431	4.226	7.527	1.361	2.424	0.005	0	0.322	1	3.107	456	1.781	1
4432	1.298	3.054	0.274	0.644	0.005	0	0.211	1	4.745	462	2.353	1
4433	2.433	4.151	0.591	1.009	0.005	0	0.243	1	4.118	490	1.706	1
4434	3.956	8.648	1.927	4.212	0.005	0	0.487	1	2.054	464	2.186	1
4435	3.102	5.438	0.338	0.593	0.005	0	0.109	1	9.175	455	1.753	1
4436	3.135	8.675	0.317	0.876	0.005	0	0.101	1	9.899	467	2.767	1
4437	1.44	2.377	0.265	0.437	0.005	0	0.184	1	5.423	462	1.651	1
4438	2.075	4.571	0.981	2.162	0.005	0	0.473	1	2.112	454	2.203	1
4439	4.766	10.299	0.972	2.101	0.005	0	0.204	1	4.902	482	2.161	1
4440	1.611	2.647	0.517	0.85	0.005	0	0.321	1	3.117	481	1.643	1
4441	1.032	2.976	0.386	1.113	0.005	0	0.374	1	2.676	497	2.884	1
4442	1.081	2.341	0.341	0.737	0.005	0	0.315	1	3.171	455	2.166	1
4443	1.916	4.995	0.199	0.519	0.005	0	0.104	1	9.642	483	2.607	1
4444	2.377	5.705	0.499	1.198	0.005	0	0.21	1	4.761	463	2.4	1
4445	2.606	5.968	1.522	3.485	0.005	0	0.584	1	1.712	488	2.29	1
4446	4.68	7.802	0.983	1.638	0.005	0	0.21	1	4.772	492	1.667	1
4447	4.834	10.209	0.773	1.633	0.005	0	0.16	1	6.268	493	2.112	1
4448	3.034	7.354	0.825	2.0	0.005	0	0.272	1	3.678	495	2.424	1
4449	1.295	2.665	0.139	0.285	0.005	0	0.107	1	9.386	478	2.058	1
4450	3.146	8.976	0.324	0.925	0.005	0	0.103	1	9.737	494	2.853	1
4451	2.597	6.147	0.34	0.805	0.005	0	0.131	1	7.618	453	2.367	1
4452	2.462	5.436	0.364	0.805	0.005	0	0.148	1	6.758	461	2.208	1
4453	2.708	7.553	0.75	2.092	0.005	0	0.277	1	3.612	465	2.789	1
4454	4.31	9.262	1.09	2.343	0.005	0	0.253	1	3.951	462	2.149	1
4455	2.166	4.683	0.511	1.105	0.005	0	0.236	1	4.234	470	2.162	1
4456	1.84	3.884	0.258	0.544	0.005	0	0.14	1	7.131	499	2.111	1
4457	1.801	3.314	0.49	0.901	0.005	0	0.272	1	3.674	451	1.84	1
4458	4.86	9.89	3.64	7.408	0.005	0	0.749	1	1.336	478	2.035	1
4459	3.25	5.379	1.996	3.303	0.005	0	0.614	1	1.628	466	1.655	1
4460	1.679	3.071	1.422	2.601	0.005	0	0.847	1	1.181	482	1.829	1
4461	1.879	3.476	0.195	0.362	0.005	0	0.104	1	9.576	463	1.85	1
4462	2.378	5.664	0.464	1.104	0.005	0	0.195	1	5.126	499	2.382	1
4463	3.361	5.475	0.373	0.608	0.005	0	0.111	1	8.992	485	1.629	1
4464	2.606	4.933	1.462	2.767	0.005	0	0.561	1	1.784	483	1.893	1
4465	2.255	6.192	0.28	0.768	0.005	0	0.124	1	8.051	492	2.746	1
4466	2.064	3.344	0.679	1.1	0.005	0	0.329	1	3.04	471	1.62	1
4467	1.528	3.97	0.159	0.413	0.005	0	0.104	1	9.602	473	2.598	1
4468	2.926	8.702	0.298	0.888	0.005	0	0.102	1	9.778	458	2.974	1
4469	3.153	9.21	0.76	2.22	0.005	0	0.241	1	4.154	458	2.921	1
4470	2.572	5.841	0.396	0.9	0.005	0	0.154	1	6.492	472	2.271	1
4471	3.001	6.59	0.306	0.672	0.005	0	0.102	1	9.794	496	2.196	1
4472	4.104	8.114	0.829	1.639	0.005	0	0.202	1	4.945	462	1.977	1
4473	2.928	5.51	0.401	0.755	0.005	0	0.137	1	7.308	490	1.882	1
4474	1.549	4.635	1.329	3.977	0.005	0	0.858	1	1.165	469	2.992	1
4475	1.308	3.822	0.186	0.543	0.005	0	0.142	1	7.043	484	2.922	1
4476	4.735	13.239	0.848	2.37	0.005	0	0.179	1	5.579	476	2.796	1
4477	3.522	9.862	1.409	3.945	0.005	0	0.4	1	2.499	490	2.8	1
4478	2.289	4.42	0.46	0.888	0.005	0	0.201	1	4.97	469	1.931	1
4479	2.731	4.432	0.664	1.077	0.005	0	0.243	1	4.108	452	1.623	1
4480	3.154	5.993	0.596	1.133	0.005	0	0.189	1	5.279	475	1.9	1
4481	3.621	9.339	0.71	1.83	0.005	0	0.196	1	5.11	473	2.579	1
4482	2.019	5.132	0.513	1.304	0.005	0	0.254	1	3.933	455	2.542	1
4483	3.024	5.346	0.487	0.861	0.005	0	0.161	1	6.198	479	1.768	1
4484	4.544	11.946	3.431	9.019	0.005	0	0.755	1	1.325	476	2.629	1
4485	3.405	7.113	0.63	1.316	0.005	0	0.185	1	5.393	474	2.089	1
4486	3.502	7.564	0.452	0.976	0.005	0	0.129	1	7.724	482	2.16	1
4487	4.544	11.783	0.827	2.145	0.005	0	0.182	1	5.48	483	2.593	1
4488	1.387	2.341	0.229	0.386	0.005	0	0.165	1	6.049	479	1.688	1
4489	1.378	3.438	0.145	0.361	0.005	0	0.105	1	9.533	496	2.495	1
4490	3.306	7.891	0.446	1.065	0.005	0	0.135	1	7.386	490	2.387	1
4491	1.185	2.001	0.276	0.466	0.005	0	0.233	1	4.286	488	1.689	1
4492	1.519	4.396	0.199	0.576	0.005	0	0.131	1	7.641	454	2.894	1
4493	4.205	10.016	0.681	1.623	0.005	0	0.162	1	6.161	454	2.382	1
4494	4.513	8.742	0.555	1.075	0.005	0	0.123	1	8.129	462	1.937	1
4495	4.507	7.157	0.518	0.823	0.005	0	0.115	1	8.722	472	1.588	1
4496	4.551	7.036	0.501	0.774	0.005	0	0.11	1	9.089	459	1.546	1
4497	2.934	4.994	0.332	0.564	0.005	0	0.113	1	8.843	471	1.702	1
4498	1.236	2.073	0.156	0.261	0.005	0	0.126	1	7.968	485	1.677	1
4499	4.676	12.405	2.011	5.334	0.005	0	0.43	1	2.328	483	2.653	1
4500	3.855	11.099	0.432	1.243	0.005	0	0.112	1	8.934	476	2.879	1
4501	3.121	8.108	0.799	2.076	0.005	0	0.256	1	3.903	455	2.598	1
4502	2.854	8.454	0.328	0.972	0.005	0	0.115	1	8.669	466	2.962	1
4503	2.234	3.91	0.232	0.407	0.005	0	0.104	1	9.616	464	1.75	1
4504	2.981	7.139	0.331	0.792	0.005	0	0.111	1	9.034	484	2.395	1
4505	3.807	6.563	1.188	2.048	0.005	0	0.312	1	3.204	452	1.724	1
4506	2.254	3.929	0.965	1.682	0.005	0	0.428	1	2.337	498	1.743	1
4507	1.568	3.531	0.362	0.816	0.005	0	0.231	1	4.324	484	2.252	1
4508	2.635	3.997	1.71	2.594	0.005	0	0.649	1	1.54	481	1.517	1
4509	1.748	3.372	0.498	0.961	0.005	0	0.285	1	3.511	452	1.929	1
4510	1.407	4.187	0.608	1.809	0.005	0	0.432	1	2.316	489	2.976	1
4511	2.193	4.513	1.875	3.859	0.005	0	0.855	1	1.169	480	2.058	1
4512	4.862	8.722	1.42	2.547	0.005	0	0.292	1	3.43	478	1.794	1
4513	2.797	7.468	2.554	6.818	0.005	0	0.913	1	1.095	484	2.67	1
4514	4.998	8.472	0.865	1.466	0.005	0	0.173	1	5.767	474	1.695	1
4515	1.71	2.919	0.197	0.336	0.005	0	0.115	1	8.692	474	1.707	1
4516	1.59	3.107	0.555	1.084	0.005	0	0.349	1	2.863	486	1.954	1
4517	3.11	5.399	0.317	0.551	0.005	0	0.102	1	9.797	494	1.736	1
4518	3.701	8.742	0.444	1.049	0.005	0	0.12	1	8.358	476	2.362	1
4519	3.321	6.579	0.555	1.099	0.005	0	0.167	1	5.996	478	1.981	1
4520	1.473	2.404	0.688	1.123	0.005	0	0.467	1	2.143	487	1.632	1
4521	3.776	11.237	1.48	4.405	0.005	0	0.392	1	2.552	478	2.976	1
4522	3.374	7.038	1.569	3.273	0.005	0	0.465	1	2.151	496	2.086	1
4523	3.923	9.631	0.588	1.445	0.005	0	0.15	1	6.662	474	2.455	1
4524	4.753	8.441	0.732	1.3	0.005	0	0.154	1	6.486	481	1.776	1
4525	3.569	7.416	0.689	1.431	0.005	0	0.193	1	5.17	495	2.078	1
4526	2.909	7.249	2.38	5.93	0.005	0	0.818	1	1.222	467	2.492	1
4527	2.743	7.908	1.758	5.069	0.005	0	0.641	1	1.561	478	2.883	1
4528	1.811	4.68	0.337	0.87	0.005	0	0.186	1	5.385	499	2.584	1
4529	3.052	9.098	0.537	1.601	0.005	0	0.176	1	5.666	497	2.981	1
4530	2.13	3.638	0.245	0.418	0.005	0	0.115	1	8.728	490	1.708	1
4531	2.444	5.636	0.611	1.409	0.005	0	0.25	1	3.999	483	2.306	1
4532	2.285	4.36	1.204	2.298	0.005	0	0.527	1	1.897	478	1.908	1
4533	3.512	5.665	0.664	1.071	0.005	0	0.189	1	5.282	484	1.613	1
4534	4.257	7.978	0.464	0.87	0.005	0	0.109	1	9.158	499	1.874	1
4535	1.604	3.418	0.292	0.622	0.005	0	0.182	1	5.488	469	2.131	1
4536	1.315	3.671	0.15	0.418	0.005	0	0.114	1	8.761	483	2.792	1
4537	1.775	2.87	0.504	0.815	0.005	0	0.284	1	3.519	495	1.617	1
4538	2.789	5.084	0.393	0.717	0.005	0	0.141	1	7.105	460	1.823	1
4539	2.556	4.67	0.79	1.443	0.005	0	0.309	1	3.232	475	1.827	1
4540	3.776	10.165	1.163	3.131	0.005	0	0.308	1	3.242	497	2.692	1
4541	2.511	7.39	2.318	6.821	0.005	0	0.923	1	1.083	452	2.943	1
4542	3.353	6.505	0.406	0.787	0.005	0	0.121	1	8.262	472	1.94	1
4543	3.517	10.456	0.38	1.129	0.005	0	0.108	1	9.233	452	2.973	1
4544	1.489	2.997	0.222	0.447	0.005	0	0.149	1	6.705	477	2.013	1
4545	3.14	5.065	0.518	0.836	0.005	0	0.165	1	6.07	476	1.613	1
4546	2.394	4.778	0.424	0.846	0.005	0	0.177	1	5.645	457	1.996	1
4547	3.76	6.802	0.556	1.007	0.005	0	0.148	1	6.744	490	1.809	1
4548	2.33	4.22	0.948	1.718	0.005	0	0.407	1	2.459	484	1.811	1
4549	4.92	9.569	3.975	7.732	0.005	0	0.808	1	1.237	495	1.945	1
4550	3.908	7.316	0.59	1.105	0.005	0	0.151	1	6.626	456	1.872	1
4551	4.172	8.886	1.786	3.803	0.005	0	0.428	1	2.337	456	2.13	1
4552	3.892	7.325	2.736	5.149	0.005	0	0.703	1	1.423	475	1.882	1
4553	3.53	10.456	0.367	1.087	0.005	0	0.104	1	9.601	462	2.962	1
4554	2.128	3.313	0.396	0.616	0.005	0	0.186	1	5.366	484	1.557	1
4555	4.116	11.792	0.687	1.969	0.005	0	0.167	1	5.987	478	2.865	1
4556	2.386	6.289	0.286	0.755	0.005	0	0.12	1	8.366	491	2.636	1
4557	1.165	2.782	0.146	0.348	0.005	0	0.125	1	7.986	462	2.388	1
4558	3.754	8.304	0.548	1.212	0.005	0	0.146	1	6.845	457	2.212	1
4559	3.702	8.259	0.6	1.338	0.005	0	0.162	1	6.166	464	2.231	1
4560	2.059	5.187	0.71	1.79	0.005	0	0.345	1	2.896	458	2.519	1
4561	1.626	3.642	0.311	0.696	0.005	0	0.191	1	5.24	498	2.24	1
4562	1.721	2.989	0.781	1.357	0.005	0	0.454	1	2.202	484	1.737	1
4563	1.338	2.784	1.16	2.414	0.005	0	0.867	1	1.153	498	2.081	1
4564	1.638	3.266	0.244	0.487	0.005	0	0.149	1	6.714	472	1.994	1
4565	3.743	8.669	3.062	7.091	0.005	0	0.818	1	1.223	471	2.316	1
4566	1.437	3.045	0.283	0.6	0.005	0	0.197	1	5.074	490	2.119	1
4567	2.874	6.9	0.339	0.814	0.005	0	0.118	1	8.459	457	2.401	1
4568	1.388	2.848	0.232	0.476	0.005	0	0.167	1	5.982	499	2.052	1
4569	1.092	2.187	1.026	2.056	0.005	0	0.94	1	1.064	471	2.003	1
4570	3.364	6.614	0.686	1.349	0.005	0	0.204	1	4.893	457	1.966	1
4571	3.305	7.483	0.651	1.474	0.005	0	0.197	1	5.089	480	2.264	1
4572	4.473	10.203	0.555	1.265	0.005	0	0.124	1	8.052	492	2.281	1
4573	4.267	8.188	0.802	1.539	0.005	0	0.188	1	5.32	480	1.919	1
4574	3.528	8.682	0.536	1.32	0.005	0	0.152	1	6.566	497	2.461	1
4575	4.463	10.501	0.826	1.943	0.005	0	0.185	1	5.403	499	2.353	1
4576	2.228	6.187	0.345	0.959	0.005	0	0.155	1	6.443	455	2.777	1
4577	2.65	5.175	0.535	1.045	0.005	0	0.202	1	4.956	462	1.953	1
4578	2.06	3.766	0.505	0.923	0.005	0	0.245	1	4.082	468	1.828	1
4579	4.894	8.657	0.568	1.004	0.005	0	0.116	1	8.653	467	1.769	1
4580	3.604	7.749	2.051	4.409	0.005	0	0.569	1	1.758	456	2.15	1
4581	3.866	7.956	2.71	5.577	0.005	0	0.701	1	1.427	499	2.058	1
4582	1.06	2.633	0.11	0.274	0.005	0	0.104	1	9.588	454	2.484	1
4583	2.43	5.101	0.697	1.464	0.005	0	0.287	1	3.487	457	2.099	1
4584	1.175	2.946	0.156	0.392	0.005	0	0.133	1	7.516	466	2.507	1
4585	3.651	6.623	0.504	0.914	0.005	0	0.138	1	7.223	480	1.814	1
4586	3.34	5.184	2.518	3.909	0.005	0	0.754	1	1.327	469	1.552	1
4587	2.055	3.855	1.496	2.806	0.005	0	0.728	1	1.373	470	1.876	1
4588	4.181	9.763	0.435	1.015	0.005	0	0.104	1	9.575	493	2.335	1
4589	4.48	12.181	0.556	1.51	0.005	0	0.124	1	8.097	488	2.719	1
4590	1.383	2.958	0.425	0.908	0.005	0	0.307	1	3.262	486	2.139	1
4591	4.768	12.616	0.796	2.107	0.005	0	0.167	1	5.987	486	2.646	1
4592	3.411	6.471	0.542	1.029	0.005	0	0.159	1	6.279	454	1.897	1
4593	3.752	5.984	1.692	2.699	0.005	0	0.451	1	2.218	494	1.595	1
4594	1.894	3.265	0.705	1.215	0.005	0	0.372	1	2.685	480	1.724	1
4595	3.779	9.791	0.427	1.106	0.005	0	0.113	1	8.839	482	2.591	1
4596	5.0	10.59	1.265	2.679	0.005	0	0.253	1	3.958	481	2.118	1
4597	1.761	4.165	1.032	2.441	0.005	0	0.586	1	1.706	481	2.365	1
4598	3.36	8.306	0.393	0.972	0.005	0	0.117	1	8.538	477	2.472	1
4599	2.28	5.192	0.367	0.836	0.005	0	0.161	1	6.22	452	2.277	1
4600	4.653	12.256	0.921	2.427	0.005	0	0.198	1	5.047	460	2.634	1
4601	4.052	11.609	0.608	1.741	0.005	0	0.15	1	6.683	459	2.865	1
4602	4.904	12.579	0.79	2.025	0.005	0	0.161	1	6.225	462	2.565	1
4603	2.944	7.381	0.383	0.96	0.005	0	0.13	1	7.674	491	2.507	1
4604	2.726	4.144	1.058	1.608	0.005	0	0.388	1	2.578	466	1.52	1
4605	4.547	6.93	0.487	0.742	0.005	0	0.107	1	9.387	486	1.524	1
4606	1.751	3.947	0.615	1.385	0.005	0	0.351	1	2.846	495	2.254	1
4607	4.906	7.688	0.741	1.161	0.005	0	0.151	1	6.607	450	1.567	1
4608	3.763	7.778	0.44	0.91	0.005	0	0.117	1	8.581	461	2.067	1
4609	1.378	2.912	0.514	1.086	0.005	0	0.373	1	2.678	466	2.113	1
4610	3.584	8.064	1.279	2.879	0.005	0	0.357	1	2.801	478	2.25	1
4611	3.442	7.982	1.146	2.658	0.005	0	0.333	1	3.002	481	2.319	1
4612	3.31	5.478	0.662	1.096	0.005	0	0.2	1	4.989	472	1.655	1
4613	3.993	10.989	0.443	1.22	0.005	0	0.111	1	9.025	467	2.752	1
4614	2.351	6.289	1.488	3.981	0.005	0	0.633	1	1.581	464	2.675	1
4615	4.923	12.839	2.516	6.561	0.005	0	0.511	1	1.957	494	2.608	1
4616	4.346	7.749	0.513	0.914	0.005	0	0.118	1	8.45	488	1.783	1
4617	3.224	6.203	0.548	1.055	0.005	0	0.17	1	5.878	489	1.924	1
4618	2.837	4.956	0.426	0.743	0.005	0	0.15	1	6.68	475	1.747	1
4619	1.104	3.274	0.189	0.56	0.005	0	0.171	1	5.858	460	2.966	1
4620	4.75	8.203	0.694	1.198	0.005	0	0.146	1	6.835	486	1.727	1
4621	1.9	2.882	0.247	0.375	0.005	0	0.13	1	7.675	463	1.517	1
4622	4.212	10.602	0.472	1.187	0.005	0	0.112	1	8.963	452	2.517	1
4623	1.785	2.885	0.439	0.71	0.005	0	0.246	1	4.064	454	1.616	1
4624	4.898	13.925	0.588	1.671	0.005	0	0.12	1	8.316	486	2.843	1
4625	1.377	3.871	0.196	0.55	0.005	0	0.142	1	7.028	496	2.811	1
4626	1.627	3.148	0.182	0.353	0.005	0	0.112	1	8.966	480	1.935	1
4627	3.912	6.259	0.943	1.508	0.005	0	0.241	1	4.146	469	1.6	1
4628	4.028	7.903	3.835	7.524	0.005	0	0.952	1	1.05	481	1.962	1
4629	3.945	9.618	1.85	4.511	0.005	0	0.469	1	2.134	454	2.438	1
4630	3.447	5.732	2.278	3.789	0.005	0	0.661	1	1.514	494	1.663	1
4631	1.41	4.207	0.979	2.92	0.005	0	0.694	1	1.441	474	2.984	1
4632	3.133	8.619	1.153	3.172	0.005	0	0.368	1	2.721	480	2.751	1
4633	3.731	7.996	0.444	0.952	0.005	0	0.119	1	8.382	452	2.143	1
4634	3.286	8.281	1.163	2.931	0.005	0	0.354	1	2.827	455	2.52	1
4635	3.254	8.161	2.811	7.051	0.005	0	0.864	1	1.157	481	2.508	1
4636	1.792	2.883	0.292	0.47	0.005	0	0.163	1	6.129	498	1.609	1
4637	3.088	6.494	0.469	0.987	0.005	0	0.152	1	6.594	499	2.103	1
4638	4.992	7.548	0.589	0.891	0.005	0	0.118	1	8.504	462	1.512	1
4639	3.983	6.723	0.522	0.881	0.005	0	0.131	1	7.607	461	1.688	1
4640	1.111	3.155	0.193	0.549	0.005	0	0.174	1	5.749	455	2.84	1
4641	2.815	8.318	0.315	0.932	0.005	0	0.112	1	8.934	456	2.955	1
4642	1.163	2.598	0.179	0.4	0.005	0	0.154	1	6.509	478	2.234	1
4643	3.892	8.158	0.697	1.46	0.005	0	0.179	1	5.602	474	2.096	1
4644	3.749	7.58	0.502	1.016	0.005	0	0.134	1	7.462	489	2.022	1
4645	3.749	9.969	0.686	1.824	0.005	0	0.183	1	5.466	486	2.659	1
4646	3.71	6.507	1.328	2.33	0.005	0	0.358	1	2.791	494	1.754	1
4647	1.513	2.9	0.172	0.331	0.005	0	0.114	1	8.756	477	1.917	1
4648	2.689	6.085	0.366	0.828	0.005	0	0.136	1	7.354	454	2.263	1
4649	3.317	8.77	0.985	2.605	0.005	0	0.297	1	3.364	478	2.644	1
4650	4.096	6.169	1.049	1.579	0.005	0	0.256	1	3.9	491	1.506	1
4651	2.642	6.666	0.346	0.873	0.005	0	0.131	1	7.623	454	2.523	1
4652	4.123	6.819	1.794	2.966	0.005	0	0.435	1	2.3	487	1.654	1
4653	4.643	8.362	0.52	0.937	0.005	0	0.112	1	8.914	494	1.801	1
4654	2.455	4.829	0.722	1.42	0.005	0	0.294	1	3.401	478	1.967	1
4655	4.796	14.254	0.585	1.739	0.005	0	0.122	1	8.19	497	2.972	1
4656	1.911	5.456	0.204	0.584	0.005	0	0.107	1	9.332	477	2.855	1
4657	4.096	8.061	1.602	3.152	0.005	0	0.391	1	2.558	472	1.968	1
4658	4.061	10.173	0.435	1.089	0.005	0	0.107	1	9.388	455	2.505	1
4659	3.1	7.753	0.329	0.822	0.005	0	0.106	1	9.393	486	2.501	1
4660	4.143	6.459	0.974	1.518	0.005	0	0.235	1	4.263	486	1.559	1
4661	4.283	8.981	0.523	1.096	0.005	0	0.122	1	8.176	490	2.097	1
4662	4.388	7.512	0.728	1.247	0.005	0	0.166	1	6.017	460	1.712	1
4663	1.352	3.775	0.961	2.684	0.005	0	0.711	1	1.407	498	2.792	1
4664	1.642	4.36	0.225	0.597	0.005	0	0.137	1	7.291	477	2.655	1
4665	4.509	10.61	0.848	1.995	0.005	0	0.188	1	5.312	478	2.353	1
4666	2.688	5.416	0.602	1.213	0.005	0	0.224	1	4.474	466	2.015	1
4667	3.758	11.101	0.921	2.72	0.005	0	0.245	1	4.089	466	2.954	1
4668	3.569	10.621	0.471	1.402	0.005	0	0.132	1	7.598	460	2.976	1
4669	2.733	5.381	0.361	0.71	0.005	0	0.132	1	7.595	460	1.969	1
4670	3.378	7.432	0.662	1.457	0.005	0	0.196	1	5.107	485	2.2	1
4671	3.406	7.251	0.661	1.407	0.005	0	0.194	1	5.162	476	2.129	1
4672	4.687	7.832	1.875	3.133	0.005	0	0.4	1	2.501	466	1.671	1
4673	1.24	3.656	0.207	0.611	0.005	0	0.167	1	6.001	498	2.948	1
4674	4.66	12.773	0.769	2.108	0.005	0	0.165	1	6.064	490	2.741	1
4675	1.419	3.332	0.15	0.353	0.005	0	0.106	1	9.432	450	2.348	1
4676	4.399	11.886	2.697	7.286	0.005	0	0.613	1	1.63	463	2.702	1
4677	3.661	5.722	0.41	0.641	0.005	0	0.112	1	8.953	463	1.563	1
4678	2.336	5.118	0.35	0.768	0.005	0	0.15	1	6.656	499	2.191	1
4679	2.052	4.213	0.353	0.725	0.005	0	0.172	1	5.83	480	2.053	1
4680	2.932	7.893	0.299	0.805	0.005	0	0.102	1	9.765	486	2.692	1
4681	1.845	4.037	1.446	3.165	0.005	0	0.784	1	1.275	493	2.188	1
4682	4.139	6.258	0.699	1.058	0.005	0	0.169	1	5.912	450	1.512	1
4683	2.948	5.908	0.413	0.827	0.005	0	0.14	1	7.16	464	2.004	1
4684	3.954	6.33	0.514	0.823	0.005	0	0.13	1	7.704	496	1.601	1
4685	2.903	8.03	0.386	1.068	0.005	0	0.133	1	7.497	473	2.766	1
4686	2.758	5.847	1.335	2.83	0.005	0	0.484	1	2.068	473	2.12	1
4687	1.583	3.384	0.233	0.497	0.005	0	0.147	1	6.817	456	2.138	1
4688	2.185	4.219	0.968	1.869	0.005	0	0.443	1	2.257	463	1.931	1
4689	2.267	4.16	0.762	1.398	0.005	0	0.336	1	2.98	496	1.835	1
4690	4.236	8.061	0.597	1.137	0.005	0	0.141	1	7.078	469	1.903	1
4691	2.568	4.648	0.36	0.651	0.005	0	0.14	1	7.125	498	1.81	1
4692	1.901	3.114	0.439	0.719	0.005	0	0.231	1	4.33	490	1.638	1
4693	4.499	7.806	1.962	3.403	0.005	0	0.436	1	2.293	476	1.735	1
4694	2.454	4.648	1.61	3.049	0.005	0	0.656	1	1.525	483	1.894	1
4695	4.932	10.648	0.804	1.736	0.005	0	0.163	1	6.151	481	2.159	1
4696	1.363	3.142	0.423	0.974	0.005	0	0.31	1	3.229	490	2.305	1
4697	2.574	7.38	0.484	1.387	0.005	0	0.188	1	5.316	450	2.867	1
4698	1.148	2.38	0.481	0.997	0.005	0	0.419	1	2.386	451	2.073	1
4699	1.978	4.656	1.711	4.027	0.005	0	0.865	1	1.156	457	2.354	1
4700	3.315	5.868	0.355	0.628	0.005	0	0.107	1	9.388	477	1.77	1
4701	4.857	12.288	0.826	2.089	0.005	0	0.17	1	5.878	456	2.53	1
4702	4.322	11.388	0.648	1.708	0.005	0	0.15	1	6.663	478	2.635	1
4703	4.412	8.18	0.582	1.08	0.005	0	0.132	1	7.568	484	1.854	1
4704	3.94	11.41	1.537	4.45	0.005	0	0.39	1	2.565	459	2.896	1
4705	2.139	4.09	0.522	0.998	0.005	0	0.244	1	4.093	466	1.912	1
4706	2.38	4.508	0.274	0.518	0.005	0	0.115	1	8.723	484	1.894	1
4707	3.512	6.325	1.356	2.441	0.005	0	0.386	1	2.593	451	1.801	1
4708	3.437	7.73	0.588	1.322	0.005	0	0.171	1	5.839	472	2.249	1
4709	4.712	12.605	1.687	4.513	0.005	0	0.358	1	2.791	490	2.675	1
4710	1.382	2.609	0.314	0.592	0.005	0	0.227	1	4.413	473	1.888	1
4711	1.379	2.343	0.292	0.497	0.005	0	0.212	1	4.728	462	1.699	1
4712	3.212	6.668	2.756	5.721	0.005	0	0.858	1	1.166	455	2.076	1
4713	2.289	6.741	0.284	0.836	0.005	0	0.124	1	8.08	485	2.945	1
4714	1.508	3.079	0.449	0.918	0.005	0	0.298	1	3.357	494	2.042	1
4715	4.355	9.259	0.692	1.472	0.005	0	0.159	1	6.297	473	2.126	1
4716	4.158	12.154	0.89	2.601	0.005	0	0.214	1	4.669	453	2.923	1
4717	2.164	3.852	0.264	0.47	0.005	0	0.122	1	8.223	483	1.78	1
4718	3.701	8.686	0.988	2.319	0.005	0	0.267	1	3.745	457	2.347	1
4719	3.224	7.019	0.332	0.723	0.005	0	0.103	1	9.729	458	2.177	1
4720	3.822	7.548	1.334	2.634	0.005	0	0.349	1	2.864	454	1.975	1
4721	4.819	11.739	0.896	2.183	0.005	0	0.186	1	5.381	460	2.436	1
4722	4.062	8.591	0.91	1.924	0.005	0	0.224	1	4.468	465	2.115	1
4723	3.199	7.614	0.867	2.063	0.005	0	0.271	1	3.694	487	2.38	1
4724	1.527	4.16	0.169	0.462	0.005	0	0.111	1	8.996	498	2.724	1
4725	4.508	11.306	0.69	1.73	0.005	0	0.153	1	6.529	467	2.508	1
4726	2.057	3.155	0.588	0.902	0.005	0	0.286	1	3.497	497	1.534	1
4727	2.554	4.674	1.047	1.916	0.005	0	0.41	1	2.438	453	1.83	1
4728	1.607	3.012	0.222	0.416	0.005	0	0.138	1	7.258	451	1.874	1
4729	2.565	7.018	0.318	0.87	0.005	0	0.124	1	8.064	486	2.736	1
4730	4.959	7.984	1.423	2.291	0.005	0	0.287	1	3.481	451	1.61	1
4731	2.167	6.068	0.375	1.05	0.005	0	0.173	1	5.781	470	2.8	1
4732	1.545	3.071	0.411	0.817	0.005	0	0.266	1	3.755	485	1.988	1
4733	3.24	6.989	0.729	1.573	0.005	0	0.225	1	4.454	499	2.157	1
4734	2.203	5.303	0.498	1.198	0.005	0	0.226	1	4.427	499	2.407	1
4735	2.148	5.733	0.309	0.826	0.005	0	0.144	1	6.944	473	2.669	1
4736	2.748	7.939	0.316	0.913	0.005	0	0.115	1	8.669	454	2.889	1
4737	2.118	5.312	0.381	0.956	0.005	0	0.18	1	5.559	481	2.508	1
4738	3.113	9.046	1.946	5.654	0.005	0	0.625	1	1.601	457	2.906	1
4739	3.195	7.055	1.163	2.568	0.005	0	0.364	1	2.748	453	2.208	1
4740	2.294	4.886	0.397	0.845	0.005	0	0.173	1	5.783	489	2.13	1
4741	4.122	7.007	0.73	1.24	0.005	0	0.177	1	5.652	462	1.7	1
4742	2.763	6.844	0.334	0.828	0.005	0	0.121	1	8.249	452	2.477	1
4743	2.357	3.601	0.375	0.573	0.005	0	0.159	1	6.276	468	1.528	1
4744	4.267	9.434	0.499	1.104	0.005	0	0.117	1	8.563	477	2.211	1
4745	3.171	5.803	0.409	0.749	0.005	0	0.129	1	7.76	486	1.83	1
4746	4.895	11.733	0.494	1.185	0.005	0	0.101	1	9.934	458	2.397	1
4747	3.313	7.978	0.388	0.933	0.005	0	0.117	1	8.519	491	2.408	1
4748	4.823	11.942	2.99	7.404	0.005	0	0.62	1	1.613	485	2.476	1
4749	4.139	7.372	2.024	3.605	0.005	0	0.489	1	2.046	469	1.781	1
4750	1.356	2.785	0.197	0.404	0.005	0	0.145	1	6.874	476	2.054	1
4751	3.097	5.615	2.499	4.531	0.005	0	0.807	1	1.239	485	1.813	1
4752	2.571	3.877	0.581	0.876	0.005	0	0.226	1	4.418	476	1.508	1
4753	2.211	5.28	0.345	0.824	0.005	0	0.156	1	6.427	496	2.388	1
4754	4.417	6.674	0.508	0.768	0.005	0	0.115	1	8.663	453	1.511	1
4755	3.327	6.644	0.612	1.222	0.005	0	0.184	1	5.432	467	1.997	1
4756	1.149	2.471	0.207	0.445	0.005	0	0.18	1	5.542	457	2.151	1
4757	3.922	10.315	0.424	1.114	0.005	0	0.108	1	9.281	474	2.63	1
4758	2.573	4.994	0.72	1.398	0.005	0	0.28	1	3.566	490	1.941	1
4759	4.914	10.197	0.698	1.448	0.005	0	0.142	1	7.048	485	2.075	1
4760	3.669	7.364	0.429	0.862	0.005	0	0.117	1	8.553	495	2.007	1
4761	1.517	4.458	0.915	2.688	0.005	0	0.603	1	1.658	469	2.939	1
4762	3.823	8.055	3.506	7.386	0.005	0	0.917	1	1.091	451	2.107	1
4763	3.026	6.379	1.171	2.469	0.005	0	0.387	1	2.581	475	2.108	1
4764	4.201	9.486	2.932	6.621	0.005	0	0.698	1	1.432	450	2.258	1
4765	4.256	7.882	0.481	0.891	0.005	0	0.113	1	8.873	494	1.852	1
4766	4.081	7.815	0.551	1.055	0.005	0	0.135	1	7.417	453	1.915	1
4767	3.527	8.867	0.593	1.49	0.005	0	0.168	1	5.967	497	2.514	1
4768	3.822	9.364	0.459	1.124	0.005	0	0.12	1	8.314	496	2.45	1
4769	1.853	4.76	0.187	0.481	0.005	0	0.101	1	9.918	457	2.569	1
4770	1.315	2.946	0.757	1.697	0.005	0	0.576	1	1.736	475	2.24	1
4771	2.394	6.521	0.383	1.043	0.005	0	0.16	1	6.239	450	2.724	1
4772	3.453	5.394	0.877	1.37	0.005	0	0.254	1	3.942	487	1.562	1
4773	1.754	2.938	0.442	0.74	0.005	0	0.252	1	3.97	488	1.675	1
4774	2.917	5.169	0.347	0.615	0.005	0	0.119	1	8.411	497	1.772	1
4775	4.066	6.55	0.728	1.172	0.005	0	0.179	1	5.577	487	1.611	1
4776	4.771	8.807	1.021	1.885	0.005	0	0.214	1	4.679	465	1.846	1
4777	2.261	4.841	0.355	0.76	0.005	0	0.157	1	6.358	452	2.141	1
4778	2.538	3.959	1.495	2.332	0.005	0	0.589	1	1.698	490	1.56	1
4779	4.817	7.596	2.707	4.269	0.005	0	0.562	1	1.78	462	1.577	1
4780	4.016	8.952	0.867	1.934	0.005	0	0.216	1	4.632	475	2.229	1
4781	1.482	3.216	0.194	0.421	0.005	0	0.131	1	7.619	495	2.17	1
4782	4.064	11.749	2.995	8.659	0.005	0	0.737	1	1.356	484	2.891	1
4783	2.769	6.352	0.371	0.851	0.005	0	0.134	1	7.482	481	2.294	1
4784	3.015	4.896	0.479	0.778	0.005	0	0.159	1	6.292	487	1.624	1
4785	1.58	2.564	0.199	0.323	0.005	0	0.126	1	7.913	497	1.623	1
4786	2.782	5.072	0.445	0.812	0.005	0	0.16	1	6.239	458	1.823	1
4787	2.56	5.112	0.374	0.746	0.005	0	0.146	1	6.85	466	1.997	1
4788	3.216	5.75	1.084	1.938	0.005	0	0.337	1	2.966	493	1.788	1
4789	2.24	4.832	0.3	0.647	0.005	0	0.134	1	7.488	496	2.157	1
4790	4.785	12.498	0.785	2.05	0.005	0	0.164	1	6.103	482	2.612	1
4791	3.628	7.158	0.682	1.346	0.005	0	0.188	1	5.311	459	1.973	1
4792	1.519	3.641	0.173	0.415	0.005	0	0.114	1	8.797	450	2.397	1
4793	1.355	2.317	0.215	0.368	0.005	0	0.159	1	6.295	489	1.71	1
4794	2.567	5.342	0.39	0.812	0.005	0	0.152	1	6.581	486	2.081	1
4795	1.041	1.709	0.125	0.205	0.005	0	0.12	1	8.342	458	1.642	1
4796	1.376	3.374	0.246	0.604	0.005	0	0.179	1	5.583	498	2.452	1
4797	1.712	4.84	1.072	3.03	0.005	0	0.626	1	1.597	497	2.827	1
4798	4.663	9.191	0.513	1.011	0.005	0	0.11	1	9.098	469	1.971	1
4799	4.293	10.033	1.498	3.502	0.005	0	0.349	1	2.866	450	2.337	1
4800	3.868	9.643	0.971	2.42	0.005	0	0.251	1	3.99	475	2.493	1
4801	4.712	13.165	0.702	1.962	0.005	0	0.149	1	6.73	450	2.794	1
4802	3.638	10.718	0.622	1.833	0.005	0	0.171	1	5.842	453	2.946	1
4803	1.48	3.582	0.178	0.43	0.005	0	0.12	1	8.33	451	2.42	1
4804	2.821	6.189	0.398	0.873	0.005	0	0.141	1	7.081	488	2.194	1
4805	4.876	10.293	0.761	1.606	0.005	0	0.156	1	6.402	480	2.111	1
4806	2.172	5.421	0.243	0.607	0.005	0	0.112	1	8.937	474	2.496	1
4807	4.084	6.8	0.425	0.707	0.005	0	0.104	1	9.604	479	1.665	1
4808	2.159	6.24	0.225	0.649	0.005	0	0.104	1	9.575	450	2.89	1
4809	1.727	4.252	0.285	0.702	0.005	0	0.165	1	6.043	452	2.462	1
4810	2.046	5.039	0.497	1.224	0.005	0	0.243	1	4.123	463	2.463	1
4811	1.695	4.324	0.249	0.636	0.005	0	0.147	1	6.785	499	2.551	1
4812	1.467	3.77	0.178	0.456	0.005	0	0.121	1	8.234	452	2.57	1
4813	2.883	6.96	0.995	2.401	0.005	0	0.345	1	2.895	479	2.414	1
4814	3.998	10.315	0.476	1.227	0.005	0	0.119	1	8.409	451	2.58	1
4815	3.089	4.757	0.837	1.289	0.005	0	0.271	1	3.694	465	1.54	1
4816	3.765	6.163	0.685	1.122	0.005	0	0.182	1	5.489	482	1.637	1
4817	2.368	5.626	0.379	0.9	0.005	0	0.16	1	6.246	484	2.376	1
4818	1.698	4.228	0.294	0.731	0.005	0	0.173	1	5.786	485	2.49	1
4819	2.063	4.52	1.046	2.292	0.005	0	0.507	1	1.971	465	2.191	1
4820	4.413	7.864	1.465	2.611	0.005	0	0.332	1	3.012	455	1.782	1
4821	3.984	6.964	1.367	2.389	0.005	0	0.343	1	2.917	462	1.748	1
4822	3.03	8.448	0.37	1.031	0.005	0	0.122	1	8.2	478	2.788	1
4823	2.173	5.795	0.328	0.875	0.005	0	0.151	1	6.619	464	2.667	1
4824	2.093	5.456	0.456	1.189	0.005	0	0.218	1	4.583	470	2.607	1
4825	3.81	7.46	0.564	1.104	0.005	0	0.148	1	6.758	477	1.958	1
4826	4.494	10.705	4.076	9.709	0.005	0	0.907	1	1.103	495	2.382	1
4827	4.112	9.499	0.711	1.643	0.005	0	0.173	1	5.795	469	2.31	1
4828	4.145	8.597	0.497	1.032	0.005	0	0.12	1	8.348	493	2.074	1
4829	2.019	3.097	0.252	0.387	0.005	0	0.125	1	7.989	478	1.534	1
4830	2.746	5.651	0.275	0.565	0.005	0	0.1	1	9.988	488	2.058	1
4831	4.707	12.747	0.537	1.453	0.005	0	0.114	1	8.768	495	2.708	1
4832	1.159	3.034	0.232	0.607	0.005	0	0.2	1	4.99	470	2.618	1
4833	3.007	8.702	0.304	0.879	0.005	0	0.101	1	9.888	497	2.894	1
4834	3.134	8.017	0.878	2.245	0.005	0	0.28	1	3.574	477	2.558	1
4835	2.953	7.034	0.712	1.695	0.005	0	0.241	1	4.158	450	2.382	1
4836	3.668	7.013	0.554	1.059	0.005	0	0.151	1	6.604	453	1.912	1
4837	2.953	8.088	0.405	1.108	0.005	0	0.137	1	7.303	498	2.739	1
4838	2.009	3.572	0.203	0.361	0.005	0	0.101	1	9.898	466	1.778	1
4839	3.924	8.393	1.028	2.199	0.005	0	0.262	1	3.811	477	2.139	1
4840	2.161	3.797	0.365	0.642	0.005	0	0.169	1	5.921	475	1.757	1
4841	3.046	6.482	0.487	1.037	0.005	0	0.16	1	6.257	450	2.128	1
4842	4.168	7.152	1.896	3.254	0.005	0	0.455	1	2.196	463	1.716	1
4843	3.698	10.299	0.44	1.226	0.005	0	0.119	1	8.392	458	2.785	1
4844	2.294	5.542	0.851	2.056	0.005	0	0.371	1	2.694	466	2.416	1
4845	3.473	8.936	0.49	1.26	0.005	0	0.141	1	7.089	454	2.573	1
4846	3.222	7.217	0.538	1.205	0.005	0	0.167	1	5.989	498	2.24	1
4847	3.524	6.526	0.673	1.246	0.005	0	0.191	1	5.232	488	1.852	1
4848	3.744	5.856	1.026	1.605	0.005	0	0.274	1	3.649	484	1.564	1
4849	1.233	3.418	0.24	0.667	0.005	0	0.195	1	5.134	497	2.772	1
4850	2.593	4.963	1.003	1.921	0.005	0	0.387	1	2.584	471	1.914	1
4851	2.905	6.315	2.609	5.671	0.005	0	0.898	1	1.113	492	2.174	1
4852	2.027	3.709	0.334	0.612	0.005	0	0.165	1	6.05	477	1.83	1
4853	1.087	1.8	0.138	0.229	0.005	0	0.127	1	7.902	465	1.656	1
4854	2.937	7.536	2.182	5.599	0.005	0	0.743	1	1.345	453	2.566	1
4855	4.709	11.259	0.607	1.452	0.005	0	0.129	1	7.747	466	2.391	1
4856	2.079	5.077	0.584	1.427	0.005	0	0.281	1	3.564	454	2.442	1
4857	4.588	12.007	4.088	10.698	0.005	0	0.891	1	1.122	459	2.617	1
4858	1.621	3.621	0.632	1.412	0.005	0	0.39	1	2.563	496	2.234	1
4859	3.165	7.093	0.741	1.66	0.005	0	0.234	1	4.266	465	2.241	1
4860	3.713	7.582	0.631	1.289	0.005	0	0.17	1	5.885	455	2.042	1
4861	4.624	9.955	0.467	1.005	0.005	0	0.101	1	9.881	460	2.153	1
4862	3.675	10.033	0.636	1.736	0.005	0	0.173	1	5.791	489	2.73	1
4863	2.383	3.92	0.338	0.557	0.005	0	0.142	1	7.035	450	1.645	1
4864	4.056	6.883	3.488	5.919	0.005	0	0.86	1	1.163	475	1.697	1
4865	2.568	7.196	0.298	0.835	0.005	0	0.116	1	8.586	491	2.802	1
4866	2.125	6.352	0.468	1.397	0.005	0	0.22	1	4.552	496	2.989	1
4867	4.473	7.573	0.984	1.666	0.005	0	0.22	1	4.548	494	1.693	1
4868	2.679	6.454	0.319	0.768	0.005	0	0.119	1	8.377	482	2.409	1
4869	4.21	7.46	0.64	1.134	0.005	0	0.152	1	6.596	486	1.772	1
4870	3.12	7.728	0.374	0.927	0.005	0	0.12	1	8.308	456	2.477	1
4871	3.133	6.51	0.354	0.736	0.005	0	0.113	1	8.844	479	2.078	1
4872	3.247	7.468	0.99	2.278	0.005	0	0.305	1	3.28	451	2.3	1
4873	3.538	8.799	0.371	0.924	0.005	0	0.105	1	9.505	451	2.487	1
4874	3.568	9.484	1.427	3.794	0.005	0	0.4	1	2.501	463	2.658	1
4875	2.055	4.924	0.279	0.67	0.005	0	0.136	1	7.367	471	2.396	1
4876	4.604	8.264	2.307	4.14	0.005	0	0.501	1	1.995	498	1.795	1
4877	1.757	2.815	0.202	0.324	0.005	0	0.115	1	8.727	467	1.602	1
4878	2.087	4.725	0.476	1.077	0.005	0	0.228	1	4.384	497	2.264	1
4879	2.797	7.823	0.386	1.08	0.005	0	0.138	1	7.255	490	2.797	1
4880	1.929	5.326	0.359	0.991	0.005	0	0.186	1	5.389	471	2.761	1
4881	3.631	8.627	0.625	1.484	0.005	0	0.172	1	5.811	487	2.376	1
4882	2.052	3.298	0.507	0.815	0.005	0	0.247	1	4.041	477	1.607	1
4883	2.175	5.283	0.455	1.104	0.005	0	0.209	1	4.789	467	2.429	1
4884	1.789	2.789	0.186	0.29	0.005	0	0.104	1	9.605	457	1.559	1
4885	1.258	2.966	0.926	2.183	0.005	0	0.736	1	1.359	497	2.358	1
4886	1.972	5.374	0.434	1.182	0.005	0	0.22	1	4.541	485	2.725	1
4887	3.133	7.341	0.598	1.402	0.005	0	0.191	1	5.243	486	2.343	1
4888	4.099	11.063	0.541	1.46	0.005	0	0.132	1	7.553	472	2.699	1
4889	3.33	7.429	0.829	1.85	0.005	0	0.249	1	4.021	474	2.231	1
4890	4.524	10.622	0.651	1.53	0.005	0	0.144	1	6.958	489	2.348	1
4891	4.665	12.157	0.672	1.751	0.005	0	0.144	1	6.921	465	2.606	1
4892	2.446	6.369	0.296	0.771	0.005	0	0.121	1	8.298	493	2.604	1
4893	1.723	5.019	0.283	0.823	0.005	0	0.164	1	6.096	456	2.913	1
4894	3.608	7.371	0.606	1.238	0.005	0	0.168	1	5.963	461	2.043	1
4895	3.269	9.019	0.588	1.623	0.005	0	0.18	1	5.556	450	2.759	1
4896	2.022	5.979	0.647	1.913	0.005	0	0.32	1	3.123	477	2.957	1
4897	4.998	10.556	2.319	4.898	0.005	0	0.464	1	2.157	496	2.112	1
4898	3.104	9.154	0.379	1.117	0.005	0	0.122	1	8.165	465	2.949	1
4899	1.395	4.178	0.158	0.472	0.005	0	0.113	1	8.88	463	2.995	1
4900	3.217	7.907	0.965	2.372	0.005	0	0.3	1	3.334	451	2.458	1
4901	1.717	3.906	0.223	0.508	0.005	0	0.13	1	7.702	456	2.275	1
4902	3.238	9.244	0.402	1.146	0.005	0	0.124	1	8.083	493	2.855	1
4903	3.644	8.709	0.842	2.012	0.005	0	0.231	1	4.33	468	2.39	1
4904	3.549	9.369	1.828	4.825	0.005	0	0.515	1	1.942	486	2.64	1
4905	2.941	6.064	1.709	3.523	0.005	0	0.581	1	1.72	474	2.062	1
4906	4.787	8.291	1.436	2.487	0.005	0	0.3	1	3.337	483	1.732	1
4907	4.76	8.42	1.081	1.911	0.005	0	0.227	1	4.413	461	1.769	1
4908	1.412	2.145	0.145	0.221	0.005	0	0.103	1	9.671	498	1.519	1
4909	1.975	5.301	0.523	1.405	0.005	0	0.265	1	3.772	499	2.684	1
4910	4.431	9.478	2.149	4.597	0.005	0	0.485	1	2.06	461	2.139	1
4911	1.273	2.235	0.197	0.346	0.005	0	0.155	1	6.436	458	1.756	1
4912	1.471	2.667	0.432	0.784	0.005	0	0.294	1	3.403	482	1.813	1
4913	4.935	13.956	0.558	1.577	0.005	0	0.113	1	8.844	488	2.828	1
4914	4.599	12.353	0.52	1.396	0.005	0	0.113	1	8.847	488	2.686	1
4915	1.747	4.731	0.218	0.591	0.005	0	0.125	1	7.986	490	2.708	1
4916	4.007	10.198	0.437	1.112	0.005	0	0.109	1	9.154	465	2.545	1
4917	1.171	3.206	0.33	0.904	0.005	0	0.282	1	3.541	462	2.738	1
4918	3.441	6.149	1.208	2.158	0.005	0	0.351	1	2.853	481	1.787	1
4919	3.036	8.419	0.765	2.122	0.005	0	0.252	1	3.97	464	2.773	1
4920	2.792	7.608	0.494	1.347	0.005	0	0.177	1	5.646	469	2.725	1
4921	1.722	4.651	0.232	0.628	0.005	0	0.135	1	7.401	458	2.701	1
4922	3.225	6.64	0.406	0.837	0.005	0	0.126	1	7.919	497	2.059	1
4923	2.715	7.214	1.406	3.737	0.005	0	0.518	1	1.931	482	2.657	1
4924	1.475	4.131	0.463	1.297	0.005	0	0.314	1	3.186	490	2.801	1
4925	4.331	6.553	0.641	0.97	0.005	0	0.148	1	6.757	472	1.513	1
4926	3.989	7.352	2.35	4.33	0.005	0	0.589	1	1.698	465	1.843	1
4927	3.375	5.177	0.371	0.569	0.005	0	0.11	1	9.069	462	1.534	1
4928	3.83	10.008	0.387	1.011	0.005	0	0.101	1	9.874	463	2.613	1
4929	1.79	4.353	0.358	0.871	0.005	0	0.2	1	4.998	460	2.432	1
4930	1.1	2.615	0.14	0.332	0.005	0	0.127	1	7.878	497	2.377	1
4931	3.542	6.461	0.63	1.15	0.005	0	0.178	1	5.622	468	1.824	1
4932	4.235	12.43	0.639	1.877	0.005	0	0.151	1	6.604	466	2.935	1
4933	3.657	7.735	0.391	0.828	0.005	0	0.107	1	9.374	475	2.115	1
4934	2.326	6.738	0.291	0.842	0.005	0	0.125	1	8.018	452	2.897	1
4935	4.823	13.543	2.58	7.246	0.005	0	0.535	1	1.869	462	2.808	1
4936	3.033	6.448	0.47	0.999	0.005	0	0.155	1	6.438	479	2.126	1
4937	3.442	10.164	0.544	1.606	0.005	0	0.158	1	6.348	452	2.953	1
4938	2.698	6.834	0.402	1.018	0.005	0	0.149	1	6.697	498	2.533	1
4939	4.666	11.166	3.91	9.357	0.005	0	0.838	1	1.194	471	2.393	1
4940	4.543	10.726	1.068	2.521	0.005	0	0.235	1	4.25	482	2.361	1
4941	1.28	3.245	0.131	0.331	0.005	0	0.102	1	9.832	492	2.535	1
4942	1.432	3.49	0.239	0.583	0.005	0	0.167	1	5.98	491	2.437	1
4943	2.297	6.374	0.618	1.715	0.005	0	0.269	1	3.717	484	2.775	1
4944	1.184	2.958	0.278	0.695	0.005	0	0.235	1	4.25	482	2.498	1
4945	2.946	5.724	0.327	0.635	0.005	0	0.111	1	8.977	474	1.943	1
4946	2.179	3.425	0.835	1.312	0.005	0	0.383	1	2.613	467	1.572	1
4947	1.893	5.172	0.842	2.302	0.005	0	0.445	1	2.245	469	2.732	1
4948	3.768	11.04	0.667	1.954	0.005	0	0.177	1	5.653	497	2.93	1
4949	1.842	3.395	0.405	0.747	0.005	0	0.22	1	4.553	478	1.843	1
4950	1.582	4.453	0.165	0.463	0.005	0	0.104	1	9.602	468	2.815	1
4951	4.232	7.469	0.618	1.09	0.005	0	0.146	1	6.866	485	1.765	1
4952	1.193	3.16	0.153	0.404	0.005	0	0.128	1	7.797	495	2.649	1
4953	4.019	7.708	2.548	4.887	0.005	0	0.634	1	1.578	466	1.918	1
4954	2.969	7.396	1.452	3.617	0.005	0	0.489	1	2.046	486	2.491	1
4955	4.452	10.756	0.917	2.216	0.005	0	0.206	1	4.856	470	2.416	1
4956	3.47	6.107	0.809	1.423	0.005	0	0.233	1	4.285	473	1.76	1
4957	4.808	8.467	0.62	1.092	0.005	0	0.129	1	7.732	465	1.761	1
4958	4.381	11.364	0.749	1.943	0.005	0	0.171	1	5.865	463	2.594	1
4959	3.166	8.672	0.399	1.093	0.005	0	0.126	1	7.926	484	2.739	1
4960	3.394	8.875	1.487	3.887	0.005	0	0.438	1	2.281	492	2.615	1
4961	1.159	1.747	0.133	0.201	0.005	0	0.115	1	8.697	478	1.507	1
4962	1.091	2.571	0.154	0.363	0.005	0	0.141	1	7.094	470	2.357	1
4963	3.542	8.15	0.429	0.986	0.005	0	0.121	1	8.242	464	2.301	1
4964	3.211	7.08	0.706	1.558	0.005	0	0.22	1	4.545	477	2.205	1
4965	3.891	7.7	0.623	1.232	0.005	0	0.16	1	6.269	454	1.979	1
4966	4.599	11.976	1.118	2.91	0.005	0	0.243	1	4.115	460	2.604	1
4967	2.849	5.766	0.39	0.79	0.005	0	0.137	1	7.274	464	2.024	1
4968	1.601	3.767	0.624	1.469	0.005	0	0.39	1	2.567	477	2.353	1
4969	3.972	11.598	1.831	5.347	0.005	0	0.461	1	2.17	482	2.92	1
4970	1.449	3.133	1.435	3.102	0.005	0	0.99	1	1.01	464	2.162	1
4971	4.88	10.072	0.498	1.027	0.005	0	0.102	1	9.789	492	2.064	1
4972	1.221	3.659	0.122	0.366	0.005	0	0.1	1	9.975	487	2.997	1
4973	4.272	7.215	1.726	2.915	0.005	0	0.404	1	2.478	488	1.689	1
4974	1.961	4.044	0.271	0.558	0.005	0	0.138	1	7.269	481	2.062	1
4975	4.258	8.337	1.328	2.601	0.005	0	0.312	1	3.208	492	1.958	1
4976	1.41	2.58	0.164	0.299	0.005	0	0.116	1	8.608	453	1.83	1
4977	3.85	7.812	0.485	0.984	0.005	0	0.126	1	7.94	494	2.029	1
4978	4.347	10.841	1.087	2.71	0.005	0	0.25	1	3.999	480	2.494	1
4979	4.682	7.669	0.641	1.051	0.005	0	0.137	1	7.291	482	1.638	1
4980	4.408	10.451	3.848	9.124	0.005	0	0.873	1	1.146	478	2.371	1
4981	2.28	4.202	0.752	1.387	0.005	0	0.33	1	3.034	453	1.843	1
4982	4.082	10.217	0.49	1.226	0.005	0	0.12	1	8.332	462	2.503	1
4983	4.574	8.768	1.939	3.718	0.005	0	0.424	1	2.36	465	1.917	1
4984	3.602	10.237	0.785	2.232	0.005	0	0.218	1	4.594	485	2.842	1
4985	1.489	2.574	0.331	0.571	0.005	0	0.222	1	4.501	496	1.729	1
4986	1.409	2.497	0.235	0.417	0.005	0	0.167	1	5.981	467	1.772	1
4987	4.238	8.824	0.716	1.491	0.005	0	0.169	1	5.934	484	2.082	1
4988	4.412	9.296	0.454	0.957	0.005	0	0.103	1	9.668	461	2.107	1
4989	2.479	4.39	0.716	1.269	0.005	0	0.289	1	3.458	470	1.771	1
4990	3.918	7.479	0.596	1.137	0.005	0	0.152	1	6.569	450	1.909	1
4991	3.697	8.056	0.654	1.426	0.005	0	0.177	1	5.649	473	2.179	1
4992	2.98	8.287	0.355	0.986	0.005	0	0.119	1	8.376	477	2.781	1
4993	1.003	2.548	0.101	0.257	0.005	0	0.101	1	9.938	456	2.54	1
4994	2.488	6.956	0.455	1.273	0.005	0	0.183	1	5.457	453	2.796	1
4995	2.802	8.243	0.3	0.882	0.005	0	0.107	1	9.378	482	2.942	1
4996	2.956	7.375	0.641	1.6	0.005	0	0.217	1	4.602	452	2.495	1
4997	4.564	7.69	0.735	1.238	0.005	0	0.161	1	6.223	450	1.685	1
4998	3.594	8.32	0.715	1.656	0.005	0	0.199	1	5.014	471	2.315	1
4999	3.676	8.175	0.434	0.965	0.005	0	0.118	1	8.439	496	2.224	1
5000	3.829	9.408	0.429	1.054	0.005	0	0.112	1	8.953	491	2.457	1
5001	3.689	9.219	1.49	3.724	0.005	0	0.404	1	2.474	467	2.499	1
5002	3.228	8.293	0.92	2.364	0.005	0	0.285	1	3.512	465	2.569	1
5003	2.843	7.434	1.797	4.698	0.005	0	0.632	1	1.583	457	2.615	1
5004	2.514	3.801	1.209	1.828	0.005	0	0.481	1	2.081	459	1.512	1
5005	3.172	6.166	0.527	1.024	0.005	0	0.166	1	6.017	476	1.944	1
5006	4.604	7.417	1.487	2.396	0.005	0	0.323	1	3.1	464	1.611	1
5007	4.044	8.416	0.534	1.111	0.005	0	0.132	1	7.584	486	2.081	1
5008	3.954	7.014	0.617	1.094	0.005	0	0.156	1	6.423	478	1.774	1
5009	4.774	12.245	0.979	2.51	0.005	0	0.205	1	4.871	474	2.565	1
5010	3.613	7.132	1.254	2.475	0.005	0	0.347	1	2.882	489	1.974	1
5011	1.714	5.01	0.254	0.741	0.005	0	0.148	1	6.743	478	2.923	1
5012	2.531	5.672	0.268	0.601	0.005	0	0.106	1	9.456	495	2.241	1
5013	4.964	11.348	1.623	3.711	0.005	0	0.327	1	3.059	470	2.286	1
5014	2.38	4.027	0.409	0.693	0.005	0	0.172	1	5.808	459	1.692	1
5015	1.755	3.933	0.549	1.231	0.005	0	0.313	1	3.193	480	2.241	1
5016	4.966	10.349	2.185	4.554	0.005	0	0.44	1	2.272	463	2.084	1
5017	1.465	2.35	0.176	0.282	0.005	0	0.12	1	8.351	468	1.604	1
5018	1.035	2.929	0.303	0.858	0.005	0	0.293	1	3.412	493	2.83	1
5019	3.556	7.987	0.444	0.998	0.005	0	0.125	1	7.996	479	2.246	1
5020	1.608	4.506	0.228	0.64	0.005	0	0.142	1	7.034	478	2.802	1
5021	2.128	4.703	0.326	0.72	0.005	0	0.153	1	6.535	466	2.21	1
5022	4.829	11.759	1.642	3.998	0.005	0	0.34	1	2.945	480	2.435	1
5023	1.027	2.878	0.114	0.319	0.005	0	0.111	1	9.005	496	2.802	1
5024	2.091	4.586	0.249	0.546	0.005	0	0.119	1	8.413	496	2.193	1
5025	3.346	7.375	0.402	0.885	0.005	0	0.12	1	8.299	462	2.204	1
5026	3.253	8.562	2.44	6.422	0.005	0	0.75	1	1.334	477	2.632	1
5027	2.221	3.658	1.959	3.226	0.005	0	0.882	1	1.134	474	1.647	1
5028	3.761	9.647	0.726	1.862	0.005	0	0.193	1	5.175	465	2.565	1
5029	3.045	6.955	1.047	2.393	0.005	0	0.344	1	2.904	472	2.284	1
5030	1.101	2.837	0.563	1.45	0.005	0	0.511	1	1.957	496	2.577	1
5031	2.832	7.389	1.926	5.025	0.005	0	0.68	1	1.47	492	2.609	1
5032	4.242	9.901	0.513	1.198	0.005	0	0.121	1	8.232	476	2.334	1
5033	1.433	4.083	0.175	0.498	0.005	0	0.122	1	8.22	487	2.849	1
5034	2.651	5.318	0.557	1.117	0.005	0	0.21	1	4.768	463	2.006	1
5035	2.115	5.488	1.227	3.183	0.005	0	0.58	1	1.725	451	2.595	1
5036	2.628	7.474	0.804	2.287	0.005	0	0.306	1	3.27	499	2.844	1
5037	1.432	3.928	0.375	1.029	0.005	0	0.262	1	3.822	455	2.743	1
5038	2.418	6.816	0.254	0.716	0.005	0	0.105	1	9.501	479	2.819	1
5039	1.462	3.132	0.197	0.423	0.005	0	0.135	1	7.396	483	2.142	1
5040	2.37	6.709	0.277	0.785	0.005	0	0.117	1	8.512	476	2.831	1
5041	1.054	2.584	0.156	0.382	0.005	0	0.148	1	6.769	489	2.452	1
5042	4.312	6.942	0.884	1.423	0.005	0	0.205	1	4.884	470	1.61	1
5043	1.018	1.944	0.492	0.939	0.005	0	0.483	1	2.071	460	1.91	1
5044	1.858	3.151	0.297	0.504	0.005	0	0.16	1	6.262	451	1.696	1
5045	3.338	7.417	0.357	0.794	0.005	0	0.107	1	9.355	451	2.222	1
5046	4.997	7.845	0.899	1.412	0.005	0	0.18	1	5.559	479	1.57	1
5047	3.987	7.125	3.365	6.014	0.005	0	0.844	1	1.185	489	1.787	1
5048	1.452	2.458	0.164	0.278	0.005	0	0.113	1	8.83	462	1.693	1
5049	2.717	7.776	0.307	0.879	0.005	0	0.113	1	8.816	450	2.862	1
5050	1.308	2.815	0.149	0.321	0.005	0	0.114	1	8.747	494	2.152	1
5051	2.715	5.346	0.377	0.743	0.005	0	0.139	1	7.19	498	1.969	1
5052	1.881	3.378	0.254	0.456	0.005	0	0.135	1	7.428	485	1.796	1
5053	1.829	3.193	0.269	0.469	0.005	0	0.147	1	6.784	497	1.746	1
5054	1.919	4.158	0.251	0.545	0.005	0	0.131	1	7.622	469	2.167	1
5055	2.835	8.264	0.782	2.281	0.005	0	0.276	1	3.618	491	2.915	1
5056	3.597	10.111	0.374	1.052	0.005	0	0.104	1	9.613	499	2.811	1
5057	2.614	7.144	0.272	0.743	0.005	0	0.104	1	9.587	455	2.733	1
5058	3.401	9.261	0.367	1.0	0.005	0	0.108	1	9.277	493	2.723	1
5059	2.891	7.436	1.101	2.833	0.005	0	0.381	1	2.625	466	2.572	1
5060	4.182	6.779	0.924	1.498	0.005	0	0.221	1	4.524	499	1.621	1
5061	1.534	3.973	0.528	1.367	0.005	0	0.344	1	2.906	484	2.59	1
5062	2.073	6.051	0.367	1.071	0.005	0	0.177	1	5.636	493	2.919	1
5063	1.014	2.929	0.17	0.492	0.005	0	0.168	1	5.951	457	2.889	1
5064	3.514	9.523	0.362	0.981	0.005	0	0.103	1	9.709	471	2.71	1
5065	1.888	4.788	1.256	3.184	0.005	0	0.665	1	1.503	492	2.536	1
5066	4.171	8.309	2.74	5.459	0.005	0	0.657	1	1.523	465	1.992	1
5067	3.325	5.18	0.352	0.549	0.005	0	0.106	1	9.45	454	1.558	1
5068	3.797	7.047	0.44	0.817	0.005	0	0.116	1	8.645	494	1.856	1
5069	1.463	4.379	0.528	1.581	0.005	0	0.361	1	2.771	473	2.993	1
5070	2.365	5.605	0.534	1.267	0.005	0	0.226	1	4.427	494	2.37	1
5071	3.665	6.014	0.41	0.674	0.005	0	0.112	1	8.91	495	1.641	1
5072	3.014	5.389	0.428	0.765	0.005	0	0.142	1	7.044	499	1.788	1
5073	1.075	3.042	0.129	0.365	0.005	0	0.12	1	8.347	453	2.83	1
5074	1.781	5.236	0.185	0.545	0.005	0	0.104	1	9.592	497	2.94	1
5075	3.478	10.114	0.602	1.75	0.005	0	0.173	1	5.769	452	2.908	1
5076	3.373	7.91	0.385	0.902	0.005	0	0.114	1	8.752	462	2.345	1
5077	1.796	4.533	0.474	1.197	0.005	0	0.264	1	3.786	453	2.524	1
5078	1.278	2.459	0.538	1.035	0.005	0	0.421	1	2.375	483	1.924	1
5079	4.98	11.514	1.091	2.522	0.005	0	0.219	1	4.576	471	2.312	1
5080	1.327	2.442	0.137	0.252	0.005	0	0.103	1	9.695	495	1.84	1
5081	2.71	7.211	0.341	0.909	0.005	0	0.126	1	7.92	472	2.661	1
5082	4.36	9.692	0.58	1.289	0.005	0	0.133	1	7.511	469	2.223	1
5083	1.588	3.125	0.2	0.394	0.005	0	0.126	1	7.928	460	1.968	1
5084	4.487	8.413	2.145	4.021	0.005	0	0.478	1	2.09	470	1.875	1
5085	3.677	8.277	0.46	1.035	0.005	0	0.125	1	7.973	471	2.251	1
5086	1.425	3.302	0.171	0.396	0.005	0	0.12	1	8.348	473	2.317	1
5087	1.018	2.17	0.169	0.36	0.005	0	0.166	1	6.013	486	2.132	1
5088	2.864	7.192	0.516	1.295	0.005	0	0.18	1	5.564	474	2.511	1
5089	2.322	5.201	0.348	0.78	0.005	0	0.15	1	6.648	460	2.24	1
5090	4.204	7.403	1.539	2.709	0.005	0	0.366	1	2.73	458	1.761	1
5091	1.857	4.956	0.264	0.704	0.005	0	0.142	1	7.019	475	2.669	1
5092	1.295	2.429	0.186	0.35	0.005	0	0.144	1	6.962	498	1.876	1
5093	1.654	3.08	0.445	0.829	0.005	0	0.269	1	3.72	470	1.862	1
5094	1.755	3.424	0.239	0.466	0.005	0	0.136	1	7.366	472	1.951	1
5095	1.997	4.895	0.351	0.862	0.005	0	0.176	1	5.672	456	2.451	1
5096	3.539	7.747	0.457	0.999	0.005	0	0.129	1	7.773	464	2.189	1
5097	3.787	8.703	0.557	1.279	0.005	0	0.147	1	6.79	490	2.298	1
5098	3.561	8.554	0.438	1.052	0.005	0	0.123	1	8.112	450	2.402	1
5099	3.676	9.175	1.342	3.349	0.005	0	0.365	1	2.743	488	2.496	1
5100	3.006	8.657	0.403	1.16	0.005	0	0.134	1	7.473	470	2.88	1
5101	3.324	8.546	0.658	1.692	0.005	0	0.198	1	5.053	456	2.571	1
5102	3.667	6.872	1.368	2.563	0.005	0	0.373	1	2.682	464	1.874	1
5103	3.182	6.062	0.41	0.782	0.005	0	0.129	1	7.756	490	1.905	1
5104	4.875	13.879	3.944	11.228	0.005	0	0.809	1	1.236	456	2.847	1
5105	3.976	9.471	0.648	1.544	0.005	0	0.163	1	6.122	467	2.382	1
5106	1.567	2.996	0.204	0.389	0.005	0	0.13	1	7.672	467	1.912	1
5107	1.007	2.287	0.187	0.425	0.005	0	0.186	1	5.383	496	2.271	1
5108	2.028	3.362	0.793	1.315	0.005	0	0.391	1	2.56	453	1.658	1
5109	1.444	3.235	0.166	0.372	0.005	0	0.115	1	8.708	480	2.24	1
5110	1.292	2.295	0.23	0.409	0.005	0	0.178	1	5.626	463	1.776	1
5111	3.232	5.982	0.54	0.999	0.005	0	0.167	1	5.977	454	1.851	1
5112	3.631	6.169	0.399	0.679	0.005	0	0.11	1	9.113	481	1.699	1
5113	2.159	3.742	0.255	0.442	0.005	0	0.118	1	8.503	472	1.733	1
5114	4.9	11.932	0.622	1.515	0.005	0	0.127	1	7.879	451	2.435	1
5115	2.23	4.505	0.256	0.518	0.005	0	0.115	1	8.659	499	2.02	1
5116	2.662	7.579	0.719	2.046	0.005	0	0.27	1	3.705	486	2.847	1
5117	3.069	7.065	0.589	1.356	0.005	0	0.192	1	5.215	471	2.302	1
5118	1.887	4.429	0.189	0.443	0.005	0	0.1	1	9.978	468	2.347	1
5119	2.571	3.905	1.296	1.968	0.005	0	0.504	1	1.985	471	1.519	1
5120	4.602	7.75	0.552	0.93	0.005	0	0.12	1	8.334	478	1.684	1
5121	1.905	5.654	0.467	1.385	0.005	0	0.245	1	4.079	478	2.968	1
5122	4.469	10.904	2.69	6.564	0.005	0	0.602	1	1.66	468	2.44	1
5123	1.239	3.594	0.145	0.42	0.005	0	0.117	1	8.532	487	2.901	1
5124	1.766	3.362	0.228	0.434	0.005	0	0.129	1	7.752	488	1.904	1
5125	2.562	6.812	1.527	4.06	0.005	0	0.596	1	1.677	484	2.659	1
5126	1.89	4.587	1.75	4.248	0.005	0	0.926	1	1.08	465	2.427	1
5127	3.046	5.55	2.205	4.018	0.005	0	0.724	1	1.382	452	1.822	1
5128	4.042	6.435	2.005	3.192	0.005	0	0.496	1	2.017	458	1.592	1
5129	2.007	3.422	0.299	0.51	0.005	0	0.149	1	6.723	496	1.705	1
5130	2.694	7.885	0.28	0.82	0.005	0	0.104	1	9.584	465	2.927	1
5131	1.181	2.33	0.218	0.431	0.005	0	0.185	1	5.419	481	1.973	1
5132	3.342	9.187	0.775	2.131	0.005	0	0.232	1	4.314	471	2.749	1
5133	1.7	4.197	0.175	0.432	0.005	0	0.103	1	9.706	458	2.469	1
5134	1.364	3.534	0.15	0.389	0.005	0	0.11	1	9.105	486	2.591	1
5135	2.317	6.203	0.503	1.346	0.005	0	0.217	1	4.611	467	2.677	1
5136	1.312	2.119	0.148	0.239	0.005	0	0.113	1	8.865	465	1.615	1
5137	1.53	3.898	0.921	2.347	0.005	0	0.602	1	1.66	486	2.548	1
5138	3.151	7.799	1.509	3.736	0.005	0	0.479	1	2.088	497	2.475	1
5139	3.501	5.353	3.224	4.93	0.005	0	0.921	1	1.086	472	1.529	1
5140	2.393	5.805	0.282	0.685	0.005	0	0.118	1	8.443	485	2.426	1
5141	1.954	5.415	0.32	0.888	0.005	0	0.164	1	6.101	478	2.771	1
5142	2.735	7.152	0.41	1.073	0.005	0	0.15	1	6.66	458	2.615	1
5143	4.845	12.51	0.552	1.426	0.005	0	0.114	1	8.748	499	2.582	1
5144	1.521	4.311	0.24	0.681	0.005	0	0.158	1	6.338	491	2.834	1
5145	1.001	2.636	0.161	0.424	0.005	0	0.161	1	6.197	476	2.633	1
5146	3.062	5.594	0.484	0.884	0.005	0	0.158	1	6.326	487	1.827	1
5147	2.873	5.806	0.537	1.086	0.005	0	0.187	1	5.345	479	2.021	1
5148	3.855	8.759	1.237	2.812	0.005	0	0.321	1	3.117	493	2.272	1
5149	3.09	7.938	0.337	0.865	0.005	0	0.109	1	9.157	473	2.569	1
5150	2.05	3.467	0.207	0.35	0.005	0	0.101	1	9.894	490	1.691	1
5151	1.451	2.462	0.212	0.359	0.005	0	0.146	1	6.828	473	1.697	1
5152	3.085	7.999	1.416	3.672	0.005	0	0.459	1	2.179	464	2.593	1
5153	1.225	2.345	0.366	0.701	0.005	0	0.299	1	3.341	466	1.914	1
5154	4.676	10.788	0.468	1.079	0.005	0	0.1	1	9.974	477	2.307	1
5155	4.822	9.649	1.374	2.75	0.005	0	0.285	1	3.503	471	2.001	1
5156	4.746	8.007	0.75	1.265	0.005	0	0.158	1	6.323	474	1.687	1
5157	3.106	8.942	2.115	6.09	0.005	0	0.681	1	1.468	458	2.879	1
5158	4.329	8.489	1.68	3.294	0.005	0	0.388	1	2.578	466	1.961	1
5159	2.034	5.077	0.277	0.69	0.005	0	0.136	1	7.351	485	2.496	1
5160	2.558	6.676	2.233	5.828	0.005	0	0.873	1	1.146	458	2.61	1
5161	1.019	2.409	0.159	0.376	0.005	0	0.156	1	6.398	478	2.364	1
5162	4.042	9.875	1.455	3.555	0.005	0	0.36	1	2.775	490	2.443	1
5163	1.746	3.853	0.606	1.337	0.005	0	0.347	1	2.886	488	2.207	1
5164	4.524	11.432	0.48	1.212	0.005	0	0.106	1	9.45	468	2.527	1
5165	1.175	3.14	0.32	0.854	0.005	0	0.272	1	3.673	472	2.672	1
5166	4.495	9.431	0.908	1.905	0.005	0	0.202	1	4.957	453	2.098	1
5167	3.013	8.557	1.287	3.654	0.005	0	0.427	1	2.342	498	2.84	1
5168	4.965	8.455	1.405	2.393	0.005	0	0.283	1	3.53	486	1.703	1
5169	2.557	3.956	0.348	0.538	0.005	0	0.136	1	7.366	498	1.547	1
5170	3.636	7.37	1.2	2.432	0.005	0	0.33	1	3.034	495	2.027	1
5171	2.847	6.497	2.058	4.697	0.005	0	0.723	1	1.383	460	2.282	1
5172	2.04	4.953	0.361	0.877	0.005	0	0.177	1	5.649	469	2.428	1
5173	3.961	7.768	0.436	0.854	0.005	0	0.11	1	9.115	491	1.961	1
5174	2.042	3.661	0.723	1.296	0.005	0	0.354	1	2.828	472	1.793	1
5175	4.884	7.795	2.286	3.648	0.005	0	0.468	1	2.139	472	1.596	1
5176	4.373	6.699	2.414	3.698	0.005	0	0.552	1	1.813	454	1.532	1
5177	3.586	7.516	0.975	2.044	0.005	0	0.272	1	3.681	454	2.096	1
5178	2.661	6.12	0.357	0.82	0.005	0	0.134	1	7.466	451	2.3	1
5179	2.606	7.224	1.084	3.005	0.005	0	0.416	1	2.406	455	2.772	1
5180	3.113	7.431	0.346	0.825	0.005	0	0.111	1	8.99	496	2.387	1
5181	2.925	8.035	0.377	1.037	0.005	0	0.129	1	7.762	450	2.747	1
5182	4.782	7.857	0.531	0.872	0.005	0	0.111	1	8.979	483	1.643	1
5183	2.95	5.841	0.351	0.695	0.005	0	0.119	1	8.438	462	1.98	1
5184	2.197	5.11	0.277	0.644	0.005	0	0.126	1	7.917	450	2.326	1
5185	4.293	8.595	1.331	2.664	0.005	0	0.31	1	3.227	458	2.002	1
5186	2.566	5.124	1.234	2.465	0.005	0	0.481	1	2.078	453	1.997	1
5187	1.649	4.327	0.313	0.822	0.005	0	0.19	1	5.268	496	2.624	1
5188	4.396	11.109	1.684	4.255	0.005	0	0.383	1	2.611	471	2.527	1
5189	3.886	9.241	0.707	1.682	0.005	0	0.182	1	5.493	468	2.378	1
5190	3.302	8.219	1.228	3.057	0.005	0	0.372	1	2.685	477	2.489	1
5191	1.051	1.876	0.13	0.233	0.005	0	0.124	1	8.082	477	1.785	1
5192	3.312	6.005	0.616	1.117	0.005	0	0.186	1	5.38	490	1.813	1
5193	4.658	7.956	0.68	1.162	0.005	0	0.146	1	6.831	464	1.708	1
5194	3.512	10.269	2.026	5.925	0.005	0	0.577	1	1.734	494	2.924	1
5195	1.393	2.631	0.157	0.297	0.005	0	0.113	1	8.812	463	1.889	1
5196	1.622	3.533	0.266	0.579	0.005	0	0.164	1	6.096	467	2.178	1
5197	4.22	12.563	2.899	8.631	0.005	0	0.687	1	1.455	475	2.977	1
5198	3.705	6.454	2.716	4.731	0.005	0	0.733	1	1.364	476	1.742	1
5199	1.054	2.671	0.152	0.385	0.005	0	0.144	1	6.964	473	2.534	1
5200	3.206	8.605	1.058	2.84	0.005	0	0.33	1	3.027	480	2.684	1
5201	3.991	9.894	0.766	1.9	0.005	0	0.192	1	5.215	493	2.479	1
5202	2.467	5.023	0.72	1.467	0.005	0	0.292	1	3.429	496	2.036	1
5203	4.926	12.433	0.645	1.629	0.005	0	0.131	1	7.61	477	2.524	1
5204	4.954	12.94	0.56	1.462	0.005	0	0.113	1	8.866	466	2.612	1
5205	4.514	6.839	0.835	1.265	0.005	0	0.185	1	5.412	454	1.515	1
5206	3.212	9.222	0.385	1.107	0.005	0	0.12	1	8.328	461	2.871	1
5207	2.709	7.75	0.314	0.899	0.005	0	0.116	1	8.624	483	2.861	1
5208	4.619	10.647	0.531	1.224	0.005	0	0.115	1	8.702	487	2.305	1
5209	2.928	8.52	1.177	3.425	0.005	0	0.402	1	2.488	478	2.91	1
5210	1.397	2.642	0.249	0.47	0.005	0	0.178	1	5.609	463	1.891	1
5211	4.183	6.521	0.481	0.75	0.005	0	0.115	1	8.723	463	1.559	1
5212	4.59	10.015	1.331	2.904	0.005	0	0.29	1	3.448	492	2.182	1
5213	3.277	6.911	0.957	2.018	0.005	0	0.292	1	3.43	488	2.109	1
5214	2.986	6.686	0.723	1.618	0.005	0	0.242	1	4.124	456	2.239	1
5215	1.943	3.449	0.212	0.376	0.005	0	0.109	1	9.151	494	1.775	1
5216	3.883	11.478	0.408	1.205	0.005	0	0.105	1	9.521	499	2.956	1
5217	3.961	8.243	0.432	0.898	0.005	0	0.109	1	9.163	464	2.081	1
5218	4.732	11.044	0.606	1.414	0.005	0	0.128	1	7.826	461	2.334	1
5219	3.105	8.247	0.981	2.606	0.005	0	0.316	1	3.163	460	2.656	1
5220	2.526	5.499	0.482	1.05	0.005	0	0.191	1	5.231	452	2.177	1
5221	2.783	5.633	0.885	1.791	0.005	0	0.318	1	3.149	467	2.024	1
5222	2.479	4.579	0.469	0.865	0.005	0	0.189	1	5.282	466	1.847	1
5223	2.476	6.547	0.98	2.593	0.005	0	0.396	1	2.524	480	2.644	1
5224	1.928	5.051	0.281	0.737	0.005	0	0.146	1	6.87	452	2.62	1
5225	4.738	12.167	0.502	1.29	0.005	0	0.106	1	9.391	467	2.568	1
5226	2.243	4.616	0.341	0.702	0.005	0	0.152	1	6.595	481	2.058	1
5227	4.864	12.121	4.382	10.921	0.005	0	0.901	1	1.11	474	2.492	1
5228	2.793	4.6	0.816	1.343	0.005	0	0.292	1	3.419	484	1.647	1
5229	1.803	3.31	0.723	1.327	0.005	0	0.401	1	2.495	495	1.836	1
5230	4.514	12.319	0.578	1.577	0.005	0	0.128	1	7.786	494	2.729	1
5231	3.648	9.094	0.981	2.446	0.005	0	0.269	1	3.72	496	2.493	1
5232	1.323	3.358	0.168	0.426	0.005	0	0.127	1	7.868	484	2.538	1
5233	1.651	2.633	0.309	0.492	0.005	0	0.187	1	5.356	460	1.595	1
5234	3.681	8.15	3.151	6.976	0.005	0	0.856	1	1.168	456	2.214	1
5235	2.818	5.932	0.659	1.388	0.005	0	0.234	1	4.268	473	2.105	1
5236	1.633	3.676	0.206	0.463	0.005	0	0.126	1	7.936	498	2.251	1
5237	1.765	2.828	0.258	0.413	0.005	0	0.146	1	6.865	478	1.602	1
5238	2.47	3.762	0.489	0.745	0.005	0	0.198	1	5.057	495	1.523	1
5239	1.15	2.188	0.212	0.403	0.005	0	0.184	1	5.446	478	1.903	1
5240	1.474	2.711	0.262	0.483	0.005	0	0.178	1	5.604	495	1.839	1
5241	4.294	8.837	1.417	2.916	0.005	0	0.33	1	3.034	474	2.058	1
5242	2.907	6.09	0.753	1.577	0.005	0	0.259	1	3.862	477	2.095	1
5243	3.524	9.786	1.935	5.373	0.005	0	0.549	1	1.822	482	2.777	1
5244	4.259	6.716	1.486	2.344	0.005	0	0.349	1	2.866	497	1.577	1
5245	3.656	9.816	0.578	1.551	0.005	0	0.158	1	6.323	469	2.685	1
5246	2.272	6.614	0.266	0.774	0.005	0	0.117	1	8.544	492	2.911	1
5247	3.982	10.791	0.402	1.09	0.005	0	0.101	1	9.881	481	2.71	1
5248	4.379	11.07	1.782	4.505	0.005	0	0.407	1	2.459	467	2.528	1
5249	1.796	3.816	1.313	2.789	0.005	0	0.731	1	1.368	459	2.125	1
5250	3.532	9.798	0.417	1.156	0.005	0	0.118	1	8.442	480	2.774	1
5251	2.295	3.56	0.753	1.168	0.005	0	0.328	1	3.052	475	1.551	1
5252	3.833	9.383	0.859	2.102	0.005	0	0.224	1	4.46	471	2.448	1
5253	2.1	4.439	1.615	3.414	0.005	0	0.769	1	1.3	477	2.114	1
5254	3.428	6.52	0.806	1.532	0.005	0	0.235	1	4.259	482	1.902	1
5255	4.813	11.416	0.587	1.393	0.005	0	0.122	1	8.221	497	2.372	1
5256	1.784	4.28	0.235	0.565	0.005	0	0.132	1	7.55	463	2.399	1
5257	3.458	6.67	0.353	0.68	0.005	0	0.102	1	9.839	498	1.929	1
5258	3.801	10.228	0.551	1.483	0.005	0	0.145	1	6.889	487	2.691	1
5259	3.346	5.688	0.345	0.586	0.005	0	0.103	1	9.73	492	1.7	1
5260	2.845	6.43	0.481	1.087	0.005	0	0.169	1	5.924	455	2.26	1
5261	2.543	6.996	0.394	1.084	0.005	0	0.155	1	6.434	455	2.751	1
5262	1.216	3.185	0.201	0.526	0.005	0	0.165	1	6.058	472	2.619	1
5263	4.121	9.14	0.767	1.7	0.005	0	0.186	1	5.378	489	2.218	1
5264	1.434	3.523	0.258	0.634	0.005	0	0.18	1	5.566	479	2.457	1
5265	1.116	2.453	0.204	0.449	0.005	0	0.183	1	5.472	452	2.198	1
5266	3.428	8.416	3.123	7.667	0.005	0	0.911	1	1.098	472	2.455	1
5267	3.822	8.859	0.879	2.038	0.005	0	0.23	1	4.344	491	2.318	1
5268	2.569	6.073	2.543	6.012	0.005	0	0.99	1	1.01	481	2.364	1
5269	3.872	8.809	0.434	0.987	0.005	0	0.112	1	8.941	471	2.275	1
5270	1.609	2.525	0.18	0.283	0.005	0	0.112	1	8.909	464	1.569	1
5271	3.876	6.985	0.62	1.118	0.005	0	0.16	1	6.262	497	1.802	1
5272	2.542	6.182	1.068	2.596	0.005	0	0.42	1	2.38	497	2.432	1
5273	4.407	10.149	0.489	1.127	0.005	0	0.111	1	8.987	462	2.303	1
5274	1.298	3.537	0.296	0.806	0.005	0	0.228	1	4.395	482	2.725	1
5275	3.849	9.776	1.959	4.976	0.005	0	0.509	1	1.966	457	2.54	1
5276	2.627	5.863	1.374	3.066	0.005	0	0.523	1	1.912	485	2.232	1
5277	1.292	3.101	1.085	2.605	0.005	0	0.84	1	1.19	457	2.4	1
5278	3.262	9.678	0.414	1.229	0.005	0	0.127	1	7.9	491	2.967	1
5279	4.588	9.176	0.67	1.34	0.005	0	0.146	1	6.839	451	2.0	1
5280	3.043	6.685	1.391	3.055	0.005	0	0.457	1	2.188	468	2.197	1
5281	4.968	10.045	0.571	1.155	0.005	0	0.115	1	8.72	451	2.022	1
5282	1.985	3.333	0.584	0.98	0.005	0	0.294	1	3.401	495	1.679	1
5283	2.431	4.349	0.761	1.361	0.005	0	0.313	1	3.195	494	1.789	1
5284	2.697	6.079	0.437	0.985	0.005	0	0.162	1	6.182	487	2.254	1
5285	4.453	9.249	1.278	2.654	0.005	0	0.287	1	3.488	498	2.077	1
5286	4.152	10.438	0.947	2.38	0.005	0	0.228	1	4.383	477	2.514	1
5287	1.757	3.711	0.293	0.62	0.005	0	0.167	1	5.994	467	2.112	1
5288	4.25	12.746	0.697	2.09	0.005	0	0.164	1	6.094	457	2.999	1
5289	3.902	7.094	2.903	5.278	0.005	0	0.744	1	1.344	487	1.818	1
5290	3.337	7.578	0.534	1.212	0.005	0	0.16	1	6.254	476	2.271	1
5291	2.324	5.18	1.387	3.092	0.005	0	0.597	1	1.676	492	2.229	1
5292	1.615	3.766	0.2	0.467	0.005	0	0.124	1	8.035	489	2.332	1
5293	4.215	10.896	0.438	1.133	0.005	0	0.104	1	9.616	459	2.585	1
5294	3.502	7.655	0.445	0.972	0.005	0	0.127	1	7.872	476	2.186	1
5295	1.347	2.829	0.163	0.342	0.005	0	0.121	1	8.269	455	2.1	1
5296	2.234	5.654	0.38	0.961	0.005	0	0.17	1	5.876	458	2.531	1
5297	4.229	8.729	1.332	2.75	0.005	0	0.315	1	3.174	466	2.064	1
5298	1.002	2.126	0.584	1.239	0.005	0	0.583	1	1.716	499	2.122	1
5299	4.883	11.084	3.374	7.659	0.005	0	0.691	1	1.448	469	2.27	1
5300	3.173	9.367	0.612	1.808	0.005	0	0.193	1	5.194	476	2.952	1
5301	4.732	11.967	0.856	2.166	0.005	0	0.181	1	5.517	451	2.529	1
5302	3.889	11.006	0.898	2.542	0.005	0	0.231	1	4.322	495	2.83	1
5303	3.255	5.338	0.348	0.571	0.005	0	0.107	1	9.332	489	1.64	1
5304	4.036	9.016	0.646	1.443	0.005	0	0.16	1	6.252	466	2.234	1
5305	1.872	4.515	0.558	1.345	0.005	0	0.298	1	3.354	467	2.412	1
5306	3.38	6.868	0.487	0.989	0.005	0	0.144	1	6.962	475	2.032	1
5307	4.958	7.546	0.535	0.815	0.005	0	0.108	1	9.266	450	1.522	1
5308	1.435	2.946	0.267	0.548	0.005	0	0.186	1	5.368	479	2.053	1
5309	3.315	5.185	0.355	0.555	0.005	0	0.107	1	9.351	497	1.564	1
5310	3.904	11.505	0.753	2.22	0.005	0	0.193	1	5.173	469	2.947	1
5311	1.418	2.639	0.631	1.174	0.005	0	0.445	1	2.247	463	1.861	1
5312	4.625	7.543	1.078	1.758	0.005	0	0.233	1	4.284	457	1.631	1
5313	3.99	10.641	1.001	2.671	0.005	0	0.251	1	3.987	489	2.667	1
5314	3.351	9.048	0.523	1.411	0.005	0	0.156	1	6.429	485	2.7	1
5315	2.462	4.523	0.448	0.823	0.005	0	0.182	1	5.506	454	1.837	1
5316	2.49	6.427	1.011	2.609	0.005	0	0.406	1	2.464	498	2.581	1
5317	2.01	3.099	0.498	0.769	0.005	0	0.248	1	4.027	497	1.542	1
5318	3.993	9.128	0.659	1.506	0.005	0	0.165	1	6.075	473	2.286	1
5319	4.143	11.112	1.305	3.5	0.005	0	0.315	1	3.172	475	2.682	1
5320	3.717	11.032	0.918	2.725	0.005	0	0.247	1	4.049	491	2.968	1
5321	4.727	12.361	0.86	2.25	0.005	0	0.182	1	5.505	460	2.615	1
5322	3.598	10.056	1.029	2.876	0.005	0	0.286	1	3.5	478	2.795	1
5323	3.299	9.815	0.62	1.845	0.005	0	0.188	1	5.317	483	2.975	1
5324	3.356	8.202	0.772	1.886	0.005	0	0.23	1	4.356	463	2.444	1
5325	1.319	3.935	0.169	0.504	0.005	0	0.128	1	7.804	472	2.983	1
5326	4.8	8.779	1.109	2.028	0.005	0	0.231	1	4.322	486	1.829	1
5327	1.368	2.317	0.334	0.565	0.005	0	0.244	1	4.099	471	1.694	1
5328	2.266	5.309	0.295	0.69	0.005	0	0.13	1	7.717	456	2.343	1
5329	3.935	10.573	0.696	1.871	0.005	0	0.177	1	5.65	484	2.687	1
5330	4.261	10.29	0.848	2.048	0.005	0	0.199	1	5.027	475	2.415	1
5331	1.648	2.599	0.751	1.185	0.005	0	0.456	1	2.195	462	1.577	1
5332	1.264	3.49	0.129	0.356	0.005	0	0.102	1	9.81	496	2.761	1
5333	4.227	6.734	0.74	1.178	0.005	0	0.175	1	5.723	488	1.593	1
5334	2.404	7.027	0.538	1.574	0.005	0	0.224	1	4.457	466	2.923	1
5335	3.999	11.849	2.395	7.098	0.005	0	0.599	1	1.67	467	2.963	1
5336	4.135	11.694	0.624	1.766	0.005	0	0.151	1	6.632	473	2.828	1
5337	1.008	2.069	0.105	0.215	0.005	0	0.104	1	9.615	489	2.053	1
5338	1.19	2.75	0.156	0.36	0.005	0	0.131	1	7.606	477	2.311	1
5339	1.635	4.207	0.262	0.673	0.005	0	0.16	1	6.232	490	2.573	1
5340	1.159	3.158	0.29	0.79	0.005	0	0.25	1	3.998	450	2.725	1
5341	4.748	13.029	2.35	6.449	0.005	0	0.495	1	2.019	471	2.744	1
5342	3.702	6.316	1.884	3.215	0.005	0	0.509	1	1.966	497	1.706	1
5343	3.235	6.24	1.375	2.652	0.005	0	0.425	1	2.355	460	1.929	1
5344	3.734	10.679	0.444	1.271	0.005	0	0.119	1	8.381	467	2.86	1
5345	1.607	2.576	0.529	0.848	0.005	0	0.329	1	3.039	458	1.603	1
5346	3.83	9.272	0.586	1.419	0.005	0	0.153	1	6.529	492	2.421	1
5347	4.657	12.49	0.591	1.586	0.005	0	0.127	1	7.851	476	2.682	1
5348	3.941	8.118	0.914	1.883	0.005	0	0.232	1	4.319	465	2.06	1
5349	2.826	6.542	0.667	1.544	0.005	0	0.236	1	4.234	459	2.315	1
5350	2.76	6.889	0.447	1.116	0.005	0	0.162	1	6.18	484	2.496	1
5351	3.156	7.596	0.533	1.284	0.005	0	0.169	1	5.906	459	2.407	1
5352	2.013	3.038	0.334	0.504	0.005	0	0.166	1	6.008	489	1.509	1
5353	1.306	2.924	0.474	1.061	0.005	0	0.363	1	2.756	497	2.239	1
5354	4.731	10.451	4.092	9.04	0.005	0	0.865	1	1.156	471	2.209	1
5355	4.751	7.635	1.097	1.764	0.005	0	0.231	1	4.338	493	1.607	1
5356	3.005	5.866	0.787	1.537	0.005	0	0.262	1	3.813	471	1.952	1
5357	3.361	7.979	0.817	1.939	0.005	0	0.243	1	4.112	457	2.374	1
5358	4.929	7.561	2.11	3.236	0.005	0	0.428	1	2.334	464	1.534	1
5359	2.416	7.108	0.288	0.846	0.005	0	0.119	1	8.374	470	2.942	1
5360	4.833	14.161	0.527	1.544	0.005	0	0.109	1	9.165	459	2.93	1
5361	4.979	11.083	2.196	4.888	0.005	0	0.441	1	2.267	482	2.226	1
5362	3.016	8.342	0.344	0.951	0.005	0	0.114	1	8.741	460	2.766	1
5363	3.851	6.785	0.504	0.889	0.005	0	0.131	1	7.63	460	1.762	1
5364	3.243	9.233	0.331	0.942	0.005	0	0.102	1	9.792	459	2.847	1
5365	2.313	6.016	0.715	1.859	0.005	0	0.309	1	3.238	463	2.601	1
5366	2.78	6.358	0.492	1.125	0.005	0	0.177	1	5.635	462	2.287	1
5367	1.339	2.362	0.149	0.262	0.005	0	0.111	1	9.021	473	1.764	1
5368	4.756	11.005	0.566	1.31	0.005	0	0.119	1	8.397	482	2.314	1
5369	4.755	8.088	0.618	1.051	0.005	0	0.13	1	7.701	455	1.701	1
5370	4.126	6.284	1.085	1.653	0.005	0	0.263	1	3.805	482	1.523	1
5371	1.946	4.668	0.327	0.784	0.005	0	0.168	1	5.956	495	2.399	1
5372	1.529	4.267	0.231	0.644	0.005	0	0.151	1	6.612	474	2.791	1
5373	1.587	2.476	0.232	0.361	0.005	0	0.146	1	6.85	472	1.56	1
5374	3.812	6.984	2.348	4.302	0.005	0	0.616	1	1.624	453	1.832	1
5375	4.451	9.227	1.086	2.251	0.005	0	0.244	1	4.095	453	2.073	1
5376	3.255	8.277	0.801	2.036	0.005	0	0.246	1	4.066	491	2.543	1
5377	1.685	3.37	0.463	0.927	0.005	0	0.275	1	3.632	479	2.0	1
5378	4.691	7.37	1.163	1.828	0.005	0	0.248	1	4.027	463	1.571	1
5379	3.442	8.877	0.651	1.678	0.005	0	0.189	1	5.287	498	2.579	1
5380	1.655	4.465	0.402	1.085	0.005	0	0.243	1	4.109	495	2.698	1
5381	4.326	10.447	0.766	1.849	0.005	0	0.177	1	5.652	467	2.415	1
5382	3.611	8.991	0.477	1.187	0.005	0	0.132	1	7.575	478	2.49	1
5383	3.206	6.976	0.59	1.284	0.005	0	0.184	1	5.44	461	2.176	1
5384	1.669	4.772	0.315	0.902	0.005	0	0.189	1	5.283	480	2.859	1
5385	1.304	3.475	0.463	1.234	0.005	0	0.355	1	2.818	468	2.665	1
5386	1.841	4.01	0.197	0.429	0.005	0	0.107	1	9.309	487	2.178	1
5387	2.285	5.866	0.276	0.71	0.005	0	0.121	1	8.262	461	2.567	1
5388	3.838	11.176	0.426	1.241	0.005	0	0.111	1	8.973	472	2.912	1
5389	3.885	9.911	1.888	4.817	0.005	0	0.486	1	2.058	487	2.551	1
5390	2.478	5.008	2.468	4.988	0.005	0	0.996	1	1.004	481	2.021	1
5391	2.526	5.211	0.69	1.423	0.005	0	0.273	1	3.663	467	2.063	1
5392	4.607	12.554	0.926	2.523	0.005	0	0.201	1	4.977	490	2.725	1
5393	3.33	7.689	0.699	1.615	0.005	0	0.21	1	4.757	484	2.309	1
5394	1.394	3.343	0.156	0.374	0.005	0	0.112	1	8.924	460	2.398	1
5395	3.276	6.519	0.39	0.776	0.005	0	0.119	1	8.424	495	1.99	1
5396	2.072	6.129	0.423	1.25	0.005	0	0.204	1	4.9	461	2.958	1
5397	2.77	6.573	0.44	1.045	0.005	0	0.159	1	6.308	489	2.373	1
5398	3.682	7.15	0.876	1.702	0.005	0	0.238	1	4.198	493	1.942	1
5399	2.436	4.465	0.438	0.804	0.005	0	0.18	1	5.565	452	1.833	1
5400	1.07	1.711	0.608	0.972	0.005	0	0.568	1	1.76	483	1.599	1
5401	4.06	10.694	0.654	1.722	0.005	0	0.161	1	6.2	490	2.634	1
5402	2.455	5.352	0.493	1.076	0.005	0	0.201	1	4.974	491	2.18	1
5403	2.672	4.345	0.601	0.978	0.005	0	0.225	1	4.435	453	1.626	1
5404	4.736	11.646	1.88	4.623	0.005	0	0.397	1	2.521	462	2.459	1
5405	1.998	3.554	0.278	0.494	0.005	0	0.139	1	7.178	490	1.779	1
5406	3.473	6.793	1.059	2.072	0.005	0	0.305	1	3.281	455	1.956	1
5407	2.57	4.179	0.452	0.736	0.005	0	0.176	1	5.697	484	1.626	1
5408	2.107	5.318	1.083	2.733	0.005	0	0.514	1	1.947	488	2.524	1
5409	1.705	4.532	0.682	1.813	0.005	0	0.4	1	2.499	487	2.658	1
5410	3.417	6.902	0.376	0.759	0.005	0	0.11	1	9.13	491	2.02	1
5411	3.06	4.954	0.75	1.214	0.005	0	0.245	1	4.085	484	1.619	1
5412	3.695	10.265	1.356	3.767	0.005	0	0.367	1	2.723	452	2.778	1
5413	3.528	8.478	0.826	1.984	0.005	0	0.234	1	4.269	476	2.403	1
5414	3.796	11.027	1.059	3.077	0.005	0	0.279	1	3.589	481	2.905	1
5415	3.74	7.278	0.632	1.23	0.005	0	0.169	1	5.934	478	1.946	1
5416	2.19	4.157	1.141	2.166	0.005	0	0.521	1	1.921	480	1.898	1
5417	2.497	5.938	2.165	5.148	0.005	0	0.867	1	1.154	482	2.378	1
5418	3.456	5.744	0.491	0.816	0.005	0	0.142	1	7.022	468	1.662	1
5419	4.603	11.406	1.312	3.251	0.005	0	0.285	1	3.511	454	2.478	1
5420	2.31	6.292	0.286	0.78	0.005	0	0.124	1	8.063	473	2.724	1
5421	3.389	5.948	0.376	0.66	0.005	0	0.111	1	8.981	453	1.755	1
5422	2.956	5.794	0.774	1.518	0.005	0	0.262	1	3.816	479	1.96	1
5423	2.418	5.965	2.147	5.297	0.005	0	0.888	1	1.126	481	2.467	1
5424	1.868	2.972	0.248	0.395	0.005	0	0.133	1	7.543	456	1.591	1
5425	3.064	5.46	1.474	2.626	0.005	0	0.481	1	2.079	495	1.782	1
5426	2.973	7.813	0.434	1.141	0.005	0	0.146	1	6.837	488	2.628	1
5427	1.52	3.909	0.205	0.528	0.005	0	0.135	1	7.427	460	2.572	1
5428	3.683	5.561	0.582	0.879	0.005	0	0.158	1	6.324	461	1.51	1
5429	4.676	9.778	1.973	4.126	0.005	0	0.422	1	2.37	474	2.091	1
5430	3.889	9.322	0.599	1.436	0.005	0	0.154	1	6.474	471	2.397	1
5431	2.603	6.047	1.697	3.943	0.005	0	0.652	1	1.533	454	2.323	1
5432	4.016	10.076	0.635	1.592	0.005	0	0.158	1	6.312	479	2.509	1
5433	1.577	4.534	0.278	0.798	0.005	0	0.176	1	5.687	484	2.875	1
5434	4.3	12.62	0.46	1.35	0.005	0	0.107	1	9.315	491	2.935	1
5435	3.887	7.821	0.521	1.048	0.005	0	0.134	1	7.458	489	2.012	1
5436	4.846	11.645	1.212	2.911	0.005	0	0.25	1	3.996	481	2.403	1
5437	4.517	9.87	0.542	1.184	0.005	0	0.12	1	8.309	486	2.185	1
5438	3.151	6.318	1.26	2.527	0.005	0	0.4	1	2.503	456	2.005	1
5439	3.217	7.83	0.869	2.114	0.005	0	0.27	1	3.705	457	2.434	1
5440	2.37	6.311	0.51	1.357	0.005	0	0.215	1	4.661	475	2.663	1
5441	3.126	4.714	0.597	0.9	0.005	0	0.191	1	5.244	464	1.508	1
5442	4.382	12.559	0.999	2.863	0.005	0	0.228	1	4.394	488	2.866	1
5443	3.558	8.269	0.463	1.075	0.005	0	0.13	1	7.709	471	2.324	1
5444	1.366	2.462	0.673	1.214	0.005	0	0.493	1	2.028	481	1.802	1
5445	3.616	8.078	0.376	0.84	0.005	0	0.104	1	9.648	467	2.234	1
5446	1.795	5.279	0.662	1.948	0.005	0	0.369	1	2.713	450	2.941	1
5447	2.445	3.993	0.289	0.471	0.005	0	0.118	1	8.471	494	1.633	1
5448	4.104	10.638	0.423	1.096	0.005	0	0.103	1	9.744	475	2.592	1
5449	3.526	10.553	1.037	3.103	0.005	0	0.294	1	3.402	490	2.993	1
5450	3.234	6.145	1.235	2.347	0.005	0	0.382	1	2.617	450	1.9	1
5451	3.785	8.974	0.413	0.978	0.005	0	0.109	1	9.215	457	2.371	1
5452	3.409	8.148	0.845	2.021	0.005	0	0.248	1	4.026	476	2.39	1
5453	2.66	4.166	0.399	0.625	0.005	0	0.15	1	6.677	471	1.566	1
5454	4.244	7.987	0.777	1.462	0.005	0	0.183	1	5.478	499	1.882	1
5455	2.501	3.869	0.998	1.544	0.005	0	0.399	1	2.506	482	1.547	1
5456	1.204	3.156	1.181	3.096	0.005	0	0.981	1	1.019	495	2.621	1
5457	4.747	9.057	1.334	2.545	0.005	0	0.281	1	3.556	458	1.908	1
5458	3.961	8.611	0.753	1.636	0.005	0	0.19	1	5.251	476	2.174	1
5459	2.765	5.826	0.335	0.705	0.005	0	0.121	1	8.244	453	2.107	1
5460	3.8	10.385	2.231	6.096	0.005	0	0.587	1	1.703	467	2.733	1
5461	1.786	5.037	1.141	3.219	0.005	0	0.639	1	1.566	498	2.82	1
5462	3.513	9.678	0.534	1.471	0.005	0	0.152	1	6.567	472	2.755	1
5463	1.367	3.826	0.145	0.406	0.005	0	0.106	1	9.461	470	2.799	1
5464	1.535	3.841	0.335	0.837	0.005	0	0.218	1	4.591	457	2.502	1
5465	4.625	7.275	1.152	1.811	0.005	0	0.249	1	4.011	463	1.573	1
5466	3.261	6.561	1.722	3.464	0.005	0	0.528	1	1.895	477	2.012	1
5467	1.54	4.046	0.226	0.595	0.005	0	0.147	1	6.785	460	2.627	1
5468	3.025	5.956	1.482	2.918	0.005	0	0.49	1	2.042	477	1.969	1
5469	4.255	12.514	0.983	2.891	0.005	0	0.231	1	4.331	461	2.941	1
5470	3.169	9.051	0.374	1.068	0.005	0	0.118	1	8.448	474	2.856	1
5471	2.329	3.864	0.382	0.634	0.005	0	0.164	1	6.094	468	1.659	1
5472	2.035	4.115	0.23	0.465	0.005	0	0.113	1	8.832	488	2.022	1
5473	1.014	2.047	0.216	0.436	0.005	0	0.213	1	4.7	472	2.019	1
5474	3.024	8.51	0.529	1.489	0.005	0	0.175	1	5.727	456	2.814	1
5475	4.478	7.304	1.523	2.483	0.005	0	0.34	1	2.94	460	1.631	1
5476	2.801	7.557	0.689	1.859	0.005	0	0.246	1	4.064	497	2.698	1
5477	4.36	10.717	2.411	5.927	0.005	0	0.553	1	1.807	476	2.458	1
5478	2.673	6.578	0.433	1.066	0.005	0	0.162	1	6.169	473	2.461	1
5479	4.39	7.81	1.716	3.054	0.005	0	0.391	1	2.555	469	1.779	1
5480	1.862	4.089	0.382	0.838	0.005	0	0.205	1	4.877	485	2.196	1
5481	3.381	9.599	0.379	1.075	0.005	0	0.112	1	8.963	488	2.839	1
5482	3.635	7.706	0.451	0.956	0.005	0	0.124	1	8.083	457	2.12	1
5483	3.767	10.005	0.414	1.101	0.005	0	0.11	1	9.13	493	2.656	1
5484	3.005	6.229	0.685	1.42	0.005	0	0.228	1	4.394	499	2.073	1
5485	1.437	2.535	0.201	0.355	0.005	0	0.14	1	7.143	480	1.764	1
5486	3.135	6.436	0.382	0.785	0.005	0	0.122	1	8.205	487	2.053	1
5487	1.765	4.121	0.189	0.441	0.005	0	0.107	1	9.313	457	2.335	1
5488	4.022	11.044	0.664	1.822	0.005	0	0.165	1	6.072	463	2.746	1
5489	1.967	4.986	0.295	0.748	0.005	0	0.15	1	6.659	458	2.535	1
5490	2.673	4.79	1.141	2.045	0.005	0	0.427	1	2.343	482	1.792	1
5491	1.224	2.94	0.138	0.332	0.005	0	0.113	1	8.858	485	2.402	1
5492	4.296	9.911	1.474	3.399	0.005	0	0.343	1	2.914	483	2.307	1
5493	3.335	5.293	0.494	0.783	0.005	0	0.148	1	6.768	495	1.587	1
5494	4.885	13.497	1.378	3.806	0.005	0	0.282	1	3.548	486	2.763	1
5495	1.041	2.543	0.227	0.554	0.005	0	0.218	1	4.582	486	2.443	1
5496	1.388	2.369	0.634	1.083	0.005	0	0.457	1	2.187	472	1.707	1
5497	1.5	4.485	1.131	3.382	0.005	0	0.754	1	1.327	462	2.99	1
5498	4.883	10.66	0.747	1.631	0.005	0	0.153	1	6.55	476	2.183	1
5499	1.73	4.508	0.304	0.793	0.005	0	0.176	1	5.684	455	2.606	1
5500	3.325	8.066	0.768	1.863	0.005	0	0.231	1	4.335	470	2.426	1
5501	4.861	9.163	1.172	2.208	0.005	0	0.241	1	4.151	452	1.885	1
5502	4.339	9.941	0.716	1.64	0.005	0	0.165	1	6.078	496	2.291	1
5503	3.334	9.512	0.407	1.16	0.005	0	0.122	1	8.179	486	2.853	1
5504	2.586	6.276	0.535	1.299	0.005	0	0.207	1	4.834	499	2.427	1
5505	4.154	8.129	0.939	1.837	0.005	0	0.226	1	4.42	493	1.957	1
5506	2.596	4.133	0.478	0.76	0.005	0	0.184	1	5.424	483	1.592	1
5507	3.479	7.435	0.71	1.517	0.005	0	0.204	1	4.894	468	2.137	1
5508	4.982	13.611	3.781	10.331	0.005	0	0.759	1	1.317	457	2.732	1
5509	3.036	6.943	0.528	1.208	0.005	0	0.174	1	5.758	452	2.287	1
5510	1.295	2.001	0.298	0.46	0.005	0	0.23	1	4.342	461	1.545	1
5511	4.171	9.931	0.517	1.231	0.005	0	0.124	1	8.081	474	2.381	1
5512	2.273	6.621	1.489	4.337	0.005	0	0.655	1	1.527	482	2.913	1
5513	3.395	7.184	0.784	1.66	0.005	0	0.231	1	4.336	497	2.116	1
5514	2.288	4.725	0.373	0.77	0.005	0	0.163	1	6.151	481	2.065	1
5515	1.664	4.265	0.3	0.768	0.005	0	0.18	1	5.57	471	2.563	1
5516	2.515	4.57	0.377	0.686	0.005	0	0.15	1	6.651	464	1.817	1
5517	3.767	6.046	0.384	0.617	0.005	0	0.102	1	9.773	451	1.605	1
5518	2.431	7.028	0.289	0.836	0.005	0	0.119	1	8.401	458	2.891	1
5519	1.956	5.289	0.244	0.661	0.005	0	0.125	1	8.032	482	2.704	1
5520	1.357	3.485	0.151	0.387	0.005	0	0.111	1	9.04	452	2.568	1
5521	3.707	10.617	0.4	1.147	0.005	0	0.108	1	9.302	480	2.864	1
5522	2.703	7.322	0.273	0.74	0.005	0	0.101	1	9.893	469	2.709	1
5523	4.053	11.219	1.171	3.242	0.005	0	0.289	1	3.46	467	2.768	1
5524	4.424	11.604	3.119	8.181	0.005	0	0.705	1	1.418	457	2.623	1
5525	1.579	3.809	0.167	0.404	0.005	0	0.106	1	9.428	483	2.412	1
5526	2.154	5.706	0.651	1.723	0.005	0	0.302	1	3.315	462	2.649	1
5527	3.751	6.403	0.518	0.884	0.005	0	0.138	1	7.234	482	1.707	1
5528	1.259	1.996	0.149	0.236	0.005	0	0.118	1	8.46	480	1.585	1
5529	3.935	6.701	0.547	0.931	0.005	0	0.139	1	7.207	464	1.703	1
5530	2.523	4.917	0.32	0.624	0.005	0	0.127	1	7.888	456	1.949	1
5531	4.385	12.085	0.772	2.127	0.005	0	0.176	1	5.698	486	2.756	1
5532	2.414	5.27	0.348	0.759	0.005	0	0.144	1	6.949	462	2.183	1
5533	1.285	3.714	0.161	0.464	0.005	0	0.125	1	8.008	466	2.89	1
5534	4.302	11.069	0.632	1.627	0.005	0	0.147	1	6.816	480	2.573	1
5535	4.154	10.414	0.528	1.323	0.005	0	0.127	1	7.884	475	2.507	1
5536	4.296	8.571	0.653	1.303	0.005	0	0.152	1	6.593	480	1.995	1
5537	4.877	13.163	0.932	2.514	0.005	0	0.191	1	5.226	450	2.699	1
5538	3.94	10.476	1.099	2.923	0.005	0	0.279	1	3.58	465	2.659	1
5539	1.775	5.233	0.234	0.691	0.005	0	0.132	1	7.586	482	2.948	1
5540	3.972	8.214	0.429	0.887	0.005	0	0.108	1	9.237	459	2.068	1
5541	1.985	5.445	0.512	1.405	0.005	0	0.258	1	3.872	450	2.743	1
5542	3.425	9.059	1.623	4.294	0.005	0	0.474	1	2.109	483	2.645	1
5543	2.294	4.423	0.234	0.451	0.005	0	0.102	1	9.835	472	1.928	1
5544	2.686	5.917	0.403	0.888	0.005	0	0.15	1	6.651	482	2.203	1
5545	2.858	4.321	1.212	1.832	0.005	0	0.424	1	2.356	469	1.512	1
5546	1.018	2.26	0.14	0.312	0.005	0	0.138	1	7.244	469	2.22	1
5547	3.428	7.082	0.346	0.715	0.005	0	0.101	1	9.942	458	2.066	1
5548	1.562	3.911	0.658	1.647	0.005	0	0.421	1	2.374	489	2.504	1
5549	2.751	7.34	0.289	0.771	0.005	0	0.105	1	9.557	477	2.668	1
5550	3.913	8.178	2.152	4.498	0.005	0	0.55	1	1.819	474	2.09	1
5551	1.585	4.715	0.158	0.472	0.005	0	0.1	1	9.961	497	2.975	1
5552	2.311	5.107	0.247	0.546	0.005	0	0.107	1	9.359	491	2.21	1
5553	2.106	3.951	0.276	0.518	0.005	0	0.131	1	7.619	450	1.876	1
5554	4.553	12.284	0.742	2.002	0.005	0	0.163	1	6.122	470	2.698	1
5555	1.485	3.516	1.317	3.119	0.005	0	0.887	1	1.128	469	2.368	1
5556	4.173	7.382	0.643	1.137	0.005	0	0.154	1	6.476	488	1.769	1
5557	4.459	6.8	1.213	1.85	0.005	0	0.272	1	3.673	464	1.525	1
5558	2.748	7.117	0.445	1.153	0.005	0	0.162	1	6.178	460	2.59	1
5559	2.891	8.193	0.905	2.564	0.005	0	0.313	1	3.191	482	2.834	1
5560	1.784	2.924	0.375	0.614	0.005	0	0.21	1	4.753	497	1.639	1
5561	3.515	6.977	0.373	0.74	0.005	0	0.106	1	9.458	470	1.985	1
5562	2.851	4.773	0.567	0.95	0.005	0	0.199	1	5.024	451	1.674	1
5563	2.47	5.276	0.58	1.24	0.005	0	0.235	1	4.257	495	2.136	1
5564	4.384	12.297	0.456	1.279	0.005	0	0.104	1	9.64	459	2.805	1
5565	4.062	10.415	1.661	4.26	0.005	0	0.409	1	2.446	493	2.564	1
5566	2.873	5.634	0.345	0.676	0.005	0	0.12	1	8.34	479	1.961	1
5567	3.138	8.385	0.329	0.88	0.005	0	0.105	1	9.495	479	2.672	1
5568	4.846	13.186	1.328	3.613	0.005	0	0.274	1	3.651	474	2.721	1
5569	4.165	9.013	0.829	1.794	0.005	0	0.199	1	5.019	456	2.164	1
5570	4.683	8.28	0.59	1.043	0.005	0	0.126	1	7.917	480	1.768	1
5571	1.773	2.725	0.218	0.335	0.005	0	0.123	1	8.12	466	1.537	1
5572	3.541	8.987	0.765	1.941	0.005	0	0.216	1	4.619	471	2.538	1
5573	4.392	10.743	0.597	1.461	0.005	0	0.136	1	7.359	497	2.446	1
5574	4.907	10.864	0.51	1.13	0.005	0	0.104	1	9.633	483	2.214	1
5575	1.069	2.815	0.156	0.411	0.005	0	0.146	1	6.863	468	2.633	1
5576	4.668	10.872	0.663	1.544	0.005	0	0.142	1	7.039	491	2.329	1
5577	4.837	9.548	0.808	1.595	0.005	0	0.167	1	5.989	466	1.974	1
5578	1.786	3.213	0.852	1.533	0.005	0	0.477	1	2.098	454	1.799	1
5579	2.861	4.864	0.309	0.525	0.005	0	0.108	1	9.229	452	1.7	1
5580	1.393	3.428	0.566	1.392	0.005	0	0.406	1	2.462	486	2.461	1
5581	4.64	9.452	2.111	4.301	0.005	0	0.455	1	2.2	476	2.037	1
5582	4.835	7.925	0.812	1.331	0.005	0	0.168	1	5.968	451	1.639	1
5583	2.167	3.502	0.392	0.634	0.005	0	0.181	1	5.522	490	1.616	1
5584	4.306	9.111	0.728	1.54	0.005	0	0.169	1	5.9	477	2.116	1
5585	2.761	5.558	0.676	1.362	0.005	0	0.245	1	4.087	480	2.013	1
5586	3.753	8.046	2.987	6.405	0.005	0	0.796	1	1.256	478	2.144	1
5587	1.479	2.501	0.154	0.26	0.005	0	0.104	1	9.585	450	1.691	1
5588	4.9	12.363	1.563	3.944	0.005	0	0.319	1	3.136	487	2.523	1
5589	1.42	3.604	0.217	0.551	0.005	0	0.153	1	6.537	485	2.538	1
5590	3.348	8.658	0.358	0.926	0.005	0	0.107	1	9.379	481	2.586	1
5591	2.022	6.005	0.231	0.685	0.005	0	0.114	1	8.801	470	2.97	1
5592	1.859	3.417	0.349	0.642	0.005	0	0.188	1	5.309	484	1.838	1
5593	1.047	1.858	0.328	0.582	0.005	0	0.313	1	3.193	465	1.775	1
5594	2.805	6.696	0.39	0.931	0.005	0	0.139	1	7.169	476	2.387	1
5595	4.738	9.594	1.943	3.934	0.005	0	0.41	1	2.438	468	2.025	1
5596	1.227	2.958	1.114	2.686	0.005	0	0.908	1	1.101	476	2.411	1
5597	2.319	4.274	0.494	0.91	0.005	0	0.213	1	4.699	461	1.843	1
5598	4.526	10.306	3.168	7.214	0.005	0	0.7	1	1.428	455	2.277	1
5599	2.167	5.556	0.308	0.789	0.005	0	0.142	1	7.043	490	2.564	1
5600	2.473	6.566	0.539	1.431	0.005	0	0.218	1	4.592	482	2.655	1
5601	2.816	6.094	1.574	3.407	0.005	0	0.559	1	1.789	494	2.164	1
5602	4.852	12.965	0.5	1.335	0.005	0	0.103	1	9.679	482	2.672	1
5603	4.748	13.385	0.679	1.914	0.005	0	0.143	1	6.981	463	2.819	1
5604	1.199	2.263	0.234	0.441	0.005	0	0.195	1	5.14	462	1.887	1
5605	2.27	5.121	0.531	1.198	0.005	0	0.234	1	4.282	468	2.256	1
5606	2.607	6.958	0.537	1.433	0.005	0	0.206	1	4.865	467	2.669	1
5607	1.793	5.201	0.807	2.34	0.005	0	0.45	1	2.223	459	2.901	1
5608	1.158	1.893	0.31	0.507	0.005	0	0.268	1	3.73	457	1.635	1
5609	2.435	4.407	0.351	0.635	0.005	0	0.144	1	6.929	493	1.81	1
5610	3.037	6.967	0.437	1.003	0.005	0	0.144	1	6.962	480	2.294	1
5611	1.754	3.666	0.188	0.392	0.005	0	0.107	1	9.358	451	2.09	1
5612	2.793	5.494	0.883	1.736	0.005	0	0.316	1	3.167	486	1.967	1
5613	4.959	8.634	0.62	1.079	0.005	0	0.125	1	8.031	491	1.741	1
5614	3.986	6.258	1.742	2.735	0.005	0	0.437	1	2.286	470	1.57	1
5615	4.075	12.107	0.628	1.864	0.005	0	0.154	1	6.493	459	2.971	1
5616	4.511	12.662	1.678	4.71	0.005	0	0.372	1	2.689	466	2.807	1
5617	2.934	7.162	0.458	1.117	0.005	0	0.156	1	6.419	491	2.441	1
5618	4.922	9.322	0.502	0.951	0.005	0	0.102	1	9.763	464	1.894	1
5619	3.484	6.114	0.627	1.101	0.005	0	0.18	1	5.548	473	1.755	1
5620	4.051	11.258	1.106	3.073	0.005	0	0.273	1	3.669	469	2.779	1
5621	3.799	6.432	0.536	0.907	0.005	0	0.141	1	7.082	470	1.693	1
5622	4.234	10.39	0.749	1.839	0.005	0	0.177	1	5.642	482	2.454	1
5623	1.749	4.364	0.287	0.716	0.005	0	0.164	1	6.083	458	2.495	1
5624	3.458	8.59	0.377	0.936	0.005	0	0.109	1	9.137	454	2.484	1
5625	2.069	4.827	0.286	0.666	0.005	0	0.138	1	7.245	476	2.333	1
5626	2.797	5.068	0.607	1.1	0.005	0	0.217	1	4.605	471	1.812	1
5627	3.768	10.562	0.652	1.827	0.005	0	0.173	1	5.767	494	2.803	1
5628	2.962	7.642	0.832	2.147	0.005	0	0.281	1	3.56	486	2.58	1
5629	2.654	7.917	0.324	0.966	0.005	0	0.122	1	8.227	490	2.983	1
5630	2.334	6.811	0.236	0.688	0.005	0	0.101	1	9.909	451	2.918	1
5631	2.383	4.959	0.634	1.319	0.005	0	0.266	1	3.754	464	2.081	1
5632	2.986	6.533	0.887	1.94	0.005	0	0.297	1	3.363	462	2.188	1
5633	4.702	7.203	2.299	3.522	0.005	0	0.489	1	2.044	484	1.532	1
5634	3.879	7.51	0.621	1.202	0.005	0	0.16	1	6.259	469	1.936	1
5635	1.77	3.646	0.2	0.412	0.005	0	0.113	1	8.82	467	2.06	1
5636	1.929	4.489	0.912	2.123	0.005	0	0.473	1	2.112	494	2.327	1
5637	3.985	10.07	0.936	2.366	0.005	0	0.235	1	4.258	453	2.527	1
5638	2.389	5.731	0.54	1.295	0.005	0	0.226	1	4.424	483	2.399	1
5639	4.028	8.668	1.035	2.228	0.005	0	0.257	1	3.894	482	2.152	1
5640	3.78	8.694	2.759	6.347	0.005	0	0.73	1	1.37	487	2.3	1
5641	4.317	12.446	1.135	3.273	0.005	0	0.263	1	3.804	462	2.883	1
5642	1.186	3.334	0.519	1.46	0.005	0	0.438	1	2.283	486	2.811	1
5643	3.731	6.611	0.582	1.031	0.005	0	0.156	1	6.401	498	1.772	1
5644	4.274	11.873	0.586	1.627	0.005	0	0.137	1	7.309	458	2.778	1
5645	1.602	4.354	0.934	2.538	0.005	0	0.583	1	1.715	490	2.718	1
5646	2.045	3.421	0.663	1.108	0.005	0	0.324	1	3.087	457	1.673	1
5647	3.068	8.29	0.966	2.611	0.005	0	0.315	1	3.178	451	2.702	1
5648	2.859	5.255	0.598	1.098	0.005	0	0.209	1	4.796	471	1.838	1
5649	4.168	6.29	0.488	0.736	0.005	0	0.117	1	8.532	457	1.509	1
5650	4.082	12.156	0.445	1.325	0.005	0	0.109	1	9.204	490	2.978	1
5651	2.981	7.518	2.072	5.225	0.005	0	0.695	1	1.438	495	2.522	1
5652	2.642	7.667	1.992	5.781	0.005	0	0.754	1	1.327	476	2.902	1
5653	4.374	9.006	0.555	1.144	0.005	0	0.127	1	7.892	468	2.059	1
5654	1.801	3.735	0.277	0.575	0.005	0	0.154	1	6.498	451	2.074	1
5655	2.448	3.905	0.296	0.473	0.005	0	0.121	1	8.232	482	1.595	1
5656	1.686	2.714	0.189	0.304	0.005	0	0.112	1	8.964	499	1.61	1
5657	1.191	2.661	0.439	0.982	0.005	0	0.369	1	2.708	475	2.234	1
5658	2.46	3.722	0.423	0.64	0.005	0	0.172	1	5.811	472	1.513	1
5659	4.005	10.053	0.417	1.046	0.005	0	0.104	1	9.586	477	2.51	1
5660	2.582	5.66	0.361	0.792	0.005	0	0.14	1	7.14	464	2.192	1
5661	1.783	3.045	0.538	0.92	0.005	0	0.302	1	3.316	455	1.708	1
5662	4.811	14.245	0.486	1.439	0.005	0	0.101	1	9.917	486	2.961	1
5663	4.589	13.505	0.482	1.418	0.005	0	0.105	1	9.493	497	2.943	1
5664	2.679	5.082	0.453	0.859	0.005	0	0.169	1	5.903	470	1.897	1
5665	4.256	12.619	0.915	2.713	0.005	0	0.215	1	4.642	492	2.965	1
5666	3.484	9.288	0.366	0.975	0.005	0	0.105	1	9.51	468	2.666	1
5667	3.54	8.383	1.225	2.901	0.005	0	0.346	1	2.888	471	2.368	1
5668	3.694	10.805	0.942	2.755	0.005	0	0.255	1	3.926	452	2.925	1
5669	4.155	9.216	0.976	2.166	0.005	0	0.235	1	4.261	451	2.218	1
5670	2.981	4.969	1.344	2.241	0.005	0	0.451	1	2.215	490	1.667	1
5671	1.813	3.477	1.01	1.937	0.005	0	0.557	1	1.794	481	1.918	1
5672	2.583	3.882	0.488	0.734	0.005	0	0.189	1	5.297	475	1.503	1
5673	3.5	7.276	0.63	1.31	0.005	0	0.18	1	5.556	490	2.079	1
5674	2.524	4.339	0.28	0.482	0.005	0	0.111	1	8.973	470	1.719	1
5675	2.882	4.476	1.095	1.701	0.005	0	0.38	1	2.63	489	1.553	1
5676	4.371	12.23	1.639	4.586	0.005	0	0.375	1	2.667	457	2.798	1
5677	3.194	7.618	0.415	0.99	0.005	0	0.13	1	7.684	485	2.385	1
5678	4.214	7.429	0.468	0.825	0.005	0	0.111	1	8.997	450	1.763	1
5679	4.413	11.072	0.472	1.185	0.005	0	0.107	1	9.305	468	2.509	1
5680	1.081	2.862	0.266	0.704	0.005	0	0.246	1	4.057	455	2.648	1
5681	4.811	11.041	2.252	5.167	0.005	0	0.468	1	2.138	463	2.295	1
5682	3.469	9.456	0.416	1.135	0.005	0	0.12	1	8.315	460	2.726	1
5683	3.658	9.913	0.465	1.259	0.005	0	0.127	1	7.857	479	2.71	1
5684	1.001	2.886	0.112	0.323	0.005	0	0.112	1	8.951	499	2.883	1
5685	2.449	6.402	0.306	0.8	0.005	0	0.125	1	8.006	459	2.614	1
5686	4.895	13.691	1.42	3.97	0.005	0	0.29	1	3.443	472	2.797	1
5687	3.715	7.701	1.293	2.68	0.005	0	0.348	1	2.874	476	2.073	1
5688	3.486	9.719	0.763	2.128	0.005	0	0.219	1	4.558	483	2.788	1
5689	4.358	11.54	0.506	1.339	0.005	0	0.116	1	8.655	494	2.648	1
5690	1.511	2.667	0.409	0.723	0.005	0	0.271	1	3.684	482	1.765	1
5691	3.303	6.841	1.509	3.126	0.005	0	0.457	1	2.187	483	2.071	1
5692	3.274	7.34	0.471	1.057	0.005	0	0.144	1	6.968	493	2.242	1
5693	3.141	5.054	0.437	0.703	0.005	0	0.139	1	7.171	491	1.609	1
5694	1.373	3.305	0.233	0.562	0.005	0	0.17	1	5.866	473	2.407	1
5695	4.688	11.518	0.825	2.027	0.005	0	0.176	1	5.698	486	2.457	1
5696	1.448	4.098	0.181	0.512	0.005	0	0.125	1	8.031	491	2.83	1
5697	1.722	2.595	0.172	0.26	0.005	0	0.1	1	9.974	459	1.507	1
5698	3.317	7.749	2.411	5.634	0.005	0	0.727	1	1.376	476	2.336	1
5699	3.633	8.49	0.469	1.095	0.005	0	0.129	1	7.741	474	2.337	1
5700	3.094	7.522	0.56	1.361	0.005	0	0.181	1	5.529	487	2.431	1
5701	4.876	8.518	3.413	5.963	0.005	0	0.7	1	1.429	459	1.747	1
5702	1.356	3.04	0.621	1.392	0.005	0	0.458	1	2.183	471	2.242	1
5703	1.379	3.67	0.15	0.4	0.005	0	0.109	1	9.167	454	2.661	1
5704	2.268	6.393	0.975	2.749	0.005	0	0.43	1	2.324	497	2.819	1
5705	1.06	2.578	0.166	0.405	0.005	0	0.157	1	6.371	495	2.432	1
5706	2.21	5.611	0.723	1.835	0.005	0	0.327	1	3.054	497	2.539	1
5707	3.669	7.459	1.431	2.909	0.005	0	0.39	1	2.562	497	2.033	1
5708	3.486	7.969	0.614	1.403	0.005	0	0.176	1	5.667	468	2.286	1
5709	1.084	2.011	0.142	0.263	0.005	0	0.131	1	7.621	462	1.855	1
5710	4.126	8.953	1.04	2.256	0.005	0	0.252	1	3.976	480	2.17	1
5711	1.972	3.747	0.903	1.716	0.005	0	0.458	1	2.182	476	1.9	1
5712	1.06	2.615	0.335	0.826	0.005	0	0.316	1	3.161	475	2.467	1
5713	3.735	7.593	1.251	2.544	0.005	0	0.335	1	2.987	468	2.033	1
5714	1.282	3.204	0.201	0.503	0.005	0	0.157	1	6.383	469	2.499	1
5715	2.504	7.207	0.871	2.508	0.005	0	0.348	1	2.875	459	2.878	1
5716	4.535	13.097	0.857	2.475	0.005	0	0.189	1	5.281	459	2.888	1
5717	2.022	3.607	0.243	0.433	0.005	0	0.12	1	8.322	483	1.784	1
5718	3.21	6.696	1.435	2.993	0.005	0	0.447	1	2.238	472	2.086	1
5719	4.773	11.455	0.854	2.05	0.005	0	0.179	1	5.599	494	2.4	1
5720	4.677	8.049	0.5	0.861	0.005	0	0.107	1	9.381	494	1.721	1
5721	2.284	4.783	0.238	0.497	0.005	0	0.104	1	9.577	460	2.094	1
5722	2.454	4.802	0.753	1.474	0.005	0	0.307	1	3.262	483	1.957	1
5723	4.561	12.365	0.652	1.768	0.005	0	0.143	1	7.0	456	2.711	1
5724	1.616	2.741	0.356	0.603	0.005	0	0.22	1	4.555	499	1.696	1
5725	1.219	2.041	0.547	0.916	0.005	0	0.449	1	2.229	481	1.674	1
5726	2.667	4.177	0.4	0.627	0.005	0	0.15	1	6.656	485	1.566	1
5727	2.137	3.479	0.59	0.96	0.005	0	0.276	1	3.627	492	1.628	1
5728	2.066	4.225	0.269	0.549	0.005	0	0.13	1	7.684	452	2.045	1
5729	1.22	1.94	0.209	0.332	0.005	0	0.171	1	5.857	450	1.59	1
5730	1.746	4.11	0.265	0.625	0.005	0	0.152	1	6.591	468	2.354	1
5731	1.743	2.986	0.197	0.337	0.005	0	0.113	1	8.817	498	1.713	1
5732	2.078	5.056	0.528	1.284	0.005	0	0.254	1	3.944	484	2.433	1
5733	3.167	8.184	0.839	2.169	0.005	0	0.265	1	3.777	476	2.584	1
5734	1.069	2.865	0.144	0.387	0.005	0	0.135	1	7.434	456	2.68	1
5735	4.108	6.552	0.415	0.662	0.005	0	0.101	1	9.911	486	1.595	1
5736	3.494	8.987	0.391	1.007	0.005	0	0.112	1	8.933	496	2.572	1
5737	1.446	2.948	0.346	0.705	0.005	0	0.239	1	4.191	477	2.039	1
5738	2.96	5.982	0.32	0.646	0.005	0	0.108	1	9.286	489	2.021	1
5739	4.813	14.064	3.441	10.056	0.005	0	0.715	1	1.398	472	2.922	1
5740	1.8	3.217	0.207	0.37	0.005	0	0.115	1	8.731	477	1.787	1
5741	4.055	11.666	1.476	4.246	0.005	0	0.364	1	2.749	456	2.877	1
5742	3.411	9.063	0.433	1.151	0.005	0	0.127	1	7.853	468	2.657	1
5743	2.73	6.967	0.527	1.345	0.005	0	0.193	1	5.171	493	2.552	1
5744	3.127	6.642	1.857	3.945	0.005	0	0.594	1	1.684	470	2.124	1
5745	2.208	5.359	0.331	0.804	0.005	0	0.15	1	6.661	466	2.427	1
5746	3.054	8.337	0.415	1.134	0.005	0	0.136	1	7.333	465	2.73	1
5747	4.132	10.462	3.252	8.234	0.005	0	0.787	1	1.271	486	2.532	1
5748	3.402	7.195	0.344	0.727	0.005	0	0.101	1	9.925	487	2.115	1
5749	3.593	5.663	0.751	1.184	0.005	0	0.209	1	4.783	498	1.576	1
5750	2.692	4.803	0.296	0.528	0.005	0	0.11	1	9.117	466	1.784	1
5751	4.861	9.416	0.734	1.422	0.005	0	0.151	1	6.641	495	1.937	1
5752	4.871	10.073	0.57	1.179	0.005	0	0.117	1	8.58	466	2.068	1
5753	3.836	10.1	0.384	1.01	0.005	0	0.1	1	9.963	483	2.633	1
5754	3.354	5.665	0.483	0.816	0.005	0	0.144	1	6.96	453	1.689	1
5755	1.068	3.169	0.247	0.732	0.005	0	0.231	1	4.322	469	2.967	1
5756	1.199	2.417	0.133	0.268	0.005	0	0.111	1	9.011	464	2.016	1
5757	1.507	3.981	0.47	1.242	0.005	0	0.312	1	3.21	482	2.642	1
5758	3.789	8.847	3.205	7.485	0.005	0	0.846	1	1.182	487	2.335	1
5759	4.449	12.617	2.06	5.842	0.005	0	0.463	1	2.162	480	2.836	1
5760	2.488	4.862	0.341	0.666	0.005	0	0.137	1	7.289	462	1.954	1
5761	3.165	7.235	0.323	0.738	0.005	0	0.102	1	9.818	488	2.286	1
5762	3.926	11.637	0.781	2.316	0.005	0	0.199	1	5.034	475	2.964	1
5763	2.271	6.073	0.279	0.747	0.005	0	0.123	1	8.126	452	2.674	1
5764	4.553	11.724	0.464	1.196	0.005	0	0.102	1	9.799	466	2.575	1
5765	3.588	8.773	0.495	1.211	0.005	0	0.138	1	7.264	453	2.445	1
5766	1.056	2.078	0.191	0.376	0.005	0	0.181	1	5.537	488	1.968	1
5767	4.991	12.343	0.524	1.296	0.005	0	0.105	1	9.492	489	2.473	1
5768	2.658	7.512	0.369	1.044	0.005	0	0.139	1	7.195	456	2.826	1
5769	4.004	8.188	0.781	1.597	0.005	0	0.195	1	5.116	453	2.045	1
5770	3.538	9.185	1.776	4.611	0.005	0	0.502	1	1.993	471	2.596	1
5771	3.422	10.184	2.635	7.842	0.005	0	0.77	1	1.298	453	2.976	1
5772	3.696	9.95	0.388	1.045	0.005	0	0.105	1	9.5	466	2.692	1
5773	1.721	3.418	0.332	0.66	0.005	0	0.193	1	5.174	466	1.986	1
5774	3.519	8.752	0.394	0.98	0.005	0	0.112	1	8.914	485	2.487	1
5775	1.298	3.466	0.157	0.419	0.005	0	0.121	1	8.26	493	2.67	1
5776	3.416	6.398	0.512	0.96	0.005	0	0.15	1	6.649	469	1.873	1
5777	2.192	4.84	1.754	3.872	0.005	0	0.8	1	1.25	454	2.208	1
5778	2.555	7.427	0.324	0.943	0.005	0	0.127	1	7.852	478	2.907	1
5779	2.433	4.766	0.365	0.715	0.005	0	0.15	1	6.661	483	1.959	1
5780	4.308	12.795	0.5	1.484	0.005	0	0.116	1	8.587	485	2.97	1
5781	4.812	7.877	0.582	0.953	0.005	0	0.121	1	8.247	489	1.637	1
5782	3.755	7.48	0.391	0.778	0.005	0	0.104	1	9.576	472	1.992	1
5783	3.156	8.695	0.937	2.582	0.005	0	0.297	1	3.371	499	2.755	1
5784	2.294	6.85	0.369	1.103	0.005	0	0.161	1	6.217	467	2.986	1
5785	1.115	3.194	0.44	1.262	0.005	0	0.395	1	2.533	466	2.865	1
5786	1.364	3.825	0.187	0.524	0.005	0	0.137	1	7.275	479	2.804	1
5787	3.611	7.944	0.798	1.756	0.005	0	0.221	1	4.535	490	2.2	1
5788	3.3	9.494	0.528	1.519	0.005	0	0.16	1	6.267	497	2.877	1
5789	3.87	7.895	0.635	1.295	0.005	0	0.164	1	6.108	495	2.04	1
5790	4.035	11.246	1.15	3.205	0.005	0	0.285	1	3.506	488	2.787	1
5791	2.994	6.138	0.308	0.632	0.005	0	0.103	1	9.717	475	2.05	1
5792	2.675	6.562	0.476	1.168	0.005	0	0.178	1	5.619	461	2.453	1
5793	3.627	5.615	1.549	2.398	0.005	0	0.427	1	2.342	497	1.548	1
5794	3.797	5.927	1.249	1.95	0.005	0	0.329	1	3.035	467	1.561	1
5795	2.053	3.73	0.79	1.436	0.005	0	0.385	1	2.6	484	1.817	1
5796	2.179	3.972	0.255	0.465	0.005	0	0.117	1	8.551	496	1.823	1
5797	2.708	6.71	0.341	0.845	0.005	0	0.126	1	7.938	472	2.478	1
5798	3.325	6.647	0.562	1.123	0.005	0	0.169	1	5.906	489	1.999	1
5799	4.713	9.346	0.957	1.897	0.005	0	0.203	1	4.916	467	1.983	1
5800	2.84	8.517	0.452	1.354	0.005	0	0.159	1	6.285	483	2.999	1
5801	1.675	3.569	0.337	0.717	0.005	0	0.201	1	4.986	480	2.131	1
5802	1.252	2.3	0.183	0.336	0.005	0	0.146	1	6.826	471	1.837	1
5803	3.447	5.66	1.2	1.97	0.005	0	0.348	1	2.871	478	1.642	1
5804	1.75	4.429	1.15	2.91	0.005	0	0.657	1	1.521	488	2.531	1
5805	3.095	8.573	0.535	1.483	0.005	0	0.173	1	5.764	455	2.77	1
5806	2.559	4.545	2.063	3.663	0.005	0	0.806	1	1.241	478	1.776	1
5807	1.391	4.078	0.167	0.489	0.005	0	0.12	1	8.32	497	2.932	1
5808	4.292	6.618	0.674	1.039	0.005	0	0.157	1	6.38	454	1.542	1
5809	3.467	7.322	1.55	3.273	0.005	0	0.447	1	2.239	483	2.112	1
5810	3.081	6.982	0.444	1.005	0.005	0	0.144	1	6.95	467	2.266	1
5811	1.563	2.632	0.356	0.6	0.005	0	0.228	1	4.391	489	1.684	1
5812	4.729	12.693	0.544	1.46	0.005	0	0.115	1	8.711	485	2.684	1
5813	2.044	4.006	0.486	0.953	0.005	0	0.238	1	4.209	465	1.96	1
5814	3.311	8.036	2.182	5.296	0.005	0	0.659	1	1.518	476	2.427	1
5815	1.788	3.991	0.224	0.499	0.005	0	0.125	1	8.02	489	2.232	1
5816	1.192	2.913	0.136	0.332	0.005	0	0.114	1	8.771	498	2.444	1
5817	4.499	8.404	0.472	0.882	0.005	0	0.105	1	9.552	481	1.868	1
5818	2.844	6.769	0.301	0.718	0.005	0	0.106	1	9.419	477	2.38	1
5819	3.411	6.532	0.474	0.908	0.005	0	0.139	1	7.176	494	1.915	1
5820	2.043	5.275	0.264	0.68	0.005	0	0.129	1	7.761	477	2.582	1
5821	2.437	7.138	0.492	1.442	0.005	0	0.202	1	4.947	489	2.929	1
5822	3.638	9.361	0.426	1.095	0.005	0	0.117	1	8.579	457	2.573	1
5823	1.534	3.307	0.523	1.128	0.005	0	0.341	1	2.93	473	2.156	1
5824	4.73	14.171	0.624	1.871	0.005	0	0.132	1	7.57	453	2.996	1
5825	3.05	5.551	2.19	3.986	0.005	0	0.718	1	1.393	496	1.82	1
5826	4.712	8.406	0.664	1.185	0.005	0	0.141	1	7.073	453	1.784	1
5827	3.85	10.191	2.418	6.4	0.005	0	0.628	1	1.592	465	2.647	1
5828	1.183	1.921	0.273	0.444	0.005	0	0.231	1	4.338	493	1.624	1
5829	2.826	4.4	0.478	0.744	0.005	0	0.169	1	5.901	496	1.557	1
5830	4.682	8.554	0.599	1.095	0.005	0	0.128	1	7.833	466	1.827	1
5831	3.825	7.248	0.876	1.66	0.005	0	0.229	1	4.363	462	1.895	1
5832	1.007	1.7	0.306	0.517	0.005	0	0.304	1	3.294	499	1.688	1
5833	3.928	6.583	1.795	3.008	0.005	0	0.457	1	2.187	489	1.676	1
5834	3.763	9.761	1.746	4.529	0.005	0	0.464	1	2.154	483	2.594	1
5835	3.101	6.559	1.43	3.024	0.005	0	0.461	1	2.17	499	2.115	1
5836	4.08	11.901	0.477	1.392	0.005	0	0.117	1	8.565	492	2.917	1
5837	4.93	14.213	2.859	8.244	0.005	0	0.58	1	1.725	482	2.883	1
5838	3.249	7.125	0.536	1.176	0.005	0	0.165	1	6.044	483	2.193	1
5839	2.89	4.91	1.341	2.278	0.005	0	0.464	1	2.155	478	1.699	1
5840	1.404	2.113	0.223	0.336	0.005	0	0.159	1	6.285	462	1.505	1
5841	1.75	4.24	0.215	0.522	0.005	0	0.123	1	8.12	452	2.423	1
5842	4.743	13.869	0.526	1.539	0.005	0	0.111	1	9.027	456	2.924	1
5843	2.362	4.778	0.366	0.741	0.005	0	0.155	1	6.468	450	2.023	1
5844	4.06	10.17	1.705	4.271	0.005	0	0.42	1	2.38	472	2.505	1
5845	2.463	6.69	1.365	3.706	0.005	0	0.554	1	1.805	454	2.716	1
5846	2.434	6.26	0.307	0.789	0.005	0	0.126	1	7.949	474	2.572	1
5847	4.293	7.212	2.365	3.974	0.005	0	0.551	1	1.816	458	1.68	1
5848	2.842	5.593	1.609	3.166	0.005	0	0.566	1	1.767	465	1.968	1
5849	4.593	10.775	1.612	3.782	0.005	0	0.351	1	2.845	492	2.346	1
5850	4.439	8.123	1.163	2.128	0.005	0	0.262	1	3.817	482	1.83	1
5851	2.625	4.583	0.877	1.531	0.005	0	0.334	1	2.995	460	1.746	1
5852	3.566	6.415	0.703	1.264	0.005	0	0.197	1	5.087	476	1.799	1
5853	4.446	10.417	4.104	9.615	0.005	0	0.923	1	1.084	485	2.343	1
5854	3.11	6.152	0.765	1.513	0.005	0	0.246	1	4.071	484	1.978	1
5855	4.238	10.718	1.894	4.791	0.005	0	0.447	1	2.237	458	2.529	1
5856	1.62	4.599	0.19	0.538	0.005	0	0.117	1	8.567	469	2.839	1
5857	3.832	8.948	0.406	0.948	0.005	0	0.106	1	9.469	458	2.335	1
5858	3.587	9.262	0.362	0.935	0.005	0	0.101	1	9.891	472	2.582	1
5859	1.673	2.749	0.463	0.761	0.005	0	0.277	1	3.606	487	1.643	1
5860	1.511	2.739	0.313	0.567	0.005	0	0.207	1	4.82	469	1.813	1
5861	4.041	8.518	0.836	1.763	0.005	0	0.207	1	4.829	480	2.108	1
5862	4.098	11.7	0.91	2.597	0.005	0	0.222	1	4.513	491	2.855	1
5863	2.097	3.173	0.528	0.8	0.005	0	0.252	1	3.976	490	1.513	1
5864	1.727	3.383	0.385	0.754	0.005	0	0.223	1	4.488	456	1.959	1
5865	3.118	6.358	0.702	1.431	0.005	0	0.225	1	4.442	497	2.039	1
5866	1.028	3.048	0.447	1.326	0.005	0	0.435	1	2.299	461	2.965	1
5867	2.208	4.992	0.265	0.599	0.005	0	0.12	1	8.302	498	2.261	1
5868	1.84	4.473	0.296	0.72	0.005	0	0.161	1	6.22	466	2.431	1
5869	4.723	7.226	1.611	2.464	0.005	0	0.341	1	2.93	467	1.53	1
5870	4.876	7.338	4.315	6.494	0.005	0	0.885	1	1.13	491	1.505	1
5871	4.567	7.645	0.872	1.46	0.005	0	0.191	1	5.227	459	1.674	1
5872	4.618	11.263	2.23	5.44	0.005	0	0.483	1	2.069	494	2.439	1
5873	2.401	6.439	0.471	1.262	0.005	0	0.196	1	5.115	461	2.682	1
5874	4.462	7.394	1.352	2.24	0.005	0	0.303	1	3.297	496	1.657	1
5875	2.973	6.297	1.359	2.878	0.005	0	0.457	1	2.189	453	2.118	1
5876	1.932	4.946	1.376	3.522	0.005	0	0.712	1	1.404	490	2.56	1
5877	1.085	2.337	0.209	0.451	0.005	0	0.193	1	5.19	497	2.154	1
5878	1.75	4.641	0.436	1.156	0.005	0	0.249	1	4.013	469	2.652	1
5879	3.7	7.515	0.403	0.819	0.005	0	0.109	1	9.187	477	2.031	1
5880	3.901	9.717	0.975	2.429	0.005	0	0.25	1	4.004	497	2.491	1
5881	3.116	7.126	1.67	3.82	0.005	0	0.536	1	1.865	466	2.287	1
5882	1.972	5.431	0.564	1.553	0.005	0	0.286	1	3.502	483	2.754	1
5883	1.789	4.186	0.206	0.481	0.005	0	0.115	1	8.714	497	2.34	1
5884	1.952	4.337	0.33	0.733	0.005	0	0.169	1	5.904	477	2.222	1
5885	3.551	7.862	0.671	1.486	0.005	0	0.189	1	5.289	497	2.214	1
5886	3.933	9.895	1.605	4.037	0.005	0	0.408	1	2.452	475	2.516	1
5887	2.318	3.751	0.292	0.473	0.005	0	0.126	1	7.967	474	1.618	1
5888	4.533	13.1	0.508	1.467	0.005	0	0.112	1	8.933	467	2.89	1
5889	2.072	5.92	0.213	0.61	0.005	0	0.103	1	9.703	473	2.857	1
5890	3.893	6.505	0.471	0.787	0.005	0	0.121	1	8.245	468	1.671	1
5891	1.441	3.519	0.192	0.468	0.005	0	0.133	1	7.544	457	2.442	1
5892	2.369	4.885	0.455	0.938	0.005	0	0.192	1	5.217	492	2.062	1
5893	3.79	7.428	0.91	1.783	0.005	0	0.24	1	4.169	494	1.96	1
5894	3.297	9.116	1.513	4.184	0.005	0	0.459	1	2.177	495	2.765	1
5895	4.078	8.282	2.537	5.151	0.005	0	0.622	1	1.609	489	2.031	1
5896	3.406	7.221	3.001	6.362	0.005	0	0.881	1	1.135	451	2.12	1
5897	3.646	9.13	1.495	3.743	0.005	0	0.41	1	2.441	490	2.504	1
5898	1.136	3.059	0.459	1.236	0.005	0	0.404	1	2.477	462	2.693	1
5899	3.91	10.721	0.465	1.276	0.005	0	0.119	1	8.404	464	2.742	1
5900	4.354	8.747	0.462	0.927	0.005	0	0.106	1	9.45	468	2.009	1
5901	3.891	11.128	0.506	1.447	0.005	0	0.13	1	7.663	491	2.86	1
5902	4.446	12.462	2.476	6.941	0.005	0	0.557	1	1.795	489	2.803	1
5903	1.743	4.187	0.457	1.097	0.005	0	0.262	1	3.818	478	2.402	1
5904	4.22	11.955	0.519	1.47	0.005	0	0.123	1	8.1	479	2.833	1
5905	2.025	5.192	0.362	0.929	0.005	0	0.179	1	5.602	474	2.564	1
5906	1.958	4.92	1.14	2.863	0.005	0	0.582	1	1.717	469	2.513	1
5907	3.226	6.387	0.532	1.054	0.005	0	0.165	1	6.048	458	1.98	1
5908	1.01	1.55	0.696	1.068	0.005	0	0.689	1	1.451	459	1.535	1
5909	1.885	3.289	0.268	0.467	0.005	0	0.142	1	7.03	454	1.745	1
5910	1.227	2.026	0.218	0.361	0.005	0	0.178	1	5.633	494	1.651	1
5911	4.194	10.397	0.801	1.986	0.005	0	0.191	1	5.228	453	2.479	1
5912	3.191	6.449	0.527	1.064	0.005	0	0.165	1	6.047	468	2.021	1
5913	1.32	3.582	0.21	0.57	0.005	0	0.159	1	6.295	497	2.714	1
5914	3.669	9.539	0.451	1.173	0.005	0	0.123	1	8.155	488	2.6	1
5915	2.5	4.69	1.18	2.214	0.005	0	0.472	1	2.12	471	1.876	1
5916	1.128	2.024	0.179	0.322	0.005	0	0.159	1	6.282	482	1.794	1
5917	4.144	11.67	1.227	3.454	0.005	0	0.296	1	3.381	466	2.816	1
5918	1.803	3.68	1.392	2.841	0.005	0	0.772	1	1.296	460	2.041	1
5919	3.312	6.538	1.563	3.086	0.005	0	0.472	1	2.117	489	1.974	1
5920	3.92	6.374	1.317	2.142	0.005	0	0.336	1	2.979	474	1.626	1
5921	1.497	4.359	0.668	1.944	0.005	0	0.446	1	2.243	482	2.912	1
5922	2.668	5.963	0.563	1.258	0.005	0	0.211	1	4.734	499	2.235	1
5923	4.202	8.635	0.626	1.287	0.005	0	0.149	1	6.732	454	2.055	1
5924	4.471	10.337	0.474	1.096	0.005	0	0.106	1	9.41	455	2.312	1
5925	3.285	6.117	0.42	0.783	0.005	0	0.128	1	7.806	492	1.862	1
5926	3.599	5.607	0.752	1.172	0.005	0	0.209	1	4.78	460	1.558	1
5927	3.892	9.535	2.888	7.075	0.005	0	0.742	1	1.348	494	2.45	1
5928	1.007	1.803	0.657	1.176	0.005	0	0.652	1	1.533	480	1.79	1
5929	1.512	3.904	0.171	0.441	0.005	0	0.113	1	8.839	464	2.582	1
5930	3.561	7.624	2.525	5.405	0.005	0	0.709	1	1.41	485	2.141	1
5931	1.907	3.097	1.36	2.208	0.005	0	0.713	1	1.402	476	1.624	1
5932	3.396	6.71	0.421	0.832	0.005	0	0.124	1	8.06	488	1.976	1
5933	1.044	2.102	0.222	0.448	0.005	0	0.213	1	4.693	488	2.013	1
5934	2.587	5.236	0.492	0.995	0.005	0	0.19	1	5.265	491	2.024	1
5935	4.299	10.842	1.573	3.968	0.005	0	0.366	1	2.73	465	2.522	1
5936	4.788	7.924	0.78	1.292	0.005	0	0.163	1	6.137	460	1.655	1
5937	2.055	5.308	0.249	0.642	0.005	0	0.121	1	8.285	485	2.583	1
5938	4.033	9.849	0.536	1.31	0.005	0	0.133	1	7.532	498	2.442	1
5939	2.962	6.632	1.44	3.223	0.005	0	0.486	1	2.056	495	2.239	1
5940	3.608	9.871	0.512	1.402	0.005	0	0.142	1	7.033	485	2.736	1
5941	2.997	8.302	1.621	4.491	0.005	0	0.541	1	1.848	499	2.77	1
5942	2.322	6.829	0.325	0.956	0.005	0	0.14	1	7.161	472	2.941	1
5943	3.221	7.869	0.374	0.913	0.005	0	0.116	1	8.619	494	2.443	1
5944	2.198	3.767	0.396	0.678	0.005	0	0.18	1	5.545	493	1.714	1
5945	3.737	8.281	0.437	0.969	0.005	0	0.117	1	8.524	495	2.216	1
5946	1.241	1.977	0.19	0.302	0.005	0	0.153	1	6.557	468	1.593	1
5947	4.482	7.96	1.309	2.324	0.005	0	0.292	1	3.426	486	1.776	1
5948	1.389	2.647	0.382	0.728	0.005	0	0.275	1	3.631	473	1.906	1
5949	4.429	10.129	2.985	6.827	0.005	0	0.674	1	1.484	494	2.287	1
5950	1.912	4.071	0.463	0.985	0.005	0	0.242	1	4.129	465	2.129	1
5951	4.828	12.659	0.826	2.165	0.005	0	0.171	1	5.857	496	2.622	1
5952	1.322	2.45	0.18	0.333	0.005	0	0.136	1	7.363	487	1.853	1
5953	3.308	8.253	0.672	1.675	0.005	0	0.203	1	4.917	492	2.495	1
5954	1.051	1.899	0.151	0.273	0.005	0	0.144	1	6.948	482	1.807	1
5955	1.853	3.35	0.259	0.469	0.005	0	0.14	1	7.156	454	1.808	1
5956	1.618	4.097	0.194	0.492	0.005	0	0.12	1	8.332	469	2.532	1
5957	3.176	6.917	2.068	4.503	0.005	0	0.651	1	1.535	494	2.178	1
5958	1.916	5.087	0.335	0.89	0.005	0	0.175	1	5.706	494	2.655	1
5959	3.721	7.862	0.54	1.14	0.005	0	0.145	1	6.914	470	2.113	1
5960	3.118	4.808	0.62	0.957	0.005	0	0.199	1	5.033	490	1.542	1
5961	1.086	2.684	0.414	1.023	0.005	0	0.381	1	2.624	476	2.471	1
5962	1.34	2.675	0.342	0.682	0.005	0	0.255	1	3.921	472	1.996	1
5963	4.087	11.55	0.76	2.148	0.005	0	0.186	1	5.39	485	2.826	1
5964	2.695	4.35	0.426	0.687	0.005	0	0.158	1	6.349	479	1.614	1
5965	4.027	10.841	0.459	1.236	0.005	0	0.114	1	8.755	478	2.692	1
5966	2.318	3.618	1.379	2.153	0.005	0	0.595	1	1.682	472	1.561	1
5967	1.706	2.907	0.435	0.741	0.005	0	0.255	1	3.921	463	1.704	1
5968	3.76	6.674	0.786	1.395	0.005	0	0.209	1	4.792	473	1.775	1
5969	3.661	8.461	0.443	1.024	0.005	0	0.121	1	8.233	474	2.311	1
5970	3.558	9.126	0.455	1.168	0.005	0	0.128	1	7.808	474	2.565	1
5971	1.534	3.369	0.356	0.782	0.005	0	0.232	1	4.306	451	2.196	1
5972	4.796	13.995	1.367	3.989	0.005	0	0.285	1	3.511	452	2.918	1
5973	2.824	7.238	0.486	1.245	0.005	0	0.172	1	5.814	492	2.563	1
5974	4.11	10.665	0.674	1.749	0.005	0	0.164	1	6.112	458	2.595	1
5975	4.793	13.535	0.657	1.854	0.005	0	0.137	1	7.326	460	2.824	1
5976	4.211	6.557	0.446	0.695	0.005	0	0.106	1	9.408	474	1.557	1
5977	4.725	7.654	0.61	0.987	0.005	0	0.129	1	7.753	469	1.62	1
5978	4.292	8.563	0.442	0.882	0.005	0	0.103	1	9.662	491	1.995	1
5979	2.261	4.511	0.267	0.532	0.005	0	0.118	1	8.461	476	1.995	1
5980	1.834	3.14	0.873	1.495	0.005	0	0.476	1	2.101	455	1.712	1
5981	4.198	6.356	0.651	0.985	0.005	0	0.155	1	6.448	468	1.514	1
5982	2.383	5.519	0.305	0.706	0.005	0	0.128	1	7.788	473	2.316	1
5983	3.02	8.411	1.009	2.809	0.005	0	0.334	1	2.99	468	2.785	1
5984	2.643	5.656	0.505	1.08	0.005	0	0.191	1	5.237	458	2.14	1
5985	1.949	3.995	0.643	1.318	0.005	0	0.33	1	3.03	461	2.05	1
5986	4.392	6.777	0.549	0.847	0.005	0	0.125	1	8.004	498	1.543	1
5987	4.537	12.881	0.88	2.499	0.005	0	0.194	1	5.166	467	2.839	1
5988	3.153	9.046	0.341	0.977	0.005	0	0.108	1	9.255	465	2.869	1
5989	1.059	2.635	0.154	0.382	0.005	0	0.145	1	6.875	480	2.488	1
5990	3.938	9.113	0.732	1.695	0.005	0	0.186	1	5.371	462	2.314	1
5991	1.923	2.884	0.258	0.386	0.005	0	0.134	1	7.444	451	1.5	1
5992	3.509	9.457	0.393	1.059	0.005	0	0.112	1	8.903	490	2.695	1
5993	2.52	4.317	0.587	1.006	0.005	0	0.233	1	4.29	487	1.713	1
5994	4.603	10.799	0.598	1.404	0.005	0	0.13	1	7.709	482	2.346	1
5995	1.472	4.338	0.309	0.911	0.005	0	0.21	1	4.763	467	2.947	1
5996	4.768	10.099	0.491	1.04	0.005	0	0.103	1	9.745	461	2.118	1
5997	3.099	6.015	0.465	0.902	0.005	0	0.15	1	6.661	461	1.941	1
5998	2.559	6.612	0.376	0.972	0.005	0	0.147	1	6.82	477	2.584	1
5999	3.884	9.838	0.404	1.023	0.005	0	0.104	1	9.635	466	2.533	1
6000	2.704	5.727	0.333	0.704	0.005	0	0.123	1	8.143	494	2.118	1
6001	1.307	3.277	0.596	1.494	0.005	0	0.456	1	2.192	481	2.507	1
6002	1.174	3.415	0.872	2.537	0.005	0	0.743	1	1.345	474	2.909	1
6003	4.769	9.838	1.164	2.4	0.005	0	0.244	1	4.097	464	2.063	1
6004	2.865	8.34	0.456	1.326	0.005	0	0.159	1	6.271	496	2.911	1
6005	4.604	10.842	0.658	1.55	0.005	0	0.143	1	6.979	478	2.355	1
6006	4.188	10.671	0.674	1.718	0.005	0	0.161	1	6.196	468	2.548	1
6007	1.503	4.497	0.228	0.684	0.005	0	0.152	1	6.568	487	2.992	1
6008	1.747	2.959	1.703	2.885	0.005	0	0.975	1	1.026	454	1.694	1
6009	2.997	6.123	0.932	1.904	0.005	0	0.311	1	3.213	491	2.043	1
6010	4.772	10.952	1.155	2.65	0.005	0	0.242	1	4.127	453	2.295	1
6011	3.578	5.882	0.583	0.959	0.005	0	0.163	1	6.148	464	1.644	1
6012	1.787	3.612	0.206	0.415	0.005	0	0.115	1	8.666	493	2.021	1
6013	2.859	6.664	0.466	1.086	0.005	0	0.163	1	6.118	466	2.331	1
6014	2.151	5.681	0.333	0.881	0.005	0	0.155	1	6.44	462	2.641	1
6015	1.039	2.779	0.113	0.303	0.005	0	0.109	1	9.137	477	2.675	1
6016	1.212	2.88	0.193	0.458	0.005	0	0.159	1	6.271	498	2.376	1
6017	1.155	3.129	0.583	1.58	0.005	0	0.505	1	1.982	494	2.709	1
6018	3.373	9.077	0.766	2.06	0.005	0	0.227	1	4.406	475	2.691	1
6019	1.481	4.399	0.378	1.122	0.005	0	0.255	1	3.924	493	2.97	1
6020	1.148	2.535	0.379	0.837	0.005	0	0.33	1	3.034	494	2.208	1
6021	1.464	2.423	0.259	0.429	0.005	0	0.177	1	5.646	488	1.655	1
6022	1.439	3.73	0.145	0.377	0.005	0	0.101	1	9.905	496	2.592	1
6023	1.915	4.95	0.27	0.698	0.005	0	0.141	1	7.111	481	2.585	1
6024	3.314	5.982	0.775	1.4	0.005	0	0.234	1	4.281	493	1.805	1
6025	2.679	4.793	0.386	0.69	0.005	0	0.144	1	6.948	485	1.789	1
6026	4.25	10.893	0.536	1.373	0.005	0	0.126	1	7.923	455	2.563	1
6027	4.508	9.435	0.888	1.859	0.005	0	0.197	1	5.079	461	2.093	1
6028	2.985	5.901	0.785	1.552	0.005	0	0.263	1	3.8	494	1.977	1
6029	3.808	6.942	1.497	2.728	0.005	0	0.393	1	2.547	469	1.823	1
6030	1.4	3.843	0.147	0.404	0.005	0	0.105	1	9.499	464	2.745	1
6031	4.783	8.222	0.617	1.061	0.005	0	0.129	1	7.764	477	1.719	1
6032	3.024	5.404	0.783	1.4	0.005	0	0.259	1	3.864	498	1.787	1
6033	2.895	4.774	1.893	3.122	0.005	0	0.654	1	1.529	491	1.649	1
6034	1.485	2.26	0.226	0.344	0.005	0	0.152	1	6.585	470	1.522	1
6035	3.81	10.302	0.659	1.782	0.005	0	0.173	1	5.777	465	2.704	1
6036	4.413	11.152	1.871	4.728	0.005	0	0.424	1	2.361	479	2.527	1
6037	4.552	12.482	1.429	3.919	0.005	0	0.314	1	3.186	483	2.742	1
6038	1.648	3.896	0.745	1.761	0.005	0	0.452	1	2.212	457	2.364	1
6039	3.717	6.297	0.892	1.511	0.005	0	0.24	1	4.16	497	1.694	1
6040	1.735	4.259	0.253	0.622	0.005	0	0.146	1	6.851	481	2.455	1
6041	4.281	6.678	2.055	3.205	0.005	0	0.48	1	2.084	468	1.56	1
6042	3.21	5.723	0.7	1.248	0.005	0	0.218	1	4.579	452	1.783	1
6043	2.548	6.724	0.563	1.486	0.005	0	0.221	1	4.533	488	2.639	1
6044	2.295	5.793	0.347	0.875	0.005	0	0.151	1	6.609	496	2.524	1
6045	2.086	3.555	0.305	0.519	0.005	0	0.146	1	6.832	457	1.704	1
6046	3.136	4.72	0.464	0.699	0.005	0	0.148	1	6.745	495	1.505	1
6047	3.459	7.848	0.377	0.855	0.005	0	0.109	1	9.199	462	2.269	1
6048	2.298	5.251	0.28	0.641	0.005	0	0.122	1	8.202	458	2.285	1
6049	4.638	12.305	0.826	2.19	0.005	0	0.178	1	5.606	476	2.653	1
6050	1.0	2.918	0.376	1.097	0.005	0	0.376	1	2.658	494	2.918	1
6051	1.647	3.645	0.591	1.309	0.005	0	0.359	1	2.786	458	2.213	1
6052	2.016	4.278	0.244	0.518	0.005	0	0.121	1	8.272	499	2.122	1
6053	4.336	7.948	3.725	6.827	0.005	0	0.859	1	1.164	471	1.833	1
6054	3.133	9.076	0.417	1.207	0.005	0	0.133	1	7.506	472	2.897	1
6055	3.198	6.77	0.461	0.975	0.005	0	0.144	1	6.961	468	2.117	1
6056	3.111	4.738	1.5	2.284	0.005	0	0.482	1	2.075	465	1.523	1
6057	1.59	4.244	0.24	0.641	0.005	0	0.151	1	6.615	493	2.669	1
6058	2.532	7.409	0.473	1.385	0.005	0	0.187	1	5.34	473	2.926	1
6059	4.443	7.047	1.791	2.84	0.005	0	0.403	1	2.481	494	1.586	1
6060	3.154	8.412	0.672	1.792	0.005	0	0.213	1	4.695	471	2.667	1
6061	2.505	7.455	1.819	5.412	0.005	0	0.726	1	1.378	471	2.976	1
6062	2.693	7.454	0.687	1.901	0.005	0	0.255	1	3.924	484	2.768	1
6063	2.099	3.812	0.67	1.216	0.005	0	0.319	1	3.133	465	1.816	1
6064	2.628	4.008	0.526	0.802	0.005	0	0.2	1	4.99	470	1.525	1
6065	2.46	5.761	0.253	0.593	0.005	0	0.103	1	9.69	487	2.342	1
6066	3.765	9.902	0.414	1.089	0.005	0	0.11	1	9.091	483	2.63	1
6067	3.748	5.971	2.519	4.013	0.005	0	0.672	1	1.488	470	1.593	1
6068	2.848	5.767	1.823	3.691	0.005	0	0.64	1	1.563	471	2.025	1
6069	1.621	4.86	0.195	0.583	0.005	0	0.12	1	8.321	476	2.998	1
6070	2.891	8.569	0.292	0.865	0.005	0	0.101	1	9.898	495	2.964	1
6071	2.79	5.577	1.244	2.487	0.005	0	0.446	1	2.24	468	1.999	1
6072	1.345	2.346	0.242	0.422	0.005	0	0.18	1	5.553	485	1.744	1
6073	1.941	4.237	0.384	0.839	0.005	0	0.198	1	5.057	490	2.183	1
6074	4.921	14.758	0.517	1.55	0.005	0	0.105	1	9.542	478	2.999	1
6075	1.242	2.007	0.457	0.739	0.005	0	0.368	1	2.716	497	1.616	1
6076	4.086	7.935	0.543	1.055	0.005	0	0.133	1	7.512	473	1.942	1
6077	4.518	9.429	1.03	2.15	0.005	0	0.228	1	4.388	473	2.087	1
6078	1.648	3.51	0.583	1.243	0.005	0	0.354	1	2.825	468	2.13	1
6079	3.513	10.202	0.415	1.204	0.005	0	0.118	1	8.509	471	2.904	1
6080	3.8	7.919	2.079	4.332	0.005	0	0.547	1	1.828	483	2.084	1
6081	4.881	11.07	0.6	1.362	0.005	0	0.123	1	8.157	490	2.268	1
6082	2.496	6.128	0.629	1.544	0.005	0	0.252	1	3.973	475	2.455	1
6083	2.014	5.919	0.89	2.616	0.005	0	0.442	1	2.262	492	2.939	1
6084	1.522	2.881	0.4	0.758	0.005	0	0.263	1	3.8	496	1.893	1
6085	4.304	7.601	1.218	2.151	0.005	0	0.283	1	3.528	497	1.766	1
6086	4.748	12.91	0.912	2.479	0.005	0	0.192	1	5.208	484	2.719	1
6087	3.507	9.739	1.448	4.022	0.005	0	0.413	1	2.424	473	2.777	1
6088	3.927	8.667	0.624	1.378	0.005	0	0.159	1	6.289	494	2.207	1
6089	1.161	1.969	0.129	0.219	0.005	0	0.111	1	9.03	494	1.696	1
6090	1.968	3.881	0.309	0.609	0.005	0	0.157	1	6.364	451	1.972	1
6091	3.318	5.305	0.501	0.801	0.005	0	0.151	1	6.607	482	1.599	1
6092	1.177	2.04	0.214	0.371	0.005	0	0.182	1	5.492	467	1.733	1
6093	2.451	6.552	0.431	1.153	0.005	0	0.176	1	5.671	453	2.673	1
6094	4.844	13.956	0.853	2.456	0.005	0	0.176	1	5.683	491	2.881	1
6095	4.461	7.347	0.495	0.816	0.005	0	0.111	1	8.996	462	1.647	1
6096	2.317	5.48	1.355	3.206	0.005	0	0.585	1	1.708	460	2.365	1
6097	2.356	4.552	1.037	2.003	0.005	0	0.44	1	2.271	488	1.932	1
6098	1.349	2.558	0.188	0.356	0.005	0	0.139	1	7.177	460	1.896	1
6099	4.411	12.638	0.635	1.82	0.005	0	0.144	1	6.932	471	2.865	1
6100	2.311	4.102	0.307	0.546	0.005	0	0.133	1	7.504	452	1.775	1
6101	1.935	4.468	1.084	2.502	0.005	0	0.56	1	1.786	499	2.309	1
6102	4.74	13.258	0.498	1.392	0.005	0	0.105	1	9.519	499	2.797	1
6103	2.865	4.816	0.834	1.401	0.005	0	0.291	1	3.441	456	1.681	1
6104	3.328	7.232	0.829	1.801	0.005	0	0.249	1	4.021	455	2.173	1
6105	4.09	11.485	0.765	2.148	0.005	0	0.187	1	5.342	463	2.808	1
6106	1.514	3.072	0.244	0.495	0.005	0	0.161	1	6.196	476	2.029	1
6107	3.35	5.29	0.382	0.603	0.005	0	0.114	1	8.793	471	1.579	1
6108	2.776	5.649	1.341	2.728	0.005	0	0.483	1	2.07	479	2.035	1
6109	4.757	9.343	0.894	1.756	0.005	0	0.188	1	5.306	473	1.964	1
6110	4.382	9.434	1.705	3.67	0.005	0	0.389	1	2.574	461	2.153	1
6111	4.448	9.995	1.583	3.558	0.005	0	0.356	1	2.807	491	2.247	1
6112	4.519	8.789	0.497	0.967	0.005	0	0.11	1	9.079	483	1.945	1
6113	3.41	7.222	0.627	1.329	0.005	0	0.184	1	5.441	476	2.118	1
6114	4.58	11.194	0.637	1.556	0.005	0	0.139	1	7.21	474	2.444	1
6115	4.841	13.153	0.518	1.407	0.005	0	0.107	1	9.353	480	2.717	1
6116	3.288	5.682	1.973	3.409	0.005	0	0.6	1	1.668	499	1.728	1
6117	3.05	5.633	1.01	1.865	0.005	0	0.331	1	3.018	488	1.847	1
6118	3.616	5.612	0.448	0.696	0.005	0	0.124	1	8.093	491	1.552	1
6119	1.236	2.394	0.142	0.275	0.005	0	0.115	1	8.662	457	1.937	1
6120	3.582	8.135	1.386	3.148	0.005	0	0.387	1	2.584	492	2.271	1
6121	2.927	8.389	2.309	6.619	0.005	0	0.789	1	1.267	458	2.866	1
6122	4.096	9.138	0.508	1.133	0.005	0	0.124	1	8.086	470	2.231	1
6123	2.075	3.996	0.328	0.631	0.005	0	0.158	1	6.319	478	1.926	1
6124	4.66	12.848	0.489	1.349	0.005	0	0.105	1	9.541	487	2.757	1
6125	2.915	7.967	0.402	1.099	0.005	0	0.138	1	7.27	463	2.733	1
6126	1.499	2.952	0.19	0.375	0.005	0	0.127	1	7.895	495	1.969	1
6127	1.415	3.652	0.516	1.333	0.005	0	0.365	1	2.742	469	2.581	1
6128	3.949	9.462	2.334	5.592	0.005	0	0.591	1	1.691	466	2.396	1
6129	1.207	2.112	0.414	0.724	0.005	0	0.343	1	2.919	488	1.75	1
6130	3.9	10.152	2.765	7.198	0.005	0	0.709	1	1.411	458	2.603	1
6131	2.993	8.479	0.35	0.992	0.005	0	0.117	1	8.533	496	2.833	1
6132	3.883	9.377	1.013	2.447	0.005	0	0.261	1	3.832	494	2.415	1
6133	4.211	8.94	1.579	3.352	0.005	0	0.375	1	2.665	461	2.123	1
6134	4.191	8.03	0.532	1.02	0.005	0	0.127	1	7.848	483	1.916	1
6135	1.524	4.116	0.459	1.239	0.005	0	0.301	1	3.321	491	2.701	1
6136	4.349	9.985	0.687	1.578	0.005	0	0.158	1	6.329	459	2.296	1
6137	4.777	7.744	0.53	0.86	0.005	0	0.111	1	9.015	457	1.621	1
6138	1.049	2.485	0.126	0.298	0.005	0	0.12	1	8.317	491	2.369	1
6139	2.996	7.688	0.333	0.853	0.005	0	0.111	1	9.039	468	2.566	1
6140	3.62	9.872	1.462	3.988	0.005	0	0.404	1	2.475	487	2.727	1
6141	3.279	5.237	1.744	2.786	0.005	0	0.532	1	1.88	469	1.597	1
6142	2.061	4.182	0.342	0.694	0.005	0	0.166	1	6.024	479	2.029	1
6143	4.867	10.153	0.73	1.523	0.005	0	0.15	1	6.673	466	2.086	1
6144	1.744	3.577	0.439	0.901	0.005	0	0.252	1	3.966	458	2.051	1
6145	4.785	10.479	0.828	1.813	0.005	0	0.173	1	5.782	491	2.19	1
6146	1.043	2.963	0.111	0.314	0.005	0	0.106	1	9.414	477	2.841	1
6147	1.273	3.366	0.326	0.862	0.005	0	0.256	1	3.912	458	2.644	1
6148	2.226	4.882	1.692	3.71	0.005	0	0.76	1	1.316	475	2.193	1
6149	3.416	8.373	0.362	0.888	0.005	0	0.106	1	9.439	452	2.451	1
6150	2.53	5.353	1.604	3.394	0.005	0	0.634	1	1.577	491	2.116	1
6151	4.566	10.269	2.228	5.011	0.005	0	0.488	1	2.051	488	2.249	1
6152	2.954	5.317	2.34	4.211	0.005	0	0.792	1	1.263	472	1.8	1
6153	3.465	5.773	1.58	2.632	0.005	0	0.456	1	2.195	458	1.666	1
6154	2.056	4.538	1.197	2.641	0.005	0	0.582	1	1.717	464	2.207	1
6155	3.645	6.39	2.818	4.939	0.005	0	0.773	1	1.294	478	1.753	1
6156	2.044	5.406	1.719	4.546	0.005	0	0.841	1	1.189	455	2.645	1
6157	3.431	7.281	0.467	0.99	0.005	0	0.136	1	7.341	454	2.122	1
6158	2.581	6.834	0.276	0.731	0.005	0	0.107	1	9.355	497	2.648	1
6159	4.086	6.779	0.964	1.6	0.005	0	0.236	1	4.231	490	1.659	1
6160	2.765	4.731	2.278	3.898	0.005	0	0.824	1	1.213	459	1.711	1
6161	1.777	3.44	0.235	0.454	0.005	0	0.132	1	7.584	457	1.936	1
6162	1.487	2.574	0.388	0.672	0.005	0	0.261	1	3.835	464	1.731	1
6163	1.889	5.646	0.259	0.774	0.005	0	0.137	1	7.325	473	2.989	1
6164	4.86	11.363	0.676	1.579	0.005	0	0.139	1	7.213	487	2.338	1
6165	3.08	9.16	1.281	3.811	0.005	0	0.416	1	2.406	462	2.974	1
6166	4.265	9.792	0.789	1.812	0.005	0	0.185	1	5.408	493	2.296	1
6167	2.753	5.836	0.306	0.648	0.005	0	0.111	1	8.986	453	2.12	1
6168	2.24	5.932	0.585	1.548	0.005	0	0.261	1	3.834	453	2.648	1
6169	3.983	8.082	1.012	2.053	0.005	0	0.254	1	3.938	481	2.029	1
6170	1.712	4.453	0.205	0.534	0.005	0	0.12	1	8.321	471	2.601	1
6171	2.737	6.968	0.337	0.857	0.005	0	0.123	1	8.1	469	2.546	1
6172	1.685	2.859	1.252	2.124	0.005	0	0.743	1	1.345	472	1.697	1
6173	4.97	13.061	0.77	2.024	0.005	0	0.155	1	6.469	476	2.628	1
6174	4.538	8.799	0.753	1.461	0.005	0	0.166	1	6.035	493	1.939	1
6175	2.23	6.291	0.433	1.22	0.005	0	0.194	1	5.163	454	2.821	1
6176	3.829	10.982	0.938	2.691	0.005	0	0.245	1	4.076	469	2.868	1
6177	4.142	10.003	0.982	2.371	0.005	0	0.237	1	4.213	459	2.415	1
6178	2.166	6.145	0.563	1.598	0.005	0	0.26	1	3.841	476	2.837	1
6179	3.305	5.463	0.38	0.628	0.005	0	0.115	1	8.722	473	1.653	1
6180	3.385	7.274	1.54	3.31	0.005	0	0.455	1	2.196	490	2.149	1
6181	1.25	3.66	0.158	0.461	0.005	0	0.126	1	7.927	480	2.928	1
6182	4.394	8.757	0.584	1.165	0.005	0	0.133	1	7.544	472	1.993	1
6183	3.699	7.032	1.076	2.046	0.005	0	0.291	1	3.439	486	1.901	1
6184	1.55	4.286	0.298	0.823	0.005	0	0.192	1	5.215	470	2.765	1
6185	3.347	7.457	0.448	0.999	0.005	0	0.134	1	7.446	492	2.228	1
6186	3.79	6.352	2.062	3.455	0.005	0	0.544	1	1.839	476	1.676	1
6187	4.395	9.682	2.655	5.848	0.005	0	0.604	1	1.655	498	2.203	1
6188	1.945	4.526	1.305	3.037	0.005	0	0.671	1	1.491	468	2.327	1
6189	3.305	6.263	2.776	5.261	0.005	0	0.84	1	1.191	463	1.895	1
6190	1.893	5.194	0.227	0.623	0.005	0	0.12	1	8.339	451	2.744	1
6191	2.91	5.148	0.634	1.122	0.005	0	0.218	1	4.579	496	1.769	1
6192	4.998	11.141	1.824	4.066	0.005	0	0.365	1	2.743	489	2.229	1
6193	1.694	3.222	0.235	0.448	0.005	0	0.139	1	7.187	450	1.902	1
6194	1.471	3.522	0.831	1.99	0.005	0	0.565	1	1.769	478	2.394	1
6195	4.014	8.682	2.324	5.027	0.005	0	0.579	1	1.727	493	2.163	1
6196	1.993	3.434	0.229	0.395	0.005	0	0.115	1	8.69	471	1.723	1
6197	2.905	7.905	0.413	1.123	0.005	0	0.142	1	7.057	494	2.721	1
6198	4.193	6.482	0.939	1.452	0.005	0	0.224	1	4.462	484	1.546	1
6199	1.466	3.109	0.293	0.622	0.005	0	0.2	1	5.0	494	2.121	1
6200	1.357	3.078	0.168	0.382	0.005	0	0.124	1	8.072	463	2.268	1
6201	3.824	9.449	0.532	1.313	0.005	0	0.139	1	7.173	491	2.471	1
6202	3.908	9.532	0.551	1.344	0.005	0	0.141	1	7.114	453	2.439	1
6203	2.686	7.0	0.341	0.889	0.005	0	0.127	1	7.891	463	2.606	1
6204	1.228	2.756	0.877	1.968	0.005	0	0.714	1	1.401	462	2.244	1
6205	3.921	7.399	0.918	1.731	0.005	0	0.234	1	4.266	499	1.887	1
6206	3.348	7.627	0.763	1.739	0.005	0	0.228	1	4.395	464	2.278	1
6207	1.37	2.818	0.232	0.476	0.005	0	0.169	1	5.906	481	2.057	1
6208	4.472	10.053	0.479	1.076	0.005	0	0.107	1	9.358	462	2.248	1
6209	2.172	3.842	0.254	0.45	0.005	0	0.117	1	8.537	468	1.769	1
6210	1.389	2.493	0.276	0.496	0.005	0	0.199	1	5.031	465	1.795	1
6211	1.806	3.684	0.899	1.835	0.005	0	0.498	1	2.007	466	2.04	1
6212	4.183	12.11	1.439	4.166	0.005	0	0.344	1	2.905	487	2.895	1
6213	1.968	3.312	0.287	0.484	0.005	0	0.146	1	6.854	493	1.683	1
6214	3.041	6.064	0.359	0.716	0.005	0	0.118	1	8.488	486	1.994	1
6215	1.467	3.271	0.15	0.334	0.005	0	0.102	1	9.798	455	2.23	1
6216	3.686	7.173	0.579	1.126	0.005	0	0.157	1	6.387	485	1.946	1
6217	3.429	5.504	2.537	4.073	0.005	0	0.74	1	1.351	478	1.605	1
6218	1.59	3.503	1.123	2.473	0.005	0	0.706	1	1.417	488	2.203	1
6219	2.052	4.646	0.474	1.073	0.005	0	0.231	1	4.338	494	2.264	1
6220	2.717	5.461	1.008	2.026	0.005	0	0.371	1	2.692	492	2.01	1
6221	2.154	3.347	0.827	1.285	0.005	0	0.384	1	2.605	478	1.554	1
6222	4.294	6.69	1.4	2.181	0.005	0	0.326	1	3.07	480	1.558	1
6223	3.232	7.928	1.273	3.124	0.005	0	0.394	1	2.541	459	2.453	1
6224	2.705	5.74	0.311	0.66	0.005	0	0.115	1	8.695	470	2.122	1
6225	4.505	11.159	0.667	1.652	0.005	0	0.148	1	6.766	453	2.477	1
6226	3.623	5.569	1.018	1.565	0.005	0	0.281	1	3.563	467	1.537	1
6227	1.856	3.693	0.852	1.695	0.005	0	0.459	1	2.177	477	1.99	1
6228	2.41	6.121	0.34	0.863	0.005	0	0.141	1	7.095	499	2.54	1
6229	1.348	3.932	0.717	2.092	0.005	0	0.532	1	1.879	465	2.917	1
6230	2.467	5.42	0.414	0.911	0.005	0	0.168	1	5.945	460	2.197	1
6231	2.995	6.385	1.102	2.35	0.005	0	0.368	1	2.716	495	2.132	1
6232	3.386	10.117	2.296	6.859	0.005	0	0.678	1	1.475	495	2.988	1
6233	3.442	10.089	0.351	1.029	0.005	0	0.102	1	9.829	454	2.931	1
6234	2.209	4.429	1.712	3.432	0.005	0	0.775	1	1.291	461	2.005	1
6235	4.035	11.677	1.497	4.332	0.005	0	0.371	1	2.696	460	2.894	1
6236	1.695	4.443	0.563	1.475	0.005	0	0.332	1	3.015	485	2.621	1
6237	1.703	2.854	0.198	0.331	0.005	0	0.116	1	8.648	496	1.676	1
6238	4.521	8.707	3.544	6.826	0.005	0	0.784	1	1.276	470	1.926	1
6239	3.5	7.508	0.805	1.727	0.005	0	0.23	1	4.34	473	2.145	1
6240	1.004	2.765	0.103	0.285	0.005	0	0.103	1	9.673	456	2.754	1
6241	1.83	3.461	0.19	0.36	0.005	0	0.104	1	9.626	450	1.891	1
6242	2.384	4.201	0.408	0.718	0.005	0	0.171	1	5.834	499	1.762	1
6243	1.639	4.194	0.188	0.482	0.005	0	0.115	1	8.697	453	2.559	1
6244	2.638	5.358	0.546	1.109	0.005	0	0.207	1	4.837	490	2.031	1
6245	4.998	7.902	0.91	1.438	0.005	0	0.182	1	5.498	472	1.581	1
6246	4.6	11.896	0.828	2.141	0.005	0	0.18	1	5.553	485	2.586	1
6247	2.561	4.072	0.302	0.48	0.005	0	0.118	1	8.493	453	1.59	1
6248	2.327	5.838	0.405	1.016	0.005	0	0.174	1	5.737	466	2.509	1
6249	2.093	5.088	0.218	0.529	0.005	0	0.104	1	9.601	464	2.431	1
6250	4.479	12.035	1.823	4.898	0.005	0	0.407	1	2.457	456	2.687	1
6251	4.203	10.398	1.837	4.544	0.005	0	0.437	1	2.287	452	2.474	1
6252	3.649	10.422	0.792	2.262	0.005	0	0.217	1	4.6	453	2.856	1
6253	3.353	8.419	0.671	1.684	0.005	0	0.2	1	5.01	480	2.511	1
6254	2.788	6.683	1.581	3.789	0.005	0	0.567	1	1.763	473	2.397	1
6255	3.114	7.38	0.38	0.9	0.005	0	0.122	1	8.214	491	2.37	1
6256	1.642	4.54	0.964	2.665	0.005	0	0.587	1	1.703	487	2.765	1
6257	4.796	13.534	1.132	3.194	0.005	0	0.236	1	4.236	498	2.822	1
6258	1.727	4.416	0.249	0.636	0.005	0	0.144	1	6.948	457	2.557	1
6259	4.748	11.623	0.893	2.185	0.005	0	0.188	1	5.31	469	2.448	1
6260	3.887	7.378	0.544	1.033	0.005	0	0.14	1	7.141	476	1.898	1
6261	2.446	6.0	1.15	2.82	0.005	0	0.47	1	2.127	478	2.453	1
6262	1.593	2.789	0.362	0.633	0.005	0	0.227	1	4.407	450	1.751	1
6263	2.174	4.285	0.25	0.493	0.005	0	0.115	1	8.681	488	1.971	1
6264	3.828	9.635	0.478	1.204	0.005	0	0.125	1	7.982	485	2.517	1
6265	1.366	3.716	0.616	1.676	0.005	0	0.451	1	2.216	492	2.72	1
6266	1.532	3.594	0.411	0.963	0.005	0	0.268	1	3.725	482	2.346	1
6267	3.855	6.854	0.609	1.083	0.005	0	0.158	1	6.322	485	1.778	1
6268	1.915	4.832	0.381	0.962	0.005	0	0.199	1	5.036	473	2.523	1
6269	1.864	4.474	0.242	0.582	0.005	0	0.13	1	7.713	454	2.4	1
6270	4.095	10.614	4.046	10.487	0.005	0	0.988	1	1.012	491	2.592	1
6271	4.637	9.469	0.862	1.761	0.005	0	0.186	1	5.376	470	2.042	1
6272	2.719	6.591	0.699	1.694	0.005	0	0.257	1	3.884	464	2.424	1
6273	3.6	6.628	0.77	1.418	0.005	0	0.214	1	4.676	467	1.841	1
6274	2.148	3.68	0.415	0.71	0.005	0	0.193	1	5.174	491	1.713	1
6275	4.494	6.853	0.661	1.007	0.005	0	0.147	1	6.786	481	1.525	1
6276	2.337	3.872	0.315	0.523	0.005	0	0.135	1	7.423	497	1.657	1
6277	3.469	9.675	0.878	2.448	0.005	0	0.253	1	3.952	456	2.789	1
6278	3.122	6.65	0.537	1.144	0.005	0	0.172	1	5.816	489	2.13	1
6279	4.862	13.409	0.496	1.368	0.005	0	0.102	1	9.767	451	2.758	1
6280	1.573	3.283	0.363	0.758	0.005	0	0.231	1	4.323	472	2.087	1
6281	4.366	10.308	3.366	7.947	0.005	0	0.771	1	1.297	473	2.361	1
6282	2.893	6.428	1.241	2.758	0.005	0	0.429	1	2.332	499	2.222	1
6283	1.683	4.332	0.666	1.715	0.005	0	0.396	1	2.526	456	2.574	1
6284	3.805	6.522	0.666	1.141	0.005	0	0.175	1	5.718	483	1.714	1
6285	3.834	6.721	0.617	1.082	0.005	0	0.161	1	6.206	493	1.753	1
6286	3.531	6.931	0.441	0.866	0.005	0	0.125	1	8.009	482	1.963	1
6287	1.713	2.58	0.389	0.586	0.005	0	0.227	1	4.405	473	1.506	1
6288	1.697	4.935	0.212	0.617	0.005	0	0.125	1	7.986	486	2.908	1
6289	3.63	9.373	0.559	1.443	0.005	0	0.154	1	6.499	488	2.582	1
6290	1.807	4.967	1.305	3.586	0.005	0	0.722	1	1.385	460	2.749	1
6291	4.505	12.168	1.861	5.025	0.005	0	0.413	1	2.424	466	2.701	1
6292	1.782	3.307	0.18	0.334	0.005	0	0.101	1	9.857	461	1.856	1
6293	3.105	7.43	0.972	2.326	0.005	0	0.313	1	3.197	460	2.393	1
6294	4.542	9.384	1.122	2.318	0.005	0	0.247	1	4.051	487	2.066	1
6295	4.496	6.798	0.486	0.734	0.005	0	0.108	1	9.262	454	1.512	1
6296	3.584	7.336	0.867	1.775	0.005	0	0.242	1	4.14	475	2.047	1
6297	4.939	7.606	1.259	1.94	0.005	0	0.255	1	3.919	493	1.54	1
6298	2.752	5.229	0.49	0.931	0.005	0	0.178	1	5.625	454	1.9	1
6299	3.806	10.702	1.149	3.232	0.005	0	0.302	1	3.307	497	2.812	1
6300	2.567	6.394	0.452	1.125	0.005	0	0.176	1	5.687	473	2.491	1
6301	4.165	8.501	0.779	1.59	0.005	0	0.187	1	5.345	475	2.041	1
6302	4.705	8.257	0.659	1.156	0.005	0	0.14	1	7.128	497	1.755	1
6303	1.409	2.291	0.407	0.662	0.005	0	0.289	1	3.464	486	1.626	1
6304	4.052	6.925	0.705	1.205	0.005	0	0.174	1	5.759	482	1.709	1
6305	2.384	5.939	0.286	0.713	0.005	0	0.12	1	8.333	463	2.491	1
6306	4.82	8.199	0.487	0.828	0.005	0	0.101	1	9.885	453	1.701	1
6307	1.923	4.494	1.044	2.44	0.005	0	0.543	1	1.84	453	2.337	1
6308	4.011	10.084	3.847	9.671	0.005	0	0.959	1	1.043	474	2.514	1
6309	1.71	5.009	0.874	2.56	0.005	0	0.511	1	1.958	493	2.929	1
6310	3.685	8.42	0.741	1.692	0.005	0	0.201	1	4.973	464	2.285	1
6311	1.153	2.632	0.362	0.826	0.005	0	0.314	1	3.187	499	2.283	1
6312	3.606	8.921	0.627	1.552	0.005	0	0.174	1	5.731	474	2.474	1
6313	2.506	6.38	0.541	1.378	0.005	0	0.216	1	4.636	466	2.546	1
6314	2.647	5.715	0.386	0.834	0.005	0	0.146	1	6.859	479	2.159	1
6315	4.349	9.946	0.748	1.711	0.005	0	0.172	1	5.802	479	2.287	1
6316	4.031	6.107	0.407	0.617	0.005	0	0.101	1	9.948	464	1.515	1
6317	1.767	5.257	0.35	1.041	0.005	0	0.198	1	5.062	471	2.975	1
6318	3.117	8.036	0.405	1.045	0.005	0	0.13	1	7.714	485	2.578	1
6319	2.615	5.031	0.298	0.574	0.005	0	0.114	1	8.773	478	1.924	1
6320	2.889	5.449	0.881	1.662	0.005	0	0.305	1	3.276	465	1.886	1
6321	3.765	7.534	1.894	3.79	0.005	0	0.503	1	1.99	454	2.001	1
6322	3.986	10.296	0.873	2.255	0.005	0	0.219	1	4.573	495	2.583	1
6323	1.077	1.63	0.249	0.377	0.005	0	0.231	1	4.328	499	1.513	1
6324	2.394	4.321	0.678	1.223	0.005	0	0.283	1	3.531	470	1.805	1
6325	4.975	8.547	1.293	2.222	0.005	0	0.26	1	3.849	487	1.718	1
6326	3.542	7.828	0.74	1.636	0.005	0	0.209	1	4.796	485	2.21	1
6327	4.789	8.117	0.536	0.909	0.005	0	0.112	1	8.918	488	1.695	1
6328	1.996	5.126	0.383	0.984	0.005	0	0.192	1	5.201	454	2.568	1
6329	3.261	7.768	0.333	0.792	0.005	0	0.102	1	9.83	475	2.382	1
6330	4.972	11.724	0.522	1.231	0.005	0	0.105	1	9.567	486	2.358	1
6331	1.53	2.734	0.177	0.317	0.005	0	0.116	1	8.616	491	1.787	1
6332	3.791	8.469	0.444	0.991	0.005	0	0.117	1	8.54	461	2.234	1
6333	2.995	4.957	2.968	4.912	0.005	0	0.991	1	1.009	472	1.655	1
6334	3.325	9.899	0.931	2.772	0.005	0	0.28	1	3.573	484	2.977	1
6335	4.967	12.323	1.396	3.463	0.005	0	0.281	1	3.557	493	2.481	1
6336	3.844	7.573	1.157	2.279	0.005	0	0.301	1	3.324	478	1.97	1
6337	2.267	4.917	0.365	0.792	0.005	0	0.161	1	6.228	481	2.169	1
6338	1.568	2.913	0.174	0.323	0.005	0	0.111	1	9.014	470	1.858	1
6339	4.553	9.607	2.773	5.851	0.005	0	0.609	1	1.643	493	2.11	1
6340	3.342	7.098	0.682	1.448	0.005	0	0.204	1	4.914	481	2.124	1
6341	4.949	10.873	0.678	1.49	0.005	0	0.137	1	7.319	464	2.197	1
6342	1.765	2.674	0.208	0.316	0.005	0	0.118	1	8.51	493	1.515	1
6343	3.252	6.423	0.862	1.702	0.005	0	0.265	1	3.768	452	1.975	1
6344	1.528	4.573	0.72	2.154	0.005	0	0.471	1	2.123	460	2.993	1
6345	3.719	8.632	0.766	1.778	0.005	0	0.206	1	4.864	477	2.321	1
6346	3.95	8.334	2.311	4.875	0.005	0	0.585	1	1.71	455	2.11	1
6347	4.56	9.923	0.661	1.439	0.005	0	0.145	1	6.898	495	2.176	1
6348	2.356	5.228	0.36	0.8	0.005	0	0.153	1	6.54	492	2.219	1
6349	4.601	9.989	1.008	2.188	0.005	0	0.219	1	4.575	466	2.171	1
6350	1.828	5.407	0.543	1.606	0.005	0	0.297	1	3.364	470	2.958	1
6351	4.946	10.223	0.574	1.186	0.005	0	0.116	1	8.618	456	2.067	1
6352	4.139	10.857	0.977	2.562	0.005	0	0.236	1	4.229	465	2.623	1
6353	2.183	5.888	0.295	0.795	0.005	0	0.135	1	7.383	469	2.697	1
6354	2.458	6.167	0.428	1.073	0.005	0	0.174	1	5.758	466	2.509	1
6355	2.756	6.672	0.598	1.448	0.005	0	0.217	1	4.614	488	2.421	1
6356	3.151	5.363	0.533	0.906	0.005	0	0.169	1	5.9	457	1.702	1
6357	1.74	3.924	0.8	1.805	0.005	0	0.46	1	2.173	493	2.255	1
6358	4.91	8.661	0.658	1.161	0.005	0	0.134	1	7.447	497	1.764	1
6359	2.49	5.426	0.314	0.684	0.005	0	0.126	1	7.909	460	2.179	1
6360	4.566	12.351	0.612	1.655	0.005	0	0.134	1	7.487	458	2.705	1
6361	1.04	2.635	0.114	0.29	0.005	0	0.11	1	9.115	489	2.534	1
6362	2.584	3.884	0.372	0.559	0.005	0	0.144	1	6.94	460	1.503	1
6363	3.654	8.843	0.424	1.026	0.005	0	0.116	1	8.658	462	2.42	1
6364	3.531	6.232	1.621	2.86	0.005	0	0.459	1	2.18	471	1.765	1
6365	2.654	5.677	1.895	4.053	0.005	0	0.714	1	1.4	494	2.139	1
6366	3.621	10.305	1.629	4.637	0.005	0	0.45	1	2.22	496	2.846	1
6367	4.151	9.327	0.685	1.539	0.005	0	0.165	1	6.073	491	2.247	1
6368	1.213	2.009	0.188	0.311	0.005	0	0.155	1	6.436	482	1.656	1
6369	3.89	7.582	0.408	0.796	0.005	0	0.105	1	9.515	477	1.949	1
6370	4.545	8.163	0.723	1.298	0.005	0	0.159	1	6.276	456	1.796	1
6371	1.591	2.425	0.286	0.436	0.005	0	0.18	1	5.57	468	1.524	1
6372	3.39	6.061	0.444	0.794	0.005	0	0.131	1	7.605	460	1.788	1
6373	2.469	5.326	0.511	1.102	0.005	0	0.207	1	4.834	460	2.157	1
6374	4.25	11.688	0.425	1.169	0.005	0	0.1	1	9.991	478	2.75	1
6375	4.53	12.254	2.347	6.348	0.005	0	0.518	1	1.93	453	2.705	1
6376	3.369	9.811	0.485	1.413	0.005	0	0.144	1	6.937	489	2.912	1
6377	3.433	6.53	0.518	0.986	0.005	0	0.151	1	6.61	458	1.902	1
6378	1.524	3.129	1.442	2.96	0.005	0	0.946	1	1.057	477	2.053	1
6379	3.947	10.996	0.892	2.485	0.005	0	0.226	1	4.432	489	2.786	1
6380	4.782	13.007	0.899	2.445	0.005	0	0.188	1	5.309	472	2.72	1
6381	1.24	3.574	0.253	0.729	0.005	0	0.204	1	4.898	468	2.882	1
6382	4.107	11.701	0.912	2.598	0.005	0	0.222	1	4.509	459	2.849	1
6383	1.99	5.538	0.334	0.93	0.005	0	0.168	1	5.958	462	2.783	1
6384	1.309	2.34	0.255	0.456	0.005	0	0.195	1	5.116	475	1.788	1
6385	4.713	8.139	0.542	0.936	0.005	0	0.115	1	8.681	495	1.727	1
6386	4.835	12.9	0.484	1.29	0.005	0	0.1	1	9.954	499	2.668	1
6387	1.53	2.521	0.222	0.366	0.005	0	0.145	1	6.905	465	1.648	1
6388	1.489	2.907	0.362	0.706	0.005	0	0.243	1	4.119	475	1.952	1
6389	4.342	9.175	0.534	1.129	0.005	0	0.123	1	8.131	456	2.113	1
6390	2.219	6.289	0.384	1.088	0.005	0	0.173	1	5.791	467	2.834	1
6391	2.949	7.21	0.507	1.24	0.005	0	0.172	1	5.801	484	2.445	1
6392	1.118	2.177	0.256	0.499	0.005	0	0.229	1	4.359	474	1.947	1
6393	1.933	3.205	0.63	1.045	0.005	0	0.326	1	3.068	473	1.658	1
6394	3.438	9.09	0.344	0.909	0.005	0	0.1	1	9.984	456	2.644	1
6395	4.196	7.826	0.688	1.283	0.005	0	0.164	1	6.085	494	1.865	1
6396	3.002	4.911	1.138	1.861	0.005	0	0.379	1	2.636	482	1.636	1
6397	4.622	7.363	2.2	3.505	0.005	0	0.476	1	2.102	499	1.593	1
6398	3.857	6.862	1.038	1.846	0.005	0	0.269	1	3.717	450	1.779	1
6399	1.629	3.931	0.906	2.186	0.005	0	0.556	1	1.798	475	2.413	1
6400	4.604	9.83	0.488	1.042	0.005	0	0.106	1	9.424	482	2.135	1
6401	1.186	3.205	0.334	0.904	0.005	0	0.282	1	3.546	469	2.702	1
6402	3.702	6.915	0.474	0.885	0.005	0	0.128	1	7.814	486	1.868	1
6403	4.808	11.356	2.938	6.939	0.005	0	0.611	1	1.638	460	2.362	1
6404	3.568	6.833	0.457	0.875	0.005	0	0.128	1	7.826	473	1.915	1
6405	1.719	4.844	0.505	1.424	0.005	0	0.294	1	3.402	456	2.818	1
6406	4.769	7.621	1.774	2.835	0.005	0	0.372	1	2.689	454	1.598	1
6407	2.793	7.549	0.522	1.412	0.005	0	0.187	1	5.339	487	2.703	1
6408	3.45	7.542	1.176	2.572	0.005	0	0.341	1	2.934	464	2.186	1
6409	3.058	6.624	0.419	0.907	0.005	0	0.137	1	7.317	482	2.166	1
6410	1.807	4.568	0.237	0.598	0.005	0	0.131	1	7.646	489	2.528	1
6411	2.624	6.807	0.265	0.688	0.005	0	0.101	1	9.948	474	2.594	1
6412	2.635	6.227	0.287	0.679	0.005	0	0.109	1	9.141	467	2.363	1
6413	1.931	3.003	0.427	0.664	0.005	0	0.221	1	4.516	458	1.555	1
6414	3.741	6.184	0.464	0.767	0.005	0	0.124	1	8.084	478	1.653	1
6415	2.453	5.09	0.365	0.758	0.005	0	0.149	1	6.711	473	2.075	1
6416	4.333	10.871	0.55	1.381	0.005	0	0.127	1	7.893	460	2.509	1
6417	4.178	10.909	0.861	2.247	0.005	0	0.206	1	4.849	491	2.611	1
6418	3.507	10.468	0.817	2.439	0.005	0	0.233	1	4.294	477	2.985	1
6419	3.552	5.655	0.643	1.024	0.005	0	0.181	1	5.521	456	1.592	1
6420	1.4	4.007	0.392	1.122	0.005	0	0.28	1	3.568	485	2.862	1
6421	1.167	1.889	0.261	0.423	0.005	0	0.224	1	4.459	485	1.619	1
6422	4.604	8.26	1.372	2.461	0.005	0	0.298	1	3.355	479	1.794	1
6423	2.883	6.859	2.696	6.413	0.005	0	0.935	1	1.07	464	2.379	1
6424	2.062	3.749	0.33	0.6	0.005	0	0.16	1	6.241	453	1.818	1
6425	3.999	8.958	0.452	1.012	0.005	0	0.113	1	8.878	498	2.24	1
6426	3.479	6.273	1.054	1.901	0.005	0	0.303	1	3.305	487	1.803	1
6427	4.169	11.073	0.901	2.392	0.005	0	0.216	1	4.637	478	2.656	1
6428	1.051	1.748	0.375	0.624	0.005	0	0.357	1	2.802	478	1.663	1
6429	3.654	7.867	1.374	2.958	0.005	0	0.376	1	2.659	455	2.153	1
6430	2.745	5.907	0.478	1.028	0.005	0	0.174	1	5.756	479	2.152	1
6431	3.109	6.523	2.148	4.507	0.005	0	0.691	1	1.448	474	2.098	1
6432	2.93	4.779	0.516	0.841	0.005	0	0.176	1	5.678	467	1.631	1
6433	1.012	1.603	0.827	1.31	0.005	0	0.817	1	1.224	475	1.584	1
6434	4.125	8.337	2.042	4.127	0.005	0	0.495	1	2.02	470	2.021	1
6435	4.39	11.871	0.935	2.529	0.005	0	0.213	1	4.695	492	2.704	1
6436	2.956	5.483	0.627	1.162	0.005	0	0.212	1	4.707	488	1.855	1
6437	4.918	14.39	1.195	3.497	0.005	0	0.243	1	4.108	485	2.926	1
6438	3.897	6.867	0.534	0.941	0.005	0	0.137	1	7.307	488	1.762	1
6439	3.777	5.866	0.438	0.68	0.005	0	0.116	1	8.619	483	1.553	1
6440	1.75	5.091	0.226	0.657	0.005	0	0.129	1	7.768	495	2.909	1
6441	3.505	10.361	0.883	2.611	0.005	0	0.252	1	3.974	453	2.956	1
6442	2.46	4.556	0.723	1.339	0.005	0	0.294	1	3.401	478	1.852	1
6443	2.212	4.205	0.507	0.963	0.005	0	0.229	1	4.371	473	1.901	1
6444	2.618	6.351	0.914	2.216	0.005	0	0.349	1	2.865	494	2.426	1
6445	1.373	2.296	0.259	0.434	0.005	0	0.189	1	5.283	467	1.672	1
6446	1.298	3.15	0.232	0.564	0.005	0	0.179	1	5.592	480	2.427	1
6447	1.05	1.628	0.272	0.422	0.005	0	0.259	1	3.859	498	1.55	1
6448	2.978	8.481	1.328	3.783	0.005	0	0.446	1	2.242	496	2.848	1
6449	4.034	8.98	0.549	1.221	0.005	0	0.136	1	7.355	468	2.226	1
6450	2.283	3.573	2.032	3.18	0.005	0	0.89	1	1.124	491	1.565	1
6451	1.679	3.591	0.712	1.523	0.005	0	0.424	1	2.359	497	2.139	1
6452	4.094	9.441	1.654	3.814	0.005	0	0.404	1	2.474	490	2.306	1
6453	4.487	10.706	0.655	1.563	0.005	0	0.146	1	6.866	485	2.386	1
6454	1.873	2.999	0.232	0.372	0.005	0	0.124	1	8.069	479	1.601	1
6455	4.884	8.166	0.586	0.98	0.005	0	0.12	1	8.306	481	1.672	1
6456	1.95	3.231	0.445	0.737	0.005	0	0.228	1	4.385	459	1.657	1
6457	3.427	9.421	0.583	1.602	0.005	0	0.17	1	5.884	477	2.749	1
6458	3.661	6.923	3.35	6.335	0.005	0	0.915	1	1.093	451	1.891	1
6459	4.486	10.753	1.898	4.549	0.005	0	0.423	1	2.362	495	2.397	1
6460	3.713	8.633	0.49	1.14	0.005	0	0.132	1	7.586	496	2.325	1
6461	3.593	9.241	1.358	3.493	0.005	0	0.378	1	2.643	454	2.572	1
6462	2.674	7.942	1.912	5.679	0.005	0	0.715	1	1.399	488	2.97	1
6463	4.833	9.676	1.793	3.59	0.005	0	0.371	1	2.695	497	2.002	1
6464	4.035	7.541	2.687	5.022	0.005	0	0.666	1	1.501	488	1.869	1
6465	3.307	8.39	0.331	0.839	0.005	0	0.1	1	9.964	484	2.537	1
6466	2.957	6.789	0.34	0.781	0.005	0	0.115	1	8.703	476	2.296	1
6467	2.604	6.14	0.917	2.161	0.005	0	0.352	1	2.842	466	2.358	1
6468	3.056	7.955	0.391	1.018	0.005	0	0.128	1	7.838	468	2.603	1
6469	3.785	6.105	0.492	0.794	0.005	0	0.13	1	7.717	497	1.613	1
6470	3.749	8.259	0.709	1.561	0.005	0	0.189	1	5.287	460	2.203	1
6471	2.985	6.633	1.409	3.131	0.005	0	0.472	1	2.117	481	2.222	1
6472	1.964	4.578	0.21	0.49	0.005	0	0.107	1	9.31	465	2.331	1
6473	2.084	5.696	0.975	2.666	0.005	0	0.468	1	2.135	454	2.733	1
6474	1.436	3.158	0.408	0.897	0.005	0	0.284	1	3.52	451	2.199	1
6475	2.842	7.241	0.705	1.796	0.005	0	0.248	1	4.029	492	2.548	1
6476	1.167	1.759	0.133	0.201	0.005	0	0.114	1	8.788	451	1.507	1
6477	1.941	3.22	0.258	0.428	0.005	0	0.133	1	7.508	488	1.659	1
6478	3.198	8.225	0.544	1.398	0.005	0	0.17	1	5.897	460	2.572	1
6479	3.034	7.785	0.528	1.355	0.005	0	0.174	1	5.746	450	2.566	1
6480	2.112	3.578	0.287	0.487	0.005	0	0.136	1	7.345	465	1.694	1
6481	2.271	5.028	0.227	0.503	0.005	0	0.1	1	9.973	467	2.214	1
6482	3.873	7.246	0.418	0.783	0.005	0	0.108	1	9.243	496	1.871	1
6483	4.144	6.469	0.775	1.21	0.005	0	0.187	1	5.334	472	1.561	1
6484	1.772	2.667	0.31	0.467	0.005	0	0.175	1	5.721	451	1.505	1
6485	2.597	6.49	0.413	1.032	0.005	0	0.159	1	6.304	492	2.499	1
6486	1.412	3.122	0.302	0.668	0.005	0	0.214	1	4.68	485	2.211	1
6487	2.872	5.259	1.829	3.35	0.005	0	0.637	1	1.57	453	1.831	1
6488	3.66	9.717	0.545	1.448	0.005	0	0.149	1	6.693	471	2.655	1
6489	1.627	3.103	0.582	1.111	0.005	0	0.358	1	2.797	486	1.907	1
6490	4.827	13.535	0.656	1.841	0.005	0	0.136	1	7.333	494	2.804	1
6491	4.261	10.256	0.592	1.426	0.005	0	0.139	1	7.191	474	2.407	1
6492	1.906	5.682	0.261	0.778	0.005	0	0.137	1	7.273	465	2.981	1
6493	2.712	6.357	0.282	0.661	0.005	0	0.104	1	9.652	489	2.344	1
6494	1.641	3.92	0.305	0.729	0.005	0	0.186	1	5.369	486	2.389	1
6495	2.015	4.884	1.205	2.921	0.005	0	0.598	1	1.671	481	2.424	1
6496	2.349	6.685	0.853	2.427	0.005	0	0.363	1	2.753	492	2.846	1
6497	3.553	5.798	0.38	0.62	0.005	0	0.107	1	9.372	499	1.632	1
6498	2.213	3.459	0.378	0.591	0.005	0	0.171	1	5.838	461	1.563	1
6499	2.197	5.062	0.657	1.514	0.005	0	0.299	1	3.34	487	2.304	1
6500	3.016	5.091	0.314	0.529	0.005	0	0.104	1	9.629	466	1.688	1
6501	2.535	6.071	0.477	1.141	0.005	0	0.188	1	5.316	494	2.395	1
6502	2.189	5.551	0.554	1.404	0.005	0	0.253	1	3.949	485	2.536	1
6503	3.22	8.826	1.001	2.745	0.005	0	0.311	1	3.215	475	2.741	1
6504	4.686	10.361	0.614	1.357	0.005	0	0.131	1	7.628	466	2.211	1
6505	1.642	4.067	0.389	0.964	0.005	0	0.237	1	4.218	487	2.477	1
6506	3.508	6.967	0.424	0.843	0.005	0	0.121	1	8.256	486	1.986	1
6507	4.196	7.838	0.793	1.481	0.005	0	0.189	1	5.29	475	1.868	1
6508	2.982	6.48	0.355	0.771	0.005	0	0.119	1	8.434	491	2.173	1
6509	1.608	3.608	0.177	0.397	0.005	0	0.11	1	9.07	496	2.244	1
6510	1.58	4.652	0.651	1.917	0.005	0	0.412	1	2.428	460	2.944	1
6511	4.371	12.715	0.647	1.882	0.005	0	0.148	1	6.779	454	2.909	1
6512	1.119	3.086	0.163	0.451	0.005	0	0.146	1	6.828	458	2.758	1
6513	1.948	4.979	0.407	1.041	0.005	0	0.209	1	4.786	491	2.556	1
6514	4.965	9.235	0.685	1.274	0.005	0	0.138	1	7.265	488	1.86	1
6515	1.868	2.993	0.306	0.491	0.005	0	0.164	1	6.08	472	1.602	1
6516	4.103	7.217	0.775	1.364	0.005	0	0.189	1	5.286	480	1.759	1
6517	4.383	8.547	0.513	1.0	0.005	0	0.117	1	8.547	463	1.95	1
6518	1.796	3.351	0.221	0.412	0.005	0	0.123	1	8.136	474	1.866	1
6519	1.803	4.617	0.328	0.84	0.005	0	0.182	1	5.505	464	2.561	1
6520	2.277	6.273	2.113	5.821	0.005	0	0.928	1	1.078	468	2.755	1
6521	1.492	2.595	0.215	0.374	0.005	0	0.144	1	6.928	498	1.739	1
6522	3.603	9.137	0.544	1.38	0.005	0	0.151	1	6.636	467	2.536	1
6523	4.198	11.121	0.73	1.935	0.005	0	0.174	1	5.759	461	2.649	1
6524	2.633	4.971	0.49	0.925	0.005	0	0.186	1	5.369	497	1.888	1
6525	2.852	7.943	1.107	3.082	0.005	0	0.388	1	2.576	489	2.785	1
6526	4.029	6.1	0.496	0.75	0.005	0	0.123	1	8.1	495	1.514	1
6527	3.565	10.588	1.009	2.996	0.005	0	0.283	1	3.533	481	2.97	1
6528	4.164	7.699	0.924	1.709	0.005	0	0.222	1	4.509	493	1.849	1
6529	2.8	4.402	0.347	0.546	0.005	0	0.124	1	8.067	488	1.572	1
6530	3.048	6.675	0.314	0.688	0.005	0	0.103	1	9.734	468	2.19	1
6531	1.185	1.9	0.22	0.353	0.005	0	0.186	1	5.388	456	1.603	1
6532	4.79	7.851	1.006	1.649	0.005	0	0.21	1	4.764	475	1.639	1
6533	2.628	4.843	1.388	2.557	0.005	0	0.528	1	1.894	470	1.843	1
6534	2.298	5.598	0.278	0.677	0.005	0	0.121	1	8.248	456	2.436	1
6535	3.325	7.993	3.182	7.649	0.005	0	0.957	1	1.045	484	2.404	1
6536	3.876	11.186	0.888	2.562	0.005	0	0.229	1	4.373	494	2.886	1
6537	3.178	9.483	0.496	1.479	0.005	0	0.156	1	6.411	458	2.984	1
6538	4.269	11.569	0.529	1.435	0.005	0	0.124	1	8.074	481	2.71	1
6539	1.28	2.758	0.522	1.125	0.005	0	0.408	1	2.449	450	2.155	1
6540	4.546	7.046	0.564	0.874	0.005	0	0.124	1	8.051	473	1.55	1
6541	4.107	11.044	1.134	3.048	0.005	0	0.276	1	3.626	475	2.689	1
6542	1.579	3.005	0.551	1.049	0.005	0	0.349	1	2.867	485	1.903	1
6543	4.717	8.67	0.594	1.092	0.005	0	0.126	1	7.938	489	1.838	1
6544	4.447	7.524	0.712	1.204	0.005	0	0.16	1	6.266	468	1.692	1
6545	1.228	3.503	0.48	1.37	0.005	0	0.391	1	2.555	479	2.853	1
6546	4.275	9.845	0.658	1.516	0.005	0	0.154	1	6.5	487	2.303	1
6547	2.35	4.557	2.289	4.439	0.005	0	0.974	1	1.027	476	1.939	1
6548	4.699	10.446	1.809	4.022	0.005	0	0.385	1	2.597	457	2.223	1
6549	2.523	5.144	0.55	1.121	0.005	0	0.218	1	4.595	474	2.039	1
6550	2.849	8.034	0.479	1.35	0.005	0	0.168	1	5.952	477	2.82	1
6551	1.276	2.033	0.595	0.947	0.005	0	0.466	1	2.146	490	1.593	1
6552	2.653	6.288	0.271	0.641	0.005	0	0.102	1	9.792	471	2.37	1
6553	2.487	6.638	0.326	0.87	0.005	0	0.131	1	7.609	462	2.669	1
6554	2.111	4.26	0.327	0.66	0.005	0	0.155	1	6.45	480	2.018	1
6555	3.171	7.157	0.507	1.145	0.005	0	0.16	1	6.248	461	2.257	1
6556	1.734	3.151	0.47	0.854	0.005	0	0.271	1	3.686	494	1.817	1
6557	4.695	12.198	0.775	2.013	0.005	0	0.165	1	6.064	498	2.598	1
6558	1.995	4.806	0.724	1.745	0.005	0	0.363	1	2.754	466	2.409	1
6559	2.544	7.327	0.539	1.553	0.005	0	0.212	1	4.708	462	2.88	1
6560	2.923	6.413	1.844	4.047	0.005	0	0.631	1	1.586	490	2.194	1
6561	2.492	7.03	0.267	0.752	0.005	0	0.107	1	9.354	451	2.821	1
6562	1.83	4.996	0.375	1.024	0.005	0	0.205	1	4.882	450	2.73	1
6563	1.389	2.277	0.19	0.312	0.005	0	0.137	1	7.286	475	1.639	1
6564	4.633	11.828	0.602	1.538	0.005	0	0.13	1	7.673	467	2.553	1
6565	3.952	9.975	0.755	1.905	0.005	0	0.191	1	5.24	466	2.524	1
6566	2.34	6.241	0.285	0.761	0.005	0	0.122	1	8.176	485	2.667	1
6567	3.003	7.538	0.423	1.063	0.005	0	0.141	1	7.086	489	2.51	1
6568	2.857	7.582	0.666	1.767	0.005	0	0.233	1	4.299	479	2.654	1
6569	1.531	3.06	0.465	0.93	0.005	0	0.304	1	3.288	460	1.999	1
6570	1.998	5.277	0.278	0.734	0.005	0	0.139	1	7.177	498	2.641	1
6571	2.959	5.578	0.334	0.63	0.005	0	0.113	1	8.812	498	1.885	1
6572	1.547	4.209	0.251	0.682	0.005	0	0.162	1	6.182	494	2.721	1
6573	4.299	12.312	0.787	2.253	0.005	0	0.183	1	5.452	476	2.864	1
6574	4.237	11.842	2.203	6.158	0.005	0	0.52	1	1.923	490	2.795	1
6575	4.045	10.254	0.453	1.148	0.005	0	0.112	1	8.919	450	2.535	1
6576	4.638	9.754	4.606	9.686	0.005	0	0.993	1	1.007	472	2.103	1
6577	1.734	2.736	0.409	0.646	0.005	0	0.236	1	4.238	493	1.578	1
6578	2.897	6.996	2.448	5.912	0.005	0	0.845	1	1.183	469	2.415	1
6579	2.899	7.787	0.29	0.779	0.005	0	0.1	1	9.998	452	2.686	1
6580	2.251	4.871	0.275	0.594	0.005	0	0.122	1	8.177	461	2.164	1
6581	1.442	3.661	0.212	0.538	0.005	0	0.147	1	6.781	493	2.539	1
6582	3.674	7.245	0.896	1.768	0.005	0	0.244	1	4.092	458	1.972	1
6583	4.053	9.642	0.709	1.687	0.005	0	0.175	1	5.712	474	2.379	1
6584	1.12	3.279	0.13	0.38	0.005	0	0.116	1	8.655	485	2.928	1
6585	3.813	8.16	0.53	1.134	0.005	0	0.139	1	7.207	490	2.14	1
6586	4.26	11.451	1.01	2.714	0.005	0	0.237	1	4.225	478	2.688	1
6587	4.982	14.727	0.912	2.695	0.005	0	0.183	1	5.475	458	2.956	1
6588	2.988	7.53	0.454	1.145	0.005	0	0.152	1	6.573	487	2.52	1
6589	2.074	4.005	0.363	0.701	0.005	0	0.175	1	5.703	454	1.931	1
6590	3.503	8.999	0.694	1.782	0.005	0	0.198	1	5.055	463	2.569	1
6591	2.074	5.99	0.299	0.863	0.005	0	0.144	1	6.94	474	2.888	1
6592	2.506	5.072	0.378	0.766	0.005	0	0.151	1	6.605	455	2.024	1
6593	2.002	6.0	0.539	1.614	0.005	0	0.269	1	3.719	473	2.997	1
6594	2.433	4.538	2.192	4.089	0.005	0	0.901	1	1.11	479	1.865	1
6595	2.272	5.485	0.843	2.035	0.005	0	0.371	1	2.692	496	2.414	1
6596	2.185	6.05	0.688	1.906	0.005	0	0.315	1	3.175	478	2.769	1
6597	4.496	13.133	2.252	6.58	0.005	0	0.501	1	1.998	471	2.921	1
6598	3.565	5.387	0.381	0.576	0.005	0	0.107	1	9.307	466	1.511	1
6599	3.136	4.792	0.665	1.016	0.005	0	0.212	1	4.727	486	1.528	1
6600	1.17	1.767	0.146	0.221	0.005	0	0.125	1	8.03	463	1.51	1
6601	4.928	12.3	0.562	1.402	0.005	0	0.114	1	8.736	452	2.496	1
6602	4.705	12.012	0.917	2.342	0.005	0	0.195	1	5.116	494	2.553	1
6603	3.498	8.983	0.395	1.015	0.005	0	0.113	1	8.813	466	2.568	1
6604	4.537	10.467	0.771	1.779	0.005	0	0.17	1	5.88	482	2.307	1
6605	2.118	4.206	0.472	0.938	0.005	0	0.223	1	4.494	468	1.986	1
6606	4.631	8.794	0.477	0.906	0.005	0	0.103	1	9.684	468	1.899	1
6607	3.8	7.228	2.109	4.012	0.005	0	0.555	1	1.803	459	1.902	1
6608	3.595	8.545	1.345	3.196	0.005	0	0.374	1	2.674	499	2.377	1
6609	2.008	5.689	0.365	1.035	0.005	0	0.182	1	5.493	463	2.833	1
6610	1.687	4.43	0.41	1.076	0.005	0	0.243	1	4.116	480	2.626	1
6611	3.755	11.152	0.499	1.483	0.005	0	0.133	1	7.533	491	2.97	1
6612	1.264	2.484	0.233	0.457	0.005	0	0.184	1	5.44	475	1.965	1
6613	3.387	6.669	0.589	1.16	0.005	0	0.174	1	5.731	485	1.969	1
6614	1.745	3.52	0.206	0.415	0.005	0	0.118	1	8.446	450	2.017	1
6615	2.293	4.852	0.825	1.747	0.005	0	0.36	1	2.774	493	2.116	1
6616	3.194	7.777	1.916	4.666	0.005	0	0.6	1	1.668	495	2.435	1
6617	2.766	6.32	1.754	4.007	0.005	0	0.634	1	1.577	476	2.285	1
6618	3.965	7.906	0.88	1.755	0.005	0	0.222	1	4.504	496	1.994	1
6619	1.178	2.635	0.36	0.806	0.005	0	0.306	1	3.269	470	2.237	1
6620	3.015	8.946	0.395	1.172	0.005	0	0.131	1	7.621	467	2.967	1
6621	1.875	3.908	0.208	0.434	0.005	0	0.111	1	8.972	479	2.084	1
6622	1.289	3.31	0.195	0.5	0.005	0	0.151	1	6.613	472	2.568	1
6623	1.883	3.401	0.198	0.357	0.005	0	0.105	1	9.48	450	1.806	1
6624	1.56	2.401	0.412	0.634	0.005	0	0.264	1	3.793	472	1.539	1
6625	3.11	6.886	0.868	1.921	0.005	0	0.279	1	3.581	456	2.214	1
6626	1.697	4.338	0.29	0.742	0.005	0	0.171	1	5.844	459	2.556	1
6627	1.525	3.353	0.281	0.617	0.005	0	0.184	1	5.421	478	2.199	1
6628	2.493	4.996	0.426	0.854	0.005	0	0.171	1	5.831	480	2.004	1
6629	3.39	8.722	0.641	1.648	0.005	0	0.189	1	5.302	475	2.573	1
6630	1.88	4.856	0.603	1.559	0.005	0	0.321	1	3.114	468	2.583	1
6631	2.527	6.613	0.311	0.813	0.005	0	0.123	1	8.117	482	2.617	1
6632	2.29	3.948	0.38	0.655	0.005	0	0.166	1	6.016	478	1.724	1
6633	2.403	6.447	0.627	1.683	0.005	0	0.261	1	3.83	481	2.683	1
6634	2.749	5.355	0.94	1.831	0.005	0	0.342	1	2.926	493	1.948	1
6635	2.47	5.545	1.131	2.54	0.005	0	0.458	1	2.182	496	2.245	1
6636	2.775	7.773	0.344	0.964	0.005	0	0.124	1	8.049	475	2.801	1
6637	4.187	7.884	0.574	1.08	0.005	0	0.137	1	7.273	457	1.883	1
6638	2.996	6.274	0.509	1.067	0.005	0	0.17	1	5.876	470	2.094	1
6639	4.683	10.04	0.539	1.155	0.005	0	0.115	1	8.706	476	2.144	1
6640	4.208	12.329	0.627	1.837	0.005	0	0.149	1	6.717	471	2.93	1
6641	1.202	2.177	0.142	0.257	0.005	0	0.118	1	8.508	450	1.811	1
6642	1.839	2.95	0.221	0.354	0.005	0	0.12	1	8.368	462	1.604	1
6643	1.434	2.532	0.397	0.701	0.005	0	0.277	1	3.611	480	1.766	1
6644	1.386	2.76	1.046	2.084	0.005	0	0.755	1	1.324	482	1.991	1
6645	4.881	13.481	2.055	5.676	0.005	0	0.421	1	2.375	456	2.762	1
6646	1.724	3.946	0.491	1.125	0.005	0	0.285	1	3.514	482	2.289	1
6647	1.135	2.827	0.295	0.735	0.005	0	0.26	1	3.842	498	2.491	1
6648	4.622	7.312	3.161	5.001	0.005	0	0.684	1	1.461	487	1.582	1
6649	2.416	6.344	0.295	0.774	0.005	0	0.122	1	8.188	454	2.626	1
6650	4.873	11.607	3.713	8.845	0.005	0	0.762	1	1.313	491	2.382	1
6651	3.53	9.393	0.484	1.287	0.005	0	0.137	1	7.292	479	2.661	1
6652	2.037	4.084	0.216	0.433	0.005	0	0.106	1	9.458	494	2.005	1
6653	1.292	2.88	0.421	0.939	0.005	0	0.326	1	3.064	457	2.229	1
6654	4.288	8.906	0.596	1.238	0.005	0	0.139	1	7.22	461	2.077	1
6655	1.056	2.473	0.164	0.383	0.005	0	0.155	1	6.435	457	2.342	1
6656	2.635	7.267	1.663	4.585	0.005	0	0.631	1	1.586	492	2.758	1
6657	4.119	12.2	0.412	1.22	0.005	0	0.1	1	9.988	461	2.962	1
6658	2.439	6.373	0.51	1.332	0.005	0	0.209	1	4.796	457	2.613	1
6659	1.652	4.009	0.501	1.215	0.005	0	0.303	1	3.3	450	2.427	1
6660	4.688	10.332	1.055	2.325	0.005	0	0.225	1	4.448	486	2.204	1
6661	2.941	7.741	0.329	0.867	0.005	0	0.112	1	8.961	457	2.632	1
6662	2.869	4.791	0.413	0.69	0.005	0	0.144	1	6.96	477	1.67	1
6663	2.206	5.354	0.668	1.622	0.005	0	0.303	1	3.303	457	2.427	1
6664	4.092	9.182	0.581	1.304	0.005	0	0.142	1	7.059	468	2.244	1
6665	4.494	8.503	2.607	4.932	0.005	0	0.58	1	1.725	464	1.892	1
6666	2.89	5.566	0.416	0.802	0.005	0	0.144	1	6.964	493	1.926	1
6667	4.593	7.574	0.583	0.962	0.005	0	0.127	1	7.854	463	1.649	1
6668	3.274	8.522	0.393	1.023	0.005	0	0.12	1	8.302	462	2.603	1
6669	4.847	11.579	1.546	3.694	0.005	0	0.319	1	3.136	483	2.389	1
6670	2.094	3.478	0.218	0.362	0.005	0	0.104	1	9.657	485	1.661	1
6671	3.891	7.233	0.553	1.027	0.005	0	0.142	1	7.055	497	1.859	1
6672	3.012	8.446	0.578	1.622	0.005	0	0.192	1	5.221	468	2.804	1
6673	1.754	4.129	0.381	0.896	0.005	0	0.217	1	4.602	465	2.354	1
6674	3.202	8.569	0.778	2.082	0.005	0	0.243	1	4.113	494	2.676	1
6675	1.068	2.859	0.272	0.729	0.005	0	0.255	1	3.915	452	2.677	1
6676	4.19	7.844	1.135	2.126	0.005	0	0.271	1	3.691	450	1.872	1
6677	2.898	5.984	0.293	0.604	0.005	0	0.101	1	9.902	482	2.065	1
6678	2.131	4.126	0.228	0.441	0.005	0	0.107	1	9.369	499	1.936	1
6679	3.1	9.17	0.369	1.091	0.005	0	0.119	1	8.416	459	2.958	1
6680	3.173	5.718	0.8	1.441	0.005	0	0.252	1	3.967	469	1.802	1
6681	1.049	2.202	0.196	0.412	0.005	0	0.187	1	5.35	458	2.099	1
6682	1.684	2.794	0.445	0.738	0.005	0	0.264	1	3.786	498	1.659	1
6683	3.138	5.862	1.017	1.899	0.005	0	0.324	1	3.084	474	1.868	1
6684	2.864	4.728	0.805	1.329	0.005	0	0.281	1	3.556	477	1.651	1
6685	3.485	5.886	0.617	1.042	0.005	0	0.177	1	5.662	477	1.689	1
6686	4.094	6.747	0.516	0.85	0.005	0	0.126	1	7.932	498	1.648	1
6687	3.451	5.887	1.933	3.297	0.005	0	0.56	1	1.785	485	1.706	1
6688	2.158	4.933	1.325	3.029	0.005	0	0.614	1	1.628	491	2.286	1
6689	3.324	6.518	0.399	0.782	0.005	0	0.12	1	8.336	473	1.961	1
6690	1.839	4.141	0.428	0.965	0.005	0	0.233	1	4.294	472	2.252	1
6691	2.557	7.047	0.729	2.008	0.005	0	0.285	1	3.507	467	2.756	1
6692	4.079	8.313	2.064	4.206	0.005	0	0.506	1	1.976	478	2.038	1
6693	4.224	10.59	0.473	1.186	0.005	0	0.112	1	8.913	480	2.507	1
6694	2.148	3.499	0.238	0.388	0.005	0	0.111	1	8.983	499	1.629	1
6695	2.4	4.8	0.245	0.49	0.005	0	0.102	1	9.805	462	2.0	1
6696	1.527	2.529	0.287	0.475	0.005	0	0.188	1	5.311	491	1.656	1
6697	3.705	8.37	0.408	0.921	0.005	0	0.11	1	9.059	458	2.259	1
6698	1.598	4.591	0.459	1.318	0.005	0	0.287	1	3.488	464	2.873	1
6699	3.26	7.498	0.499	1.147	0.005	0	0.153	1	6.534	458	2.3	1
6700	1.61	2.988	0.795	1.476	0.005	0	0.494	1	2.026	473	1.856	1
6701	1.068	2.219	0.441	0.916	0.005	0	0.413	1	2.423	477	2.078	1
6702	4.835	8.519	2.031	3.578	0.005	0	0.42	1	2.383	459	1.762	1
6703	3.751	9.981	0.424	1.128	0.005	0	0.113	1	8.819	451	2.661	1
6704	1.788	4.835	0.404	1.093	0.005	0	0.226	1	4.433	493	2.704	1
6705	4.676	10.259	0.58	1.272	0.005	0	0.124	1	8.038	478	2.194	1
6706	2.177	5.882	1.311	3.541	0.005	0	0.602	1	1.662	454	2.702	1
6707	1.088	3.15	0.139	0.403	0.005	0	0.128	1	7.809	490	2.895	1
6708	2.125	6.105	0.869	2.497	0.005	0	0.409	1	2.446	486	2.873	1
6709	2.649	6.416	0.609	1.476	0.005	0	0.23	1	4.348	461	2.422	1
6710	4.333	10.109	0.537	1.254	0.005	0	0.124	1	8.088	452	2.333	1
6711	1.516	3.164	1.132	2.364	0.005	0	0.747	1	1.339	495	2.087	1
6712	4.05	7.93	3.131	6.13	0.005	0	0.773	1	1.293	486	1.958	1
6713	2.015	6.013	0.58	1.732	0.005	0	0.288	1	3.475	467	2.984	1
6714	1.335	2.954	0.33	0.73	0.005	0	0.247	1	4.05	477	2.213	1
6715	3.779	8.884	0.824	1.937	0.005	0	0.218	1	4.592	482	2.351	1
6716	1.263	2.41	0.405	0.774	0.005	0	0.321	1	3.116	477	1.908	1
6717	2.48	6.49	0.32	0.837	0.005	0	0.129	1	7.768	485	2.617	1
6718	2.807	7.745	0.334	0.922	0.005	0	0.119	1	8.395	450	2.759	1
6719	2.202	3.561	0.249	0.402	0.005	0	0.113	1	8.876	482	1.617	1
6720	2.643	5.482	0.439	0.91	0.005	0	0.166	1	6.039	485	2.074	1
6721	4.644	13.105	1.124	3.171	0.005	0	0.242	1	4.136	463	2.822	1
6722	1.566	3.057	0.655	1.278	0.005	0	0.418	1	2.391	495	1.952	1
6723	4.694	10.533	0.732	1.643	0.005	0	0.156	1	6.429	462	2.244	1
6724	1.864	3.873	0.932	1.936	0.005	0	0.5	1	2.002	453	2.078	1
6725	3.203	9.157	0.352	1.007	0.005	0	0.11	1	9.099	489	2.859	1
6726	3.551	7.223	0.824	1.676	0.005	0	0.232	1	4.316	453	2.034	1
6727	4.616	11.979	0.48	1.246	0.005	0	0.104	1	9.613	463	2.595	1
6728	1.42	4.038	0.195	0.553	0.005	0	0.137	1	7.307	493	2.844	1
6729	1.27	2.207	0.271	0.47	0.005	0	0.213	1	4.705	453	1.738	1
6730	3.569	10.379	0.981	2.854	0.005	0	0.275	1	3.64	496	2.908	1
6731	3.829	7.229	0.754	1.424	0.005	0	0.197	1	5.066	461	1.888	1
6732	2.086	4.064	0.849	1.654	0.005	0	0.407	1	2.454	475	1.948	1
6733	1.165	3.465	0.12	0.357	0.005	0	0.103	1	9.662	499	2.974	1
6734	2.723	4.177	0.278	0.426	0.005	0	0.102	1	9.826	466	1.534	1
6735	4.91	12.933	0.805	2.121	0.005	0	0.164	1	6.115	474	2.634	1
6736	3.72	8.433	3.456	7.834	0.005	0	0.929	1	1.077	472	2.267	1
6737	4.645	12.346	0.488	1.296	0.005	0	0.105	1	9.545	474	2.658	1
6738	3.577	9.915	1.073	2.974	0.005	0	0.3	1	3.332	498	2.772	1
6739	3.181	9.521	0.84	2.514	0.005	0	0.264	1	3.794	468	2.993	1
6740	2.528	3.848	0.549	0.835	0.005	0	0.217	1	4.605	497	1.522	1
6741	2.18	6.193	1.005	2.855	0.005	0	0.461	1	2.171	464	2.841	1
6742	2.178	5.924	0.675	1.836	0.005	0	0.31	1	3.224	481	2.72	1
6743	4.919	8.682	0.895	1.58	0.005	0	0.182	1	5.505	481	1.765	1
6744	2.988	5.36	0.475	0.852	0.005	0	0.159	1	6.309	471	1.794	1
6745	4.308	9.792	0.431	0.979	0.005	0	0.1	1	9.961	485	2.273	1
6746	1.819	5.288	0.28	0.814	0.005	0	0.154	1	6.499	463	2.907	1
6747	1.956	2.977	0.276	0.42	0.005	0	0.141	1	7.093	494	1.522	1
6748	4.038	10.378	0.8	2.055	0.005	0	0.198	1	5.062	490	2.57	1
6749	1.743	3.033	1.581	2.751	0.005	0	0.907	1	1.103	458	1.74	1
6750	2.072	3.272	0.445	0.703	0.005	0	0.215	1	4.643	481	1.579	1
6751	3.381	9.971	0.507	1.496	0.005	0	0.15	1	6.65	492	2.949	1
6752	2.495	4.261	0.267	0.456	0.005	0	0.107	1	9.385	451	1.708	1
6753	1.201	3.332	0.364	1.01	0.005	0	0.303	1	3.297	494	2.774	1
6754	3.524	6.773	0.948	1.822	0.005	0	0.269	1	3.719	450	1.922	1
6755	3.974	6.37	1.447	2.319	0.005	0	0.364	1	2.745	471	1.603	1
6756	3.922	10.621	0.655	1.774	0.005	0	0.167	1	5.994	456	2.708	1
6757	4.184	12.142	0.657	1.906	0.005	0	0.157	1	6.384	474	2.902	1
6758	2.116	3.276	0.26	0.403	0.005	0	0.123	1	8.163	453	1.548	1
6759	4.225	7.153	0.553	0.937	0.005	0	0.131	1	7.629	462	1.693	1
6760	4.534	9.376	0.589	1.219	0.005	0	0.13	1	7.694	494	2.068	1
6761	4.277	11.24	0.526	1.383	0.005	0	0.123	1	8.149	475	2.628	1
6762	2.84	7.145	0.574	1.443	0.005	0	0.202	1	4.954	459	2.516	1
6763	2.155	5.844	0.293	0.795	0.005	0	0.136	1	7.329	465	2.712	1
6764	1.631	3.283	0.424	0.854	0.005	0	0.26	1	3.849	496	2.013	1
6765	1.924	4.262	0.341	0.754	0.005	0	0.177	1	5.647	456	2.215	1
6766	3.442	5.614	2.361	3.851	0.005	0	0.686	1	1.457	468	1.631	1
6767	3.689	9.245	1.752	4.391	0.005	0	0.475	1	2.107	490	2.506	1
6768	3.988	9.168	1.109	2.549	0.005	0	0.278	1	3.599	487	2.299	1
6769	2.809	8.191	0.803	2.343	0.005	0	0.286	1	3.498	487	2.916	1
6770	2.438	4.515	0.305	0.564	0.005	0	0.125	1	7.998	475	1.852	1
6771	2.309	3.535	0.252	0.385	0.005	0	0.109	1	9.164	478	1.531	1
6772	1.758	3.017	0.953	1.635	0.005	0	0.542	1	1.844	484	1.716	1
6773	1.518	4.401	0.178	0.515	0.005	0	0.117	1	8.58	489	2.899	1
6774	2.446	6.389	0.281	0.735	0.005	0	0.115	1	8.72	481	2.612	1
6775	1.245	3.493	0.437	1.226	0.005	0	0.351	1	2.847	463	2.806	1
6776	1.632	4.782	0.273	0.799	0.005	0	0.167	1	5.991	494	2.93	1
6777	2.514	4.218	1.979	3.32	0.005	0	0.787	1	1.271	455	1.678	1
6778	3.144	5.895	0.393	0.737	0.005	0	0.125	1	8.009	477	1.875	1
6779	4.874	7.755	1.316	2.094	0.005	0	0.27	1	3.706	474	1.591	1
6780	4.511	12.68	0.708	1.991	0.005	0	0.157	1	6.386	482	2.811	1
6781	1.379	2.437	0.239	0.422	0.005	0	0.173	1	5.769	470	1.767	1
6782	1.083	2.45	0.122	0.277	0.005	0	0.113	1	8.841	479	2.262	1
6783	4.818	9.125	2.708	5.128	0.005	0	0.562	1	1.78	478	1.894	1
6784	2.084	3.693	0.404	0.716	0.005	0	0.194	1	5.161	475	1.772	1
6785	1.895	5.471	0.587	1.696	0.005	0	0.31	1	3.221	463	2.887	1
6786	1.853	5.34	0.61	1.757	0.005	0	0.329	1	3.037	457	2.882	1
6787	4.791	7.292	0.623	0.948	0.005	0	0.13	1	7.677	487	1.522	1
6788	1.94	3.478	0.372	0.668	0.005	0	0.192	1	5.195	468	1.793	1
6789	4.631	7.511	0.991	1.607	0.005	0	0.214	1	4.665	459	1.622	1
6790	2.224	4.715	0.518	1.099	0.005	0	0.233	1	4.291	455	2.12	1
6791	3.382	8.918	1.356	3.576	0.005	0	0.401	1	2.496	471	2.637	1
6792	4.232	10.411	0.47	1.156	0.005	0	0.111	1	8.988	467	2.46	1
6793	3.923	7.214	0.471	0.866	0.005	0	0.12	1	8.34	473	1.839	1
6794	1.243	2.118	0.273	0.466	0.005	0	0.22	1	4.543	481	1.704	1
6795	1.904	3.336	0.476	0.834	0.005	0	0.25	1	3.998	480	1.752	1
6796	2.805	6.423	0.314	0.719	0.005	0	0.112	1	8.922	484	2.29	1
6797	1.387	3.418	0.409	1.008	0.005	0	0.295	1	3.393	454	2.464	1
6798	2.187	5.356	0.492	1.205	0.005	0	0.225	1	4.445	488	2.449	1
6799	3.947	6.134	0.493	0.767	0.005	0	0.125	1	8.018	476	1.554	1
6800	3.237	7.128	2.298	5.061	0.005	0	0.71	1	1.408	456	2.202	1
6801	1.278	3.715	0.266	0.773	0.005	0	0.208	1	4.805	456	2.907	1
6802	4.526	11.17	0.733	1.81	0.005	0	0.162	1	6.181	488	2.468	1
6803	3.344	7.16	0.946	2.026	0.005	0	0.283	1	3.536	457	2.141	1
6804	2.647	5.662	0.384	0.821	0.005	0	0.145	1	6.875	496	2.139	1
6805	3.989	7.344	0.535	0.984	0.005	0	0.134	1	7.445	466	1.841	1
6806	1.146	1.91	0.138	0.229	0.005	0	0.12	1	8.319	497	1.667	1
6807	3.963	10.653	1.308	3.515	0.005	0	0.33	1	3.026	498	2.688	1
6808	4.192	7.592	0.461	0.835	0.005	0	0.11	1	9.081	474	1.811	1
6809	2.927	5.216	0.688	1.226	0.005	0	0.235	1	4.259	452	1.782	1
6810	3.552	8.202	0.408	0.943	0.005	0	0.115	1	8.682	492	2.309	1
6811	3.25	8.268	1.053	2.679	0.005	0	0.324	1	3.091	457	2.544	1
6812	4.914	14.251	0.511	1.482	0.005	0	0.104	1	9.598	483	2.9	1
6813	2.474	6.893	0.27	0.751	0.005	0	0.109	1	9.186	496	2.786	1
6814	1.472	4.175	0.187	0.53	0.005	0	0.127	1	7.878	473	2.836	1
6815	3.14	7.338	1.253	2.928	0.005	0	0.399	1	2.506	494	2.337	1
6816	2.611	5.624	0.292	0.63	0.005	0	0.112	1	8.893	450	2.154	1
6817	2.364	4.378	1.182	2.189	0.005	0	0.5	1	2.002	479	1.852	1
6818	1.499	2.415	0.55	0.886	0.005	0	0.367	1	2.726	467	1.611	1
6819	1.643	2.888	0.214	0.375	0.005	0	0.13	1	7.688	451	1.758	1
6820	2.891	6.201	0.578	1.24	0.005	0	0.2	1	4.999	471	2.145	1
6821	1.423	2.704	0.517	0.982	0.005	0	0.363	1	2.758	490	1.9	1
6822	2.909	4.535	0.896	1.397	0.005	0	0.308	1	3.245	453	1.559	1
6823	4.043	7.645	1.067	2.018	0.005	0	0.264	1	3.789	478	1.891	1
6824	2.37	5.714	0.265	0.64	0.005	0	0.112	1	8.921	496	2.411	1
6825	1.894	5.485	0.193	0.559	0.005	0	0.102	1	9.814	492	2.896	1
6826	1.969	5.192	0.644	1.698	0.005	0	0.327	1	3.06	457	2.637	1
6827	1.083	2.157	0.204	0.406	0.005	0	0.188	1	5.327	455	1.992	1
6828	2.399	6.372	0.504	1.338	0.005	0	0.21	1	4.754	499	2.656	1
6829	2.326	6.352	0.986	2.693	0.005	0	0.424	1	2.359	491	2.731	1
6830	4.525	13.086	0.796	2.303	0.005	0	0.176	1	5.676	472	2.892	1
6831	2.922	4.386	0.508	0.763	0.005	0	0.174	1	5.745	486	1.501	1
6832	2.864	5.659	1.753	3.463	0.005	0	0.612	1	1.634	451	1.976	1
6833	4.442	8.271	1.013	1.886	0.005	0	0.228	1	4.394	451	1.862	1
6834	4.965	13.664	2.319	6.381	0.005	0	0.467	1	2.143	497	2.752	1
6835	3.773	8.172	0.781	1.692	0.005	0	0.207	1	4.82	479	2.166	1
6836	3.01	8.172	0.451	1.226	0.005	0	0.15	1	6.645	461	2.715	1
6837	2.469	6.071	0.58	1.427	0.005	0	0.235	1	4.247	480	2.459	1
6838	4.018	7.642	0.972	1.849	0.005	0	0.242	1	4.124	495	1.902	1
6839	1.246	2.463	0.152	0.3	0.005	0	0.122	1	8.216	480	1.977	1
6840	4.729	13.506	3.528	10.075	0.005	0	0.746	1	1.341	458	2.856	1
6841	4.26	9.351	0.584	1.281	0.005	0	0.137	1	7.274	496	2.195	1
6842	4.02	11.939	0.623	1.851	0.005	0	0.155	1	6.437	482	2.97	1
6843	4.951	13.392	0.941	2.544	0.005	0	0.19	1	5.256	456	2.705	1
6844	3.46	7.588	1.477	3.24	0.005	0	0.427	1	2.343	470	2.193	1
6845	2.213	6.327	0.345	0.987	0.005	0	0.156	1	6.412	453	2.859	1
6846	1.922	3.469	0.242	0.437	0.005	0	0.126	1	7.91	479	1.805	1
6847	3.011	5.357	0.729	1.296	0.005	0	0.242	1	4.124	465	1.779	1
6848	1.938	4.93	0.368	0.937	0.005	0	0.19	1	5.269	473	2.544	1
6849	1.813	4.186	0.245	0.565	0.005	0	0.135	1	7.432	482	2.309	1
6850	4.539	7.812	0.486	0.836	0.005	0	0.107	1	9.387	459	1.721	1
6851	3.344	9.721	0.405	1.176	0.005	0	0.121	1	8.275	493	2.907	1
6852	3.732	9.647	0.399	1.032	0.005	0	0.107	1	9.369	460	2.585	1
6853	1.385	2.33	0.283	0.475	0.005	0	0.204	1	4.898	485	1.682	1
6854	3.538	7.352	0.541	1.125	0.005	0	0.153	1	6.551	495	2.078	1
6855	4.469	7.307	2.525	4.128	0.005	0	0.565	1	1.769	463	1.635	1
6856	4.704	11.148	0.513	1.215	0.005	0	0.109	1	9.169	496	2.37	1
6857	3.546	7.383	0.645	1.344	0.005	0	0.182	1	5.48	456	2.082	1
6858	3.657	6.082	0.969	1.612	0.005	0	0.265	1	3.769	459	1.663	1
6859	3.349	8.664	1.705	4.41	0.005	0	0.509	1	1.964	489	2.587	1
6860	2.063	5.898	0.239	0.684	0.005	0	0.116	1	8.635	450	2.859	1
6861	2.119	4.944	0.615	1.434	0.005	0	0.29	1	3.45	466	2.333	1
6862	3.269	6.571	0.376	0.756	0.005	0	0.115	1	8.675	474	2.01	1
6863	2.424	3.777	0.264	0.412	0.005	0	0.109	1	9.191	473	1.558	1
6864	4.588	11.3	0.991	2.441	0.005	0	0.216	1	4.633	458	2.463	1
6865	3.553	6.484	0.647	1.18	0.005	0	0.182	1	5.481	463	1.825	1
6866	2.317	5.672	0.874	2.138	0.005	0	0.377	1	2.656	499	2.448	1
6867	1.891	4.075	0.575	1.239	0.005	0	0.304	1	3.285	493	2.155	1
6868	4.38	12.067	1.24	3.415	0.005	0	0.283	1	3.533	487	2.755	1
6869	1.538	2.456	0.603	0.963	0.005	0	0.392	1	2.551	452	1.597	1
6870	4.957	8.362	0.907	1.53	0.005	0	0.183	1	5.455	488	1.687	1
6871	4.347	9.585	0.769	1.697	0.005	0	0.177	1	5.635	473	2.205	1
6872	4.538	12.416	0.808	2.21	0.005	0	0.178	1	5.604	450	2.736	1
6873	3.077	8.216	0.415	1.109	0.005	0	0.135	1	7.404	463	2.67	1
6874	1.998	4.298	0.388	0.834	0.005	0	0.194	1	5.149	452	2.151	1
6875	1.808	4.621	0.381	0.975	0.005	0	0.211	1	4.739	450	2.556	1
6876	2.78	5.479	0.967	1.907	0.005	0	0.348	1	2.875	459	1.971	1
6877	3.48	9.448	0.372	1.011	0.005	0	0.107	1	9.389	493	2.715	1
6878	1.738	4.345	0.219	0.547	0.005	0	0.126	1	7.935	484	2.5	1
6879	1.484	2.444	0.16	0.264	0.005	0	0.108	1	9.263	467	1.647	1
6880	3.73	7.822	0.455	0.954	0.005	0	0.122	1	8.169	479	2.097	1
6881	3.751	6.073	0.836	1.354	0.005	0	0.223	1	4.483	462	1.619	1
6882	4.856	13.864	0.889	2.537	0.005	0	0.183	1	5.459	459	2.855	1
6883	2.173	3.668	0.721	1.218	0.005	0	0.332	1	3.015	482	1.688	1
6884	2.558	5.372	0.883	1.853	0.005	0	0.345	1	2.898	462	2.1	1
6885	1.311	2.511	0.562	1.077	0.005	0	0.429	1	2.329	497	1.915	1
6886	1.615	2.497	0.405	0.627	0.005	0	0.251	1	3.977	458	1.546	1
6887	2.039	3.603	0.432	0.764	0.005	0	0.212	1	4.713	493	1.767	1
6888	3.859	9.142	0.953	2.258	0.005	0	0.247	1	4.049	468	2.369	1
6889	3.852	10.439	0.555	1.503	0.005	0	0.144	1	6.936	451	2.71	1
6890	4.918	14.754	0.59	1.77	0.005	0	0.12	1	8.367	451	3.0	1
6891	2.615	4.754	0.507	0.922	0.005	0	0.194	1	5.157	480	1.818	1
6892	3.076	4.909	0.523	0.835	0.005	0	0.17	1	5.876	492	1.596	1
6893	1.432	2.526	0.232	0.409	0.005	0	0.162	1	6.163	493	1.764	1
6894	4.692	12.945	0.605	1.67	0.005	0	0.129	1	7.726	477	2.759	1
6895	4.165	6.56	0.458	0.722	0.005	0	0.11	1	9.106	484	1.575	1
6896	2.802	8.344	2.152	6.408	0.005	0	0.768	1	1.302	488	2.978	1
6897	3.276	7.332	1.468	3.285	0.005	0	0.448	1	2.231	489	2.238	1
6898	3.342	8.659	0.378	0.978	0.005	0	0.113	1	8.831	478	2.591	1
6899	1.142	1.985	0.386	0.671	0.005	0	0.338	1	2.956	488	1.738	1
6900	4.554	11.039	0.861	2.086	0.005	0	0.189	1	5.282	485	2.424	1
6901	1.661	3.319	0.168	0.335	0.005	0	0.101	1	9.902	480	1.998	1
6902	3.057	8.505	0.874	2.432	0.005	0	0.286	1	3.501	484	2.782	1
6903	1.708	3.049	0.646	1.153	0.005	0	0.378	1	2.646	485	1.785	1
6904	2.985	4.916	0.334	0.551	0.005	0	0.112	1	8.895	481	1.647	1
6905	3.089	8.714	2.632	7.424	0.005	0	0.852	1	1.174	463	2.821	1
6906	3.78	7.651	1.546	3.129	0.005	0	0.409	1	2.446	469	2.024	1
6907	2.449	4.514	0.443	0.817	0.005	0	0.181	1	5.516	468	1.843	1
6908	2.641	5.855	0.317	0.703	0.005	0	0.12	1	8.314	473	2.217	1
6909	4.372	7.083	2.947	4.774	0.005	0	0.674	1	1.484	474	1.62	1
6910	3.786	11.127	0.488	1.435	0.005	0	0.129	1	7.748	490	2.939	1
6911	2.384	4.842	0.415	0.843	0.005	0	0.174	1	5.75	456	2.031	1
6912	2.878	7.92	0.363	0.998	0.005	0	0.126	1	7.908	476	2.752	1
6913	3.276	6.152	1.035	1.944	0.005	0	0.316	1	3.167	456	1.878	1
6914	3.036	8.055	2.113	5.606	0.005	0	0.696	1	1.437	478	2.653	1
6915	4.181	8.985	2.86	6.146	0.005	0	0.684	1	1.462	468	2.149	1
6916	1.889	3.816	0.349	0.706	0.005	0	0.185	1	5.402	472	2.02	1
6917	2.1	4.792	0.376	0.858	0.005	0	0.179	1	5.579	477	2.282	1
6918	4.59	10.185	4.517	10.022	0.005	0	0.984	1	1.016	476	2.219	1
6919	3.553	10.311	1.204	3.495	0.005	0	0.339	1	2.954	473	2.902	1
6920	3.401	5.782	3.245	5.516	0.005	0	0.954	1	1.048	455	1.7	1
6921	2.258	4.25	0.811	1.526	0.005	0	0.359	1	2.784	460	1.882	1
6922	3.263	5.916	0.734	1.331	0.005	0	0.225	1	4.448	465	1.813	1
6923	4.589	12.991	0.486	1.377	0.005	0	0.106	1	9.393	479	2.831	1
6924	4.617	11.145	0.526	1.271	0.005	0	0.114	1	8.759	492	2.414	1
6925	2.884	4.413	1.269	1.942	0.005	0	0.44	1	2.274	482	1.53	1
6926	1.157	2.086	0.125	0.225	0.005	0	0.108	1	9.253	499	1.803	1
6927	2.219	4.196	0.468	0.885	0.005	0	0.211	1	4.746	481	1.891	1
6928	1.754	4.055	0.219	0.507	0.005	0	0.125	1	7.971	481	2.312	1
6929	4.397	10.047	3.702	8.46	0.005	0	0.842	1	1.187	467	2.285	1
6930	3.266	7.015	0.816	1.754	0.005	0	0.25	1	4.001	465	2.148	1
6931	2.515	4.233	0.327	0.55	0.005	0	0.13	1	7.718	459	1.683	1
6932	4.501	11.811	0.657	1.724	0.005	0	0.146	1	6.86	499	2.624	1
6933	1.717	4.512	0.422	1.11	0.005	0	0.246	1	4.071	498	2.628	1
6934	1.518	4.478	0.481	1.42	0.005	0	0.317	1	3.155	451	2.95	1
6935	2.309	6.74	0.603	1.759	0.005	0	0.261	1	3.834	487	2.919	1
6936	3.573	10.019	0.379	1.062	0.005	0	0.106	1	9.425	483	2.804	1
6937	1.226	1.906	0.524	0.814	0.005	0	0.427	1	2.341	468	1.555	1
6938	3.203	9.593	0.653	1.957	0.005	0	0.204	1	4.899	461	2.995	1
6939	2.674	5.637	0.754	1.59	0.005	0	0.282	1	3.549	488	2.108	1
6940	4.514	8.829	0.551	1.077	0.005	0	0.122	1	8.171	465	1.956	1
6941	4.442	9.586	3.958	8.541	0.005	0	0.891	1	1.122	481	2.158	1
6942	3.09	6.937	0.467	1.047	0.005	0	0.151	1	6.637	468	2.245	1
6943	4.232	10.546	1.219	3.037	0.005	0	0.288	1	3.471	462	2.492	1
6944	2.757	4.756	1.064	1.836	0.005	0	0.386	1	2.59	457	1.725	1
6945	1.635	3.788	0.199	0.462	0.005	0	0.122	1	8.171	494	2.317	1
6946	2.228	6.078	0.479	1.307	0.005	0	0.215	1	4.644	485	2.728	1
6947	2.877	6.594	0.86	1.972	0.005	0	0.299	1	3.344	491	2.292	1
6948	3.544	7.559	0.354	0.756	0.005	0	0.1	1	9.988	493	2.133	1
6949	1.444	2.813	0.149	0.29	0.005	0	0.103	1	9.72	466	1.948	1
6950	2.609	7.219	0.509	1.408	0.005	0	0.195	1	5.116	497	2.767	1
6951	4.471	8.142	1.14	2.076	0.005	0	0.255	1	3.92	471	1.821	1
6952	2.65	5.122	0.416	0.804	0.005	0	0.157	1	6.382	456	1.933	1
6953	2.39	6.075	0.241	0.614	0.005	0	0.101	1	9.906	467	2.542	1
6954	3.892	7.928	1.339	2.727	0.005	0	0.344	1	2.91	457	2.037	1
6955	3.776	6.657	0.415	0.732	0.005	0	0.11	1	9.08	478	1.763	1
6956	4.411	6.841	1.173	1.82	0.005	0	0.266	1	3.755	461	1.551	1
6957	2.532	6.986	0.762	2.103	0.005	0	0.301	1	3.317	491	2.759	1
6958	3.119	7.373	0.384	0.907	0.005	0	0.123	1	8.14	466	2.364	1
6959	1.423	2.134	0.64	0.96	0.005	0	0.45	1	2.223	469	1.5	1
6960	4.857	11.011	0.539	1.222	0.005	0	0.111	1	8.98	452	2.267	1
6961	3.865	7.579	1.449	2.842	0.005	0	0.375	1	2.666	464	1.961	1
6962	3.742	8.259	0.535	1.181	0.005	0	0.143	1	7.0	492	2.207	1
6963	2.536	6.687	0.87	2.294	0.005	0	0.343	1	2.914	481	2.637	1
6964	4.359	10.845	0.523	1.301	0.005	0	0.12	1	8.34	467	2.488	1
6965	2.343	5.883	2.13	5.348	0.005	0	0.909	1	1.1	478	2.511	1
6966	1.036	1.828	0.141	0.249	0.005	0	0.136	1	7.335	457	1.764	1
6967	4.319	12.866	1.356	4.04	0.005	0	0.314	1	3.189	497	2.979	1
6968	1.738	3.997	0.791	1.819	0.005	0	0.455	1	2.199	490	2.3	1
6969	4.785	13.46	0.55	1.548	0.005	0	0.115	1	8.693	464	2.813	1
6970	4.412	8.745	0.578	1.146	0.005	0	0.131	1	7.642	487	1.982	1
6971	4.172	11.285	0.442	1.196	0.005	0	0.106	1	9.411	492	2.705	1
6972	2.909	8.075	0.55	1.526	0.005	0	0.189	1	5.292	469	2.776	1
6973	2.116	4.418	0.43	0.897	0.005	0	0.203	1	4.933	453	2.088	1
6974	4.014	8.108	3.336	6.738	0.005	0	0.831	1	1.204	495	2.02	1
6975	2.085	3.522	0.569	0.962	0.005	0	0.273	1	3.669	486	1.689	1
6976	4.301	8.598	1.295	2.588	0.005	0	0.301	1	3.325	450	1.999	1
6977	1.292	3.242	0.134	0.337	0.005	0	0.104	1	9.595	457	2.509	1
6978	2.244	6.642	1.275	3.773	0.005	0	0.568	1	1.762	495	2.96	1
6979	3.567	6.545	0.428	0.785	0.005	0	0.12	1	8.313	479	1.835	1
6980	4.784	10.534	1.392	3.065	0.005	0	0.291	1	3.44	493	2.202	1
6981	4.482	7.539	2.546	4.282	0.005	0	0.568	1	1.761	471	1.682	1
6982	4.376	9.404	0.486	1.044	0.005	0	0.111	1	8.989	478	2.149	1
6983	3.973	9.086	3.039	6.951	0.005	0	0.765	1	1.308	496	2.287	1
6984	4.672	7.097	1.028	1.561	0.005	0	0.22	1	4.537	455	1.519	1
6985	3.678	10.262	0.931	2.596	0.005	0	0.253	1	3.948	493	2.79	1
6986	3.166	5.882	0.921	1.712	0.005	0	0.291	1	3.44	452	1.858	1
6987	3.028	5.366	0.351	0.622	0.005	0	0.116	1	8.608	490	1.772	1
6988	1.931	3.524	0.475	0.867	0.005	0	0.246	1	4.062	499	1.825	1
6989	1.731	4.97	0.642	1.844	0.005	0	0.371	1	2.695	470	2.871	1
6990	1.732	4.359	0.184	0.462	0.005	0	0.106	1	9.391	480	2.517	1
6991	2.104	5.26	0.656	1.641	0.005	0	0.312	1	3.21	463	2.5	1
6992	4.732	13.34	0.577	1.627	0.005	0	0.122	1	8.208	465	2.819	1
6993	1.175	2.867	0.17	0.416	0.005	0	0.145	1	6.909	498	2.44	1
6994	2.032	3.345	0.221	0.365	0.005	0	0.109	1	9.161	487	1.646	1
6995	4.67	8.205	0.584	1.026	0.005	0	0.125	1	7.98	455	1.757	1
6996	2.992	4.7	0.347	0.545	0.005	0	0.116	1	8.598	486	1.571	1
6997	2.56	7.214	0.809	2.28	0.005	0	0.316	1	3.168	492	2.818	1
6998	2.719	7.872	0.46	1.33	0.005	0	0.169	1	5.918	494	2.895	1
6999	3.5	9.366	0.952	2.548	0.005	0	0.272	1	3.682	481	2.676	1
7000	1.815	3.194	0.403	0.709	0.005	0	0.222	1	4.502	485	1.76	1
7001	3.962	6.644	1.252	2.1	0.005	0	0.316	1	3.168	472	1.677	1
7002	1.271	3.535	0.353	0.983	0.005	0	0.278	1	3.6	491	2.781	1
7003	4.892	12.215	1.893	4.727	0.005	0	0.387	1	2.581	476	2.497	1
7004	1.937	3.75	0.256	0.495	0.005	0	0.132	1	7.583	476	1.936	1
7005	1.565	4.301	0.598	1.643	0.005	0	0.382	1	2.617	477	2.748	1
7006	4.26	11.476	1.01	2.72	0.005	0	0.237	1	4.223	459	2.694	1
7007	4.673	10.425	0.514	1.147	0.005	0	0.11	1	9.104	469	2.231	1
7008	2.108	5.864	0.323	0.897	0.005	0	0.153	1	6.557	469	2.782	1
7009	4.197	11.143	0.877	2.329	0.005	0	0.209	1	4.779	453	2.655	1
7010	1.861	5.306	0.231	0.658	0.005	0	0.124	1	8.033	472	2.851	1
7011	2.589	6.221	1.577	3.789	0.005	0	0.609	1	1.643	467	2.403	1
7012	3.894	7.858	0.502	1.014	0.005	0	0.129	1	7.728	457	2.018	1
7013	2.01	4.918	0.267	0.654	0.005	0	0.133	1	7.503	464	2.447	1
7014	3.171	8.229	0.783	2.033	0.005	0	0.247	1	4.046	465	2.595	1
7015	4.573	8.524	0.837	1.56	0.005	0	0.183	1	5.454	481	1.864	1
7016	2.658	7.916	0.922	2.747	0.005	0	0.347	1	2.884	464	2.978	1
7017	1.946	4.083	0.306	0.641	0.005	0	0.157	1	6.379	485	2.098	1
7018	1.121	2.907	0.333	0.863	0.005	0	0.297	1	3.365	470	2.593	1
7019	4.292	12.833	0.459	1.373	0.005	0	0.107	1	9.373	452	2.99	1
7020	2.376	5.869	0.349	0.863	0.005	0	0.147	1	6.821	473	2.47	1
7021	4.202	12.572	1.849	5.532	0.005	0	0.44	1	2.274	450	2.992	1
7022	1.115	2.24	0.173	0.347	0.005	0	0.155	1	6.47	485	2.009	1
7023	4.098	7.176	0.807	1.414	0.005	0	0.197	1	5.088	495	1.751	1
7024	4.642	10.649	1.959	4.494	0.005	0	0.422	1	2.368	468	2.294	1
7025	3.399	5.411	1.434	2.283	0.005	0	0.422	1	2.367	477	1.592	1
7026	1.186	2.897	0.213	0.521	0.005	0	0.18	1	5.563	462	2.443	1
7027	3.136	5.322	0.574	0.974	0.005	0	0.183	1	5.452	453	1.697	1
7028	2.565	7.677	0.728	2.18	0.005	0	0.284	1	3.527	493	2.993	1
7029	2.029	3.93	0.325	0.629	0.005	0	0.16	1	6.252	482	1.937	1
7030	4.81	12.992	4.382	11.836	0.005	0	0.911	1	1.098	461	2.701	1
7031	1.975	4.683	0.249	0.59	0.005	0	0.126	1	7.935	452	2.371	1
7032	4.869	11.987	1.373	3.38	0.005	0	0.282	1	3.541	463	2.462	1
7033	1.368	3.267	0.453	1.081	0.005	0	0.331	1	3.02	455	2.388	1
7034	1.021	1.584	0.203	0.315	0.005	0	0.199	1	5.029	476	1.551	1
7035	2.658	7.142	2.57	6.906	0.005	0	0.967	1	1.034	460	2.687	1
7036	4.776	8.205	0.487	0.837	0.005	0	0.102	1	9.797	462	1.718	1
7037	3.067	8.922	0.423	1.231	0.005	0	0.138	1	7.245	451	2.909	1
7038	1.553	2.589	0.573	0.955	0.005	0	0.369	1	2.708	474	1.667	1
7039	2.095	4.699	0.409	0.916	0.005	0	0.195	1	5.12	488	2.243	1
7040	4.522	12.155	0.57	1.532	0.005	0	0.126	1	7.929	490	2.688	1
7041	4.179	8.676	0.681	1.414	0.005	0	0.163	1	6.136	477	2.076	1
7042	1.635	2.788	0.453	0.772	0.005	0	0.277	1	3.611	450	1.705	1
7043	2.209	4.977	0.647	1.458	0.005	0	0.293	1	3.411	466	2.253	1
7044	2.28	5.319	0.235	0.548	0.005	0	0.103	1	9.737	455	2.333	1
7045	4.747	10.258	2.753	5.95	0.005	0	0.58	1	1.723	465	2.161	1
7046	3.869	7.456	0.395	0.761	0.005	0	0.102	1	9.844	468	1.927	1
7047	2.807	5.631	0.46	0.923	0.005	0	0.164	1	6.082	484	2.006	1
7048	4.764	12.401	0.629	1.637	0.005	0	0.132	1	7.584	499	2.603	1
7049	1.542	4.43	0.324	0.93	0.005	0	0.21	1	4.762	459	2.873	1
7050	2.725	8.036	0.384	1.133	0.005	0	0.141	1	7.086	481	2.949	1
7051	1.557	3.03	1.126	2.191	0.005	0	0.723	1	1.383	469	1.946	1
7052	4.219	6.409	1.772	2.692	0.005	0	0.42	1	2.38	485	1.519	1
7053	4.117	9.457	1.285	2.951	0.005	0	0.312	1	3.21	458	2.297	1
7054	4.734	7.645	1.501	2.423	0.005	0	0.317	1	3.157	492	1.615	1
7055	3.38	5.165	0.463	0.708	0.005	0	0.137	1	7.29	499	1.528	1
7056	4.466	10.151	1.813	4.121	0.005	0	0.406	1	2.465	457	2.273	1
7057	1.856	3.996	0.199	0.428	0.005	0	0.107	1	9.358	495	2.153	1
7058	4.019	6.672	1.547	2.569	0.005	0	0.385	1	2.596	464	1.66	1
7059	4.334	7.996	0.442	0.816	0.005	0	0.102	1	9.82	477	1.845	1
7060	3.074	8.155	1.107	2.936	0.005	0	0.36	1	2.778	480	2.653	1
7061	1.386	3.802	0.827	2.27	0.005	0	0.597	1	1.674	498	2.743	1
7062	3.46	6.453	2.678	4.995	0.005	0	0.774	1	1.292	460	1.865	1
7063	1.768	4.079	0.232	0.534	0.005	0	0.131	1	7.612	486	2.307	1
7064	3.379	7.363	0.74	1.612	0.005	0	0.219	1	4.558	499	2.179	1
7065	2.509	5.339	1.674	3.561	0.005	0	0.667	1	1.5	460	2.128	1
7066	2.967	6.827	1.587	3.652	0.005	0	0.535	1	1.869	461	2.301	1
7067	1.676	2.871	0.365	0.626	0.005	0	0.218	1	4.584	460	1.713	1
7068	4.289	11.181	0.918	2.393	0.005	0	0.214	1	4.681	480	2.607	1
7069	3.026	6.521	0.853	1.839	0.005	0	0.282	1	3.545	457	2.155	1
7070	1.992	5.711	0.305	0.874	0.005	0	0.153	1	6.531	468	2.867	1
7071	2.561	7.36	0.264	0.758	0.005	0	0.103	1	9.736	464	2.874	1
7072	3.045	7.463	0.795	1.948	0.005	0	0.261	1	3.825	482	2.451	1
7073	2.063	3.4	1.145	1.887	0.005	0	0.555	1	1.802	476	1.648	1
7074	3.555	7.981	0.398	0.894	0.005	0	0.112	1	8.943	497	2.245	1
7075	4.891	13.69	1.912	5.353	0.005	0	0.391	1	2.555	468	2.799	1
7076	1.391	4.142	0.206	0.613	0.005	0	0.148	1	6.737	499	2.978	1
7077	1.165	2.693	0.312	0.722	0.005	0	0.268	1	3.73	478	2.312	1
7078	4.2	8.476	0.5	1.009	0.005	0	0.119	1	8.418	470	2.018	1
7079	1.834	3.351	0.765	1.397	0.005	0	0.417	1	2.396	455	1.827	1
7080	1.568	3.211	0.238	0.488	0.005	0	0.152	1	6.559	457	2.048	1
7081	2.485	5.8	0.258	0.603	0.005	0	0.104	1	9.607	499	2.334	1
7082	2.932	4.937	0.554	0.933	0.005	0	0.189	1	5.285	485	1.684	1
7083	3.975	10.808	3.47	9.435	0.005	0	0.873	1	1.146	462	2.719	1
7084	4.025	6.814	1.811	3.066	0.005	0	0.45	1	2.224	450	1.693	1
7085	3.928	9.702	0.719	1.775	0.005	0	0.183	1	5.451	473	2.47	1
7086	1.868	3.411	0.232	0.423	0.005	0	0.124	1	8.041	459	1.826	1
7087	4.045	12.086	0.477	1.426	0.005	0	0.118	1	8.446	462	2.988	1
7088	2.567	6.682	0.58	1.51	0.005	0	0.226	1	4.427	465	2.603	1
7089	4.018	9.149	0.45	1.025	0.005	0	0.112	1	8.889	470	2.277	1
7090	2.104	3.4	0.545	0.881	0.005	0	0.259	1	3.857	479	1.616	1
7091	2.593	4.945	0.296	0.564	0.005	0	0.114	1	8.761	480	1.907	1
7092	3.389	7.103	1.206	2.529	0.005	0	0.356	1	2.809	481	2.096	1
7093	4.635	9.692	3.523	7.366	0.005	0	0.76	1	1.316	493	2.091	1
7094	4.294	9.734	0.571	1.295	0.005	0	0.133	1	7.533	480	2.267	1
7095	2.966	8.717	0.469	1.377	0.005	0	0.158	1	6.338	495	2.939	1
7096	4.32	9.392	1.331	2.893	0.005	0	0.308	1	3.244	451	2.174	1
7097	4.656	12.227	2.91	7.642	0.005	0	0.625	1	1.601	450	2.626	1
7098	1.91	5.044	0.987	2.608	0.005	0	0.517	1	1.936	496	2.641	1
7099	1.58	3.735	0.382	0.904	0.005	0	0.242	1	4.127	457	2.364	1
7100	1.418	3.875	0.156	0.426	0.005	0	0.11	1	9.088	478	2.733	1
7101	4.264	9.539	1.011	2.261	0.005	0	0.237	1	4.221	464	2.237	1
7102	4.67	10.872	1.284	2.99	0.005	0	0.275	1	3.634	484	2.328	1
7103	4.303	11.455	0.512	1.363	0.005	0	0.119	1	8.373	481	2.662	1
7104	3.418	9.345	0.366	1.0	0.005	0	0.107	1	9.353	471	2.734	1
7105	2.391	5.014	0.476	0.998	0.005	0	0.199	1	5.016	492	2.097	1
7106	2.737	6.459	0.391	0.924	0.005	0	0.143	1	7.012	496	2.36	1
7107	1.832	3.285	1.337	2.398	0.005	0	0.73	1	1.369	484	1.793	1
7108	4.865	11.18	0.598	1.375	0.005	0	0.123	1	8.149	451	2.298	1
7109	4.689	7.756	1.693	2.8	0.005	0	0.361	1	2.769	497	1.654	1
7110	1.153	3.14	0.161	0.44	0.005	0	0.14	1	7.159	457	2.723	1
7111	4.96	8.868	0.818	1.463	0.005	0	0.165	1	6.058	455	1.788	1
7112	3.184	6.19	0.621	1.207	0.005	0	0.195	1	5.121	493	1.944	1
7113	4.85	12.561	0.626	1.62	0.005	0	0.129	1	7.76	460	2.59	1
7114	2.351	3.99	0.245	0.415	0.005	0	0.104	1	9.596	471	1.697	1
7115	4.586	9.805	1.412	3.02	0.005	0	0.308	1	3.248	497	2.138	1
7116	1.795	3.231	0.594	1.069	0.005	0	0.331	1	3.018	455	1.8	1
7117	2.119	3.191	0.284	0.428	0.005	0	0.134	1	7.475	496	1.506	1
7118	3.301	7.411	2.723	6.114	0.005	0	0.825	1	1.212	453	2.245	1
7119	4.856	11.582	0.986	2.351	0.005	0	0.203	1	4.916	483	2.385	1
7120	3.372	9.061	2.583	6.941	0.005	0	0.766	1	1.305	490	2.687	1
7121	1.448	2.753	0.155	0.295	0.005	0	0.107	1	9.312	483	1.901	1
7122	4.569	8.517	0.676	1.261	0.005	0	0.148	1	6.775	453	1.864	1
7123	3.728	9.428	1.103	2.791	0.005	0	0.296	1	3.383	474	2.529	1
7124	1.696	3.752	0.239	0.529	0.005	0	0.141	1	7.099	481	2.212	1
7125	4.916	12.757	0.565	1.467	0.005	0	0.115	1	8.692	492	2.595	1
7126	3.351	6.079	1.659	3.009	0.005	0	0.495	1	2.021	472	1.814	1
7127	4.944	14.056	0.944	2.685	0.005	0	0.191	1	5.234	492	2.843	1
7128	3.78	10.244	0.718	1.946	0.005	0	0.19	1	5.271	489	2.71	1
7129	1.872	5.258	0.21	0.589	0.005	0	0.112	1	8.934	475	2.809	1
7130	4.289	12.623	0.506	1.49	0.005	0	0.118	1	8.485	475	2.943	1
7131	3.095	5.413	1.318	2.306	0.005	0	0.426	1	2.347	482	1.749	1
7132	2.045	4.078	0.387	0.771	0.005	0	0.189	1	5.29	474	1.994	1
7133	3.349	5.804	0.653	1.132	0.005	0	0.195	1	5.127	451	1.733	1
7134	2.198	3.363	0.303	0.464	0.005	0	0.138	1	7.238	468	1.53	1
7135	2.651	7.301	0.265	0.73	0.005	0	0.1	1	9.998	490	2.754	1
7136	4.82	12.489	0.665	1.723	0.005	0	0.138	1	7.225	498	2.591	1
7137	3.269	6.175	0.464	0.877	0.005	0	0.142	1	7.039	495	1.889	1
7138	1.189	2.329	0.141	0.277	0.005	0	0.119	1	8.432	454	1.959	1
7139	3.314	9.866	0.358	1.066	0.005	0	0.108	1	9.246	476	2.977	1
7140	1.596	2.868	0.643	1.156	0.005	0	0.403	1	2.484	455	1.797	1
7141	2.537	4.277	1.063	1.792	0.005	0	0.419	1	2.385	471	1.686	1
7142	1.871	4.223	0.256	0.579	0.005	0	0.137	1	7.322	465	2.257	1
7143	3.934	10.661	0.795	2.154	0.005	0	0.202	1	4.956	468	2.71	1
7144	4.891	12.144	0.812	2.016	0.005	0	0.166	1	6.037	472	2.483	1
7145	4.824	11.664	4.269	10.323	0.005	0	0.885	1	1.13	457	2.418	1
7146	3.934	9.194	0.559	1.306	0.005	0	0.142	1	7.028	465	2.337	1
7147	3.41	8.16	0.552	1.322	0.005	0	0.162	1	6.163	481	2.393	1
7148	4.868	13.942	1.626	4.657	0.005	0	0.334	1	2.995	480	2.864	1
7149	3.042	6.857	1.281	2.887	0.005	0	0.421	1	2.377	485	2.254	1
7150	4.393	11.694	1.955	5.204	0.005	0	0.445	1	2.248	459	2.662	1
7151	4.206	12.357	0.572	1.681	0.005	0	0.136	1	7.327	476	2.938	1
7152	2.44	5.48	0.566	1.271	0.005	0	0.232	1	4.312	478	2.246	1
7153	1.371	3.892	0.223	0.634	0.005	0	0.163	1	6.145	493	2.839	1
7154	1.396	3.99	0.536	1.532	0.005	0	0.384	1	2.605	452	2.858	1
7155	3.599	6.331	1.605	2.824	0.005	0	0.446	1	2.24	452	1.759	1
7156	1.235	3.473	0.209	0.587	0.005	0	0.169	1	5.93	488	2.812	1
7157	3.33	8.575	0.566	1.458	0.005	0	0.17	1	5.889	499	2.575	1
7158	2.354	4.124	1.25	2.19	0.005	0	0.531	1	1.883	499	1.752	1
7159	2.283	4.838	0.283	0.6	0.005	0	0.124	1	8.053	464	2.119	1
7160	4.376	11.224	0.845	2.166	0.005	0	0.193	1	5.182	489	2.565	1
7161	2.742	7.305	0.392	1.045	0.005	0	0.143	1	6.97	455	2.664	1
7162	3.229	5.202	0.814	1.311	0.005	0	0.252	1	3.969	478	1.611	1
7163	4.201	11.624	0.521	1.441	0.005	0	0.124	1	8.068	497	2.767	1
7164	2.196	5.835	1.034	2.748	0.005	0	0.471	1	2.124	474	2.657	1
7165	3.832	6.894	0.782	1.406	0.005	0	0.204	1	4.904	496	1.799	1
7166	2.365	5.25	0.253	0.562	0.005	0	0.107	1	9.383	499	2.22	1
7167	4.892	14.471	4.466	13.212	0.005	0	0.913	1	1.095	499	2.958	1
7168	4.89	11.804	1.692	4.084	0.005	0	0.346	1	2.888	480	2.414	1
7169	2.733	5.543	0.834	1.691	0.005	0	0.305	1	3.281	458	2.028	1
7170	3.266	9.243	0.983	2.782	0.005	0	0.301	1	3.321	493	2.83	1
7171	3.215	7.922	1.1	2.709	0.005	0	0.342	1	2.922	470	2.464	1
7172	2.697	7.854	1.332	3.88	0.005	0	0.494	1	2.026	493	2.912	1
7173	1.029	3.074	0.15	0.449	0.005	0	0.146	1	6.858	451	2.987	1
7174	4.511	8.494	1.114	2.098	0.005	0	0.247	1	4.056	496	1.883	1
7175	2.276	4.613	0.355	0.72	0.005	0	0.156	1	6.424	487	2.027	1
7176	3.6	6.952	2.916	5.631	0.005	0	0.81	1	1.235	481	1.931	1
7177	2.566	5.509	0.336	0.722	0.005	0	0.131	1	7.629	466	2.147	1
7178	4.781	10.317	0.602	1.3	0.005	0	0.126	1	7.935	478	2.158	1
7179	1.648	3.98	0.471	1.138	0.005	0	0.286	1	3.493	451	2.415	1
7180	3.818	7.059	1.184	2.188	0.005	0	0.31	1	3.221	470	1.849	1
7181	3.589	9.191	1.608	4.118	0.005	0	0.448	1	2.231	495	2.561	1
7182	3.667	10.044	0.455	1.245	0.005	0	0.124	1	8.071	453	2.739	1
7183	3.229	5.195	0.329	0.53	0.005	0	0.102	1	9.786	450	1.609	1
7184	3.506	9.249	0.638	1.683	0.005	0	0.182	1	5.49	488	2.638	1
7185	3.518	5.354	2.266	3.448	0.005	0	0.644	1	1.552	470	1.522	1
7186	2.389	3.83	0.602	0.965	0.005	0	0.252	1	3.961	460	1.603	1
7187	1.764	4.003	1.245	2.826	0.005	0	0.706	1	1.416	464	2.269	1
7188	3.292	5.244	0.352	0.561	0.005	0	0.107	1	9.367	459	1.593	1
7189	2.688	4.551	1.398	2.367	0.005	0	0.52	1	1.922	450	1.693	1
7190	4.929	7.65	0.72	1.117	0.005	0	0.146	1	6.864	466	1.552	1
7191	4.087	11.386	0.499	1.389	0.005	0	0.122	1	8.168	484	2.786	1
7192	1.788	2.714	0.268	0.407	0.005	0	0.15	1	6.661	450	1.518	1
7193	2.441	4.382	1.13	2.029	0.005	0	0.463	1	2.159	492	1.795	1
7194	3.984	9.195	2.892	6.676	0.005	0	0.726	1	1.377	479	2.308	1
7195	3.194	5.704	1.025	1.831	0.005	0	0.321	1	3.117	450	1.786	1
7196	1.315	2.996	0.25	0.569	0.005	0	0.19	1	5.277	493	2.278	1
7197	2.209	3.775	0.228	0.389	0.005	0	0.103	1	9.75	462	1.709	1
7198	3.112	7.394	1.849	4.392	0.005	0	0.594	1	1.683	452	2.376	1
7199	4.668	13.052	1.877	5.247	0.005	0	0.402	1	2.488	470	2.796	1
7200	1.765	4.633	0.533	1.399	0.005	0	0.302	1	3.313	489	2.625	1
7201	4.377	9.8	0.53	1.186	0.005	0	0.121	1	8.278	465	2.239	1
7202	2.958	4.697	0.887	1.409	0.005	0	0.3	1	3.333	471	1.588	1
7203	2.703	5.198	0.432	0.832	0.005	0	0.16	1	6.238	496	1.923	1
7204	2.936	7.622	1.999	5.191	0.005	0	0.681	1	1.468	487	2.596	1
7205	2.32	4.547	0.571	1.119	0.005	0	0.246	1	4.065	481	1.96	1
7206	2.92	4.587	0.905	1.422	0.005	0	0.31	1	3.231	470	1.571	1
7207	3.002	7.289	1.609	3.907	0.005	0	0.536	1	1.866	450	2.428	1
7208	4.142	11.962	1.102	3.182	0.005	0	0.266	1	3.755	488	2.888	1
7209	2.283	5.242	0.304	0.697	0.005	0	0.133	1	7.534	468	2.296	1
7210	2.484	5.363	0.392	0.847	0.005	0	0.158	1	6.346	473	2.159	1
7211	4.013	8.997	3.142	7.045	0.005	0	0.783	1	1.277	482	2.242	1
7212	2.707	4.791	0.728	1.289	0.005	0	0.269	1	3.718	454	1.77	1
7213	1.503	3.957	0.843	2.22	0.005	0	0.561	1	1.784	499	2.633	1
7214	3.436	6.546	0.375	0.714	0.005	0	0.109	1	9.156	469	1.905	1
7215	1.847	3.746	0.268	0.543	0.005	0	0.145	1	6.91	464	2.028	1
7216	3.404	8.01	0.568	1.338	0.005	0	0.167	1	5.999	472	2.353	1
7217	1.712	3.874	0.582	1.317	0.005	0	0.34	1	2.944	453	2.263	1
7218	1.605	2.809	0.6	1.051	0.005	0	0.374	1	2.671	474	1.75	1
7219	4.676	7.767	3.886	6.454	0.005	0	0.831	1	1.203	479	1.661	1
7220	4.943	8.418	1.725	2.938	0.005	0	0.349	1	2.867	459	1.703	1
7221	2.32	3.501	0.281	0.424	0.005	0	0.121	1	8.232	487	1.509	1
7222	3.261	6.212	0.965	1.839	0.005	0	0.296	1	3.381	456	1.905	1
7223	4.337	7.572	0.867	1.514	0.005	0	0.2	1	5.002	484	1.746	1
7224	3.939	10.726	1.115	3.035	0.005	0	0.283	1	3.539	470	2.723	1
7225	3.236	9.702	0.579	1.737	0.005	0	0.179	1	5.581	484	2.998	1
7226	2.011	4.915	0.209	0.511	0.005	0	0.104	1	9.602	453	2.444	1
7227	3.035	7.147	0.674	1.587	0.005	0	0.222	1	4.499	475	2.355	1
7228	2.994	4.665	0.719	1.12	0.005	0	0.24	1	4.16	475	1.558	1
7229	2.237	5.304	1.888	4.477	0.005	0	0.844	1	1.185	456	2.371	1
7230	4.925	9.653	4.181	8.195	0.005	0	0.849	1	1.178	492	1.96	1
7231	1.7	3.99	0.267	0.626	0.005	0	0.157	1	6.367	494	2.347	1
7232	1.303	3.88	1.139	3.391	0.005	0	0.874	1	1.144	460	2.978	1
7233	3.613	5.665	1.08	1.694	0.005	0	0.299	1	3.343	465	1.568	1
7234	4.904	10.244	1.422	2.971	0.005	0	0.29	1	3.449	494	2.089	1
7235	4.387	9.472	0.535	1.156	0.005	0	0.122	1	8.186	481	2.159	1
7236	4.381	7.005	3.203	5.121	0.005	0	0.731	1	1.368	498	1.599	1
7237	4.306	11.432	0.68	1.806	0.005	0	0.158	1	6.339	453	2.655	1
7238	1.258	2.141	1.079	1.837	0.005	0	0.858	1	1.165	454	1.702	1
7239	3.775	10.721	0.596	1.694	0.005	0	0.158	1	6.319	468	2.84	1
7240	1.547	3.985	0.17	0.438	0.005	0	0.11	1	9.116	465	2.576	1
7241	1.952	3.149	0.381	0.614	0.005	0	0.195	1	5.14	458	1.613	1
7242	4.989	11.894	0.519	1.237	0.005	0	0.104	1	9.598	467	2.384	1
7243	1.862	4.821	0.194	0.501	0.005	0	0.104	1	9.629	454	2.589	1
7244	1.416	4.121	0.467	1.36	0.005	0	0.33	1	3.032	490	2.91	1
7245	1.158	2.799	0.127	0.308	0.005	0	0.11	1	9.07	496	2.417	1
7246	4.286	8.302	0.587	1.137	0.005	0	0.137	1	7.3	468	1.937	1
7247	2.913	5.774	0.484	0.958	0.005	0	0.166	1	6.037	469	1.982	1
7248	4.158	8.05	2.927	5.667	0.005	0	0.704	1	1.42	491	1.936	1
7249	1.187	3.559	0.233	0.698	0.005	0	0.196	1	5.112	461	2.998	1
7250	3.405	9.783	0.654	1.878	0.005	0	0.192	1	5.215	455	2.873	1
7251	2.04	4.625	0.465	1.054	0.005	0	0.228	1	4.393	457	2.267	1
7252	3.037	5.47	0.383	0.689	0.005	0	0.126	1	7.934	453	1.801	1
7253	3.646	8.59	0.638	1.503	0.005	0	0.175	1	5.719	482	2.356	1
7254	4.48	11.944	0.551	1.469	0.005	0	0.123	1	8.135	473	2.666	1
7255	2.864	5.619	0.407	0.798	0.005	0	0.142	1	7.044	493	1.962	1
7256	3.795	5.935	2.326	3.638	0.005	0	0.613	1	1.631	477	1.564	1
7257	1.817	3.883	0.394	0.843	0.005	0	0.217	1	4.614	489	2.137	1
7258	2.544	6.53	0.298	0.764	0.005	0	0.117	1	8.533	485	2.567	1
7259	2.4	5.503	0.317	0.726	0.005	0	0.132	1	7.585	457	2.293	1
7260	2.181	5.845	0.227	0.608	0.005	0	0.104	1	9.594	484	2.68	1
7261	2.465	5.524	1.573	3.524	0.005	0	0.638	1	1.567	485	2.241	1
7262	4.06	10.848	0.731	1.953	0.005	0	0.18	1	5.543	494	2.672	1
7263	2.385	6.418	0.992	2.67	0.005	0	0.416	1	2.401	450	2.691	1
7264	1.28	2.223	0.179	0.311	0.005	0	0.14	1	7.156	474	1.737	1
7265	2.357	4.535	1.155	2.222	0.005	0	0.49	1	2.042	485	1.924	1
7266	1.631	2.755	0.227	0.383	0.005	0	0.139	1	7.214	486	1.689	1
7267	4.447	10.397	3.664	8.567	0.005	0	0.824	1	1.213	495	2.338	1
7268	3.586	6.613	0.402	0.741	0.005	0	0.112	1	8.938	480	1.844	1
7269	4.142	6.354	0.427	0.654	0.005	0	0.103	1	9.709	450	1.534	1
7270	2.507	6.491	1.858	4.81	0.005	0	0.741	1	1.349	463	2.589	1
7271	4.309	6.722	0.483	0.753	0.005	0	0.112	1	8.957	485	1.56	1
7272	4.072	10.029	0.586	1.444	0.005	0	0.144	1	6.938	483	2.463	1
7273	4.03	7.383	0.431	0.79	0.005	0	0.107	1	9.365	496	1.832	1
7274	2.79	5.128	0.329	0.605	0.005	0	0.118	1	8.509	468	1.838	1
7275	2.874	4.693	1.273	2.079	0.005	0	0.443	1	2.259	468	1.633	1
7276	4.318	12.116	1.999	5.61	0.005	0	0.463	1	2.159	496	2.806	1
7277	3.155	7.241	0.36	0.825	0.005	0	0.114	1	8.736	481	2.295	1
7278	1.558	2.661	1.035	1.767	0.005	0	0.664	1	1.507	498	1.708	1
7279	2.744	7.76	0.291	0.823	0.005	0	0.106	1	9.465	489	2.828	1
7280	2.259	5.519	1.753	4.283	0.005	0	0.776	1	1.289	486	2.443	1
7281	3.455	8.223	0.625	1.488	0.005	0	0.181	1	5.513	493	2.38	1
7282	3.525	6.898	0.497	0.973	0.005	0	0.141	1	7.087	483	1.957	1
7283	3.677	10.005	0.702	1.911	0.005	0	0.191	1	5.222	461	2.721	1
7284	4.281	10.214	1.515	3.616	0.005	0	0.354	1	2.822	496	2.386	1
7285	4.434	12.092	0.661	1.802	0.005	0	0.149	1	6.704	454	2.727	1
7286	2.68	4.867	0.649	1.178	0.005	0	0.242	1	4.125	492	1.816	1
7287	2.657	6.045	0.476	1.082	0.005	0	0.179	1	5.593	497	2.275	1
7288	3.852	10.343	0.528	1.417	0.005	0	0.137	1	7.293	492	2.685	1
7289	3.442	5.776	1.27	2.131	0.005	0	0.369	1	2.713	485	1.678	1
7290	4.871	8.631	0.541	0.958	0.005	0	0.111	1	9.003	456	1.772	1
7291	4.065	10.289	1.146	2.901	0.005	0	0.282	1	3.548	494	2.531	1
7292	4.93	9.254	1.109	2.082	0.005	0	0.225	1	4.446	450	1.877	1
7293	4.313	6.978	0.561	0.907	0.005	0	0.13	1	7.689	490	1.618	1
7294	1.38	2.339	0.232	0.393	0.005	0	0.168	1	5.936	456	1.695	1
7295	4.351	11.835	0.962	2.616	0.005	0	0.221	1	4.527	460	2.72	1
7296	3.446	6.885	0.362	0.723	0.005	0	0.105	1	9.566	457	1.998	1
7297	2.234	4.91	0.29	0.638	0.005	0	0.13	1	7.703	495	2.198	1
7298	2.928	6.093	0.369	0.768	0.005	0	0.126	1	7.927	463	2.081	1
7299	2.762	7.256	1.643	4.317	0.005	0	0.595	1	1.681	452	2.627	1
7300	3.979	9.41	1.317	3.115	0.005	0	0.331	1	3.023	491	2.365	1
7301	3.431	5.692	1.139	1.89	0.005	0	0.332	1	3.011	494	1.659	1
7302	2.584	4.902	0.292	0.554	0.005	0	0.113	1	8.866	455	1.897	1
7303	3.33	5.681	0.706	1.204	0.005	0	0.212	1	4.708	498	1.706	1
7304	2.164	3.594	1.188	1.973	0.005	0	0.549	1	1.821	456	1.661	1
7305	4.445	11.988	0.471	1.271	0.005	0	0.106	1	9.442	479	2.697	1
7306	2.696	7.592	1.774	4.996	0.005	0	0.658	1	1.52	482	2.816	1
7307	2.752	6.806	0.336	0.83	0.005	0	0.122	1	8.21	460	2.473	1
7308	3.525	6.613	1.826	3.426	0.005	0	0.518	1	1.929	459	1.876	1
7309	3.359	5.294	0.571	0.9	0.005	0	0.17	1	5.883	467	1.576	1
7310	3.666	5.719	0.44	0.686	0.005	0	0.12	1	8.344	490	1.56	1
7311	4.417	9.179	0.583	1.212	0.005	0	0.132	1	7.601	471	2.078	1
7312	2.87	4.931	0.301	0.518	0.005	0	0.105	1	9.563	491	1.718	1
7313	2.899	6.558	0.304	0.689	0.005	0	0.105	1	9.495	490	2.262	1
7314	4.932	9.282	0.641	1.207	0.005	0	0.13	1	7.673	469	1.882	1
7315	3.781	11.056	0.461	1.349	0.005	0	0.122	1	8.178	485	2.924	1
7316	4.817	12.062	0.925	2.316	0.005	0	0.192	1	5.219	465	2.504	1
7317	1.627	4.691	0.194	0.558	0.005	0	0.119	1	8.409	471	2.883	1
7318	4.886	11.507	1.011	2.382	0.005	0	0.207	1	4.829	497	2.355	1
7319	1.451	3.584	0.322	0.796	0.005	0	0.222	1	4.513	478	2.47	1
7320	2.445	4.907	0.934	1.874	0.005	0	0.382	1	2.617	479	2.007	1
7321	2.979	8.574	1.695	4.879	0.005	0	0.569	1	1.756	477	2.878	1
7322	1.327	3.635	0.328	0.898	0.005	0	0.247	1	4.053	469	2.739	1
7323	4.252	7.114	1.063	1.778	0.005	0	0.25	1	4.003	457	1.673	1
7324	1.633	4.354	0.31	0.827	0.005	0	0.19	1	5.257	485	2.666	1
7325	2.873	8.116	0.293	0.828	0.005	0	0.102	1	9.803	450	2.825	1
7326	3.044	6.995	0.387	0.888	0.005	0	0.127	1	7.891	476	2.298	1
7327	4.426	11.813	1.292	3.449	0.005	0	0.292	1	3.424	476	2.669	1
7328	3.468	6.953	0.59	1.182	0.005	0	0.17	1	5.881	467	2.005	1
7329	4.833	7.559	2.112	3.303	0.005	0	0.437	1	2.287	475	1.564	1
7330	1.995	4.263	0.231	0.495	0.005	0	0.116	1	8.635	491	2.137	1
7331	2.774	4.771	0.541	0.93	0.005	0	0.195	1	5.128	462	1.72	1
7332	4.953	7.672	0.545	0.844	0.005	0	0.11	1	9.112	463	1.549	1
7333	4.815	11.363	0.794	1.875	0.005	0	0.165	1	6.077	481	2.36	1
7334	4.09	8.744	1.014	2.169	0.005	0	0.248	1	4.039	467	2.138	1
7335	1.431	3.075	0.192	0.412	0.005	0	0.134	1	7.436	498	2.149	1
7336	2.468	3.946	0.267	0.426	0.005	0	0.108	1	9.276	453	1.599	1
7337	3.066	5.442	1.076	1.91	0.005	0	0.351	1	2.853	481	1.775	1
7338	2.597	3.976	0.309	0.473	0.005	0	0.119	1	8.412	465	1.531	1
7339	3.758	7.884	0.842	1.766	0.005	0	0.224	1	4.46	494	2.098	1
7340	4.922	11.97	0.615	1.496	0.005	0	0.125	1	8.012	493	2.432	1
7341	1.696	3.755	0.19	0.421	0.005	0	0.112	1	8.902	472	2.214	1
7342	1.59	4.53	0.854	2.433	0.005	0	0.537	1	1.861	479	2.849	1
7343	1.517	2.749	0.343	0.621	0.005	0	0.226	1	4.416	474	1.812	1
7344	3.411	7.402	1.358	2.946	0.005	0	0.398	1	2.51	463	2.17	1
7345	2.837	4.627	0.411	0.671	0.005	0	0.145	1	6.891	454	1.631	1
7346	1.687	2.751	0.344	0.561	0.005	0	0.204	1	4.91	464	1.631	1
7347	4.746	10.759	0.745	1.689	0.005	0	0.157	1	6.384	486	2.267	1
7348	2.65	7.322	0.331	0.915	0.005	0	0.125	1	7.993	494	2.763	1
7349	2.974	7.819	0.419	1.102	0.005	0	0.141	1	7.084	495	2.629	1
7350	4.076	10.479	1.239	3.186	0.005	0	0.304	1	3.29	495	2.571	1
7351	2.999	6.502	0.303	0.657	0.005	0	0.101	1	9.943	486	2.168	1
7352	2.095	5.198	1.211	3.004	0.005	0	0.578	1	1.729	463	2.481	1
7353	2.755	5.342	0.543	1.052	0.005	0	0.197	1	5.073	498	1.939	1
7354	3.713	6.052	0.52	0.847	0.005	0	0.14	1	7.142	493	1.63	1
7355	4.328	10.863	0.632	1.586	0.005	0	0.146	1	6.859	476	2.51	1
7356	3.91	10.252	0.403	1.056	0.005	0	0.103	1	9.729	486	2.622	1
7357	1.713	4.545	0.214	0.568	0.005	0	0.125	1	8.012	482	2.653	1
7358	2.228	5.47	1.502	3.687	0.005	0	0.674	1	1.483	470	2.455	1
7359	1.593	2.477	0.569	0.884	0.005	0	0.357	1	2.804	496	1.555	1
7360	3.714	9.133	0.799	1.964	0.005	0	0.215	1	4.662	457	2.459	1
7361	4.764	9.985	0.581	1.218	0.005	0	0.122	1	8.173	491	2.096	1
7362	1.718	4.618	0.711	1.912	0.005	0	0.414	1	2.413	468	2.688	1
7363	3.835	7.263	2.063	3.907	0.005	0	0.538	1	1.858	458	1.894	1
7364	1.418	3.822	0.74	1.995	0.005	0	0.522	1	1.916	493	2.695	1
7365	1.277	3.277	0.222	0.57	0.005	0	0.174	1	5.758	463	2.566	1
7366	1.098	2.033	0.259	0.48	0.005	0	0.236	1	4.237	460	1.852	1
7367	2.399	3.99	0.343	0.571	0.005	0	0.143	1	6.981	462	1.663	1
7368	2.071	3.405	0.52	0.855	0.005	0	0.251	1	3.986	486	1.644	1
7369	1.292	1.95	0.183	0.277	0.005	0	0.142	1	7.054	492	1.509	1
7370	2.091	5.267	0.278	0.701	0.005	0	0.133	1	7.521	496	2.519	1
7371	3.957	6.28	1.903	3.021	0.005	0	0.481	1	2.08	482	1.587	1
7372	3.615	7.197	3.568	7.103	0.005	0	0.987	1	1.013	485	1.991	1
7373	2.732	5.475	0.38	0.761	0.005	0	0.139	1	7.219	481	2.004	1
7374	2.614	5.887	0.329	0.742	0.005	0	0.126	1	7.911	459	2.252	1
7375	4.183	9.023	0.556	1.2	0.005	0	0.133	1	7.491	496	2.157	1
7376	4.273	12.302	0.461	1.329	0.005	0	0.108	1	9.279	478	2.879	1
7377	2.122	3.637	0.34	0.582	0.005	0	0.16	1	6.235	498	1.714	1
7378	3.615	6.482	0.549	0.985	0.005	0	0.152	1	6.559	479	1.793	1
7379	4.164	8.157	0.429	0.84	0.005	0	0.103	1	9.677	451	1.959	1
7380	4.592	13.106	0.882	2.516	0.005	0	0.192	1	5.219	476	2.854	1
7381	3.59	8.074	0.607	1.365	0.005	0	0.169	1	5.911	456	2.249	1
7382	4.074	7.749	1.605	3.053	0.005	0	0.394	1	2.538	491	1.902	1
7383	2.392	6.238	0.488	1.273	0.005	0	0.204	1	4.898	491	2.608	1
7384	2.99	6.548	0.727	1.591	0.005	0	0.243	1	4.122	482	2.19	1
7385	2.505	5.108	2.137	4.357	0.005	0	0.853	1	1.172	485	2.039	1
7386	4.212	12.358	0.51	1.495	0.005	0	0.121	1	8.246	456	2.934	1
7387	1.927	4.212	1.38	3.016	0.005	0	0.716	1	1.397	497	2.186	1
7388	2.685	4.041	0.623	0.938	0.005	0	0.232	1	4.311	481	1.505	1
7389	2.139	5.176	0.436	1.056	0.005	0	0.204	1	4.9	476	2.42	1
7390	2.258	5.074	0.418	0.939	0.005	0	0.185	1	5.404	498	2.247	1
7391	4.66	8.887	0.522	0.995	0.005	0	0.112	1	8.941	470	1.907	1
7392	1.158	2.695	0.127	0.296	0.005	0	0.11	1	9.116	471	2.327	1
7393	2.252	4.871	0.475	1.028	0.005	0	0.211	1	4.739	455	2.163	1
7394	1.166	3.133	0.239	0.642	0.005	0	0.205	1	4.877	458	2.687	1
7395	1.914	4.109	0.465	0.998	0.005	0	0.243	1	4.122	490	2.147	1
7396	3.463	8.647	1.101	2.75	0.005	0	0.318	1	3.141	451	2.497	1
7397	3.158	5.04	0.963	1.537	0.005	0	0.305	1	3.279	496	1.596	1
7398	1.693	2.597	0.235	0.361	0.005	0	0.139	1	7.194	486	1.534	1
7399	1.92	3.684	0.803	1.54	0.005	0	0.418	1	2.392	496	1.919	1
7400	3.806	9.515	0.921	2.303	0.005	0	0.242	1	4.124	475	2.5	1
7401	2.636	7.283	0.387	1.071	0.005	0	0.147	1	6.783	455	2.763	1
7402	2.636	4.001	0.641	0.972	0.005	0	0.243	1	4.122	458	1.518	1
7403	1.959	4.927	0.233	0.586	0.005	0	0.119	1	8.375	459	2.515	1
7404	3.569	6.588	1.231	2.273	0.005	0	0.345	1	2.896	493	1.846	1
7405	1.897	3.722	1.015	1.991	0.005	0	0.535	1	1.868	484	1.962	1
7406	4.972	13.469	1.969	5.334	0.005	0	0.396	1	2.525	450	2.709	1
7407	4.922	9.426	0.63	1.207	0.005	0	0.128	1	7.826	475	1.915	1
7408	4.374	9.282	0.691	1.467	0.005	0	0.158	1	6.319	461	2.122	1
7409	1.48	4.242	0.243	0.696	0.005	0	0.164	1	6.08	465	2.866	1
7410	4.627	13.617	0.606	1.784	0.005	0	0.131	1	7.657	455	2.943	1
7411	1.684	4.058	0.216	0.519	0.005	0	0.128	1	7.79	468	2.41	1
7412	3.542	10.098	0.379	1.08	0.005	0	0.107	1	9.337	492	2.851	1
7413	2.316	6.557	0.72	2.039	0.005	0	0.311	1	3.22	485	2.831	1
7414	3.929	7.155	0.853	1.553	0.005	0	0.217	1	4.61	499	1.821	1
7415	3.657	7.003	3.266	6.254	0.005	0	0.893	1	1.12	493	1.915	1
7416	3.017	4.589	0.546	0.831	0.005	0	0.181	1	5.522	470	1.521	1
7417	3.227	7.119	0.904	1.993	0.005	0	0.28	1	3.571	466	2.206	1
7418	4.885	12.496	1.412	3.611	0.005	0	0.289	1	3.461	454	2.558	1
7419	4.818	9.275	1.397	2.69	0.005	0	0.29	1	3.45	488	1.925	1
7420	4.602	13.631	0.626	1.854	0.005	0	0.136	1	7.361	482	2.962	1
7421	3.159	7.367	2.391	5.577	0.005	0	0.757	1	1.321	473	2.332	1
7422	2.75	6.386	0.327	0.76	0.005	0	0.119	1	8.374	470	2.322	1
7423	4.505	8.636	0.469	0.898	0.005	0	0.104	1	9.631	461	1.917	1
7424	2.164	4.895	0.844	1.909	0.005	0	0.39	1	2.564	455	2.262	1
7425	3.601	5.765	0.393	0.628	0.005	0	0.109	1	9.144	450	1.601	1
7426	4.652	10.89	0.526	1.231	0.005	0	0.113	1	8.851	468	2.341	1
7427	1.533	4.412	0.164	0.472	0.005	0	0.107	1	9.357	483	2.878	1
7428	2.291	5.961	1.134	2.951	0.005	0	0.495	1	2.02	465	2.602	1
7429	1.483	3.669	0.221	0.547	0.005	0	0.149	1	6.724	494	2.474	1
7430	1.665	2.726	1.106	1.81	0.005	0	0.664	1	1.506	478	1.637	1
7431	1.802	3.784	0.308	0.647	0.005	0	0.171	1	5.832	488	2.1	1
7432	4.809	11.633	0.938	2.268	0.005	0	0.195	1	5.131	452	2.419	1
7433	2.811	5.754	0.36	0.737	0.005	0	0.128	1	7.821	460	2.047	1
7434	3.532	7.732	0.71	1.554	0.005	0	0.201	1	4.977	483	2.189	1
7435	2.06	5.756	0.251	0.702	0.005	0	0.122	1	8.21	463	2.794	1
7436	4.682	7.599	0.73	1.185	0.005	0	0.156	1	6.423	477	1.623	1
7437	2.477	5.122	2.38	4.922	0.005	0	0.961	1	1.041	466	2.068	1
7438	4.023	8.674	0.551	1.188	0.005	0	0.137	1	7.28	489	2.156	1
7439	1.838	2.775	1.309	1.976	0.005	0	0.712	1	1.405	498	1.51	1
7440	4.095	9.906	0.897	2.169	0.005	0	0.219	1	4.564	483	2.419	1
7441	4.882	13.201	0.61	1.65	0.005	0	0.125	1	8.015	495	2.704	1
7442	1.743	3.19	0.626	1.145	0.005	0	0.359	1	2.788	462	1.83	1
7443	3.732	6.897	0.411	0.759	0.005	0	0.11	1	9.087	454	1.848	1
7444	2.573	4.616	0.298	0.535	0.005	0	0.116	1	8.585	452	1.794	1
7445	1.202	2.097	0.198	0.346	0.005	0	0.165	1	6.054	475	1.745	1
7446	2.233	5.216	1.235	2.884	0.005	0	0.553	1	1.808	499	2.336	1
7447	3.58	8.266	0.709	1.637	0.005	0	0.198	1	5.046	480	2.309	1
7448	3.886	11.611	0.851	2.543	0.005	0	0.219	1	4.562	462	2.988	1
7449	1.375	3.922	0.271	0.773	0.005	0	0.197	1	5.086	458	2.852	1
7450	4.605	12.53	4.048	11.014	0.005	0	0.879	1	1.138	492	2.721	1
7451	2.81	7.053	0.995	2.497	0.005	0	0.354	1	2.823	490	2.51	1
7452	3.7	6.952	2.194	4.123	0.005	0	0.593	1	1.687	456	1.879	1
7453	3.02	5.025	0.305	0.508	0.005	0	0.101	1	9.897	480	1.664	1
7454	2.888	8.159	0.306	0.865	0.005	0	0.106	1	9.468	478	2.825	1
7455	3.266	5.934	1.809	3.287	0.005	0	0.554	1	1.806	469	1.817	1
7456	3.542	7.353	0.818	1.699	0.005	0	0.231	1	4.325	460	2.076	1
7457	4.562	11.291	1.401	3.466	0.005	0	0.307	1	3.26	493	2.475	1
7458	1.204	3.248	0.141	0.38	0.005	0	0.117	1	8.554	459	2.698	1
7459	3.141	8.594	0.474	1.298	0.005	0	0.151	1	6.612	458	2.736	1
7460	2.663	7.568	0.479	1.362	0.005	0	0.18	1	5.543	469	2.842	1
7461	1.591	3.406	0.866	1.853	0.005	0	0.544	1	1.837	469	2.141	1
7462	3.847	6.082	1.924	3.041	0.005	0	0.5	1	2.002	485	1.581	1
7463	2.588	5.215	0.261	0.527	0.005	0	0.101	1	9.932	471	2.015	1
7464	2.239	5.481	0.231	0.565	0.005	0	0.103	1	9.665	463	2.448	1
7465	2.77	4.551	1.158	1.902	0.005	0	0.418	1	2.394	482	1.643	1
7466	2.898	6.529	0.742	1.671	0.005	0	0.256	1	3.91	480	2.253	1
7467	2.81	4.608	0.343	0.562	0.005	0	0.122	1	8.215	480	1.64	1
7468	3.684	7.644	0.435	0.902	0.005	0	0.118	1	8.461	457	2.075	1
7469	3.331	6.409	0.486	0.936	0.005	0	0.146	1	6.872	480	1.924	1
7470	4.739	12.999	0.791	2.171	0.005	0	0.167	1	5.982	466	2.743	1
7471	1.581	4.101	0.175	0.455	0.005	0	0.111	1	9.043	484	2.594	1
7472	3.015	8.674	0.437	1.258	0.005	0	0.145	1	6.905	476	2.877	1
7473	3.944	6.78	0.966	1.661	0.005	0	0.245	1	4.08	479	1.719	1
7474	4.912	10.968	0.511	1.141	0.005	0	0.104	1	9.628	450	2.233	1
7475	4.201	10.309	0.79	1.938	0.005	0	0.188	1	5.316	465	2.454	1
7476	4.529	9.656	1.028	2.192	0.005	0	0.227	1	4.413	499	2.132	1
7477	3.336	5.958	1.034	1.847	0.005	0	0.31	1	3.223	478	1.786	1
7478	1.849	3.887	0.218	0.459	0.005	0	0.118	1	8.479	481	2.102	1
7479	2.35	6.634	0.242	0.683	0.005	0	0.103	1	9.709	480	2.823	1
7480	3.984	7.486	1.048	1.969	0.005	0	0.263	1	3.803	453	1.879	1
7481	3.912	6.036	0.52	0.803	0.005	0	0.133	1	7.533	473	1.543	1
7482	2.78	6.544	0.448	1.054	0.005	0	0.161	1	6.229	464	2.354	1
7483	1.567	3.134	0.166	0.332	0.005	0	0.106	1	9.392	478	2.0	1
7484	2.409	6.675	0.366	1.015	0.005	0	0.152	1	6.596	489	2.771	1
7485	1.02	2.108	0.171	0.354	0.005	0	0.168	1	5.968	494	2.067	1
7486	2.256	5.344	0.332	0.786	0.005	0	0.147	1	6.811	459	2.369	1
7487	2.857	4.408	0.369	0.569	0.005	0	0.129	1	7.734	497	1.543	1
7488	4.597	13.037	1.126	3.194	0.005	0	0.245	1	4.088	483	2.836	1
7489	4.401	12.142	0.731	2.016	0.005	0	0.166	1	6.016	468	2.759	1
7490	4.036	7.136	0.69	1.22	0.005	0	0.171	1	5.847	456	1.768	1
7491	3.731	7.052	0.593	1.121	0.005	0	0.159	1	6.271	482	1.89	1
7492	3.382	9.487	0.413	1.157	0.005	0	0.122	1	8.207	497	2.805	1
7493	1.01	2.384	0.132	0.312	0.005	0	0.131	1	7.62	490	2.36	1
7494	4.148	10.27	2.352	5.823	0.005	0	0.567	1	1.765	475	2.476	1
7495	1.812	5.097	0.208	0.586	0.005	0	0.115	1	8.669	467	2.813	1
7496	2.348	5.297	0.831	1.875	0.005	0	0.354	1	2.823	490	2.256	1
7497	3.3	5.844	0.396	0.701	0.005	0	0.12	1	8.355	467	1.771	1
7498	4.546	13.333	0.95	2.787	0.005	0	0.209	1	4.793	462	2.933	1
7499	4.718	9.271	0.59	1.159	0.005	0	0.125	1	8.017	494	1.965	1
7500	4.917	10.994	0.634	1.418	0.005	0	0.129	1	7.775	485	2.236	1
7501	4.599	9.423	0.943	1.932	0.005	0	0.205	1	4.883	468	2.049	1
7502	2.044	5.944	0.233	0.678	0.005	0	0.114	1	8.743	490	2.908	1
7503	4.111	8.432	0.625	1.282	0.005	0	0.152	1	6.57	486	2.051	1
7504	3.424	9.752	0.726	2.067	0.005	0	0.212	1	4.725	466	2.848	1
7505	1.473	3.783	0.171	0.439	0.005	0	0.116	1	8.617	492	2.568	1
7506	4.669	10.286	1.209	2.664	0.005	0	0.259	1	3.859	485	2.203	1
7507	3.408	5.708	0.498	0.833	0.005	0	0.146	1	6.868	490	1.675	1
7508	3.322	7.767	1.007	2.353	0.005	0	0.303	1	3.298	478	2.338	1
7509	4.665	13.067	0.746	2.091	0.005	0	0.16	1	6.246	462	2.801	1
7510	2.445	5.804	0.352	0.836	0.005	0	0.144	1	6.962	486	2.374	1
7511	2.266	3.796	1.428	2.391	0.005	0	0.63	1	1.588	499	1.675	1
7512	2.483	5.356	0.343	0.739	0.005	0	0.138	1	7.248	494	2.157	1
7513	1.199	2.824	0.254	0.599	0.005	0	0.212	1	4.72	484	2.355	1
7514	3.327	8.757	0.606	1.594	0.005	0	0.182	1	5.496	458	2.632	1
7515	1.869	5.308	0.235	0.669	0.005	0	0.126	1	7.94	454	2.84	1
7516	3.706	8.754	0.441	1.042	0.005	0	0.119	1	8.429	451	2.362	1
7517	2.193	3.357	0.526	0.806	0.005	0	0.24	1	4.162	494	1.531	1
7518	3.757	7.146	0.436	0.829	0.005	0	0.116	1	8.59	453	1.902	1
7519	3.474	8.042	0.594	1.375	0.005	0	0.171	1	5.847	454	2.315	1
7520	4.992	9.44	0.619	1.171	0.005	0	0.124	1	8.087	477	1.891	1
7521	4.775	13.427	1.619	4.552	0.005	0	0.339	1	2.951	482	2.812	1
7522	3.015	7.396	1.523	3.735	0.005	0	0.505	1	1.982	486	2.453	1
7523	2.984	5.902	2.429	4.804	0.005	0	0.814	1	1.229	455	1.978	1
7524	1.095	2.041	0.113	0.21	0.005	0	0.103	1	9.708	493	1.864	1
7525	3.623	9.257	0.384	0.981	0.005	0	0.106	1	9.464	488	2.555	1
7526	4.5	7.664	0.837	1.426	0.005	0	0.186	1	5.366	490	1.703	1
7527	4.124	6.429	0.565	0.881	0.005	0	0.137	1	7.28	499	1.559	1
7528	2.569	6.592	1.251	3.21	0.005	0	0.487	1	2.054	471	2.566	1
7529	4.33	10.422	0.914	2.199	0.005	0	0.211	1	4.736	475	2.407	1
7530	4.948	9.644	0.584	1.138	0.005	0	0.118	1	8.483	479	1.949	1
7531	1.619	3.559	0.795	1.747	0.005	0	0.491	1	2.036	469	2.198	1
7532	1.452	2.788	0.277	0.533	0.005	0	0.191	1	5.228	493	1.92	1
7533	4.317	12.053	0.699	1.953	0.005	0	0.162	1	6.163	480	2.792	1
7534	1.743	3.085	0.249	0.441	0.005	0	0.143	1	6.986	497	1.77	1
7535	4.98	9.915	1.429	2.846	0.005	0	0.287	1	3.486	483	1.991	1
7536	3.601	7.526	0.555	1.159	0.005	0	0.154	1	6.48	487	2.09	1
7537	4.476	12.882	0.671	1.932	0.005	0	0.15	1	6.65	492	2.878	1
7538	2.444	7.207	0.477	1.405	0.005	0	0.195	1	5.128	470	2.949	1
7539	4.919	8.038	0.812	1.326	0.005	0	0.165	1	6.044	499	1.634	1
7540	1.134	3.376	0.204	0.608	0.005	0	0.18	1	5.561	464	2.977	1
7541	3.737	10.28	0.4	1.1	0.005	0	0.107	1	9.323	450	2.751	1
7542	3.498	8.217	0.35	0.822	0.005	0	0.1	1	9.967	483	2.349	1
7543	1.23	2.193	0.905	1.614	0.005	0	0.736	1	1.358	462	1.783	1
7544	3.069	6.408	0.543	1.134	0.005	0	0.177	1	5.647	450	2.088	1
7545	2.766	6.929	0.379	0.949	0.005	0	0.137	1	7.319	485	2.505	1
7546	3.185	8.851	0.363	1.009	0.005	0	0.114	1	8.787	489	2.779	1
7547	2.307	6.028	0.277	0.723	0.005	0	0.12	1	8.368	468	2.613	1
7548	3.213	7.862	0.662	1.62	0.005	0	0.206	1	4.865	488	2.447	1
7549	3.106	9.231	0.646	1.92	0.005	0	0.208	1	4.817	464	2.972	1
7550	3.61	6.729	0.531	0.989	0.005	0	0.147	1	6.782	460	1.864	1
7551	1.552	2.73	0.734	1.291	0.005	0	0.473	1	2.113	495	1.759	1
7552	3.72	8.474	0.484	1.102	0.005	0	0.13	1	7.707	487	2.278	1
7553	4.178	9.601	3.217	7.393	0.005	0	0.77	1	1.298	482	2.298	1
7554	2.522	6.9	0.545	1.49	0.005	0	0.216	1	4.625	465	2.736	1
7555	3.226	5.591	1.036	1.795	0.005	0	0.321	1	3.117	485	1.733	1
7556	1.949	5.625	0.306	0.883	0.005	0	0.157	1	6.366	471	2.886	1
7557	3.969	6.374	2.239	3.595	0.005	0	0.564	1	1.774	465	1.606	1
7558	2.696	6.549	0.348	0.845	0.005	0	0.129	1	7.744	477	2.429	1
7559	4.722	10.336	1.124	2.46	0.005	0	0.238	1	4.193	460	2.189	1
7560	2.16	4.679	0.514	1.114	0.005	0	0.238	1	4.196	488	2.166	1
7561	4.076	8.034	0.587	1.157	0.005	0	0.144	1	6.926	498	1.971	1
7562	4.345	9.872	0.834	1.895	0.005	0	0.192	1	5.213	478	2.272	1
7563	3.028	6.298	0.36	0.749	0.005	0	0.119	1	8.396	453	2.08	1
7564	3.983	9.268	0.605	1.409	0.005	0	0.152	1	6.596	487	2.327	1
7565	1.341	3.957	0.266	0.783	0.005	0	0.198	1	5.04	473	2.951	1
7566	2.21	3.83	0.221	0.383	0.005	0	0.1	1	9.979	487	1.733	1
7567	1.353	3.94	0.613	1.785	0.005	0	0.453	1	2.209	472	2.912	1
7568	4.918	11.42	0.974	2.261	0.005	0	0.198	1	5.045	480	2.322	1
7569	1.134	2.928	0.311	0.802	0.005	0	0.274	1	3.649	477	2.582	1
7570	1.478	4.152	0.423	1.187	0.005	0	0.286	1	3.497	463	2.809	1
7571	1.139	2.507	0.491	1.081	0.005	0	0.431	1	2.318	468	2.201	1
7572	3.572	7.39	0.568	1.175	0.005	0	0.159	1	6.295	497	2.069	1
7573	4.814	12.261	0.809	2.06	0.005	0	0.168	1	5.953	464	2.547	1
7574	4.765	12.432	1.572	4.103	0.005	0	0.33	1	3.033	459	2.609	1
7575	3.797	7.64	0.904	1.818	0.005	0	0.238	1	4.193	466	2.012	1
7576	2.646	4.419	0.267	0.446	0.005	0	0.101	1	9.943	485	1.67	1
7577	4.918	10.613	0.693	1.496	0.005	0	0.141	1	7.096	468	2.158	1
7578	1.598	4.717	1.107	3.269	0.005	0	0.693	1	1.444	455	2.952	1
7579	1.584	3.452	0.63	1.374	0.005	0	0.398	1	2.515	484	2.179	1
7580	1.177	3.13	0.125	0.332	0.005	0	0.106	1	9.416	458	2.659	1
7581	4.327	6.607	0.502	0.766	0.005	0	0.116	1	8.656	455	1.527	1
7582	1.739	5.127	0.221	0.651	0.005	0	0.127	1	7.889	483	2.948	1
7583	3.833	5.945	0.406	0.63	0.005	0	0.106	1	9.47	467	1.551	1
7584	4.508	10.738	0.708	1.686	0.005	0	0.157	1	6.372	481	2.382	1
7585	4.468	9.374	0.594	1.247	0.005	0	0.133	1	7.537	493	2.098	1
7586	3.49	8.976	0.352	0.907	0.005	0	0.101	1	9.949	482	2.572	1
7587	1.877	5.515	0.589	1.732	0.005	0	0.314	1	3.185	482	2.938	1
7588	4.438	7.753	0.488	0.853	0.005	0	0.11	1	9.07	474	1.747	1
7589	3.809	6.974	0.628	1.151	0.005	0	0.165	1	6.049	463	1.831	1
7590	4.615	8.349	1.38	2.496	0.005	0	0.299	1	3.341	481	1.809	1
7591	4.351	9.642	1.014	2.247	0.005	0	0.233	1	4.3	458	2.216	1
7592	1.869	4.652	0.469	1.168	0.005	0	0.251	1	3.991	485	2.489	1
7593	1.467	2.771	0.208	0.393	0.005	0	0.142	1	7.026	474	1.889	1
7594	1.026	2.119	0.155	0.32	0.005	0	0.151	1	6.611	464	2.065	1
7595	4.551	11.5	1.074	2.714	0.005	0	0.236	1	4.231	484	2.527	1
7596	3.359	8.827	0.514	1.351	0.005	0	0.153	1	6.552	498	2.628	1
7597	4.178	6.309	1.437	2.17	0.005	0	0.344	1	2.908	471	1.51	1
7598	3.367	9.545	0.377	1.069	0.005	0	0.112	1	8.959	499	2.835	1
7599	1.64	2.581	0.387	0.609	0.005	0	0.236	1	4.233	455	1.574	1
7600	2.105	6.256	0.307	0.913	0.005	0	0.146	1	6.849	461	2.972	1
7601	2.23	4.525	0.705	1.43	0.005	0	0.316	1	3.16	492	2.029	1
7602	1.219	2.306	0.197	0.374	0.005	0	0.162	1	6.175	476	1.892	1
7603	2.624	5.917	0.344	0.775	0.005	0	0.131	1	7.633	487	2.255	1
7604	4.574	11.563	0.7	1.769	0.005	0	0.153	1	6.535	468	2.528	1
7605	4.806	10.987	1.12	2.56	0.005	0	0.233	1	4.29	491	2.286	1
7606	1.075	2.013	0.172	0.322	0.005	0	0.16	1	6.235	469	1.873	1
7607	4.272	12.637	2.538	7.506	0.005	0	0.594	1	1.684	480	2.958	1
7608	1.245	3.614	0.125	0.361	0.005	0	0.1	1	9.964	460	2.903	1
7609	2.697	5.114	0.307	0.583	0.005	0	0.114	1	8.797	481	1.896	1
7610	3.605	10.573	0.851	2.495	0.005	0	0.236	1	4.239	470	2.933	1
7611	4.089	9.233	1.292	2.918	0.005	0	0.316	1	3.166	490	2.258	1
7612	3.462	7.246	1.021	2.138	0.005	0	0.295	1	3.392	476	2.093	1
7613	1.02	1.947	0.16	0.306	0.005	0	0.157	1	6.373	481	1.909	1
7614	4.106	7.292	0.903	1.604	0.005	0	0.22	1	4.538	471	1.776	1
7615	2.297	3.485	0.273	0.415	0.005	0	0.119	1	8.381	454	1.517	1
7616	2.967	8.759	0.911	2.689	0.005	0	0.307	1	3.259	468	2.952	1
7617	1.038	2.934	0.263	0.742	0.005	0	0.253	1	3.957	478	2.827	1
7618	1.944	5.608	0.224	0.645	0.005	0	0.115	1	8.727	451	2.885	1
7619	4.637	7.109	0.505	0.775	0.005	0	0.109	1	9.214	460	1.533	1
7620	2.634	7.599	0.277	0.798	0.005	0	0.105	1	9.495	462	2.885	1
7621	3.015	7.785	0.329	0.849	0.005	0	0.109	1	9.203	487	2.582	1
7622	4.374	10.336	4.147	9.799	0.005	0	0.948	1	1.055	486	2.363	1
7623	3.756	9.337	0.706	1.755	0.005	0	0.188	1	5.325	472	2.486	1
7624	3.737	6.958	2.668	4.968	0.005	0	0.714	1	1.401	461	1.862	1
7625	2.361	5.102	0.51	1.102	0.005	0	0.216	1	4.628	482	2.161	1
7626	1.866	4.768	0.629	1.607	0.005	0	0.337	1	2.963	456	2.555	1
7627	3.174	4.78	0.749	1.128	0.005	0	0.236	1	4.239	454	1.506	1
7628	4.181	10.616	0.431	1.093	0.005	0	0.103	1	9.69	466	2.539	1
7629	3.256	5.604	0.339	0.583	0.005	0	0.104	1	9.615	474	1.721	1
7630	1.669	3.143	0.98	1.845	0.005	0	0.587	1	1.703	481	1.883	1
7631	4.112	9.305	0.465	1.051	0.005	0	0.113	1	8.833	493	2.263	1
7632	2.964	4.819	1.292	2.101	0.005	0	0.436	1	2.295	458	1.626	1
7633	2.382	4.209	0.529	0.934	0.005	0	0.222	1	4.505	467	1.767	1
7634	2.16	5.631	0.276	0.721	0.005	0	0.128	1	7.807	461	2.607	1
7635	1.338	3.073	0.851	1.954	0.005	0	0.636	1	1.573	489	2.297	1
7636	3.219	7.61	0.898	2.123	0.005	0	0.279	1	3.59	483	2.364	1
7637	1.442	2.183	0.313	0.474	0.005	0	0.217	1	4.609	474	1.514	1
7638	2.242	3.533	0.294	0.463	0.005	0	0.131	1	7.652	474	1.576	1
7639	1.164	3.193	0.446	1.223	0.005	0	0.383	1	2.61	492	2.743	1
7640	2.981	4.907	0.435	0.716	0.005	0	0.146	1	6.829	457	1.646	1
7641	4.923	10.437	1.408	2.985	0.005	0	0.286	1	3.499	483	2.12	1
7642	4.506	10.463	0.68	1.58	0.005	0	0.151	1	6.638	499	2.322	1
7643	2.926	8.544	0.579	1.692	0.005	0	0.198	1	5.051	452	2.92	1
7644	4.316	10.125	1.2	2.815	0.005	0	0.278	1	3.594	452	2.346	1
7645	2.842	8.054	0.301	0.854	0.005	0	0.106	1	9.426	475	2.834	1
7646	4.956	7.632	1.036	1.595	0.005	0	0.209	1	4.792	495	1.54	1
7647	3.786	7.39	1.745	3.407	0.005	0	0.461	1	2.169	471	1.952	1
7648	1.282	3.233	0.186	0.469	0.005	0	0.145	1	6.882	498	2.522	1
7649	1.452	2.393	0.822	1.354	0.005	0	0.566	1	1.766	464	1.648	1
7650	3.01	5.454	0.355	0.644	0.005	0	0.118	1	8.472	482	1.812	1
7651	4.669	11.336	0.574	1.394	0.005	0	0.123	1	8.118	492	2.428	1
7652	1.288	3.792	0.417	1.229	0.005	0	0.324	1	3.09	454	2.944	1
7653	3.407	6.94	0.365	0.743	0.005	0	0.107	1	9.381	451	2.037	1
7654	1.565	2.789	0.532	0.948	0.005	0	0.34	1	2.945	455	1.782	1
7655	3.581	7.839	0.426	0.933	0.005	0	0.119	1	8.377	472	2.189	1
7656	3.849	6.166	0.527	0.845	0.005	0	0.137	1	7.279	474	1.602	1
7657	4.044	6.636	2.661	4.366	0.005	0	0.658	1	1.519	467	1.641	1
7658	4.271	11.344	0.598	1.588	0.005	0	0.14	1	7.146	494	2.656	1
7659	4.037	6.516	0.488	0.788	0.005	0	0.121	1	8.234	471	1.614	1
7660	2.92	7.875	0.587	1.583	0.005	0	0.201	1	4.981	490	2.697	1
7661	2.753	6.392	0.407	0.946	0.005	0	0.148	1	6.75	472	2.322	1
7662	4.675	13.969	0.841	2.514	0.005	0	0.18	1	5.544	457	2.988	1
7663	2.703	8.079	1.487	4.443	0.005	0	0.55	1	1.819	498	2.989	1
7664	4.663	11.42	0.583	1.428	0.005	0	0.125	1	7.972	465	2.449	1
7665	3.27	6.906	1.877	3.964	0.005	0	0.574	1	1.743	451	2.112	1
7666	1.921	4.13	1.064	2.288	0.005	0	0.554	1	1.805	450	2.15	1
7667	2.495	5.786	0.252	0.584	0.005	0	0.101	1	9.874	487	2.319	1
7668	3.174	6.999	0.333	0.735	0.005	0	0.105	1	9.565	463	2.205	1
7669	4.027	8.936	0.898	1.993	0.005	0	0.223	1	4.487	471	2.219	1
7670	4.485	12.908	0.709	2.039	0.005	0	0.158	1	6.326	495	2.878	1
7671	2.228	3.596	0.229	0.37	0.005	0	0.103	1	9.678	450	1.614	1
7672	1.921	4.806	0.524	1.312	0.005	0	0.273	1	3.661	459	2.502	1
7673	3.847	11.114	0.465	1.345	0.005	0	0.121	1	8.289	451	2.889	1
7674	2.475	6.695	1.101	2.979	0.005	0	0.445	1	2.245	484	2.705	1
7675	2.751	7.252	0.418	1.102	0.005	0	0.152	1	6.569	451	2.636	1
7676	3.334	5.594	0.59	0.99	0.005	0	0.177	1	5.654	494	1.678	1
7677	1.714	3.157	0.331	0.609	0.005	0	0.193	1	5.185	475	1.842	1
7678	2.076	4.752	0.71	1.625	0.005	0	0.342	1	2.922	481	2.289	1
7679	2.663	6.346	0.314	0.749	0.005	0	0.118	1	8.49	468	2.383	1
7680	1.944	3.097	0.22	0.35	0.005	0	0.113	1	8.861	450	1.593	1
7681	3.444	10.118	0.468	1.376	0.005	0	0.136	1	7.332	468	2.938	1
7682	2.268	4.4	0.533	1.034	0.005	0	0.235	1	4.256	489	1.94	1
7683	1.672	3.964	0.523	1.241	0.005	0	0.313	1	3.199	491	2.371	1
7684	1.066	2.347	0.355	0.782	0.005	0	0.333	1	3.007	488	2.202	1
7685	2.441	6.688	2.104	5.765	0.005	0	0.862	1	1.16	468	2.74	1
7686	3.15	9.45	0.485	1.455	0.005	0	0.154	1	6.48	469	3.0	1
7687	2.033	3.706	0.374	0.682	0.005	0	0.184	1	5.426	478	1.823	1
7688	1.451	2.603	0.373	0.669	0.005	0	0.257	1	3.884	487	1.794	1
7689	2.315	4.818	0.359	0.747	0.005	0	0.155	1	6.438	486	2.081	1
7690	2.046	3.319	0.205	0.332	0.005	0	0.1	1	9.987	490	1.622	1
7691	1.727	2.829	1.047	1.714	0.005	0	0.606	1	1.649	451	1.638	1
7692	1.937	4.914	0.368	0.934	0.005	0	0.19	1	5.275	475	2.537	1
7693	3.052	6.605	0.693	1.499	0.005	0	0.227	1	4.406	481	2.164	1
7694	1.623	3.52	0.229	0.496	0.005	0	0.141	1	7.085	498	2.169	1
7695	3.46	8.038	0.668	1.551	0.005	0	0.193	1	5.186	456	2.323	1
7696	2.478	5.598	0.327	0.739	0.005	0	0.132	1	7.552	484	2.259	1
7697	1.595	3.668	0.182	0.418	0.005	0	0.114	1	8.772	490	2.3	1
7698	1.949	5.136	1.193	3.143	0.005	0	0.612	1	1.633	459	2.635	1
7699	3.527	7.301	0.511	1.059	0.005	0	0.145	1	6.899	452	2.07	1
7700	4.176	6.527	0.438	0.685	0.005	0	0.105	1	9.549	463	1.563	1
7701	1.13	2.593	0.271	0.622	0.005	0	0.24	1	4.166	481	2.295	1
7702	1.343	2.299	0.222	0.379	0.005	0	0.165	1	6.066	489	1.712	1
7703	3.1	8.568	1.442	3.984	0.005	0	0.465	1	2.151	450	2.764	1
7704	3.244	5.009	0.48	0.741	0.005	0	0.148	1	6.774	459	1.544	1
7705	3.741	9.439	1.111	2.803	0.005	0	0.297	1	3.363	489	2.523	1
7706	3.475	9.89	0.379	1.078	0.005	0	0.109	1	9.137	483	2.846	1
7707	2.569	4.128	0.64	1.028	0.005	0	0.249	1	4.014	450	1.607	1
7708	1.315	2.008	0.17	0.259	0.005	0	0.129	1	7.781	496	1.527	1
7709	2.025	4.508	0.719	1.6	0.005	0	0.355	1	2.818	458	2.226	1
7710	3.889	11.266	1.217	3.526	0.005	0	0.313	1	3.194	480	2.897	1
7711	1.402	2.808	0.272	0.545	0.005	0	0.194	1	5.143	470	2.003	1
7712	4.136	9.306	0.517	1.163	0.005	0	0.125	1	8.028	463	2.25	1
7713	1.744	4.25	0.446	1.088	0.005	0	0.256	1	3.901	496	2.437	1
7714	2.365	5.007	0.359	0.761	0.005	0	0.152	1	6.575	466	2.117	1
7715	3.564	8.518	0.503	1.201	0.005	0	0.141	1	7.083	487	2.39	1
7716	2.637	4.504	0.311	0.531	0.005	0	0.118	1	8.481	495	1.708	1
7717	3.835	8.943	0.476	1.109	0.005	0	0.124	1	8.049	495	2.332	1
7718	1.741	4.826	0.228	0.632	0.005	0	0.131	1	7.623	498	2.772	1
7719	2.352	6.616	0.303	0.853	0.005	0	0.129	1	7.759	472	2.813	1
7720	2.262	5.818	0.244	0.628	0.005	0	0.108	1	9.236	496	2.572	1
7721	1.157	2.455	0.803	1.704	0.005	0	0.694	1	1.441	476	2.122	1
7722	3.076	5.229	1.532	2.604	0.005	0	0.498	1	2.009	465	1.7	1
7723	3.92	7.738	2.948	5.819	0.005	0	0.752	1	1.33	472	1.974	1
7724	3.429	9.79	0.72	2.056	0.005	0	0.21	1	4.753	494	2.855	1
7725	1.286	3.26	0.156	0.394	0.005	0	0.121	1	8.288	462	2.535	1
7726	2.877	8.044	0.299	0.837	0.005	0	0.104	1	9.616	472	2.796	1
7727	2.448	6.678	0.316	0.861	0.005	0	0.129	1	7.739	493	2.728	1
7728	1.798	5.342	0.183	0.545	0.005	0	0.102	1	9.759	464	2.971	1
7729	4.107	11.38	0.439	1.218	0.005	0	0.107	1	9.351	473	2.771	1
7730	4.152	8.233	0.984	1.951	0.005	0	0.237	1	4.217	491	1.983	1
7731	4.567	13.491	0.607	1.794	0.005	0	0.133	1	7.537	490	2.954	1
7732	1.29	2.589	0.243	0.487	0.005	0	0.188	1	5.329	460	2.007	1
7733	1.852	5.489	0.604	1.789	0.005	0	0.326	1	3.065	464	2.964	1
7734	4.005	6.7	1.706	2.854	0.005	0	0.426	1	2.348	489	1.673	1
7735	4.093	12.164	2.738	8.138	0.005	0	0.669	1	1.494	460	2.972	1
7736	3.937	9.677	0.437	1.074	0.005	0	0.111	1	8.988	474	2.458	1
7737	2.198	5.154	0.532	1.247	0.005	0	0.242	1	4.137	453	2.345	1
7738	3.236	6.809	0.68	1.43	0.005	0	0.21	1	4.766	473	2.104	1
7739	1.361	3.279	1.19	2.866	0.005	0	0.874	1	1.144	452	2.409	1
7740	3.158	9.461	1.696	5.081	0.005	0	0.537	1	1.862	452	2.996	1
7741	2.664	5.051	0.799	1.515	0.005	0	0.3	1	3.332	498	1.896	1
7742	1.614	3.585	0.381	0.846	0.005	0	0.236	1	4.233	461	2.221	1
7743	2.848	8.413	0.527	1.556	0.005	0	0.185	1	5.394	461	2.954	1
7744	1.395	2.868	0.172	0.353	0.005	0	0.123	1	8.104	493	2.056	1
7745	3.625	6.043	0.388	0.647	0.005	0	0.107	1	9.366	474	1.667	1
7746	3.697	8.437	1.516	3.459	0.005	0	0.41	1	2.441	475	2.282	1
7747	3.25	8.645	1.053	2.801	0.005	0	0.324	1	3.087	473	2.66	1
7748	4.021	11.166	0.603	1.675	0.005	0	0.15	1	6.661	492	2.777	1
7749	1.651	3.058	1.019	1.887	0.005	0	0.617	1	1.622	450	1.852	1
7750	2.058	5.81	0.356	1.005	0.005	0	0.173	1	5.777	467	2.823	1
7751	4.423	9.589	0.548	1.189	0.005	0	0.124	1	8.059	491	2.168	1
7752	4.329	10.493	2.368	5.74	0.005	0	0.547	1	1.827	457	2.424	1
7753	3.463	7.179	1.042	2.161	0.005	0	0.301	1	3.327	484	2.073	1
7754	1.547	3.929	0.231	0.585	0.005	0	0.149	1	6.695	452	2.54	1
7755	1.948	3.273	1.479	2.484	0.005	0	0.759	1	1.317	473	1.68	1
7756	2.252	5.79	0.252	0.648	0.005	0	0.112	1	8.966	498	2.571	1
7757	1.383	3.195	0.375	0.866	0.005	0	0.271	1	3.684	478	2.31	1
7758	4.202	6.32	1.147	1.725	0.005	0	0.273	1	3.657	453	1.504	1
7759	3.578	9.31	0.648	1.685	0.005	0	0.181	1	5.532	451	2.602	1
7760	3.639	8.453	0.564	1.31	0.005	0	0.155	1	6.454	469	2.323	1
7761	1.132	3.104	0.182	0.5	0.005	0	0.161	1	6.199	478	2.742	1
7762	4.707	11.786	0.617	1.544	0.005	0	0.131	1	7.65	460	2.504	1
7763	3.36	10.053	0.897	2.684	0.005	0	0.267	1	3.743	492	2.992	1
7764	1.034	1.826	0.176	0.31	0.005	0	0.17	1	5.866	464	1.766	1
7765	1.2	2.783	0.234	0.543	0.005	0	0.195	1	5.139	462	2.319	1
7766	4.016	6.984	0.671	1.166	0.005	0	0.167	1	5.987	486	1.739	1
7767	2.198	4.64	0.246	0.52	0.005	0	0.112	1	8.906	485	2.111	1
7768	1.436	2.348	0.151	0.247	0.005	0	0.105	1	9.563	486	1.635	1
7769	4.734	8.886	1.894	3.554	0.005	0	0.4	1	2.499	490	1.877	1
7770	1.787	4.014	0.407	0.915	0.005	0	0.228	1	4.388	486	2.246	1
7771	3.36	7.711	0.356	0.817	0.005	0	0.106	1	9.468	473	2.295	1
7772	4.911	13.053	2.063	5.482	0.005	0	0.42	1	2.381	473	2.658	1
7773	1.223	2.508	0.212	0.434	0.005	0	0.173	1	5.789	486	2.051	1
7774	2.135	4.885	0.28	0.64	0.005	0	0.131	1	7.654	474	2.288	1
7775	4.07	10.057	0.745	1.84	0.005	0	0.183	1	5.467	496	2.471	1
7776	3.885	11.317	1.838	5.353	0.005	0	0.473	1	2.116	497	2.913	1
7777	2.102	5.221	1.15	2.856	0.005	0	0.547	1	1.829	479	2.484	1
7778	1.05	2.026	0.129	0.249	0.005	0	0.123	1	8.154	479	1.93	1
7779	4.422	8.534	2.078	4.011	0.005	0	0.47	1	2.128	487	1.93	1
7780	2.647	5.04	0.273	0.519	0.005	0	0.103	1	9.728	474	1.904	1
7781	3.325	9.752	0.499	1.463	0.005	0	0.15	1	6.656	497	2.933	1
7782	3.625	7.707	0.627	1.333	0.005	0	0.173	1	5.774	465	2.126	1
7783	1.571	3.516	0.709	1.586	0.005	0	0.451	1	2.216	455	2.238	1
7784	1.459	2.299	0.217	0.343	0.005	0	0.149	1	6.704	459	1.576	1
7785	4.608	9.082	0.949	1.871	0.005	0	0.206	1	4.85	484	1.971	1
7786	1.134	3.124	0.303	0.834	0.005	0	0.267	1	3.743	472	2.755	1
7787	2.609	5.453	0.357	0.747	0.005	0	0.137	1	7.293	497	2.09	1
7788	3.812	10.559	0.602	1.668	0.005	0	0.158	1	6.343	482	2.77	1
7789	3.093	7.346	0.461	1.095	0.005	0	0.149	1	6.722	455	2.375	1
7790	1.747	4.319	0.447	1.106	0.005	0	0.256	1	3.899	457	2.472	1
7791	2.692	7.89	0.331	0.97	0.005	0	0.123	1	8.134	489	2.931	1
7792	4.035	9.252	0.424	0.971	0.005	0	0.105	1	9.525	499	2.293	1
7793	4.765	8.52	0.82	1.465	0.005	0	0.172	1	5.816	451	1.788	1
7794	2.075	3.206	0.322	0.497	0.005	0	0.155	1	6.457	461	1.545	1
7795	1.596	2.688	0.214	0.36	0.005	0	0.134	1	7.471	455	1.684	1
7796	1.969	2.985	0.475	0.719	0.005	0	0.241	1	4.141	484	1.516	1
7797	4.065	11.333	2.378	6.63	0.005	0	0.585	1	1.709	491	2.788	1
7798	4.369	7.641	1.411	2.468	0.005	0	0.323	1	3.092	463	1.749	1
7799	4.337	11.671	0.49	1.319	0.005	0	0.113	1	8.822	478	2.691	1
7800	1.471	2.223	0.184	0.278	0.005	0	0.125	1	7.983	453	1.511	1
7801	2.454	5.85	1.401	3.34	0.005	0	0.571	1	1.751	484	2.384	1
7802	3.398	5.647	0.462	0.768	0.005	0	0.136	1	7.354	474	1.662	1
7803	1.661	4.31	0.312	0.81	0.005	0	0.188	1	5.319	499	2.595	1
7804	3.508	7.693	0.372	0.815	0.005	0	0.106	1	9.417	474	2.193	1
7805	3.851	11.26	0.693	2.027	0.005	0	0.18	1	5.55	481	2.924	1
7806	1.379	3.816	0.283	0.782	0.005	0	0.205	1	4.872	486	2.767	1
7807	3.815	9.591	0.423	1.065	0.005	0	0.111	1	9.013	461	2.514	1
7808	3.491	6.322	0.37	0.67	0.005	0	0.106	1	9.406	451	1.811	1
7809	1.51	2.449	0.228	0.37	0.005	0	0.151	1	6.623	470	1.622	1
7810	4.217	8.906	3.951	8.345	0.005	0	0.937	1	1.067	462	2.112	1
7811	4.675	9.224	0.636	1.254	0.005	0	0.136	1	7.334	499	1.973	1
7812	4.39	7.252	0.86	1.421	0.005	0	0.196	1	5.092	488	1.652	1
7813	3.83	8.744	0.448	1.023	0.005	0	0.117	1	8.531	453	2.283	1
7814	3.713	9.524	1.912	4.905	0.005	0	0.515	1	1.942	472	2.565	1
7815	2.051	3.198	0.671	1.046	0.005	0	0.327	1	3.059	473	1.559	1
7816	1.079	2.444	0.176	0.398	0.005	0	0.163	1	6.127	483	2.265	1
7817	4.693	7.786	0.526	0.872	0.005	0	0.112	1	8.893	480	1.659	1
7818	1.456	2.996	0.842	1.732	0.005	0	0.578	1	1.729	479	2.058	1
7819	3.213	6.002	0.427	0.798	0.005	0	0.133	1	7.512	464	1.868	1
7820	3.843	7.463	3.77	7.321	0.005	0	0.981	1	1.019	482	1.942	1
7821	1.531	3.788	0.176	0.436	0.005	0	0.115	1	8.711	451	2.474	1
7822	2.391	4.179	1.423	2.487	0.005	0	0.595	1	1.68	483	1.748	1
7823	3.397	6.529	0.37	0.712	0.005	0	0.109	1	9.174	468	1.922	1
7824	1.813	3.898	0.321	0.69	0.005	0	0.177	1	5.656	474	2.15	1
7825	1.393	3.817	0.663	1.817	0.005	0	0.476	1	2.1	465	2.74	1
7826	1.337	2.354	0.143	0.252	0.005	0	0.107	1	9.336	489	1.761	1
7827	4.12	7.383	0.515	0.923	0.005	0	0.125	1	7.994	479	1.792	1
7828	2.863	6.055	1.191	2.519	0.005	0	0.416	1	2.401	488	2.115	1
7829	3.82	6.941	1.471	2.672	0.005	0	0.385	1	2.596	472	1.817	1
7830	3.858	7.809	0.59	1.195	0.005	0	0.153	1	6.542	473	2.024	1
7831	3.133	6.228	0.326	0.648	0.005	0	0.104	1	9.595	472	1.988	1
7832	4.474	9.843	0.51	1.122	0.005	0	0.114	1	8.768	490	2.2	1
7833	2.701	4.848	0.289	0.519	0.005	0	0.107	1	9.345	459	1.795	1
7834	1.345	3.33	0.139	0.343	0.005	0	0.103	1	9.716	487	2.476	1
7835	4.749	8.895	0.788	1.477	0.005	0	0.166	1	6.039	460	1.873	1
7836	2.978	8.46	1.197	3.401	0.005	0	0.402	1	2.488	499	2.841	1
7837	2.437	5.152	0.809	1.71	0.005	0	0.332	1	3.013	459	2.114	1
7838	1.588	3.546	0.811	1.812	0.005	0	0.511	1	1.958	454	2.233	1
7839	1.208	2.155	0.203	0.362	0.005	0	0.168	1	5.949	472	1.784	1
7840	3.415	8.988	2.449	6.444	0.005	0	0.717	1	1.394	497	2.632	1
7841	1.666	3.002	0.332	0.597	0.005	0	0.199	1	5.023	461	1.802	1
7842	3.054	5.36	0.687	1.206	0.005	0	0.225	1	4.442	466	1.755	1
7843	4.225	8.365	0.49	0.97	0.005	0	0.116	1	8.613	457	1.98	1
7844	1.799	3.402	0.97	1.834	0.005	0	0.539	1	1.855	456	1.891	1
7845	1.82	4.075	0.329	0.738	0.005	0	0.181	1	5.535	493	2.239	1
7846	4.747	13.5	1.049	2.984	0.005	0	0.221	1	4.527	477	2.844	1
7847	3.508	6.174	1.603	2.822	0.005	0	0.457	1	2.189	464	1.76	1
7848	3.72	6.432	1.094	1.891	0.005	0	0.294	1	3.398	490	1.729	1
7849	2.874	6.285	0.385	0.842	0.005	0	0.134	1	7.44	477	2.187	1
7850	2.766	5.289	0.484	0.926	0.005	0	0.175	1	5.722	496	1.912	1
7851	4.856	12.587	1.073	2.782	0.005	0	0.221	1	4.518	467	2.592	1
7852	4.962	14.846	1.146	3.429	0.005	0	0.231	1	4.337	457	2.992	1
7853	3.77	6.62	0.475	0.834	0.005	0	0.126	1	7.912	455	1.756	1
7854	3.656	9.323	1.901	4.848	0.005	0	0.52	1	1.924	487	2.55	1
7855	3.553	8.819	0.59	1.464	0.005	0	0.166	1	6.037	493	2.482	1
7856	4.653	10.19	0.921	2.018	0.005	0	0.198	1	5.053	458	2.19	1
7857	1.103	2.14	0.29	0.563	0.005	0	0.263	1	3.806	464	1.94	1
7858	2.829	7.285	0.334	0.86	0.005	0	0.118	1	8.493	485	2.575	1
7859	3.607	7.99	0.624	1.382	0.005	0	0.173	1	5.771	498	2.215	1
7860	4.299	12.209	0.486	1.38	0.005	0	0.113	1	8.872	462	2.84	1
7861	3.684	10.941	0.645	1.915	0.005	0	0.175	1	5.727	477	2.97	1
7862	4.266	7.231	0.58	0.983	0.005	0	0.136	1	7.355	482	1.695	1
7863	4.084	10.737	0.478	1.256	0.005	0	0.117	1	8.564	483	2.629	1
7864	2.473	6.887	0.739	2.059	0.005	0	0.299	1	3.339	488	2.785	1
7865	2.247	5.46	0.348	0.846	0.005	0	0.155	1	6.465	497	2.43	1
7866	1.852	3.548	0.319	0.61	0.005	0	0.172	1	5.826	480	1.916	1
7867	1.523	4.045	0.189	0.502	0.005	0	0.124	1	8.09	468	2.656	1
7868	1.999	4.762	0.464	1.105	0.005	0	0.232	1	4.311	457	2.382	1
7869	1.619	3.133	0.164	0.316	0.005	0	0.101	1	9.948	475	1.935	1
7870	4.454	8.904	0.828	1.656	0.005	0	0.186	1	5.39	462	1.999	1
7871	3.71	11.048	1.295	3.856	0.005	0	0.349	1	2.862	456	2.978	1
7872	3.057	7.346	1.174	2.821	0.005	0	0.384	1	2.602	485	2.403	1
7873	2.167	5.556	0.451	1.156	0.005	0	0.208	1	4.81	475	2.564	1
7874	1.459	4.364	0.352	1.052	0.005	0	0.241	1	4.153	457	2.991	1
7875	4.278	8.432	0.774	1.526	0.005	0	0.181	1	5.529	460	1.971	1
7876	2.445	6.577	0.565	1.519	0.005	0	0.231	1	4.328	458	2.69	1
7877	4.259	9.97	0.596	1.396	0.005	0	0.14	1	7.165	451	2.341	1
7878	3.123	9.013	0.84	2.424	0.005	0	0.269	1	3.711	475	2.886	1
7879	2.321	6.401	0.241	0.666	0.005	0	0.104	1	9.615	474	2.758	1
7880	2.374	3.829	2.305	3.718	0.005	0	0.971	1	1.03	457	1.613	1
7881	4.122	11.921	1.401	4.053	0.005	0	0.34	1	2.941	485	2.892	1
7882	1.935	4.768	0.546	1.345	0.005	0	0.282	1	3.547	457	2.464	1
7883	4.099	8.411	2.267	4.651	0.005	0	0.553	1	1.808	451	2.052	1
7884	3.742	6.197	0.561	0.93	0.005	0	0.15	1	6.684	497	1.656	1
7885	3.607	5.98	0.974	1.615	0.005	0	0.27	1	3.706	491	1.658	1
7886	2.072	3.214	1.164	1.806	0.005	0	0.562	1	1.78	485	1.551	1
7887	2.463	5.133	0.845	1.761	0.005	0	0.343	1	2.917	461	2.084	1
7888	3.497	5.655	0.535	0.865	0.005	0	0.153	1	6.544	492	1.617	1
7889	4.144	10.182	1.289	3.167	0.005	0	0.311	1	3.213	488	2.457	1
7890	1.401	3.578	0.254	0.648	0.005	0	0.181	1	5.534	460	2.554	1
7891	2.569	4.524	0.778	1.371	0.005	0	0.303	1	3.305	477	1.761	1
7892	2.297	5.527	0.292	0.702	0.005	0	0.127	1	7.894	476	2.406	1
7893	3.733	5.786	0.496	0.77	0.005	0	0.133	1	7.509	459	1.55	1
7894	2.979	6.205	0.569	1.185	0.005	0	0.191	1	5.225	480	2.083	1
7895	2.973	6.249	0.321	0.675	0.005	0	0.108	1	9.258	470	2.102	1
7896	1.858	5.07	0.39	1.065	0.005	0	0.21	1	4.77	458	2.729	1
7897	3.294	6.674	0.764	1.548	0.005	0	0.232	1	4.317	463	2.026	1
7898	4.694	9.881	2.23	4.693	0.005	0	0.475	1	2.105	468	2.105	1
7899	3.132	6.367	0.398	0.809	0.005	0	0.127	1	7.848	464	2.033	1
7900	1.266	3.227	0.208	0.529	0.005	0	0.164	1	6.1	455	2.549	1
7901	2.921	5.655	0.482	0.933	0.005	0	0.165	1	6.061	472	1.936	1
7902	2.629	6.336	0.273	0.659	0.005	0	0.104	1	9.586	498	2.41	1
7903	3.376	7.572	1.523	3.415	0.005	0	0.451	1	2.217	471	2.243	1
7904	1.471	4.026	0.334	0.914	0.005	0	0.227	1	4.4	486	2.737	1
7905	2.19	6.093	0.239	0.664	0.005	0	0.109	1	9.216	454	2.782	1
7906	4.114	8.713	0.551	1.168	0.005	0	0.134	1	7.463	488	2.118	1
7907	4.695	11.653	0.634	1.573	0.005	0	0.135	1	7.387	467	2.482	1
7908	2.333	4.295	0.285	0.524	0.005	0	0.122	1	8.216	488	1.841	1
7909	1.217	2.528	0.153	0.319	0.005	0	0.126	1	7.919	464	2.077	1
7910	1.019	1.569	0.268	0.413	0.005	0	0.263	1	3.808	494	1.54	1
7911	2.487	6.799	0.284	0.775	0.005	0	0.114	1	8.776	458	2.734	1
7912	1.22	2.872	0.156	0.368	0.005	0	0.128	1	7.79	461	2.354	1
7913	1.873	3.521	0.29	0.546	0.005	0	0.155	1	6.462	465	1.88	1
7914	3.734	7.606	0.612	1.247	0.005	0	0.164	1	6.095	490	2.037	1
7915	2.643	6.341	0.28	0.672	0.005	0	0.106	1	9.444	486	2.399	1
7916	2.086	5.173	0.451	1.117	0.005	0	0.216	1	4.638	465	2.48	1
7917	3.599	6.694	1.422	2.644	0.005	0	0.395	1	2.53	476	1.86	1
7918	2.395	3.959	1.118	1.849	0.005	0	0.467	1	2.142	476	1.653	1
7919	2.437	5.683	0.302	0.705	0.005	0	0.124	1	8.034	455	2.332	1
7920	2.161	4.856	0.67	1.505	0.005	0	0.31	1	3.221	459	2.247	1
7921	4.19	6.407	0.675	1.032	0.005	0	0.161	1	6.21	475	1.529	1
7922	4.165	6.456	0.425	0.659	0.005	0	0.102	1	9.795	496	1.55	1
7923	4.496	13.326	0.571	1.692	0.005	0	0.127	1	7.898	495	2.964	1
7924	4.376	10.997	1.081	2.716	0.005	0	0.247	1	4.052	456	2.513	1
7925	3.834	7.818	0.479	0.977	0.005	0	0.125	1	8.003	457	2.039	1
7926	1.14	3.233	0.205	0.582	0.005	0	0.18	1	5.552	483	2.836	1
7927	2.621	6.144	0.27	0.633	0.005	0	0.103	1	9.734	482	2.344	1
7928	3.337	8.716	0.41	1.072	0.005	0	0.123	1	8.152	489	2.612	1
7929	1.581	3.853	0.498	1.214	0.005	0	0.315	1	3.17	485	2.437	1
7930	1.21	2.138	0.564	0.996	0.005	0	0.466	1	2.144	468	1.767	1
7931	2.673	6.453	0.559	1.349	0.005	0	0.209	1	4.782	463	2.414	1
7932	4.845	14.312	0.678	2.004	0.005	0	0.14	1	7.131	487	2.954	1
7933	1.788	2.802	1.466	2.298	0.005	0	0.82	1	1.22	475	1.567	1
7934	3.626	6.973	0.642	1.234	0.005	0	0.177	1	5.662	496	1.923	1
7935	3.013	7.981	0.931	2.466	0.005	0	0.309	1	3.233	459	2.649	1
7936	3.017	4.975	0.443	0.731	0.005	0	0.147	1	6.792	461	1.649	1
7937	2.539	6.035	0.355	0.845	0.005	0	0.14	1	7.118	481	2.377	1
7938	1.369	3.045	0.274	0.609	0.005	0	0.2	1	4.989	482	2.224	1
7939	3.941	9.317	0.674	1.593	0.005	0	0.171	1	5.846	495	2.364	1
7940	4.329	11.671	1.71	4.61	0.005	0	0.395	1	2.531	458	2.696	1
7941	2.259	5.855	0.603	1.563	0.005	0	0.267	1	3.746	491	2.592	1
7942	2.546	5.667	0.555	1.235	0.005	0	0.218	1	4.578	482	2.226	1
7943	1.229	3.069	0.15	0.374	0.005	0	0.122	1	8.204	484	2.497	1
7944	3.237	6.341	2.357	4.616	0.005	0	0.728	1	1.374	462	1.959	1
7945	3.152	9.428	0.952	2.847	0.005	0	0.302	1	3.316	456	2.991	1
7946	3.771	5.717	0.434	0.657	0.005	0	0.115	1	8.704	482	1.516	1
7947	3.981	6.716	0.545	0.92	0.005	0	0.137	1	7.287	460	1.687	1
7948	2.94	7.803	0.35	0.929	0.005	0	0.119	1	8.42	471	2.654	1
7949	1.89	4.494	1.701	4.045	0.005	0	0.9	1	1.111	476	2.378	1
7950	2.514	5.594	0.938	2.087	0.005	0	0.373	1	2.684	493	2.225	1
7951	4.465	10.185	2.014	4.593	0.005	0	0.451	1	2.215	459	2.281	1
7952	3.045	5.926	0.353	0.687	0.005	0	0.116	1	8.613	488	1.946	1
7953	1.622	3.88	0.519	1.242	0.005	0	0.32	1	3.122	454	2.392	1
7954	4.265	7.707	0.435	0.786	0.005	0	0.102	1	9.792	457	1.807	1
7955	2.802	7.069	0.409	1.032	0.005	0	0.146	1	6.846	464	2.523	1
7956	1.391	3.892	0.421	1.179	0.005	0	0.303	1	3.296	477	2.798	1
7957	2.796	4.641	0.33	0.548	0.005	0	0.118	1	8.478	478	1.66	1
7958	2.235	4.495	1.03	2.072	0.005	0	0.461	1	2.167	472	2.011	1
7959	3.622	5.784	0.804	1.284	0.005	0	0.222	1	4.503	462	1.597	1
7960	1.505	3.133	0.271	0.564	0.005	0	0.18	1	5.569	452	2.082	1
7961	1.947	5.82	0.315	0.943	0.005	0	0.162	1	6.183	477	2.989	1
7962	3.841	8.596	0.507	1.135	0.005	0	0.132	1	7.563	472	2.238	1
7963	3.959	7.609	2.684	5.159	0.005	0	0.678	1	1.474	483	1.922	1
7964	3.477	6.036	0.369	0.64	0.005	0	0.106	1	9.42	470	1.736	1
7965	3.914	11.264	2.094	6.026	0.005	0	0.535	1	1.869	485	2.878	1
7966	1.918	2.933	0.46	0.704	0.005	0	0.24	1	4.164	465	1.529	1
7967	4.064	11.619	1.26	3.602	0.005	0	0.31	1	3.23	485	2.859	1
7968	4.318	6.87	0.531	0.845	0.005	0	0.123	1	8.119	487	1.591	1
7969	4.45	13.323	0.886	2.651	0.005	0	0.199	1	5.031	493	2.994	1
7970	4.052	7.8	0.579	1.115	0.005	0	0.143	1	7.013	458	1.925	1
7971	4.011	7.854	2.162	4.233	0.005	0	0.539	1	1.856	479	1.958	1
7972	4.945	8.347	1.167	1.97	0.005	0	0.236	1	4.232	483	1.688	1
7973	4.819	13.397	0.559	1.554	0.005	0	0.116	1	8.591	454	2.78	1
7974	2.786	8.171	1.329	3.898	0.005	0	0.477	1	2.098	452	2.933	1
7975	4.774	9.357	0.812	1.591	0.005	0	0.17	1	5.867	485	1.96	1
7976	4.001	9.37	2.145	5.022	0.005	0	0.536	1	1.866	469	2.342	1
7977	1.997	4.032	0.371	0.75	0.005	0	0.186	1	5.384	460	2.019	1
7978	4.14	8.545	0.824	1.7	0.005	0	0.199	1	5.018	462	2.064	1
7979	3.258	6.656	1.326	2.709	0.005	0	0.407	1	2.455	455	2.043	1
7980	1.458	3.193	0.728	1.593	0.005	0	0.499	1	2.005	480	2.19	1
7981	4.942	9.518	0.568	1.095	0.005	0	0.115	1	8.717	452	1.926	1
7982	4.947	7.757	0.673	1.055	0.005	0	0.136	1	7.378	499	1.568	1
7983	2.974	5.46	0.384	0.704	0.005	0	0.129	1	7.774	474	1.836	1
7984	2.313	4.887	1.004	2.121	0.005	0	0.434	1	2.306	494	2.113	1
7985	2.645	7.692	0.283	0.823	0.005	0	0.107	1	9.358	481	2.908	1
7986	4.802	7.659	3.63	5.79	0.005	0	0.756	1	1.323	478	1.595	1
7987	4.226	7.674	2.252	4.09	0.005	0	0.533	1	1.876	470	1.816	1
7988	1.836	5.185	0.25	0.705	0.005	0	0.136	1	7.342	497	2.824	1
7989	2.85	7.319	0.325	0.834	0.005	0	0.114	1	8.805	498	2.568	1
7990	2.303	5.838	1.078	2.732	0.005	0	0.468	1	2.138	490	2.535	1
7991	3.902	7.141	0.546	1.0	0.005	0	0.14	1	7.156	458	1.83	1
7992	3.439	6.176	0.519	0.933	0.005	0	0.151	1	6.612	459	1.796	1
7993	3.311	8.632	0.675	1.761	0.005	0	0.204	1	4.9	499	2.607	1
7994	1.212	2.435	0.354	0.711	0.005	0	0.292	1	3.427	476	2.009	1
7995	2.409	6.444	0.361	0.967	0.005	0	0.15	1	6.684	484	2.675	1
7996	4.576	12.19	0.522	1.39	0.005	0	0.114	1	8.782	498	2.664	1
7997	3.325	9.19	0.459	1.268	0.005	0	0.138	1	7.233	496	2.764	1
7998	4.861	12.692	0.588	1.536	0.005	0	0.121	1	8.27	464	2.611	1
7999	1.465	3.73	0.456	1.16	0.005	0	0.311	1	3.218	497	2.546	1
8000	1.15	2.433	0.331	0.701	0.005	0	0.288	1	3.474	490	2.116	1
8001	2.712	5.058	0.328	0.612	0.005	0	0.121	1	8.256	471	1.865	1
8002	2.099	3.86	0.479	0.88	0.005	0	0.228	1	4.382	486	1.839	1
8003	1.167	1.984	0.231	0.393	0.005	0	0.198	1	5.048	488	1.7	1
8004	4.215	8.426	1.159	2.317	0.005	0	0.275	1	3.637	478	1.999	1
8005	1.302	1.987	0.47	0.717	0.005	0	0.361	1	2.767	484	1.526	1
8006	4.547	6.957	0.596	0.911	0.005	0	0.131	1	7.633	480	1.53	1
8007	2.574	4.394	0.34	0.58	0.005	0	0.132	1	7.565	475	1.707	1
8008	3.827	8.672	0.857	1.943	0.005	0	0.224	1	4.464	460	2.266	1
8009	4.211	8.91	0.695	1.47	0.005	0	0.165	1	6.064	468	2.116	1
8010	2.954	8.061	0.508	1.386	0.005	0	0.172	1	5.823	470	2.729	1
8011	2.792	6.877	1.583	3.899	0.005	0	0.567	1	1.765	460	2.463	1
8012	4.334	9.743	0.685	1.539	0.005	0	0.158	1	6.331	473	2.248	1
8013	3.839	6.672	0.453	0.787	0.005	0	0.118	1	8.494	453	1.738	1
8014	4.449	9.054	0.472	0.96	0.005	0	0.106	1	9.415	498	2.035	1
8015	3.382	9.852	0.463	1.35	0.005	0	0.137	1	7.316	452	2.913	1
8016	1.541	3.638	0.516	1.219	0.005	0	0.335	1	2.986	468	2.361	1
8017	4.503	13.401	0.59	1.756	0.005	0	0.131	1	7.629	497	2.976	1
8018	4.861	10.208	0.637	1.337	0.005	0	0.131	1	7.654	487	2.1	1
8019	4.992	8.851	1.123	1.991	0.005	0	0.225	1	4.449	454	1.773	1
8020	1.686	4.864	0.285	0.822	0.005	0	0.169	1	5.905	487	2.885	1
8021	3.072	9.112	0.359	1.066	0.005	0	0.117	1	8.55	455	2.966	1
8022	1.406	4.027	0.163	0.467	0.005	0	0.116	1	8.622	484	2.864	1
8023	3.907	6.075	0.426	0.662	0.005	0	0.109	1	9.212	488	1.555	1
8024	2.127	5.732	0.255	0.688	0.005	0	0.12	1	8.35	465	2.695	1
8025	3.264	5.797	0.336	0.597	0.005	0	0.103	1	9.755	451	1.776	1
8026	3.599	9.055	0.846	2.128	0.005	0	0.235	1	4.256	477	2.516	1
8027	4.772	11.825	1.269	3.145	0.005	0	0.266	1	3.756	486	2.478	1
8028	3.374	7.274	0.854	1.84	0.005	0	0.253	1	3.95	498	2.156	1
8029	2.925	6.859	0.43	1.008	0.005	0	0.147	1	6.792	478	2.345	1
8030	4.376	11.343	0.538	1.395	0.005	0	0.123	1	8.157	450	2.592	1
8031	3.302	9.691	0.439	1.289	0.005	0	0.133	1	7.498	467	2.935	1
8032	3.948	10.371	3.087	8.11	0.005	0	0.782	1	1.279	482	2.627	1
8033	3.222	6.95	1.025	2.21	0.005	0	0.318	1	3.142	460	2.157	1
8034	4.161	9.849	0.62	1.468	0.005	0	0.149	1	6.69	460	2.367	1
8035	2.137	4.306	0.248	0.499	0.005	0	0.116	1	8.642	499	2.015	1
8036	2.707	5.433	0.587	1.179	0.005	0	0.217	1	4.598	472	2.007	1
8037	2.491	7.251	0.311	0.906	0.005	0	0.125	1	8.007	496	2.911	1
8038	3.368	6.217	1.347	2.487	0.005	0	0.4	1	2.498	456	1.846	1
8039	1.582	4.134	0.206	0.537	0.005	0	0.13	1	7.668	497	2.613	1
8040	4.685	8.686	0.848	1.572	0.005	0	0.181	1	5.529	494	1.854	1
8041	2.606	4.344	0.268	0.447	0.005	0	0.103	1	9.701	477	1.667	1
8042	4.731	8.426	1.301	2.317	0.005	0	0.275	1	3.633	476	1.781	1
8043	3.318	7.993	0.342	0.823	0.005	0	0.103	1	9.699	476	2.409	1
8044	2.734	5.457	0.509	1.015	0.005	0	0.186	1	5.367	450	1.996	1
8045	2.888	6.868	0.67	1.593	0.005	0	0.232	1	4.312	459	2.378	1
8046	4.657	8.364	0.647	1.163	0.005	0	0.139	1	7.21	484	1.796	1
8047	3.657	9.746	0.369	0.984	0.005	0	0.101	1	9.892	463	2.665	1
8048	3.302	8.522	0.446	1.15	0.005	0	0.135	1	7.416	495	2.581	1
8049	4.748	14.121	0.669	1.991	0.005	0	0.141	1	7.109	462	2.974	1
8050	2.187	6.436	0.245	0.721	0.005	0	0.112	1	8.911	459	2.943	1
8051	1.965	3.849	0.831	1.628	0.005	0	0.423	1	2.365	471	1.959	1
8052	4.963	11.857	1.608	3.842	0.005	0	0.324	1	3.09	497	2.389	1
8053	3.7	6.386	3.456	5.965	0.005	0	0.934	1	1.071	473	1.726	1
8054	3.163	5.753	0.342	0.621	0.005	0	0.108	1	9.233	471	1.819	1
8055	3.441	5.915	0.372	0.639	0.005	0	0.108	1	9.233	463	1.719	1
8056	3.348	8.437	0.777	1.957	0.005	0	0.232	1	4.311	488	2.52	1
8057	1.447	2.217	1.039	1.592	0.005	0	0.718	1	1.392	466	1.532	1
8058	2.82	8.144	0.338	0.977	0.005	0	0.12	1	8.347	476	2.888	1
8059	2.209	4.005	0.345	0.625	0.005	0	0.156	1	6.392	494	1.813	1
8060	3.307	6.161	1.349	2.514	0.005	0	0.408	1	2.452	452	1.863	1
8061	2.683	6.775	1.113	2.812	0.005	0	0.415	1	2.412	487	2.525	1
8062	4.581	7.655	1.095	1.83	0.005	0	0.239	1	4.179	475	1.671	1
8063	3.821	8.513	0.993	2.213	0.005	0	0.26	1	3.845	458	2.228	1
8064	1.984	4.379	0.397	0.876	0.005	0	0.2	1	4.991	452	2.207	1
8065	3.843	7.698	3.428	6.867	0.005	0	0.892	1	1.121	484	2.003	1
8066	1.766	5.189	0.223	0.654	0.005	0	0.126	1	7.922	499	2.938	1
8067	4.897	13.354	0.534	1.456	0.005	0	0.109	1	9.204	486	2.727	1
8068	4.351	8.415	0.596	1.153	0.005	0	0.137	1	7.277	489	1.934	1
8069	1.743	2.625	0.187	0.281	0.005	0	0.107	1	9.368	494	1.506	1
8070	2.491	6.895	0.633	1.751	0.005	0	0.254	1	3.939	463	2.768	1
8071	2.37	6.062	0.289	0.74	0.005	0	0.122	1	8.228	450	2.558	1
8072	3.333	7.276	0.4	0.873	0.005	0	0.12	1	8.311	462	2.183	1
8073	2.604	7.648	0.352	1.032	0.005	0	0.135	1	7.394	463	2.937	1
8074	1.775	5.171	0.234	0.683	0.005	0	0.132	1	7.591	486	2.913	1
8075	1.077	1.941	0.135	0.243	0.005	0	0.125	1	8.004	496	1.802	1
8076	4.733	11.586	0.871	2.132	0.005	0	0.184	1	5.439	478	2.448	1
8077	4.612	8.62	1.379	2.577	0.005	0	0.299	1	3.343	451	1.869	1
8078	3.382	7.281	0.433	0.932	0.005	0	0.128	1	7.813	463	2.153	1
8079	1.219	2.879	0.28	0.662	0.005	0	0.23	1	4.344	495	2.362	1
8080	2.897	5.826	1.272	2.558	0.005	0	0.439	1	2.278	454	2.011	1
8081	4.263	8.867	0.452	0.94	0.005	0	0.106	1	9.451	475	2.08	1
8082	4.621	10.43	0.67	1.512	0.005	0	0.145	1	6.889	490	2.257	1
8083	3.7	8.492	0.444	1.019	0.005	0	0.12	1	8.306	482	2.295	1
8084	2.122	3.597	0.702	1.191	0.005	0	0.331	1	3.021	452	1.695	1
8085	1.009	2.282	0.401	0.906	0.005	0	0.397	1	2.517	457	2.262	1
8086	3.906	7.128	0.504	0.92	0.005	0	0.129	1	7.733	480	1.825	1
8087	3.332	8.097	0.713	1.733	0.005	0	0.214	1	4.666	491	2.43	1
8088	4.877	10.9	3.614	8.077	0.005	0	0.741	1	1.35	484	2.235	1
8089	3.262	8.507	0.711	1.855	0.005	0	0.218	1	4.583	491	2.608	1
8090	4.588	9.69	0.619	1.308	0.005	0	0.135	1	7.4	482	2.112	1
8091	3.567	8.25	0.738	1.708	0.005	0	0.207	1	4.827	464	2.313	1
8092	2.774	4.416	0.297	0.473	0.005	0	0.107	1	9.322	465	1.592	1
8093	2.792	6.338	0.357	0.811	0.005	0	0.128	1	7.824	463	2.27	1
8094	1.88	3.529	0.243	0.455	0.005	0	0.129	1	7.732	489	1.877	1
8095	3.749	8.124	0.375	0.812	0.005	0	0.1	1	9.976	462	2.167	1
8096	3.865	7.943	0.997	2.049	0.005	0	0.258	1	3.87	486	2.055	1
8097	4.419	8.206	0.482	0.894	0.005	0	0.109	1	9.164	469	1.857	1
8098	1.881	4.462	0.361	0.857	0.005	0	0.192	1	5.195	490	2.372	1
8099	1.059	1.987	0.107	0.201	0.005	0	0.101	1	9.908	493	1.876	1
8100	4.96	9.325	0.506	0.951	0.005	0	0.102	1	9.8	470	1.88	1
8101	4.766	10.957	1.082	2.487	0.005	0	0.227	1	4.415	497	2.299	1
8102	3.068	6.498	0.488	1.033	0.005	0	0.159	1	6.302	471	2.118	1
8103	4.676	13.364	1.459	4.17	0.005	0	0.312	1	3.206	471	2.858	1
8104	3.808	9.516	1.653	4.13	0.005	0	0.434	1	2.306	456	2.499	1
8105	4.149	11.426	0.556	1.531	0.005	0	0.134	1	7.463	485	2.754	1
8106	4.642	13.466	0.548	1.589	0.005	0	0.118	1	8.496	497	2.901	1
8107	2.101	3.794	0.338	0.611	0.005	0	0.161	1	6.203	495	1.806	1
8108	1.5	3.002	1.168	2.339	0.005	0	0.779	1	1.284	487	2.001	1
8109	1.799	5.278	0.234	0.686	0.005	0	0.13	1	7.705	453	2.934	1
8110	3.519	8.347	0.626	1.486	0.005	0	0.178	1	5.619	467	2.372	1
8111	4.676	12.602	0.472	1.273	0.005	0	0.101	1	9.864	483	2.695	1
8112	1.63	4.245	0.244	0.637	0.005	0	0.15	1	6.676	484	2.604	1
8113	4.544	13.432	1.172	3.465	0.005	0	0.258	1	3.871	499	2.956	1
8114	4.885	14.552	0.616	1.834	0.005	0	0.126	1	7.968	476	2.979	1
8115	3.764	7.204	2.258	4.322	0.005	0	0.6	1	1.666	470	1.914	1
8116	1.173	2.422	0.16	0.329	0.005	0	0.136	1	7.333	494	2.065	1
8117	1.76	2.941	0.324	0.541	0.005	0	0.184	1	5.423	484	1.671	1
8118	1.242	2.537	0.389	0.794	0.005	0	0.313	1	3.193	450	2.043	1
8119	1.088	3.124	0.136	0.39	0.005	0	0.125	1	8.02	479	2.871	1
8120	3.883	7.879	1.052	2.135	0.005	0	0.271	1	3.693	466	2.029	1
8121	1.836	3.393	0.439	0.811	0.005	0	0.239	1	4.178	470	1.848	1
8122	2.096	4.207	0.293	0.589	0.005	0	0.14	1	7.118	480	2.007	1
8123	2.759	7.256	0.574	1.509	0.005	0	0.208	1	4.811	477	2.63	1
8124	1.702	2.808	0.196	0.323	0.005	0	0.115	1	8.709	474	1.65	1
8125	2.522	5.248	0.373	0.777	0.005	0	0.148	1	6.757	466	2.081	1
8126	1.788	3.108	0.697	1.212	0.005	0	0.39	1	2.566	458	1.738	1
8127	1.363	2.662	0.181	0.354	0.005	0	0.133	1	7.508	482	1.953	1
8128	2.857	4.785	0.354	0.593	0.005	0	0.124	1	8.039	465	1.675	1
8129	3.059	7.023	0.321	0.737	0.005	0	0.105	1	9.492	489	2.296	1
8130	3.534	9.273	0.428	1.122	0.005	0	0.121	1	8.296	482	2.624	1
8131	1.795	5.276	0.35	1.029	0.005	0	0.195	1	5.135	481	2.939	1
8132	3.78	9.371	3.761	9.324	0.005	0	0.995	1	1.005	451	2.479	1
8133	3.302	4.986	0.664	1.002	0.005	0	0.201	1	4.985	461	1.51	1
8134	4.775	13.604	0.535	1.524	0.005	0	0.112	1	8.908	492	2.849	1
8135	2.427	5.179	0.282	0.601	0.005	0	0.116	1	8.61	457	2.134	1
8136	1.88	5.241	0.716	1.997	0.005	0	0.381	1	2.624	464	2.788	1
8137	2.734	4.842	0.82	1.453	0.005	0	0.3	1	3.329	475	1.771	1
8138	4.566	9.319	1.009	2.059	0.005	0	0.221	1	4.523	463	2.041	1
8139	1.765	3.023	0.454	0.777	0.005	0	0.257	1	3.889	495	1.713	1
8140	3.518	5.565	0.38	0.601	0.005	0	0.108	1	9.239	491	1.582	1
8141	4.168	7.202	0.592	1.023	0.005	0	0.142	1	7.055	496	1.728	1
8142	3.521	9.084	0.93	2.398	0.005	0	0.264	1	3.79	496	2.58	1
8143	1.205	1.875	0.375	0.583	0.005	0	0.311	1	3.212	467	1.556	1
8144	3.569	5.835	1.381	2.258	0.005	0	0.387	1	2.581	489	1.635	1
8145	2.109	5.971	0.24	0.681	0.005	0	0.114	1	8.799	493	2.831	1
8146	3.364	7.495	0.834	1.859	0.005	0	0.248	1	4.035	460	2.228	1
8147	3.603	6.929	1.812	3.485	0.005	0	0.503	1	1.99	470	1.923	1
8148	4.354	9.945	1.219	2.785	0.005	0	0.28	1	3.572	475	2.284	1
8149	3.516	8.252	0.429	1.007	0.005	0	0.122	1	8.193	490	2.347	1
8150	3.84	9.181	0.576	1.377	0.005	0	0.15	1	6.687	480	2.391	1
8151	2.062	3.099	0.268	0.403	0.005	0	0.13	1	7.705	470	1.503	1
8152	3.061	8.099	1.46	3.863	0.005	0	0.477	1	2.095	494	2.646	1
8153	1.45	2.549	0.178	0.314	0.005	0	0.123	1	8.126	451	1.758	1
8154	3.121	7.481	0.715	1.713	0.005	0	0.229	1	4.361	478	2.397	1
8155	3.098	7.742	0.505	1.262	0.005	0	0.163	1	6.139	464	2.499	1
8156	1.721	3.951	0.174	0.399	0.005	0	0.101	1	9.876	462	2.296	1
8157	1.281	3.451	0.133	0.359	0.005	0	0.104	1	9.624	464	2.694	1
8158	4.828	11.423	0.835	1.976	0.005	0	0.173	1	5.787	468	2.366	1
8159	4.031	11.904	0.476	1.405	0.005	0	0.118	1	8.448	497	2.953	1
8160	3.009	5.01	1.234	2.054	0.005	0	0.41	1	2.44	467	1.665	1
8161	1.296	3.18	0.31	0.76	0.005	0	0.239	1	4.181	495	2.454	1
8162	3.241	5.28	0.402	0.655	0.005	0	0.124	1	8.056	498	1.629	1
8163	4.348	11.427	0.47	1.234	0.005	0	0.108	1	9.25	465	2.628	1
8164	1.93	5.34	1.102	3.049	0.005	0	0.571	1	1.75	496	2.767	1
8165	4.376	11.281	0.473	1.218	0.005	0	0.108	1	9.276	452	2.578	1
8166	4.966	12.226	0.536	1.32	0.005	0	0.108	1	9.242	450	2.462	1
8167	3.511	10.501	0.544	1.628	0.005	0	0.155	1	6.471	477	2.991	1
8168	1.791	3.1	0.935	1.618	0.005	0	0.522	1	1.917	477	1.731	1
8169	1.027	2.038	0.335	0.664	0.005	0	0.326	1	3.072	460	1.984	1
8170	3.088	7.433	0.34	0.818	0.005	0	0.11	1	9.066	488	2.407	1
8171	2.607	4.286	0.328	0.54	0.005	0	0.126	1	7.906	467	1.644	1
8172	4.765	12.656	0.939	2.493	0.005	0	0.197	1	5.076	490	2.656	1
8173	1.204	2.101	0.954	1.664	0.005	0	0.792	1	1.262	482	1.745	1
8174	2.871	5.567	0.537	1.041	0.005	0	0.187	1	5.35	467	1.939	1
8175	2.422	5.152	0.274	0.582	0.005	0	0.113	1	8.842	480	2.127	1
8176	3.166	9.058	0.896	2.563	0.005	0	0.283	1	3.53	470	2.861	1
8177	1.115	2.786	0.478	1.195	0.005	0	0.429	1	2.331	479	2.499	1
8178	4.614	11.207	0.794	1.928	0.005	0	0.172	1	5.808	454	2.429	1
8179	4.695	10.658	2.54	5.766	0.005	0	0.541	1	1.847	461	2.27	1
8180	1.612	2.99	0.542	1.005	0.005	0	0.336	1	2.975	473	1.855	1
8181	4.197	7.202	1.544	2.65	0.005	0	0.368	1	2.718	483	1.716	1
8182	3.003	6.123	0.754	1.537	0.005	0	0.251	1	3.978	452	2.039	1
8183	1.948	5.478	0.366	1.03	0.005	0	0.188	1	5.308	479	2.812	1
8184	4.803	11.763	3.304	8.093	0.005	0	0.688	1	1.454	488	2.449	1
8185	3.913	9.117	0.434	1.012	0.005	0	0.111	1	9.004	453	2.33	1
8186	3.831	5.934	0.475	0.736	0.005	0	0.124	1	8.088	463	1.549	1
8187	2.67	6.803	0.331	0.844	0.005	0	0.124	1	8.035	477	2.548	1
8188	4.977	10.297	0.582	1.205	0.005	0	0.117	1	8.524	488	2.069	1
8189	3.202	6.535	0.352	0.719	0.005	0	0.11	1	9.132	490	2.041	1
8190	4.106	11.111	0.571	1.544	0.005	0	0.139	1	7.211	462	2.706	1
8191	1.416	2.462	0.833	1.448	0.005	0	0.588	1	1.7	486	1.739	1
8192	2.688	7.76	0.379	1.094	0.005	0	0.141	1	7.089	472	2.887	1
8193	2.519	5.486	0.655	1.426	0.005	0	0.26	1	3.852	490	2.178	1
8194	1.004	2.545	0.231	0.585	0.005	0	0.23	1	4.355	469	2.535	1
8195	4.208	6.724	2.542	4.061	0.005	0	0.604	1	1.656	498	1.598	1
8196	1.573	3.244	0.678	1.398	0.005	0	0.431	1	2.32	475	2.062	1
8197	2.095	3.438	0.4	0.657	0.005	0	0.191	1	5.24	476	1.641	1
8198	4.981	13.19	0.578	1.53	0.005	0	0.116	1	8.62	495	2.648	1
8199	4.171	6.282	1.28	1.929	0.005	0	0.307	1	3.26	490	1.506	1
8200	1.566	3.076	0.179	0.351	0.005	0	0.114	1	8.763	483	1.964	1
8201	4.921	13.031	1.24	3.284	0.005	0	0.252	1	3.969	480	2.648	1
8202	4.339	7.342	0.46	0.778	0.005	0	0.106	1	9.44	487	1.692	1
8203	4.278	9.181	0.436	0.936	0.005	0	0.102	1	9.851	467	2.146	1
8204	1.111	2.125	0.77	1.473	0.005	0	0.693	1	1.444	467	1.913	1
8205	1.737	3.389	0.217	0.424	0.005	0	0.125	1	8.001	456	1.951	1
8206	2.847	6.431	0.325	0.733	0.005	0	0.114	1	8.755	486	2.259	1
8207	4.375	10.386	0.573	1.361	0.005	0	0.131	1	7.644	476	2.374	1
8208	2.772	8.283	0.391	1.168	0.005	0	0.141	1	7.111	468	2.988	1
8209	2.576	6.02	0.428	0.999	0.005	0	0.166	1	6.013	489	2.337	1
8210	4.454	12.623	1.203	3.408	0.005	0	0.27	1	3.7	499	2.834	1
8211	4.008	9.772	0.79	1.925	0.005	0	0.197	1	5.068	479	2.438	1
8212	4.817	7.813	1.074	1.742	0.005	0	0.223	1	4.481	499	1.622	1
8213	3.04	6.177	0.398	0.809	0.005	0	0.131	1	7.647	465	2.032	1
8214	2.137	3.312	0.677	1.05	0.005	0	0.317	1	3.151	466	1.55	1
8215	2.34	4.207	0.494	0.888	0.005	0	0.211	1	4.749	485	1.798	1
8216	2.499	6.125	0.28	0.686	0.005	0	0.112	1	8.916	459	2.451	1
8217	1.785	4.919	0.357	0.984	0.005	0	0.2	1	5.0	497	2.756	1
8218	1.626	4.779	0.246	0.722	0.005	0	0.151	1	6.642	478	2.939	1
8219	1.796	4.174	0.205	0.476	0.005	0	0.114	1	8.749	454	2.324	1
8220	1.175	3.344	0.216	0.615	0.005	0	0.184	1	5.449	495	2.846	1
8221	1.047	2.782	0.215	0.57	0.005	0	0.205	1	4.887	464	2.657	1
8222	1.995	4.513	0.251	0.569	0.005	0	0.126	1	7.948	476	2.262	1
8223	2.689	4.499	0.53	0.886	0.005	0	0.197	1	5.067	456	1.673	1
8224	2.724	7.725	1.76	4.99	0.005	0	0.646	1	1.549	476	2.836	1
8225	4.463	9.1	0.486	0.992	0.005	0	0.109	1	9.186	455	2.039	1
8226	2.532	4.008	0.891	1.411	0.005	0	0.352	1	2.844	472	1.583	1
8227	1.354	2.269	0.269	0.452	0.005	0	0.199	1	5.015	482	1.676	1
8228	2.761	7.877	0.533	1.52	0.005	0	0.193	1	5.169	462	2.853	1
8229	3.157	5.973	1.5	2.837	0.005	0	0.475	1	2.104	466	1.892	1
8230	2.67	5.943	0.296	0.66	0.005	0	0.111	1	9.031	490	2.226	1
8231	1.02	1.593	0.133	0.207	0.005	0	0.13	1	7.692	457	1.562	1
8232	4.486	9.865	2.799	6.156	0.005	0	0.624	1	1.603	472	2.199	1
8233	3.199	7.924	0.909	2.25	0.005	0	0.284	1	3.521	477	2.477	1
8234	1.08	2.409	0.551	1.229	0.005	0	0.51	1	1.961	457	2.231	1
8235	4.769	10.511	1.197	2.638	0.005	0	0.251	1	3.98	498	2.204	1
8236	1.836	3.011	0.619	1.015	0.005	0	0.337	1	2.97	476	1.64	1
8237	4.636	9.277	0.649	1.299	0.005	0	0.14	1	7.125	497	2.001	1
8238	2.524	4.69	1.436	2.669	0.005	0	0.569	1	1.759	493	1.858	1
8239	1.496	4.124	0.169	0.466	0.005	0	0.113	1	8.864	492	2.757	1
8240	4.736	11.854	1.416	3.544	0.005	0	0.299	1	3.343	452	2.503	1
8241	1.443	3.325	0.163	0.376	0.005	0	0.113	1	8.822	482	2.304	1
8242	1.532	3.511	0.262	0.6	0.005	0	0.171	1	5.859	470	2.292	1
8243	4.032	8.08	3.625	7.264	0.005	0	0.899	1	1.112	456	2.004	1
8244	2.048	5.165	0.301	0.759	0.005	0	0.147	1	6.813	458	2.522	1
8245	4.733	14.119	1.481	4.419	0.005	0	0.313	1	3.193	482	2.983	1
8246	4.664	10.951	0.961	2.256	0.005	0	0.206	1	4.859	474	2.348	1
8247	4.83	10.138	0.638	1.338	0.005	0	0.132	1	7.568	454	2.099	1
8248	2.241	4.491	0.309	0.62	0.005	0	0.138	1	7.262	458	2.004	1
8249	1.67	4.541	0.252	0.686	0.005	0	0.151	1	6.602	455	2.719	1
8250	2.249	6.147	0.717	1.961	0.005	0	0.319	1	3.131	465	2.733	1
8251	3.965	10.741	0.583	1.579	0.005	0	0.147	1	6.78	495	2.709	1
8252	2.898	7.193	0.38	0.942	0.005	0	0.131	1	7.629	468	2.482	1
8253	2.863	7.315	1.214	3.102	0.005	0	0.424	1	2.361	462	2.555	1
8254	4.884	11.233	1.529	3.516	0.005	0	0.313	1	3.199	456	2.3	1
8255	4.172	8.907	1.03	2.2	0.005	0	0.247	1	4.044	463	2.135	1
8256	4.96	8.903	1.027	1.843	0.005	0	0.207	1	4.842	464	1.795	1
8257	2.582	7.428	0.261	0.75	0.005	0	0.101	1	9.914	493	2.877	1
8258	4.585	11.197	0.807	1.971	0.005	0	0.176	1	5.698	463	2.442	1
8259	3.445	8.361	0.42	1.02	0.005	0	0.122	1	8.194	462	2.427	1
8260	1.44	4.284	0.743	2.211	0.005	0	0.516	1	1.938	454	2.975	1
8261	3.005	8.916	0.361	1.07	0.005	0	0.12	1	8.344	456	2.967	1
8262	4.493	12.778	3.5	9.954	0.005	0	0.779	1	1.283	458	2.844	1
8263	1.568	2.888	0.416	0.765	0.005	0	0.265	1	3.772	454	1.842	1
8264	3.178	9.194	0.385	1.112	0.005	0	0.121	1	8.295	476	2.893	1
8265	2.082	4.039	0.233	0.452	0.005	0	0.112	1	8.905	453	1.94	1
8266	3.047	5.433	1.109	1.978	0.005	0	0.364	1	2.749	494	1.783	1
8267	2.001	3.156	0.454	0.716	0.005	0	0.227	1	4.397	499	1.577	1
8268	1.695	2.939	0.256	0.444	0.005	0	0.151	1	6.64	455	1.734	1
8269	3.41	7.246	1.497	3.181	0.005	0	0.439	1	2.28	486	2.125	1
8270	2.609	4.639	2.103	3.739	0.005	0	0.806	1	1.241	462	1.778	1
8271	2.185	4.768	0.634	1.383	0.005	0	0.29	1	3.443	463	2.182	1
8272	4.365	8.59	1.432	2.818	0.005	0	0.328	1	3.049	497	1.968	1
8273	4.876	13.862	0.619	1.76	0.005	0	0.127	1	7.898	473	2.843	1
8274	4.647	12.877	4.043	11.203	0.005	0	0.87	1	1.149	471	2.771	1
8275	3.193	9.186	0.543	1.562	0.005	0	0.17	1	5.881	497	2.877	1
8276	4.427	8.469	0.545	1.042	0.005	0	0.123	1	8.101	453	1.913	1
8277	4.126	11.144	0.479	1.293	0.005	0	0.116	1	8.644	478	2.701	1
8278	4.065	8.675	0.516	1.102	0.005	0	0.127	1	7.883	491	2.134	1
8279	4.007	10.398	0.485	1.258	0.005	0	0.121	1	8.258	486	2.595	1
8280	4.605	12.76	1.98	5.487	0.005	0	0.43	1	2.326	460	2.771	1
8281	3.969	10.502	1.274	3.371	0.005	0	0.321	1	3.119	483	2.646	1
8282	3.016	5.13	0.528	0.898	0.005	0	0.175	1	5.719	469	1.701	1
8283	3.008	6.115	0.427	0.868	0.005	0	0.142	1	7.021	488	2.033	1
8284	2.072	4.554	0.642	1.412	0.005	0	0.31	1	3.225	493	2.198	1
8285	4.358	8.472	1.355	2.635	0.005	0	0.311	1	3.216	483	1.944	1
8286	2.885	7.339	0.799	2.033	0.005	0	0.277	1	3.608	494	2.544	1
8287	1.769	3.963	0.281	0.63	0.005	0	0.159	1	6.283	483	2.24	1
8288	3.669	7.404	0.506	1.022	0.005	0	0.138	1	7.23	492	2.018	1
8289	2.087	6.173	0.495	1.463	0.005	0	0.237	1	4.222	454	2.958	1
8290	3.807	8.802	0.624	1.444	0.005	0	0.164	1	6.097	489	2.312	1
8291	4.053	7.506	2.383	4.414	0.005	0	0.588	1	1.702	451	1.852	1
8292	1.419	3.647	0.44	1.131	0.005	0	0.31	1	3.23	490	2.57	1
8293	3.048	7.035	1.326	3.06	0.005	0	0.435	1	2.3	493	2.308	1
8294	3.662	7.031	0.447	0.858	0.005	0	0.122	1	8.2	450	1.92	1
8295	2.743	7.935	1.012	2.928	0.005	0	0.369	1	2.713	457	2.893	1
8296	3.682	8.336	0.438	0.992	0.005	0	0.119	1	8.432	487	2.264	1
8297	1.67	3.38	0.187	0.379	0.005	0	0.112	1	8.928	470	2.024	1
8298	1.441	2.736	0.248	0.471	0.005	0	0.172	1	5.801	498	1.899	1
8299	2.323	6.702	0.321	0.925	0.005	0	0.138	1	7.222	478	2.885	1
8300	3.065	9.183	2.67	7.998	0.005	0	0.871	1	1.148	457	2.996	1
8301	4.721	13.644	0.491	1.419	0.005	0	0.104	1	9.586	493	2.89	1
8302	1.312	3.533	0.261	0.703	0.005	0	0.199	1	5.014	459	2.693	1
8303	3.023	6.542	0.729	1.577	0.005	0	0.241	1	4.157	462	2.164	1
8304	4.026	9.558	1.711	4.062	0.005	0	0.425	1	2.355	472	2.374	1
8305	2.945	4.971	1.287	2.172	0.005	0	0.437	1	2.286	455	1.688	1
8306	1.161	1.956	0.173	0.291	0.005	0	0.149	1	6.706	451	1.685	1
8307	2.099	3.566	0.279	0.474	0.005	0	0.133	1	7.536	468	1.699	1
8308	2.067	3.408	0.225	0.371	0.005	0	0.109	1	9.142	461	1.649	1
8309	4.184	8.761	2.088	4.372	0.005	0	0.499	1	2.006	484	2.094	1
8310	2.085	4.391	0.603	1.269	0.005	0	0.289	1	3.463	487	2.106	1
8311	4.555	11.246	0.46	1.136	0.005	0	0.101	1	9.931	493	2.469	1
8312	1.922	5.13	0.208	0.554	0.005	0	0.108	1	9.242	471	2.669	1
8313	3.483	7.67	1.4	3.083	0.005	0	0.402	1	2.489	490	2.202	1
8314	1.681	4.073	0.178	0.432	0.005	0	0.106	1	9.416	463	2.423	1
8315	2.133	5.004	0.444	1.041	0.005	0	0.208	1	4.812	454	2.346	1
8316	2.887	4.634	0.577	0.927	0.005	0	0.2	1	4.996	451	1.605	1
8317	3.234	7.351	0.433	0.985	0.005	0	0.134	1	7.449	453	2.273	1
8318	1.461	3.93	0.202	0.542	0.005	0	0.138	1	7.253	460	2.69	1
8319	3.199	6.955	0.841	1.829	0.005	0	0.263	1	3.804	471	2.174	1
8320	2.223	4.442	0.413	0.826	0.005	0	0.186	1	5.38	469	1.998	1
8321	4.598	11.256	1.163	2.848	0.005	0	0.253	1	3.949	492	2.448	1
8322	4.858	8.341	2.764	4.746	0.005	0	0.569	1	1.756	483	1.717	1
8323	2.944	6.942	1.145	2.7	0.005	0	0.389	1	2.57	478	2.358	1
8324	4.696	8.753	0.92	1.716	0.005	0	0.196	1	5.11	460	1.864	1
8325	3.153	6.99	0.511	1.132	0.005	0	0.162	1	6.174	478	2.217	1
8326	3.391	5.192	0.41	0.628	0.005	0	0.121	1	8.271	488	1.531	1
8327	2.514	5.581	0.274	0.608	0.005	0	0.109	1	9.205	488	2.22	1
8328	2.058	6.088	0.284	0.84	0.005	0	0.138	1	7.226	467	2.958	1
8329	4.52	7.833	1.989	3.447	0.005	0	0.44	1	2.274	453	1.733	1
8330	2.589	7.2	0.766	2.131	0.005	0	0.296	1	3.379	459	2.781	1
8331	2.865	6.277	2.627	5.756	0.005	0	0.917	1	1.091	492	2.191	1
8332	1.656	3.907	0.876	2.067	0.005	0	0.529	1	1.889	451	2.359	1
8333	3.651	9.142	0.376	0.942	0.005	0	0.103	1	9.723	464	2.504	1
8334	3.467	7.641	0.669	1.475	0.005	0	0.193	1	5.178	492	2.204	1
8335	3.758	9.087	0.658	1.59	0.005	0	0.175	1	5.714	483	2.418	1
8336	3.097	7.052	0.403	0.917	0.005	0	0.13	1	7.718	473	2.277	1
8337	1.883	4.192	0.264	0.587	0.005	0	0.14	1	7.121	461	2.226	1
8338	2.147	4.174	0.243	0.472	0.005	0	0.113	1	8.831	460	1.944	1
8339	4.037	11.61	0.444	1.277	0.005	0	0.11	1	9.086	493	2.876	1
8340	2.201	5.593	0.284	0.721	0.005	0	0.129	1	7.775	455	2.541	1
8341	4.431	9.996	0.975	2.199	0.005	0	0.22	1	4.55	475	2.256	1
8342	1.971	5.387	0.252	0.69	0.005	0	0.128	1	7.805	488	2.733	1
8343	2.122	5.791	0.388	1.06	0.005	0	0.183	1	5.472	485	2.729	1
8344	1.047	2.294	0.26	0.569	0.005	0	0.248	1	4.035	466	2.191	1
8345	3.152	5.387	0.353	0.603	0.005	0	0.112	1	8.958	482	1.709	1
8346	1.532	2.955	0.205	0.396	0.005	0	0.134	1	7.475	467	1.929	1
8347	3.124	7.213	0.406	0.938	0.005	0	0.13	1	7.682	495	2.309	1
8348	3.718	10.697	0.494	1.423	0.005	0	0.133	1	7.514	489	2.877	1
8349	3.123	7.639	0.547	1.337	0.005	0	0.175	1	5.728	473	2.446	1
8350	2.315	5.176	0.919	2.055	0.005	0	0.397	1	2.518	458	2.236	1
8351	1.807	3.999	0.239	0.528	0.005	0	0.132	1	7.551	459	2.213	1
8352	2.827	4.331	0.288	0.442	0.005	0	0.102	1	9.788	465	1.532	1
8353	1.404	4.036	0.152	0.436	0.005	0	0.108	1	9.296	489	2.875	1
8354	4.487	8.593	1.938	3.712	0.005	0	0.432	1	2.317	495	1.915	1
8355	3.37	7.471	0.866	1.92	0.005	0	0.257	1	3.888	492	2.217	1
8356	1.83	4.87	0.289	0.769	0.005	0	0.158	1	6.311	496	2.661	1
8357	2.736	4.298	1.663	2.613	0.005	0	0.608	1	1.646	450	1.571	1
8358	3.141	7.265	1.3	3.008	0.005	0	0.414	1	2.414	466	2.313	1
8359	3.125	5.844	0.325	0.608	0.005	0	0.104	1	9.639	493	1.87	1
8360	1.131	2.484	0.532	1.167	0.005	0	0.47	1	2.127	455	2.196	1
8361	2.562	3.981	0.366	0.569	0.005	0	0.143	1	6.975	490	1.554	1
8362	3.055	8.09	2.087	5.525	0.005	0	0.683	1	1.465	491	2.648	1
8363	2.378	4.371	1.619	2.977	0.005	0	0.681	1	1.468	486	1.838	1
8364	1.904	4.813	0.373	0.943	0.005	0	0.196	1	5.11	459	2.528	1
8365	1.226	2.181	0.232	0.412	0.005	0	0.189	1	5.305	477	1.779	1
8366	3.962	9.683	0.404	0.988	0.005	0	0.102	1	9.788	489	2.444	1
8367	3.42	9.289	0.852	2.313	0.005	0	0.249	1	4.024	496	2.716	1
8368	4.706	8.113	1.101	1.898	0.005	0	0.234	1	4.27	494	1.724	1
8369	3.93	9.18	0.515	1.203	0.005	0	0.131	1	7.636	473	2.336	1
8370	3.443	7.106	0.465	0.959	0.005	0	0.135	1	7.43	482	2.064	1
8371	3.68	10.922	1.546	4.587	0.005	0	0.42	1	2.38	494	2.968	1
8372	1.088	3.016	0.992	2.751	0.005	0	0.912	1	1.097	493	2.772	1
8373	4.877	12.168	1.366	3.407	0.005	0	0.28	1	3.575	479	2.495	1
8374	2.811	8.191	0.922	2.687	0.005	0	0.328	1	3.047	451	2.914	1
8375	3.113	8.225	0.383	1.012	0.005	0	0.123	1	8.128	497	2.642	1
8376	1.365	2.149	0.28	0.441	0.005	0	0.205	1	4.872	490	1.574	1
8377	4.588	10.566	2.945	6.783	0.005	0	0.642	1	1.558	465	2.303	1
8378	4.927	8.534	0.705	1.22	0.005	0	0.143	1	6.97	483	1.732	1
8379	3.833	8.13	0.483	1.024	0.005	0	0.126	1	7.959	496	2.121	1
8380	3.816	7.384	1.236	2.392	0.005	0	0.324	1	3.085	493	1.935	1
8381	4.052	8.598	0.827	1.754	0.005	0	0.204	1	4.894	452	2.122	1
8382	1.689	3.511	0.206	0.428	0.005	0	0.122	1	8.182	450	2.079	1
8383	2.592	5.412	0.264	0.552	0.005	0	0.102	1	9.781	461	2.088	1
8384	2.112	4.188	0.384	0.762	0.005	0	0.182	1	5.498	458	1.983	1
8385	4.611	10.711	0.512	1.189	0.005	0	0.111	1	9.023	495	2.323	1
8386	2.63	6.843	0.35	0.91	0.005	0	0.133	1	7.521	459	2.602	1
8387	2.351	6.188	0.823	2.166	0.005	0	0.35	1	2.855	461	2.632	1
8388	4.142	8.711	0.472	0.993	0.005	0	0.114	1	8.749	453	2.103	1
8389	4.503	13.095	0.504	1.467	0.005	0	0.112	1	8.931	459	2.908	1
8390	2.442	5.927	1.114	2.703	0.005	0	0.456	1	2.195	499	2.427	1
8391	2.814	6.481	0.72	1.659	0.005	0	0.256	1	3.901	455	2.303	1
8392	3.098	8.498	0.719	1.972	0.005	0	0.232	1	4.313	482	2.743	1
8393	2.183	3.371	0.38	0.587	0.005	0	0.174	1	5.741	493	1.544	1
8394	3.836	9.981	0.951	2.475	0.005	0	0.248	1	4.031	490	2.602	1
8395	3.517	6.39	2.11	3.834	0.005	0	0.6	1	1.668	468	1.817	1
8396	4.055	8.771	0.815	1.763	0.005	0	0.201	1	4.987	455	2.163	1
8397	1.334	2.829	0.16	0.339	0.005	0	0.12	1	8.334	495	2.121	1
8398	4.977	13.572	0.901	2.457	0.005	0	0.181	1	5.518	463	2.727	1
8399	4.982	13.352	0.727	1.949	0.005	0	0.146	1	6.865	499	2.68	1
8400	4.493	12.082	0.737	1.981	0.005	0	0.164	1	6.088	488	2.689	1
8401	4.01	8.253	0.465	0.957	0.005	0	0.116	1	8.608	487	2.058	1
8402	3.438	7.99	0.86	1.998	0.005	0	0.25	1	4.005	476	2.324	1
8403	3.96	6.229	0.424	0.667	0.005	0	0.107	1	9.341	491	1.573	1
8404	3.025	4.982	0.596	0.981	0.005	0	0.197	1	5.082	458	1.647	1
8405	2.013	4.052	0.841	1.694	0.005	0	0.418	1	2.395	450	2.013	1
8406	4.911	14.365	0.609	1.781	0.005	0	0.124	1	8.042	470	2.925	1
8407	2.447	4.172	0.379	0.647	0.005	0	0.155	1	6.466	491	1.705	1
8408	2.233	4.024	0.342	0.616	0.005	0	0.153	1	6.523	484	1.802	1
8409	4.841	13.032	0.876	2.359	0.005	0	0.181	1	5.525	479	2.692	1
8410	2.211	6.525	0.546	1.612	0.005	0	0.247	1	4.049	490	2.951	1
8411	1.41	3.026	0.365	0.784	0.005	0	0.259	1	3.867	475	2.146	1
8412	4.347	9.198	0.565	1.196	0.005	0	0.13	1	7.674	497	2.116	1
8413	4.981	11.287	1.116	2.528	0.005	0	0.224	1	4.468	462	2.266	1
8414	4.447	12.038	0.792	2.143	0.005	0	0.178	1	5.611	496	2.707	1
8415	4.705	7.984	0.833	1.413	0.005	0	0.177	1	5.662	478	1.697	1
8416	1.547	3.232	0.261	0.546	0.005	0	0.169	1	5.928	480	2.089	1
8417	2.89	5.19	0.578	1.038	0.005	0	0.2	1	5.003	465	1.796	1
8418	4.449	9.076	2.242	4.574	0.005	0	0.504	1	1.983	492	2.04	1
8419	1.379	2.61	0.208	0.394	0.005	0	0.151	1	6.616	490	1.893	1
8420	2.578	4.205	0.382	0.622	0.005	0	0.148	1	6.769	456	1.631	1
8421	2.5	4.338	0.617	1.071	0.005	0	0.247	1	4.051	477	1.735	1
8422	2.381	6.845	0.343	0.986	0.005	0	0.144	1	6.956	450	2.875	1
8423	1.233	1.937	0.448	0.703	0.005	0	0.363	1	2.752	483	1.571	1
8424	1.225	2.596	0.207	0.439	0.005	0	0.169	1	5.902	486	2.119	1
8425	1.948	5.758	0.224	0.662	0.005	0	0.115	1	8.683	483	2.956	1
8426	1.513	4.536	0.794	2.381	0.005	0	0.525	1	1.905	450	2.998	1
8427	3.886	9.218	1.247	2.959	0.005	0	0.321	1	3.12	493	2.372	1
8428	3.694	9.069	0.558	1.369	0.005	0	0.151	1	6.62	497	2.455	1
8429	3.241	6.369	0.933	1.834	0.005	0	0.288	1	3.477	491	1.965	1
8430	2.848	5.895	1.592	3.295	0.005	0	0.559	1	1.79	463	2.07	1
8431	3.777	9.257	0.635	1.555	0.005	0	0.168	1	5.958	487	2.451	1
8432	2.366	3.871	0.362	0.592	0.005	0	0.153	1	6.524	464	1.636	1
8433	4.412	9.062	0.785	1.613	0.005	0	0.178	1	5.606	491	2.054	1
8434	3.371	6.705	1.082	2.152	0.005	0	0.321	1	3.118	480	1.989	1
8435	2.821	6.502	0.573	1.32	0.005	0	0.203	1	4.938	466	2.305	1
8436	2.263	6.216	1.573	4.32	0.005	0	0.695	1	1.439	492	2.747	1
8437	1.191	3.099	0.132	0.344	0.005	0	0.111	1	9.041	495	2.602	1
8438	3.83	8.545	0.402	0.897	0.005	0	0.105	1	9.497	486	2.231	1
8439	2.958	8.43	2.665	7.595	0.005	0	0.901	1	1.11	476	2.85	1
8440	4.924	9.183	0.68	1.267	0.005	0	0.138	1	7.252	481	1.865	1
8441	4.933	8.411	1.144	1.951	0.005	0	0.232	1	4.302	468	1.705	1
8442	2.66	7.64	0.646	1.857	0.005	0	0.243	1	4.12	492	2.872	1
8443	1.355	2.336	0.243	0.418	0.005	0	0.179	1	5.579	497	1.724	1
8444	2.095	5.841	0.272	0.759	0.005	0	0.13	1	7.681	471	2.788	1
8445	1.834	3.494	1.427	2.718	0.005	0	0.778	1	1.285	471	1.905	1
8446	2.241	3.928	0.3	0.526	0.005	0	0.134	1	7.46	477	1.753	1
8447	4.496	8.988	0.706	1.411	0.005	0	0.157	1	6.386	469	1.999	1
8448	2.798	4.329	0.302	0.468	0.005	0	0.108	1	9.282	480	1.547	1
8449	4.057	11.619	0.503	1.441	0.005	0	0.124	1	8.041	466	2.864	1
8450	3.176	9.493	1.324	3.959	0.005	0	0.417	1	2.399	465	2.989	1
8451	1.37	3.828	0.208	0.582	0.005	0	0.152	1	6.568	461	2.794	1
8452	3.51	5.395	0.544	0.836	0.005	0	0.155	1	6.446	456	1.537	1
8453	2.809	7.056	0.61	1.531	0.005	0	0.217	1	4.614	475	2.512	1
8454	4.038	11.331	0.864	2.425	0.005	0	0.214	1	4.676	496	2.806	1
8455	4.332	11.272	1.261	3.28	0.005	0	0.291	1	3.434	466	2.602	1
8456	4.363	10.205	2.299	5.378	0.005	0	0.527	1	1.899	455	2.339	1
8457	2.429	4.55	0.262	0.491	0.005	0	0.108	1	9.274	460	1.873	1
8458	2.952	5.027	0.644	1.096	0.005	0	0.218	1	4.592	452	1.703	1
8459	2.101	3.647	0.735	1.276	0.005	0	0.35	1	2.854	494	1.736	1
8460	4.66	10.527	0.76	1.716	0.005	0	0.163	1	6.135	496	2.259	1
8461	1.193	3.436	0.129	0.371	0.005	0	0.108	1	9.271	464	2.88	1
8462	4.513	9.604	0.514	1.095	0.005	0	0.114	1	8.744	479	2.128	1
8463	4.289	8.098	0.819	1.547	0.005	0	0.191	1	5.24	467	1.888	1
8464	3.825	6.667	0.601	1.047	0.005	0	0.157	1	6.372	494	1.743	1
8465	1.331	2.241	0.218	0.368	0.005	0	0.164	1	6.098	474	1.684	1
8466	4.384	8.154	1.868	3.474	0.005	0	0.426	1	2.346	499	1.86	1
8467	1.586	3.743	0.282	0.666	0.005	0	0.178	1	5.622	490	2.36	1
8468	2.104	5.74	1.067	2.91	0.005	0	0.507	1	1.971	450	2.728	1
8469	4.524	12.292	0.556	1.512	0.005	0	0.123	1	8.117	494	2.717	1
8470	1.942	5.698	0.753	2.211	0.005	0	0.388	1	2.575	468	2.934	1
8471	2.278	4.852	0.228	0.485	0.005	0	0.1	1	9.963	456	2.13	1
8472	1.139	2.088	0.231	0.424	0.005	0	0.203	1	4.938	477	1.833	1
8473	1.631	4.048	0.466	1.158	0.005	0	0.286	1	3.493	489	2.482	1
8474	3.394	10.046	0.394	1.165	0.005	0	0.116	1	8.653	498	2.96	1
8475	4.673	11.323	1.065	2.582	0.005	0	0.228	1	4.379	468	2.423	1
8476	3.451	9.483	1.035	2.845	0.005	0	0.3	1	3.328	479	2.748	1
8477	4.444	9.781	0.96	2.113	0.005	0	0.216	1	4.636	460	2.201	1
8478	1.509	2.449	0.16	0.26	0.005	0	0.106	1	9.391	462	1.623	1
8479	4.772	10.432	0.964	2.107	0.005	0	0.202	1	4.947	454	2.186	1
8480	1.802	3.274	0.405	0.737	0.005	0	0.225	1	4.436	467	1.817	1
8481	2.049	3.356	1.301	2.131	0.005	0	0.635	1	1.575	468	1.638	1
8482	3.608	9.568	1.09	2.89	0.005	0	0.302	1	3.31	491	2.652	1
8483	2.801	7.876	0.336	0.945	0.005	0	0.12	1	8.317	498	2.812	1
8484	2.539	7.35	0.333	0.963	0.005	0	0.131	1	7.629	497	2.895	1
8485	2.869	5.715	0.909	1.812	0.005	0	0.317	1	3.158	490	1.992	1
8486	3.929	7.669	0.75	1.465	0.005	0	0.191	1	5.229	477	1.952	1
8487	2.786	4.313	0.376	0.582	0.005	0	0.135	1	7.389	498	1.548	1
8488	3.428	6.811	1.813	3.603	0.005	0	0.529	1	1.889	470	1.987	1
8489	4.248	11.843	1.338	3.731	0.005	0	0.315	1	3.178	459	2.788	1
8490	3.981	9.881	0.617	1.532	0.005	0	0.155	1	6.442	490	2.482	1
8491	4.792	8.266	1.265	2.182	0.005	0	0.264	1	3.794	470	1.725	1
8492	1.969	3.026	0.238	0.366	0.005	0	0.121	1	8.257	477	1.537	1
8493	3.814	7.945	0.862	1.796	0.005	0	0.226	1	4.43	499	2.083	1
8494	3.713	7.504	0.635	1.283	0.005	0	0.171	1	5.857	464	2.021	1
8495	2.569	5.279	1.413	2.903	0.005	0	0.55	1	1.819	493	2.055	1
8496	1.759	3.789	0.99	2.133	0.005	0	0.563	1	1.777	487	2.154	1
8497	4.028	8.286	0.669	1.375	0.005	0	0.166	1	6.014	459	2.057	1
8498	2.297	6.257	0.294	0.801	0.005	0	0.128	1	7.809	450	2.724	1
8499	1.219	2.841	0.744	1.733	0.005	0	0.61	1	1.64	452	2.331	1
8500	2.941	6.011	0.862	1.761	0.005	0	0.293	1	3.415	498	2.044	1
8501	2.779	7.926	0.675	1.926	0.005	0	0.243	1	4.122	455	2.852	1
8502	1.68	2.622	0.638	0.996	0.005	0	0.38	1	2.629	452	1.561	1
8503	1.902	3.45	1.413	2.563	0.005	0	0.743	1	1.345	453	1.814	1
8504	1.594	2.973	0.171	0.318	0.005	0	0.107	1	9.308	499	1.865	1
8505	4.425	8.806	1.836	3.654	0.005	0	0.415	1	2.407	493	1.99	1
8506	2.747	5.42	0.379	0.748	0.005	0	0.138	1	7.227	470	1.973	1
8507	4.342	8.675	2.288	4.572	0.005	0	0.527	1	1.897	489	1.998	1
8508	4.525	9.299	0.462	0.948	0.005	0	0.102	1	9.788	464	2.055	1
8509	3.166	5.385	1.928	3.279	0.005	0	0.609	1	1.643	493	1.701	1
8510	3.491	6.682	0.765	1.463	0.005	0	0.219	1	4.563	482	1.914	1
8511	3.056	6.069	0.373	0.74	0.005	0	0.122	1	8.21	476	1.986	1
8512	2.895	6.881	0.295	0.702	0.005	0	0.102	1	9.766	485	2.377	1
8513	4.389	7.066	0.799	1.286	0.005	0	0.182	1	5.487	471	1.61	1
8514	1.318	2.163	0.783	1.285	0.005	0	0.594	1	1.683	464	1.641	1
8515	4.493	12.845	0.687	1.965	0.005	0	0.153	1	6.525	468	2.859	1
8516	1.767	4.568	0.18	0.466	0.005	0	0.102	1	9.796	498	2.585	1
8517	2.287	6.255	0.73	1.995	0.005	0	0.319	1	3.137	495	2.735	1
8518	4.442	7.156	0.573	0.923	0.005	0	0.129	1	7.78	460	1.611	1
8519	1.282	3.575	0.158	0.44	0.005	0	0.123	1	8.112	479	2.789	1
8520	4.208	12.447	0.682	2.016	0.005	0	0.162	1	6.188	456	2.958	1
8521	4.908	13.953	0.658	1.87	0.005	0	0.134	1	7.485	450	2.843	1
8522	1.203	2.448	0.123	0.25	0.005	0	0.102	1	9.839	491	2.035	1
8523	3.372	6.521	0.786	1.519	0.005	0	0.233	1	4.287	490	1.934	1
8524	1.198	2.14	0.906	1.618	0.005	0	0.756	1	1.322	458	1.786	1
8525	2.36	3.698	0.448	0.703	0.005	0	0.19	1	5.27	494	1.567	1
8526	3.465	6.137	1.608	2.848	0.005	0	0.464	1	2.155	473	1.771	1
8527	2.796	5.525	0.671	1.326	0.005	0	0.24	1	4.166	464	1.976	1
8528	2.848	7.547	0.51	1.351	0.005	0	0.179	1	5.581	496	2.65	1
8529	4.514	9.692	0.93	1.997	0.005	0	0.206	1	4.861	460	2.147	1
8530	1.44	4.17	0.228	0.659	0.005	0	0.158	1	6.321	467	2.896	1
8531	2.734	5.285	0.301	0.581	0.005	0	0.11	1	9.119	499	1.933	1
8532	4.329	8.952	0.939	1.943	0.005	0	0.217	1	4.602	487	2.068	1
8533	3.643	7.552	2.463	5.105	0.005	0	0.676	1	1.479	458	2.073	1
8534	4.878	13.497	1.912	5.291	0.005	0	0.392	1	2.55	489	2.767	1
8535	2.293	6.049	0.294	0.774	0.005	0	0.128	1	7.784	477	2.638	1
8536	2.416	6.789	0.321	0.903	0.005	0	0.133	1	7.501	472	2.81	1
8537	2.107	5.362	0.251	0.638	0.005	0	0.119	1	8.378	458	2.545	1
8538	1.797	4.703	0.376	0.983	0.005	0	0.209	1	4.775	459	2.617	1
8539	3.237	8.708	0.838	2.255	0.005	0	0.259	1	3.868	461	2.69	1
8540	3.081	8.883	0.453	1.306	0.005	0	0.147	1	6.781	488	2.883	1
8541	1.18	3.515	1.113	3.315	0.005	0	0.943	1	1.06	460	2.979	1
8542	4.462	12.275	0.504	1.387	0.005	0	0.113	1	8.82	450	2.751	1
8543	4.488	11.754	0.633	1.657	0.005	0	0.141	1	7.071	480	2.619	1
8544	1.461	2.479	1.075	1.825	0.005	0	0.736	1	1.358	458	1.697	1
8545	1.385	2.501	0.35	0.633	0.005	0	0.253	1	3.956	459	1.806	1
8546	3.127	6.27	0.372	0.746	0.005	0	0.119	1	8.381	472	2.005	1
8547	2.819	7.704	2.19	5.986	0.005	0	0.777	1	1.287	478	2.733	1
8548	4.204	10.266	3.506	8.562	0.005	0	0.834	1	1.199	484	2.442	1
8549	2.282	6.009	0.835	2.199	0.005	0	0.366	1	2.733	468	2.633	1
8550	1.103	2.186	0.618	1.224	0.005	0	0.56	1	1.786	485	1.982	1
8551	4.18	8.778	0.748	1.571	0.005	0	0.179	1	5.572	486	2.1	1
8552	2.013	3.462	1.715	2.95	0.005	0	0.852	1	1.174	478	1.72	1
8553	3.432	5.337	0.587	0.913	0.005	0	0.171	1	5.854	498	1.555	1
8554	4.391	9.902	1.484	3.347	0.005	0	0.338	1	2.961	470	2.255	1
8555	2.0	5.332	0.218	0.581	0.005	0	0.109	1	9.156	486	2.666	1
8556	4.691	8.528	0.685	1.245	0.005	0	0.146	1	6.872	453	1.818	1
8557	1.215	3.12	0.198	0.509	0.005	0	0.163	1	6.144	473	2.568	1
8558	1.326	3.2	0.162	0.39	0.005	0	0.122	1	8.184	463	2.413	1
8559	4.941	10.628	0.998	2.147	0.005	0	0.202	1	4.951	457	2.151	1
8560	4.408	8.124	0.882	1.625	0.005	0	0.2	1	5.012	496	1.843	1
8561	4.211	12.208	0.716	2.075	0.005	0	0.17	1	5.893	490	2.899	1
8562	2.616	4.434	1.703	2.887	0.005	0	0.651	1	1.535	454	1.695	1
8563	1.703	3.576	0.957	2.01	0.005	0	0.562	1	1.78	460	2.1	1
8564	3.096	7.418	0.393	0.942	0.005	0	0.127	1	7.897	477	2.396	1
8565	1.479	3.621	0.284	0.695	0.005	0	0.192	1	5.205	498	2.448	1
8566	3.378	9.458	0.581	1.627	0.005	0	0.172	1	5.801	454	2.8	1
8567	3.944	8.59	0.489	1.065	0.005	0	0.124	1	8.079	498	2.178	1
8568	4.653	7.617	0.586	0.96	0.005	0	0.126	1	7.919	476	1.637	1
8569	2.661	7.222	0.442	1.199	0.005	0	0.166	1	6.024	463	2.714	1
8570	2.266	5.309	0.417	0.977	0.005	0	0.184	1	5.44	481	2.343	1
8571	2.156	4.036	0.384	0.718	0.005	0	0.178	1	5.611	485	1.872	1
8572	4.031	9.864	1.1	2.693	0.005	0	0.273	1	3.667	477	2.447	1
8573	3.502	9.715	0.879	2.438	0.005	0	0.251	1	3.979	495	2.774	1
8574	2.868	7.468	1.133	2.95	0.005	0	0.395	1	2.53	494	2.604	1
8575	3.77	6.439	1.531	2.614	0.005	0	0.406	1	2.463	481	1.708	1
8576	2.186	5.928	0.249	0.676	0.005	0	0.114	1	8.792	488	2.712	1
8577	4.648	11.034	0.734	1.743	0.005	0	0.158	1	6.326	499	2.374	1
8578	3.251	7.282	0.338	0.757	0.005	0	0.104	1	9.657	461	2.24	1
8579	2.683	7.394	0.703	1.937	0.005	0	0.262	1	3.816	490	2.756	1
8580	2.951	7.106	1.52	3.66	0.005	0	0.515	1	1.943	468	2.408	1
8581	4.703	11.776	2.841	7.113	0.005	0	0.604	1	1.657	459	2.504	1
8582	1.529	2.91	0.528	1.004	0.005	0	0.345	1	2.899	487	1.903	1
8583	3.565	5.693	0.357	0.569	0.005	0	0.1	1	9.974	459	1.597	1
8584	1.588	3.068	0.762	1.473	0.005	0	0.48	1	2.084	487	1.932	1
8585	2.99	5.041	0.332	0.56	0.005	0	0.111	1	9.011	486	1.686	1
8586	3.358	6.709	0.86	1.718	0.005	0	0.256	1	3.906	475	1.998	1
8587	4.667	8.093	0.737	1.279	0.005	0	0.158	1	6.345	461	1.734	1
8588	4.398	11.747	0.712	1.903	0.005	0	0.162	1	6.165	450	2.671	1
8589	2.584	6.088	0.421	0.992	0.005	0	0.163	1	6.119	477	2.356	1
8590	2.717	4.714	0.41	0.712	0.005	0	0.151	1	6.616	481	1.735	1
8591	4.147	11.354	0.634	1.737	0.005	0	0.153	1	6.53	494	2.738	1
8592	1.681	4.663	0.25	0.695	0.005	0	0.149	1	6.727	464	2.774	1
8593	4.477	8.676	0.528	1.024	0.005	0	0.118	1	8.508	486	1.938	1
8594	2.792	4.353	1.745	2.721	0.005	0	0.625	1	1.599	474	1.559	1
8595	2.693	6.703	0.288	0.717	0.005	0	0.107	1	9.367	479	2.489	1
8596	2.779	5.722	0.834	1.717	0.005	0	0.3	1	3.332	452	2.059	1
8597	1.903	3.953	0.396	0.822	0.005	0	0.208	1	4.815	461	2.077	1
8598	3.774	6.654	1.906	3.36	0.005	0	0.505	1	1.981	451	1.763	1
8599	2.315	4.308	0.394	0.732	0.005	0	0.17	1	5.885	483	1.861	1
8600	3.818	9.614	1.344	3.384	0.005	0	0.352	1	2.838	479	2.518	1
8601	1.768	3.584	0.723	1.466	0.005	0	0.409	1	2.446	477	2.027	1
8602	3.769	9.272	3.373	8.298	0.005	0	0.895	1	1.117	493	2.46	1
8603	2.326	5.129	0.272	0.6	0.005	0	0.117	1	8.55	473	2.205	1
8604	3.583	9.574	1.043	2.786	0.005	0	0.291	1	3.433	466	2.672	1
8605	1.16	2.336	0.927	1.866	0.005	0	0.799	1	1.252	498	2.014	1
8606	2.908	5.234	1.204	2.167	0.005	0	0.414	1	2.413	462	1.8	1
8607	3.596	9.68	0.478	1.287	0.005	0	0.133	1	7.541	478	2.692	1
8608	2.208	6.549	0.221	0.655	0.005	0	0.1	1	9.956	495	2.966	1
8609	4.346	8.627	1.039	2.062	0.005	0	0.239	1	4.183	495	1.985	1
8610	2.481	6.691	0.471	1.271	0.005	0	0.19	1	5.25	451	2.697	1
8611	1.974	3.235	0.314	0.514	0.005	0	0.159	1	6.271	489	1.639	1
8612	4.276	12.246	0.453	1.298	0.005	0	0.106	1	9.423	464	2.864	1
8613	2.978	6.03	1.751	3.546	0.005	0	0.588	1	1.7	454	2.025	1
8614	1.849	3.454	1.237	2.311	0.005	0	0.669	1	1.495	481	1.868	1
8615	4.753	8.912	0.485	0.909	0.005	0	0.102	1	9.809	459	1.875	1
8616	1.748	5.153	0.187	0.551	0.005	0	0.107	1	9.364	493	2.948	1
8617	4.838	9.207	0.953	1.814	0.005	0	0.197	1	5.078	465	1.903	1
8618	4.771	9.49	0.639	1.272	0.005	0	0.134	1	7.472	472	1.989	1
8619	4.805	10.494	0.73	1.595	0.005	0	0.152	1	6.562	486	2.184	1
8620	3.844	7.331	0.761	1.452	0.005	0	0.198	1	5.045	473	1.907	1
8621	1.37	3.063	0.164	0.368	0.005	0	0.12	1	8.299	474	2.236	1
8622	2.114	3.346	0.336	0.532	0.005	0	0.159	1	6.29	468	1.583	1
8623	3.873	7.909	1.309	2.673	0.005	0	0.338	1	2.961	454	2.042	1
8624	3.769	10.353	1.161	3.189	0.005	0	0.308	1	3.244	481	2.747	1
8625	2.285	3.674	1.951	3.138	0.005	0	0.854	1	1.171	485	1.608	1
8626	1.292	3.468	0.258	0.694	0.005	0	0.2	1	4.991	497	2.684	1
8627	3.52	6.368	1.204	2.178	0.005	0	0.342	1	2.92	454	1.809	1
8628	3.402	10.118	1.242	3.693	0.005	0	0.365	1	2.74	469	2.974	1
8629	2.251	6.253	0.574	1.595	0.005	0	0.255	1	3.923	489	2.778	1
8630	1.415	2.952	0.862	1.798	0.005	0	0.609	1	1.642	496	2.086	1
8631	2.587	5.598	2.085	4.512	0.005	0	0.806	1	1.24	462	2.164	1
8632	3.387	6.534	0.362	0.699	0.005	0	0.107	1	9.378	483	1.929	1
8633	3.176	7.028	0.594	1.314	0.005	0	0.187	1	5.343	493	2.213	1
8634	4.919	9.818	1.412	2.818	0.005	0	0.287	1	3.486	465	1.996	1
8635	3.383	9.689	0.389	1.114	0.005	0	0.115	1	8.687	471	2.864	1
8636	4.288	12.161	0.446	1.265	0.005	0	0.104	1	9.624	482	2.836	1
8637	3.562	8.168	1.183	2.712	0.005	0	0.332	1	3.016	464	2.293	1
8638	2.343	5.15	1.059	2.328	0.005	0	0.452	1	2.211	464	2.198	1
8639	3.085	9.221	0.574	1.715	0.005	0	0.186	1	5.368	463	2.989	1
8640	2.56	5.012	1.091	2.135	0.005	0	0.426	1	2.348	465	1.958	1
8641	2.541	4.94	0.277	0.538	0.005	0	0.109	1	9.163	483	1.944	1
8642	4.522	6.855	1.755	2.66	0.005	0	0.388	1	2.577	480	1.516	1
8643	4.229	8.154	2.33	4.493	0.005	0	0.551	1	1.816	492	1.928	1
8644	4.043	11.086	0.57	1.563	0.005	0	0.141	1	7.069	477	2.742	1
8645	2.686	6.728	0.604	1.514	0.005	0	0.225	1	4.449	493	2.505	1
8646	1.612	4.262	0.348	0.921	0.005	0	0.216	1	4.62	477	2.644	1
8647	2.236	5.682	0.563	1.432	0.005	0	0.252	1	3.971	474	2.541	1
8648	2.06	4.89	0.239	0.567	0.005	0	0.116	1	8.631	490	2.374	1
8649	2.913	7.216	0.437	1.082	0.005	0	0.15	1	6.669	453	2.477	1
8650	1.065	1.608	0.426	0.643	0.005	0	0.4	1	2.497	488	1.51	1
8651	4.219	9.147	0.869	1.884	0.005	0	0.206	1	4.852	481	2.168	1
8652	2.16	3.3	0.551	0.841	0.005	0	0.255	1	3.925	495	1.528	1
8653	1.607	3.058	0.214	0.407	0.005	0	0.133	1	7.543	451	1.903	1
8654	3.852	9.626	0.412	1.03	0.005	0	0.107	1	9.307	454	2.499	1
8655	3.955	10.327	0.747	1.952	0.005	0	0.189	1	5.298	463	2.611	1
8656	4.772	7.416	1.05	1.632	0.005	0	0.22	1	4.542	463	1.554	1
8657	1.061	2.554	0.301	0.725	0.005	0	0.284	1	3.519	450	2.407	1
8658	2.006	5.45	0.53	1.439	0.005	0	0.264	1	3.788	460	2.717	1
8659	3.68	10.311	0.898	2.516	0.005	0	0.244	1	4.105	486	2.802	1
8660	3.63	6.429	0.396	0.701	0.005	0	0.109	1	9.134	476	1.771	1
8661	1.831	5.308	0.544	1.576	0.005	0	0.297	1	3.367	452	2.899	1
8662	1.012	2.779	0.158	0.434	0.005	0	0.156	1	6.397	483	2.746	1
8663	1.89	4.069	0.255	0.549	0.005	0	0.135	1	7.421	467	2.153	1
8664	3.992	10.938	0.491	1.345	0.005	0	0.123	1	8.136	465	2.74	1
8665	2.691	7.799	1.224	3.549	0.005	0	0.455	1	2.2	457	2.898	1
8666	2.893	6.521	0.431	0.972	0.005	0	0.149	1	6.73	470	2.254	1
8667	1.735	3.914	0.462	1.041	0.005	0	0.266	1	3.762	472	2.256	1
8668	1.014	1.934	0.287	0.547	0.005	0	0.283	1	3.529	491	1.907	1
8669	1.074	2.615	0.198	0.481	0.005	0	0.184	1	5.439	452	2.435	1
8670	2.006	3.655	0.213	0.387	0.005	0	0.106	1	9.413	483	1.822	1
8671	3.841	5.788	1.92	2.894	0.005	0	0.5	1	2.002	497	1.507	1
8672	1.041	2.386	0.189	0.434	0.005	0	0.182	1	5.481	484	2.292	1
8673	2.617	6.966	0.516	1.372	0.005	0	0.197	1	5.073	483	2.662	1
8674	3.193	5.179	0.393	0.637	0.005	0	0.123	1	8.108	480	1.622	1
8675	2.643	6.145	0.418	0.971	0.005	0	0.158	1	6.312	475	2.325	1
8676	2.114	3.363	0.512	0.814	0.005	0	0.242	1	4.128	452	1.591	1
8677	3.681	6.309	0.375	0.644	0.005	0	0.102	1	9.758	492	1.714	1
8678	3.76	9.964	0.519	1.375	0.005	0	0.138	1	7.269	469	2.65	1
8679	4.153	11.055	1.059	2.819	0.005	0	0.255	1	3.929	468	2.662	1
8680	1.175	2.175	0.182	0.337	0.005	0	0.155	1	6.437	499	1.851	1
8681	4.717	11.901	1.316	3.32	0.005	0	0.279	1	3.582	470	2.523	1
8682	2.682	5.986	2.103	4.693	0.005	0	0.784	1	1.275	467	2.232	1
8683	3.016	5.341	0.817	1.447	0.005	0	0.271	1	3.688	481	1.771	1
8684	1.989	5.943	0.296	0.886	0.005	0	0.149	1	6.701	477	2.988	1
8685	2.403	7.175	0.577	1.722	0.005	0	0.24	1	4.165	480	2.986	1
8686	3.374	5.591	2.946	4.881	0.005	0	0.873	1	1.145	494	1.657	1
8687	2.326	6.322	0.384	1.043	0.005	0	0.165	1	6.056	494	2.718	1
8688	3.87	11.072	1.068	3.056	0.005	0	0.276	1	3.627	483	2.861	1
8689	3.112	8.378	0.563	1.516	0.005	0	0.181	1	5.513	466	2.692	1
8690	2.323	5.255	0.53	1.198	0.005	0	0.228	1	4.387	485	2.262	1
8691	4.534	8.438	3.174	5.907	0.005	0	0.7	1	1.428	459	1.861	1
8692	2.375	4.368	0.686	1.262	0.005	0	0.289	1	3.466	482	1.839	1
8693	2.859	7.045	0.34	0.838	0.005	0	0.119	1	8.378	450	2.464	1
8694	1.395	2.921	0.823	1.723	0.005	0	0.59	1	1.696	491	2.094	1
8695	4.286	7.145	0.741	1.236	0.005	0	0.173	1	5.796	462	1.667	1
8696	4.027	11.747	1.039	3.031	0.005	0	0.258	1	3.873	453	2.917	1
8697	1.376	2.085	0.253	0.384	0.005	0	0.184	1	5.424	496	1.515	1
8698	3.218	8.209	0.576	1.469	0.005	0	0.179	1	5.582	481	2.551	1
8699	2.938	5.391	1.56	2.863	0.005	0	0.531	1	1.885	494	1.835	1
8700	3.45	7.128	0.638	1.319	0.005	0	0.185	1	5.402	499	2.066	1
8701	2.618	4.843	0.301	0.557	0.005	0	0.115	1	8.732	452	1.85	1
8702	4.812	7.714	2.565	4.112	0.005	0	0.533	1	1.875	474	1.603	1
8703	4.146	6.534	0.444	0.699	0.005	0	0.107	1	9.337	456	1.576	1
8704	3.926	6.792	0.624	1.08	0.005	0	0.159	1	6.306	473	1.73	1
8705	1.143	2.643	0.455	1.052	0.005	0	0.398	1	2.513	467	2.312	1
8706	1.124	2.752	0.401	0.982	0.005	0	0.357	1	2.802	463	2.448	1
8707	3.089	6.478	0.331	0.693	0.005	0	0.107	1	9.351	465	2.097	1
8708	2.288	4.194	0.297	0.545	0.005	0	0.13	1	7.703	487	1.833	1
8709	3.131	8.789	1.49	4.184	0.005	0	0.476	1	2.102	466	2.807	1
8710	4.649	11.413	1.209	2.967	0.005	0	0.26	1	3.851	457	2.455	1
8711	1.751	4.029	0.224	0.516	0.005	0	0.128	1	7.812	480	2.301	1
8712	3.447	7.315	0.552	1.17	0.005	0	0.16	1	6.253	493	2.122	1
8713	1.666	2.696	0.233	0.377	0.005	0	0.14	1	7.148	463	1.618	1
8714	1.715	4.721	0.338	0.93	0.005	0	0.197	1	5.069	482	2.753	1
8715	2.659	6.802	0.851	2.177	0.005	0	0.32	1	3.122	471	2.558	1
8716	3.507	7.596	2.111	4.573	0.005	0	0.602	1	1.662	486	2.166	1
8717	1.04	1.848	0.957	1.7	0.005	0	0.92	1	1.087	467	1.777	1
8718	1.952	5.112	0.295	0.772	0.005	0	0.151	1	6.644	467	2.619	1
8719	2.077	4.069	0.37	0.724	0.005	0	0.178	1	5.629	473	1.959	1
8720	1.659	4.146	0.178	0.444	0.005	0	0.107	1	9.371	488	2.499	1
8721	2.444	4.881	0.367	0.732	0.005	0	0.15	1	6.659	489	1.997	1
8722	3.969	6.477	0.861	1.406	0.005	0	0.217	1	4.611	453	1.632	1
8723	2.91	4.836	0.434	0.721	0.005	0	0.149	1	6.706	472	1.662	1
8724	3.09	5.34	0.358	0.619	0.005	0	0.116	1	8.603	466	1.728	1
8725	2.915	8.293	1.131	3.218	0.005	0	0.388	1	2.58	493	2.845	1
8726	2.724	7.709	0.351	0.994	0.005	0	0.129	1	7.774	491	2.83	1
8727	4.81	13.112	2.544	6.936	0.005	0	0.529	1	1.89	464	2.726	1
8728	1.858	3.803	0.468	0.958	0.005	0	0.252	1	3.972	488	2.047	1
8729	1.32	3.604	0.149	0.407	0.005	0	0.113	1	8.875	489	2.73	1
8730	4.231	7.565	0.44	0.787	0.005	0	0.104	1	9.624	494	1.788	1
8731	1.971	4.137	0.26	0.546	0.005	0	0.132	1	7.573	482	2.099	1
8732	2.196	5.806	0.406	1.074	0.005	0	0.185	1	5.408	469	2.644	1
8733	3.606	10.273	0.941	2.681	0.005	0	0.261	1	3.835	475	2.849	1
8734	3.033	6.918	0.491	1.121	0.005	0	0.162	1	6.163	493	2.281	1
8735	1.687	2.805	0.844	1.402	0.005	0	0.5	1	2.001	472	1.663	1
8736	3.888	9.564	0.393	0.966	0.005	0	0.101	1	9.864	453	2.46	1
8737	1.618	3.218	0.236	0.47	0.005	0	0.146	1	6.851	466	1.989	1
8738	1.741	3.379	0.522	1.014	0.005	0	0.3	1	3.328	468	1.941	1
8739	2.659	4.462	0.758	1.272	0.005	0	0.285	1	3.513	467	1.678	1
8740	3.746	9.294	0.622	1.543	0.005	0	0.166	1	6.025	496	2.481	1
8741	1.136	1.976	0.298	0.518	0.005	0	0.262	1	3.822	451	1.739	1
8742	2.916	4.972	0.828	1.412	0.005	0	0.284	1	3.522	484	1.705	1
8743	3.189	9.302	1.209	3.525	0.005	0	0.379	1	2.637	478	2.917	1
8744	3.643	7.975	1.413	3.094	0.005	0	0.388	1	2.576	474	2.189	1
8745	2.044	4.26	0.313	0.652	0.005	0	0.153	1	6.537	465	2.084	1
8746	2.04	5.771	0.367	1.039	0.005	0	0.18	1	5.542	491	2.829	1
8747	4.117	10.235	0.469	1.167	0.005	0	0.114	1	8.808	457	2.486	1
8748	4.786	13.937	0.593	1.728	0.005	0	0.124	1	8.096	495	2.912	1
8749	1.987	4.689	0.898	2.119	0.005	0	0.452	1	2.21	476	2.36	1
8750	1.686	3.616	0.192	0.412	0.005	0	0.114	1	8.765	486	2.145	1
8751	4.415	10.83	0.645	1.581	0.005	0	0.146	1	6.833	465	2.453	1
8752	1.828	2.771	0.196	0.296	0.005	0	0.107	1	9.385	475	1.516	1
8753	2.39	5.896	0.251	0.619	0.005	0	0.105	1	9.48	466	2.467	1
8754	4.284	8.32	2.241	4.351	0.005	0	0.523	1	1.912	488	1.942	1
8755	3.893	7.552	2.102	4.078	0.005	0	0.54	1	1.852	475	1.94	1
8756	3.856	7.87	0.432	0.881	0.005	0	0.112	1	8.917	464	2.041	1
8757	4.083	11.857	0.588	1.707	0.005	0	0.144	1	6.947	456	2.904	1
8758	1.473	2.684	0.327	0.596	0.005	0	0.222	1	4.511	464	1.822	1
8759	2.268	5.779	1.204	3.069	0.005	0	0.531	1	1.885	466	2.548	1
8760	4.018	8.892	0.703	1.556	0.005	0	0.175	1	5.703	481	2.213	1
8761	3.534	8.337	1.375	3.243	0.005	0	0.389	1	2.569	478	2.359	1
8762	3.302	8.939	0.485	1.314	0.005	0	0.147	1	6.786	489	2.707	1
8763	3.759	7.74	1.504	3.096	0.005	0	0.4	1	2.5	478	2.059	1
8764	3.188	8.993	2.365	6.673	0.005	0	0.742	1	1.347	476	2.821	1
8765	2.407	4.383	0.279	0.508	0.005	0	0.116	1	8.596	496	1.821	1
8766	2.94	6.574	0.309	0.69	0.005	0	0.105	1	9.512	466	2.236	1
8767	4.944	7.594	1.913	2.939	0.005	0	0.387	1	2.587	476	1.536	1
8768	1.579	2.631	0.471	0.784	0.005	0	0.298	1	3.356	488	1.666	1
8769	2.73	7.928	1.31	3.805	0.005	0	0.48	1	2.082	466	2.904	1
8770	3.007	5.121	0.502	0.855	0.005	0	0.167	1	5.974	460	1.703	1
8771	4.72	7.727	2.384	3.902	0.005	0	0.505	1	1.981	485	1.637	1
8772	4.859	13.916	1.341	3.841	0.005	0	0.276	1	3.622	455	2.864	1
8773	4.941	10.426	0.539	1.136	0.005	0	0.109	1	9.209	499	2.11	1
8774	1.59	3.694	0.208	0.484	0.005	0	0.131	1	7.65	474	2.323	1
8775	2.849	7.496	0.368	0.967	0.005	0	0.129	1	7.742	482	2.631	1
8776	3.141	9.297	0.854	2.529	0.005	0	0.272	1	3.679	490	2.96	1
8777	2.968	6.36	0.481	1.03	0.005	0	0.162	1	6.181	491	2.143	1
8778	2.813	8.175	0.473	1.373	0.005	0	0.168	1	5.935	470	2.906	1
8779	3.029	6.83	2.838	6.4	0.005	0	0.937	1	1.067	475	2.255	1
8780	1.48	3.006	0.175	0.355	0.005	0	0.118	1	8.507	489	2.031	1
8781	1.406	3.575	1.019	2.592	0.005	0	0.725	1	1.379	476	2.543	1
8782	3.424	6.625	2.003	3.876	0.005	0	0.585	1	1.708	493	1.935	1
8783	4.689	9.205	1.163	2.283	0.005	0	0.248	1	4.03	486	1.963	1
8784	4.577	12.193	1.625	4.329	0.005	0	0.355	1	2.818	498	2.664	1
8785	2.824	8.271	0.794	2.324	0.005	0	0.281	1	3.56	497	2.929	1
8786	4.874	13.852	0.638	1.815	0.005	0	0.131	1	7.61	467	2.842	1
8787	3.174	6.792	1.162	2.486	0.005	0	0.366	1	2.733	494	2.14	1
8788	2.074	4.818	0.297	0.689	0.005	0	0.143	1	6.985	457	2.323	1
8789	2.642	5.062	0.483	0.926	0.005	0	0.183	1	5.474	456	1.916	1
8790	3.719	8.617	0.64	1.482	0.005	0	0.172	1	5.805	452	2.317	1
8791	2.05	3.602	0.361	0.634	0.005	0	0.176	1	5.683	460	1.757	1
8792	2.919	5.453	0.511	0.954	0.005	0	0.175	1	5.712	482	1.868	1
8793	2.911	6.474	1.822	4.053	0.005	0	0.626	1	1.598	496	2.224	1
8794	3.847	7.936	1.496	3.087	0.005	0	0.389	1	2.574	469	2.063	1
8795	1.316	2.583	0.54	1.059	0.005	0	0.41	1	2.437	471	1.963	1
8796	2.335	4.955	1.667	3.538	0.005	0	0.714	1	1.4	462	2.122	1
8797	3.088	6.889	0.661	1.474	0.005	0	0.214	1	4.671	477	2.231	1
8798	3.216	7.117	0.325	0.719	0.005	0	0.101	1	9.914	495	2.213	1
8799	4.76	11.51	0.633	1.531	0.005	0	0.133	1	7.546	452	2.418	1
8800	1.662	3.113	0.218	0.408	0.005	0	0.131	1	7.637	479	1.873	1
8801	3.43	9.501	0.683	1.891	0.005	0	0.199	1	5.026	470	2.77	1
8802	2.305	3.985	0.583	1.008	0.005	0	0.253	1	3.96	466	1.729	1
8803	4.434	12.553	2.483	7.03	0.005	0	0.56	1	1.786	474	2.831	1
8804	1.091	2.898	0.167	0.443	0.005	0	0.153	1	6.549	471	2.656	1
8805	3.757	6.748	2.382	4.278	0.005	0	0.634	1	1.578	451	1.796	1
8806	3.198	5.069	0.419	0.664	0.005	0	0.131	1	7.629	470	1.585	1
8807	3.272	8.003	2.729	6.675	0.005	0	0.834	1	1.199	454	2.446	1
8808	3.512	5.742	1.531	2.504	0.005	0	0.436	1	2.293	455	1.635	1
8809	3.605	9.355	1.085	2.816	0.005	0	0.301	1	3.327	459	2.595	1
8810	4.684	9.288	2.698	5.35	0.005	0	0.576	1	1.737	483	1.983	1
8811	3.72	9.464	3.05	7.76	0.005	0	0.82	1	1.22	478	2.544	1
8812	1.612	4.098	0.322	0.82	0.005	0	0.2	1	5.006	486	2.542	1
8813	2.973	8.678	0.315	0.92	0.005	0	0.106	1	9.449	451	2.919	1
8814	1.956	3.945	0.331	0.667	0.005	0	0.169	1	5.927	477	2.017	1
8815	2.18	6.527	0.403	1.207	0.005	0	0.185	1	5.392	480	2.994	1
8816	4.671	12.752	0.476	1.301	0.005	0	0.102	1	9.801	483	2.73	1
8817	3.169	9.079	0.814	2.333	0.005	0	0.257	1	3.897	495	2.865	1
8818	4.741	13.948	1.0	2.943	0.005	0	0.211	1	4.739	481	2.942	1
8819	4.166	11.636	0.721	2.013	0.005	0	0.173	1	5.796	495	2.793	1
8820	4.162	10.434	0.479	1.2	0.005	0	0.115	1	8.663	459	2.507	1
8821	3.135	8.565	0.514	1.405	0.005	0	0.164	1	6.113	488	2.732	1
8822	2.509	4.679	0.459	0.856	0.005	0	0.183	1	5.46	453	1.865	1
8823	2.35	4.763	0.376	0.762	0.005	0	0.16	1	6.245	479	2.027	1
8824	2.18	3.42	1.293	2.028	0.005	0	0.593	1	1.685	487	1.569	1
8825	1.95	3.752	0.337	0.649	0.005	0	0.173	1	5.782	468	1.924	1
8826	3.465	7.256	0.492	1.03	0.005	0	0.142	1	7.045	478	2.094	1
8827	4.099	12.121	1.271	3.758	0.005	0	0.31	1	3.225	460	2.957	1
8828	3.807	6.301	0.944	1.563	0.005	0	0.248	1	4.027	472	1.655	1
8829	3.111	6.86	0.507	1.118	0.005	0	0.163	1	6.137	472	2.205	1
8830	4.134	9.492	0.678	1.557	0.005	0	0.164	1	6.084	494	2.296	1
8831	1.779	4.906	0.498	1.374	0.005	0	0.28	1	3.566	488	2.758	1
8832	1.425	2.777	0.466	0.908	0.005	0	0.327	1	3.057	477	1.949	1
8833	1.68	3.622	0.168	0.362	0.005	0	0.1	1	9.992	494	2.156	1
8834	1.886	3.829	0.39	0.793	0.005	0	0.207	1	4.833	498	2.03	1
8835	3.901	8.863	0.488	1.108	0.005	0	0.125	1	8.031	496	2.272	1
8836	4.274	7.907	1.466	2.712	0.005	0	0.343	1	2.914	489	1.85	1
8837	4.685	8.597	0.492	0.903	0.005	0	0.105	1	9.544	489	1.835	1
8838	2.719	5.797	0.922	1.965	0.005	0	0.339	1	2.946	492	2.132	1
8839	2.511	6.036	0.284	0.682	0.005	0	0.113	1	8.82	497	2.404	1
8840	2.062	3.691	0.468	0.838	0.005	0	0.227	1	4.413	458	1.79	1
8841	3.871	11.28	1.765	5.144	0.005	0	0.456	1	2.191	468	2.914	1
8842	2.652	7.688	0.461	1.338	0.005	0	0.174	1	5.731	494	2.899	1
8843	3.058	7.306	0.954	2.279	0.005	0	0.312	1	3.207	484	2.389	1
8844	1.96	4.034	0.402	0.827	0.005	0	0.205	1	4.87	469	2.058	1
8845	4.047	11.06	0.417	1.139	0.005	0	0.103	1	9.718	499	2.733	1
8846	4.002	8.92	0.404	0.901	0.005	0	0.101	1	9.889	457	2.229	1
8847	3.992	8.519	1.8	3.842	0.005	0	0.451	1	2.216	494	2.134	1
8848	4.583	12.351	0.894	2.408	0.005	0	0.195	1	5.127	482	2.695	1
8849	2.688	4.562	0.814	1.382	0.005	0	0.303	1	3.295	461	1.697	1
8850	3.972	7.781	0.465	0.91	0.005	0	0.117	1	8.572	476	1.959	1
8851	1.636	2.575	0.203	0.319	0.005	0	0.124	1	8.084	457	1.574	1
8852	1.341	3.535	0.135	0.357	0.005	0	0.101	1	9.926	465	2.636	1
8853	3.755	5.877	0.559	0.876	0.005	0	0.149	1	6.712	458	1.565	1
8854	4.82	10.377	1.745	3.756	0.005	0	0.362	1	2.762	477	2.153	1
8855	1.675	3.518	0.218	0.457	0.005	0	0.13	1	7.679	459	2.1	1
8856	2.268	6.389	0.308	0.869	0.005	0	0.136	1	7.336	472	2.817	1
8857	3.141	8.572	0.82	2.237	0.005	0	0.261	1	3.836	450	2.729	1
8858	1.856	4.582	0.258	0.637	0.005	0	0.139	1	7.218	457	2.469	1
8859	2.05	5.767	0.285	0.802	0.005	0	0.139	1	7.214	486	2.813	1
8860	4.921	9.473	0.689	1.326	0.005	0	0.14	1	7.163	485	1.925	1
8861	1.775	4.171	0.316	0.742	0.005	0	0.178	1	5.613	479	2.35	1
8862	3.908	7.253	1.669	3.097	0.005	0	0.427	1	2.344	497	1.856	1
8863	1.815	3.525	0.757	1.47	0.005	0	0.417	1	2.397	470	1.942	1
8864	3.065	5.876	0.368	0.705	0.005	0	0.12	1	8.36	493	1.917	1
8865	4.427	6.981	1.439	2.269	0.005	0	0.325	1	3.079	455	1.577	1
8866	3.5	9.73	0.36	1.002	0.005	0	0.103	1	9.666	478	2.78	1
8867	2.673	6.105	0.364	0.83	0.005	0	0.136	1	7.333	453	2.284	1
8868	2.09	3.346	0.301	0.482	0.005	0	0.144	1	6.946	453	1.601	1
8869	2.633	5.19	0.316	0.623	0.005	0	0.12	1	8.36	488	1.971	1
8870	4.541	10.544	1.208	2.805	0.005	0	0.266	1	3.766	481	2.322	1
8871	4.138	8.739	0.939	1.984	0.005	0	0.227	1	4.401	454	2.112	1
8872	2.387	6.488	2.198	5.975	0.005	0	0.921	1	1.086	499	2.718	1
8873	3.979	6.048	1.082	1.645	0.005	0	0.272	1	3.677	454	1.52	1
8874	3.201	7.542	0.368	0.867	0.005	0	0.115	1	8.709	486	2.356	1
8875	3.206	4.825	0.321	0.483	0.005	0	0.1	1	9.981	491	1.505	1
8876	2.172	5.237	0.508	1.225	0.005	0	0.234	1	4.272	484	2.411	1
8877	2.181	6.39	0.349	1.022	0.005	0	0.16	1	6.242	469	2.93	1
8878	2.849	8.47	0.396	1.177	0.005	0	0.139	1	7.205	468	2.973	1
8879	4.682	11.026	0.679	1.599	0.005	0	0.145	1	6.917	499	2.355	1
8880	4.226	10.662	0.511	1.29	0.005	0	0.121	1	8.233	464	2.523	1
8881	1.219	2.607	0.334	0.714	0.005	0	0.274	1	3.649	452	2.139	1
8882	3.949	11.132	0.604	1.703	0.005	0	0.153	1	6.543	496	2.819	1
8883	1.442	3.756	0.198	0.515	0.005	0	0.137	1	7.281	497	2.605	1
8884	3.013	7.499	0.807	2.01	0.005	0	0.268	1	3.736	489	2.489	1
8885	4.02	8.808	0.507	1.11	0.005	0	0.126	1	7.912	498	2.191	1
8886	1.341	2.863	0.154	0.329	0.005	0	0.115	1	8.67	497	2.135	1
8887	4.375	12.582	0.735	2.114	0.005	0	0.168	1	5.942	476	2.876	1
8888	1.611	2.795	0.168	0.291	0.005	0	0.104	1	9.612	466	1.735	1
8889	1.634	2.771	0.319	0.54	0.005	0	0.195	1	5.124	467	1.696	1
8890	3.87	7.74	0.507	1.014	0.005	0	0.131	1	7.632	474	2.0	1
8891	4.457	7.764	3.396	5.916	0.005	0	0.762	1	1.313	466	1.742	1
8892	1.357	3.348	0.136	0.335	0.005	0	0.1	1	9.982	492	2.467	1
8893	1.842	4.743	1.33	3.424	0.005	0	0.722	1	1.386	465	2.575	1
8894	3.368	5.261	0.583	0.91	0.005	0	0.173	1	5.796	495	1.562	1
8895	1.73	4.23	0.237	0.58	0.005	0	0.137	1	7.313	479	2.445	1
8896	4.243	9.364	0.552	1.217	0.005	0	0.13	1	7.716	456	2.207	1
8897	4.926	10.739	0.557	1.214	0.005	0	0.113	1	8.847	491	2.18	1
8898	2.653	5.672	1.135	2.428	0.005	0	0.428	1	2.334	473	2.138	1
8899	4.85	11.858	0.727	1.779	0.005	0	0.15	1	6.683	497	2.445	1
8900	3.397	8.72	0.676	1.735	0.005	0	0.199	1	5.024	494	2.567	1
8901	3.804	6.878	0.426	0.77	0.005	0	0.112	1	8.907	457	1.808	1
8902	3.666	8.982	1.081	2.65	0.005	0	0.295	1	3.395	488	2.45	1
8903	4.313	7.177	1.074	1.787	0.005	0	0.249	1	4.014	457	1.664	1
8904	4.349	10.642	0.461	1.128	0.005	0	0.106	1	9.401	490	2.447	1
8905	1.819	4.398	0.209	0.506	0.005	0	0.115	1	8.726	498	2.418	1
8906	1.551	3.128	0.219	0.441	0.005	0	0.141	1	7.068	455	2.017	1
8907	1.918	5.244	0.447	1.222	0.005	0	0.233	1	4.291	475	2.734	1
8908	2.714	5.873	0.318	0.687	0.005	0	0.117	1	8.576	472	2.164	1
8909	1.721	3.449	0.602	1.207	0.005	0	0.35	1	2.86	469	2.004	1
8910	3.01	8.777	0.686	2.001	0.005	0	0.228	1	4.388	487	2.916	1
8911	3.844	11.347	0.646	1.906	0.005	0	0.168	1	5.949	472	2.952	1
8912	2.156	4.704	0.272	0.593	0.005	0	0.126	1	7.934	453	2.182	1
8913	4.914	7.98	4.776	7.757	0.005	0	0.972	1	1.029	480	1.624	1
8914	4.09	7.914	0.585	1.132	0.005	0	0.143	1	6.986	477	1.935	1
8915	4.485	9.732	1.314	2.851	0.005	0	0.293	1	3.418	473	2.17	1
8916	2.052	3.316	0.905	1.462	0.005	0	0.441	1	2.267	468	1.616	1
8917	2.243	3.811	0.334	0.568	0.005	0	0.149	1	6.706	485	1.699	1
8918	2.164	4.246	0.803	1.575	0.005	0	0.371	1	2.694	486	1.962	1
8919	1.471	2.376	0.152	0.245	0.005	0	0.103	1	9.693	469	1.615	1
8920	4.258	9.823	0.643	1.483	0.005	0	0.151	1	6.636	454	2.307	1
8921	3.062	6.752	0.664	1.465	0.005	0	0.217	1	4.612	475	2.205	1
8922	2.972	8.259	0.532	1.478	0.005	0	0.179	1	5.584	458	2.779	1
8923	1.8	3.065	0.374	0.638	0.005	0	0.208	1	4.797	459	1.703	1
8924	1.684	4.495	0.194	0.517	0.005	0	0.115	1	8.682	486	2.669	1
8925	2.106	5.155	1.683	4.119	0.005	0	0.799	1	1.252	496	2.448	1
8926	4.163	11.977	0.533	1.533	0.005	0	0.128	1	7.837	477	2.877	1
8927	2.461	5.722	0.293	0.681	0.005	0	0.119	1	8.435	458	2.325	1
8928	2.054	3.818	0.54	1.004	0.005	0	0.263	1	3.804	478	1.859	1
8929	2.364	5.539	1.113	2.609	0.005	0	0.471	1	2.123	475	2.343	1
8930	4.124	8.124	0.532	1.048	0.005	0	0.129	1	7.759	484	1.97	1
8931	1.3	2.37	0.22	0.401	0.005	0	0.169	1	5.928	458	1.823	1
8932	3.107	7.867	0.817	2.069	0.005	0	0.263	1	3.806	482	2.532	1
8933	2.707	7.934	0.709	2.079	0.005	0	0.262	1	3.814	481	2.931	1
8934	3.189	6.687	0.354	0.742	0.005	0	0.111	1	8.969	470	2.097	1
8935	1.705	4.694	0.23	0.634	0.005	0	0.135	1	7.382	486	2.753	1
8936	3.992	10.363	0.651	1.689	0.005	0	0.163	1	6.135	463	2.596	1
8937	1.674	4.9	0.593	1.735	0.005	0	0.354	1	2.822	474	2.927	1
8938	3.02	6.267	0.347	0.721	0.005	0	0.115	1	8.687	468	2.075	1
8939	2.142	4.329	1.726	3.489	0.005	0	0.806	1	1.241	475	2.021	1
8940	4.52	10.26	0.719	1.631	0.005	0	0.159	1	6.287	482	2.27	1
8941	2.296	6.064	0.755	1.995	0.005	0	0.329	1	3.038	466	2.641	1
8942	1.641	2.819	1.552	2.667	0.005	0	0.946	1	1.057	489	1.718	1
8943	3.423	6.274	0.657	1.205	0.005	0	0.192	1	5.204	472	1.833	1
8944	3.483	5.291	0.721	1.095	0.005	0	0.207	1	4.841	498	1.519	1
8945	4.56	10.657	3.361	7.854	0.005	0	0.737	1	1.357	483	2.337	1
8946	4.278	9.574	0.714	1.599	0.005	0	0.167	1	6.001	489	2.238	1
8947	1.097	1.801	0.309	0.508	0.005	0	0.282	1	3.547	460	1.642	1
8948	4.987	10.702	0.638	1.37	0.005	0	0.128	1	7.8	488	2.146	1
8949	1.708	4.068	0.191	0.456	0.005	0	0.112	1	8.931	480	2.382	1
8950	4.484	9.3	0.713	1.479	0.005	0	0.159	1	6.303	497	2.074	1
8951	2.675	6.792	0.546	1.386	0.005	0	0.204	1	4.911	485	2.539	1
8952	4.76	7.345	0.476	0.734	0.005	0	0.1	1	9.994	466	1.543	1
8953	1.433	3.134	0.764	1.67	0.005	0	0.533	1	1.875	495	2.187	1
8954	3.549	5.643	0.742	1.179	0.005	0	0.209	1	4.777	487	1.59	1
8955	1.713	3.027	0.245	0.433	0.005	0	0.143	1	7.01	453	1.767	1
8956	3.304	7.262	0.33	0.726	0.005	0	0.1	1	9.954	481	2.198	1
8957	2.636	4.882	0.308	0.571	0.005	0	0.117	1	8.519	472	1.852	1
8958	3.609	5.76	0.776	1.238	0.005	0	0.215	1	4.647	486	1.596	1
8959	3.476	9.834	0.535	1.514	0.005	0	0.154	1	6.479	472	2.829	1
8960	3.307	9.256	0.519	1.453	0.005	0	0.157	1	6.35	457	2.799	1
8961	2.185	3.684	0.485	0.818	0.005	0	0.222	1	4.511	468	1.686	1
8962	2.2	6.233	0.385	1.091	0.005	0	0.175	1	5.726	474	2.833	1
8963	2.246	3.47	0.961	1.485	0.005	0	0.428	1	2.338	482	1.545	1
8964	1.012	2.627	0.284	0.738	0.005	0	0.281	1	3.564	491	2.596	1
8965	1.921	3.429	0.198	0.353	0.005	0	0.103	1	9.751	472	1.785	1
8966	1.274	2.547	0.299	0.599	0.005	0	0.235	1	4.252	465	1.999	1
8967	1.274	2.512	0.178	0.352	0.005	0	0.14	1	7.137	487	1.972	1
8968	2.67	5.994	0.278	0.623	0.005	0	0.104	1	9.6	479	2.245	1
8969	2.323	5.252	0.265	0.599	0.005	0	0.114	1	8.768	490	2.261	1
8970	1.408	3.219	0.674	1.542	0.005	0	0.479	1	2.087	483	2.286	1
8971	4.711	10.284	0.74	1.615	0.005	0	0.157	1	6.375	482	2.183	1
8972	1.678	4.334	0.203	0.524	0.005	0	0.121	1	8.258	495	2.583	1
8973	2.159	5.179	1.108	2.657	0.005	0	0.513	1	1.951	480	2.399	1
8974	2.07	4.126	0.224	0.446	0.005	0	0.108	1	9.238	489	1.993	1
8975	3.147	7.295	0.337	0.781	0.005	0	0.107	1	9.33	498	2.318	1
8976	3.148	7.454	1.014	2.4	0.005	0	0.322	1	3.106	452	2.368	1
8977	4.281	9.238	2.757	5.949	0.005	0	0.644	1	1.552	456	2.158	1
8978	4.713	10.609	0.778	1.75	0.005	0	0.165	1	6.057	497	2.251	1
8979	1.088	3.03	0.12	0.333	0.005	0	0.11	1	9.059	491	2.785	1
8980	3.508	7.093	1.168	2.362	0.005	0	0.333	1	3.005	459	2.022	1
8981	1.151	1.953	0.376	0.639	0.005	0	0.327	1	3.061	498	1.697	1
8982	2.954	6.059	1.56	3.199	0.005	0	0.528	1	1.895	485	2.051	1
8983	4.699	11.047	0.822	1.933	0.005	0	0.175	1	5.72	485	2.351	1
8984	3.335	9.672	0.354	1.025	0.005	0	0.106	1	9.434	456	2.9	1
8985	4.219	11.514	0.869	2.372	0.005	0	0.206	1	4.864	487	2.729	1
8986	3.648	9.452	0.441	1.144	0.005	0	0.121	1	8.295	469	2.591	1
8987	3.688	8.383	1.84	4.183	0.005	0	0.499	1	2.005	463	2.273	1
8988	1.54	3.015	0.172	0.338	0.005	0	0.112	1	8.895	481	1.958	1
8989	4.263	11.284	0.601	1.591	0.005	0	0.141	1	7.082	488	2.647	1
8990	2.489	5.503	0.336	0.743	0.005	0	0.135	1	7.389	471	2.211	1
8991	2.184	6.511	0.557	1.66	0.005	0	0.255	1	3.926	476	2.981	1
8992	4.65	7.394	1.204	1.915	0.005	0	0.259	1	3.868	485	1.59	1
8993	4.692	11.312	0.563	1.357	0.005	0	0.12	1	8.339	469	2.411	1
8994	3.569	7.627	0.657	1.403	0.005	0	0.184	1	5.438	461	2.137	1
8995	3.421	7.088	0.346	0.716	0.005	0	0.101	1	9.942	475	2.072	1
8996	3.957	5.971	0.522	0.788	0.005	0	0.132	1	7.603	472	1.509	1
8997	3.225	5.147	0.481	0.767	0.005	0	0.149	1	6.695	457	1.596	1
8998	3.248	5.22	1.712	2.751	0.005	0	0.527	1	1.899	467	1.607	1
8999	1.337	3.843	0.229	0.657	0.005	0	0.171	1	5.862	455	2.874	1
9000	2.374	5.14	0.347	0.75	0.005	0	0.146	1	6.871	467	2.165	1
9001	2.427	6.038	0.798	1.987	0.005	0	0.329	1	3.041	481	2.488	1
9002	2.849	6.952	0.519	1.265	0.005	0	0.182	1	5.491	486	2.44	1
9003	1.946	4.052	0.304	0.632	0.005	0	0.156	1	6.393	475	2.082	1
9004	1.232	3.402	0.532	1.47	0.005	0	0.432	1	2.316	470	2.761	1
9005	4.135	9.746	1.625	3.83	0.005	0	0.393	1	2.547	497	2.357	1
9006	1.683	3.699	0.665	1.461	0.005	0	0.395	1	2.533	481	2.198	1
9007	2.825	4.432	2.644	4.148	0.005	0	0.936	1	1.068	476	1.569	1
9008	3.416	8.028	0.403	0.947	0.005	0	0.118	1	8.473	454	2.35	1
9009	3.001	4.97	1.861	3.081	0.005	0	0.62	1	1.613	472	1.656	1
9010	3.83	10.548	1.268	3.491	0.005	0	0.331	1	3.018	498	2.754	1
9011	1.678	2.621	1.201	1.877	0.005	0	0.716	1	1.397	491	1.562	1
9012	3.471	5.679	0.541	0.886	0.005	0	0.156	1	6.4	470	1.636	1
9013	1.829	4.532	0.666	1.65	0.005	0	0.364	1	2.75	461	2.478	1
9014	2.977	5.621	0.723	1.366	0.005	0	0.243	1	4.111	490	1.888	1
9015	4.748	10.488	1.624	3.587	0.005	0	0.342	1	2.92	470	2.209	1
9016	4.065	11.614	0.541	1.545	0.005	0	0.133	1	7.541	497	2.857	1
9017	4.85	9.996	1.392	2.869	0.005	0	0.287	1	3.489	497	2.061	1
9018	2.556	4.059	0.32	0.507	0.005	0	0.125	1	8.019	488	1.588	1
9019	3.295	7.697	2.382	5.565	0.005	0	0.723	1	1.383	454	2.336	1
9020	2.94	8.741	1.344	3.995	0.005	0	0.457	1	2.189	471	2.973	1
9021	1.537	3.034	0.157	0.309	0.005	0	0.102	1	9.77	457	1.974	1
9022	3.915	6.569	2.427	4.073	0.005	0	0.62	1	1.612	472	1.678	1
9023	4.965	10.769	3.098	6.72	0.005	0	0.624	1	1.602	499	2.169	1
9024	3.659	6.25	0.699	1.194	0.005	0	0.191	1	5.242	474	1.708	1
9025	3.383	6.296	0.345	0.642	0.005	0	0.102	1	9.818	453	1.861	1
9026	2.138	5.952	0.267	0.744	0.005	0	0.125	1	7.994	481	2.784	1
9027	4.736	8.889	1.8	3.378	0.005	0	0.38	1	2.633	491	1.877	1
9028	2.909	7.851	0.512	1.382	0.005	0	0.176	1	5.691	452	2.699	1
9029	1.629	2.88	1.478	2.612	0.005	0	0.907	1	1.103	478	1.768	1
9030	4.634	12.757	3.805	10.473	0.005	0	0.821	1	1.218	493	2.753	1
9031	3.344	6.996	0.568	1.189	0.005	0	0.17	1	5.874	494	2.092	1
9032	4.732	9.327	0.8	1.576	0.005	0	0.169	1	5.934	485	1.971	1
9033	1.679	3.469	1.556	3.216	0.005	0	0.927	1	1.079	465	2.066	1
9034	2.28	3.434	1.056	1.59	0.005	0	0.463	1	2.159	494	1.506	1
9035	4.563	13.429	1.323	3.894	0.005	0	0.29	1	3.453	475	2.943	1
9036	2.805	8.146	0.28	0.815	0.005	0	0.1	1	9.999	475	2.904	1
9037	3.458	9.883	0.543	1.552	0.005	0	0.157	1	6.366	455	2.858	1
9038	1.416	2.659	0.142	0.266	0.005	0	0.1	1	9.994	495	1.878	1
9039	1.651	4.808	0.37	1.077	0.005	0	0.224	1	4.466	466	2.912	1
9040	4.45	12.246	0.694	1.91	0.005	0	0.156	1	6.39	455	2.752	1
9041	1.288	3.472	1.065	2.871	0.005	0	0.827	1	1.209	458	2.696	1
9042	4.806	9.338	0.625	1.214	0.005	0	0.13	1	7.673	478	1.943	1
9043	1.904	2.898	0.227	0.345	0.005	0	0.119	1	8.377	455	1.522	1
9044	3.074	8.303	0.855	2.308	0.005	0	0.278	1	3.596	484	2.701	1
9045	4.905	11.468	2.433	5.688	0.005	0	0.496	1	2.016	483	2.338	1
9046	1.177	2.699	0.3	0.688	0.005	0	0.255	1	3.928	458	2.293	1
9047	1.38	3.769	0.299	0.818	0.005	0	0.217	1	4.617	455	2.731	1
9048	2.419	5.261	0.377	0.821	0.005	0	0.156	1	6.424	464	2.175	1
9049	4.33	10.743	0.779	1.934	0.005	0	0.18	1	5.542	485	2.481	1
9050	1.246	3.39	0.229	0.624	0.005	0	0.184	1	5.442	481	2.721	1
9051	3.067	7.594	0.42	1.04	0.005	0	0.137	1	7.286	467	2.476	1
9052	3.975	9.433	0.465	1.104	0.005	0	0.117	1	8.553	469	2.373	1
9053	3.285	8.009	2.405	5.863	0.005	0	0.732	1	1.366	453	2.438	1
9054	4.107	11.684	3.146	8.95	0.005	0	0.766	1	1.306	497	2.845	1
9055	1.053	2.485	0.307	0.726	0.005	0	0.292	1	3.43	483	2.36	1
9056	4.169	7.6	1.697	3.093	0.005	0	0.407	1	2.455	477	1.823	1
9057	2.909	4.605	0.94	1.487	0.005	0	0.323	1	3.095	493	1.583	1
9058	2.843	7.636	0.918	2.466	0.005	0	0.323	1	3.097	462	2.686	1
9059	3.113	5.41	0.395	0.687	0.005	0	0.127	1	7.894	477	1.738	1
9060	1.595	4.174	0.164	0.43	0.005	0	0.103	1	9.703	478	2.617	1
9061	2.386	6.106	1.2	3.071	0.005	0	0.503	1	1.989	459	2.559	1
9062	2.286	6.104	0.569	1.52	0.005	0	0.249	1	4.012	450	2.67	1
9063	3.047	8.425	0.344	0.952	0.005	0	0.113	1	8.815	464	2.765	1
9064	2.755	7.133	0.333	0.863	0.005	0	0.121	1	8.257	486	2.589	1
9065	2.361	3.898	0.25	0.413	0.005	0	0.106	1	9.424	469	1.651	1
9066	2.586	6.905	0.564	1.505	0.005	0	0.218	1	4.585	490	2.67	1
9067	3.375	6.497	0.641	1.234	0.005	0	0.19	1	5.266	478	1.925	1
9068	2.078	3.547	0.299	0.511	0.005	0	0.144	1	6.952	487	1.707	1
9069	3.363	6.238	0.461	0.855	0.005	0	0.137	1	7.326	487	1.855	1
9070	4.63	8.408	1.588	2.884	0.005	0	0.343	1	2.919	462	1.816	1
9071	2.482	4.244	0.333	0.569	0.005	0	0.134	1	7.489	481	1.71	1
9072	1.769	3.899	0.41	0.905	0.005	0	0.232	1	4.313	472	2.204	1
9073	3.229	6.555	0.429	0.872	0.005	0	0.133	1	7.506	493	2.03	1
9074	2.626	4.157	0.454	0.719	0.005	0	0.173	1	5.794	469	1.583	1
9075	3.473	9.217	0.354	0.94	0.005	0	0.102	1	9.815	480	2.654	1
9076	3.8	6.365	1.376	2.304	0.005	0	0.362	1	2.759	488	1.675	1
9077	2.703	6.222	0.568	1.307	0.005	0	0.21	1	4.764	488	2.302	1
9078	4.676	11.461	0.916	2.246	0.005	0	0.196	1	5.094	458	2.451	1
9079	4.675	9.729	3.216	6.694	0.005	0	0.688	1	1.454	491	2.081	1
9080	4.833	9.144	0.527	0.997	0.005	0	0.109	1	9.175	466	1.892	1
9081	2.32	5.475	0.292	0.69	0.005	0	0.126	1	7.948	474	2.36	1
9082	2.759	7.275	0.298	0.786	0.005	0	0.108	1	9.298	457	2.637	1
9083	4.722	10.2	0.491	1.061	0.005	0	0.104	1	9.593	485	2.16	1
9084	4.399	8.895	0.471	0.952	0.005	0	0.107	1	9.377	460	2.022	1
9085	3.62	5.463	1.72	2.595	0.005	0	0.475	1	2.107	460	1.509	1
9086	4.559	9.738	1.924	4.109	0.005	0	0.422	1	2.37	476	2.136	1
9087	1.294	2.69	0.162	0.336	0.005	0	0.125	1	8.008	484	2.079	1
9088	4.019	10.687	0.796	2.116	0.005	0	0.198	1	5.061	491	2.659	1
9089	1.912	4.681	1.367	3.347	0.005	0	0.715	1	1.399	488	2.448	1
9090	4.654	10.551	0.963	2.184	0.005	0	0.207	1	4.842	454	2.267	1
9091	2.51	5.984	0.294	0.7	0.005	0	0.117	1	8.538	473	2.384	1
9092	1.252	2.514	0.179	0.36	0.005	0	0.143	1	7.008	480	2.008	1
9093	4.699	12.856	4.422	12.097	0.005	0	0.941	1	1.063	493	2.736	1
9094	4.937	9.81	0.637	1.265	0.005	0	0.129	1	7.75	492	1.987	1
9095	2.431	4.405	0.396	0.718	0.005	0	0.163	1	6.131	491	1.812	1
9096	3.179	5.023	0.521	0.824	0.005	0	0.164	1	6.105	497	1.58	1
9097	2.69	4.837	0.799	1.437	0.005	0	0.297	1	3.363	472	1.798	1
9098	1.59	4.031	0.324	0.822	0.005	0	0.204	1	4.901	493	2.535	1
9099	2.466	5.058	0.584	1.199	0.005	0	0.237	1	4.215	475	2.051	1
9100	1.352	3.068	0.224	0.509	0.005	0	0.166	1	6.039	454	2.269	1
9101	1.391	2.939	0.143	0.303	0.005	0	0.103	1	9.753	475	2.113	1
9102	1.325	3.815	0.311	0.897	0.005	0	0.235	1	4.248	466	2.879	1
9103	2.962	7.281	2.328	5.723	0.005	0	0.786	1	1.273	497	2.458	1
9104	1.893	4.784	0.259	0.655	0.005	0	0.137	1	7.326	486	2.527	1
9105	2.143	3.367	0.311	0.488	0.005	0	0.145	1	6.884	486	1.571	1
9106	3.898	10.552	0.585	1.583	0.005	0	0.15	1	6.654	495	2.707	1
9107	3.54	8.411	0.372	0.883	0.005	0	0.105	1	9.484	468	2.376	1
9108	1.978	3.125	0.463	0.731	0.005	0	0.234	1	4.272	473	1.58	1
9109	2.284	6.797	0.247	0.734	0.005	0	0.108	1	9.285	473	2.976	1
9110	1.089	2.08	0.35	0.668	0.005	0	0.321	1	3.113	471	1.91	1
9111	4.078	9.587	0.542	1.275	0.005	0	0.133	1	7.519	480	2.351	1
9112	1.514	4.238	0.774	2.166	0.005	0	0.511	1	1.958	468	2.799	1
9113	3.713	10.679	0.416	1.196	0.005	0	0.112	1	8.919	452	2.876	1
9114	2.338	5.073	1.052	2.283	0.005	0	0.45	1	2.223	499	2.17	1
9115	4.511	11.981	0.532	1.414	0.005	0	0.118	1	8.505	494	2.656	1
9116	2.652	4.442	0.329	0.551	0.005	0	0.124	1	8.035	463	1.675	1
9117	2.2	5.575	1.421	3.601	0.005	0	0.646	1	1.549	455	2.534	1
9118	3.167	6.724	0.627	1.331	0.005	0	0.198	1	5.047	488	2.123	1
9119	3.492	7.033	0.88	1.772	0.005	0	0.252	1	3.968	454	2.014	1
9120	1.016	2.08	0.16	0.327	0.005	0	0.157	1	6.363	483	2.047	1
9121	4.419	8.984	0.482	0.979	0.005	0	0.109	1	9.19	478	2.033	1
9122	4.048	8.719	0.429	0.924	0.005	0	0.106	1	9.46	458	2.154	1
9123	4.442	7.463	0.48	0.806	0.005	0	0.108	1	9.253	487	1.68	1
9124	3.981	7.703	0.705	1.363	0.005	0	0.177	1	5.649	494	1.935	1
9125	2.726	6.387	0.363	0.849	0.005	0	0.133	1	7.526	469	2.343	1
9126	4.46	11.939	0.696	1.862	0.005	0	0.156	1	6.398	462	2.677	1
9127	4.733	13.688	1.316	3.805	0.005	0	0.278	1	3.595	471	2.892	1
9128	4.276	11.815	0.59	1.63	0.005	0	0.138	1	7.247	492	2.763	1
9129	2.667	4.329	0.368	0.597	0.005	0	0.138	1	7.254	455	1.623	1
9130	1.916	5.631	0.663	1.948	0.005	0	0.346	1	2.892	458	2.939	1
9131	2.363	4.336	0.475	0.872	0.005	0	0.201	1	4.979	478	1.835	1
9132	1.951	4.396	0.261	0.589	0.005	0	0.134	1	7.464	464	2.253	1
9133	4.796	12.302	0.585	1.501	0.005	0	0.122	1	8.187	457	2.565	1
9134	4.202	12.48	0.496	1.473	0.005	0	0.118	1	8.45	495	2.97	1
9135	3.064	7.868	0.362	0.928	0.005	0	0.118	1	8.48	461	2.568	1
9136	4.844	14.387	0.819	2.431	0.005	0	0.169	1	5.922	482	2.97	1
9137	2.183	4.045	0.454	0.841	0.005	0	0.208	1	4.809	465	1.853	1
9138	2.89	6.696	0.705	1.634	0.005	0	0.244	1	4.101	453	2.317	1
9139	1.607	2.415	0.914	1.374	0.005	0	0.569	1	1.757	477	1.503	1
9140	2.151	3.829	0.471	0.839	0.005	0	0.219	1	4.576	471	1.78	1
9141	4.796	7.693	0.7	1.123	0.005	0	0.146	1	6.858	495	1.604	1
9142	2.747	5.983	1.492	3.249	0.005	0	0.543	1	1.843	459	2.178	1
9143	3.751	9.006	0.488	1.171	0.005	0	0.13	1	7.71	460	2.401	1
9144	4.958	14.433	0.759	2.208	0.005	0	0.153	1	6.532	497	2.911	1
9145	2.693	7.831	0.277	0.807	0.005	0	0.103	1	9.7	494	2.908	1
9146	4.434	10.087	0.656	1.493	0.005	0	0.148	1	6.76	477	2.275	1
9147	4.2	11.739	1.663	4.649	0.005	0	0.396	1	2.524	499	2.795	1
9148	3.854	9.053	0.736	1.729	0.005	0	0.191	1	5.234	475	2.349	1
9149	3.999	9.734	3.923	9.549	0.005	0	0.981	1	1.019	467	2.434	1
9150	1.862	3.37	0.22	0.398	0.005	0	0.118	1	8.503	468	1.81	1
9151	4.711	9.234	1.663	3.26	0.005	0	0.353	1	2.835	489	1.96	1
9152	2.705	7.936	0.333	0.976	0.005	0	0.123	1	8.137	469	2.934	1
9153	4.217	9.994	0.477	1.129	0.005	0	0.113	1	8.834	494	2.37	1
9154	2.989	5.297	0.747	1.324	0.005	0	0.25	1	3.993	496	1.772	1
9155	4.529	11.015	3.813	9.275	0.005	0	0.842	1	1.188	491	2.432	1
9156	2.919	7.108	0.467	1.137	0.005	0	0.16	1	6.247	490	2.435	1
9157	2.081	5.966	0.466	1.336	0.005	0	0.224	1	4.458	493	2.867	1
9158	1.746	3.908	0.21	0.469	0.005	0	0.12	1	8.299	467	2.238	1
9159	4.951	13.016	0.654	1.718	0.005	0	0.132	1	7.568	478	2.629	1
9160	3.48	6.469	0.466	0.867	0.005	0	0.134	1	7.455	486	1.859	1
9161	2.915	7.914	0.437	1.187	0.005	0	0.15	1	6.673	490	2.715	1
9162	4.83	10.177	2.111	4.447	0.005	0	0.437	1	2.288	455	2.107	1
9163	2.565	6.915	1.208	3.257	0.005	0	0.471	1	2.122	491	2.696	1
9164	2.85	6.33	0.314	0.696	0.005	0	0.11	1	9.073	464	2.221	1
9165	4.602	13.286	1.063	3.069	0.005	0	0.231	1	4.334	453	2.887	1
9166	1.043	2.256	0.233	0.503	0.005	0	0.223	1	4.491	468	2.163	1
9167	3.176	6.708	0.381	0.805	0.005	0	0.12	1	8.367	464	2.112	1
9168	3.779	9.225	1.927	4.705	0.005	0	0.51	1	1.96	477	2.441	1
9169	2.263	5.271	0.419	0.975	0.005	0	0.185	1	5.399	491	2.329	1
9170	1.566	4.305	0.849	2.333	0.005	0	0.542	1	1.844	466	2.749	1
9171	1.987	3.316	0.733	1.224	0.005	0	0.369	1	2.708	480	1.669	1
9172	4.566	13.534	0.685	2.03	0.005	0	0.15	1	6.674	489	2.964	1
9173	4.973	8.012	0.701	1.13	0.005	0	0.141	1	7.114	485	1.611	1
9174	3.225	8.708	0.619	1.672	0.005	0	0.192	1	5.22	462	2.7	1
9175	3.112	8.682	0.367	1.024	0.005	0	0.118	1	8.497	487	2.79	1
9176	2.242	5.089	0.475	1.079	0.005	0	0.212	1	4.715	476	2.27	1
9177	2.655	7.046	0.974	2.586	0.005	0	0.367	1	2.725	452	2.654	1
9178	1.791	3.863	0.824	1.777	0.005	0	0.46	1	2.176	482	2.157	1
9179	3.398	7.951	1.291	3.021	0.005	0	0.38	1	2.63	472	2.34	1
9180	1.893	3.962	0.286	0.598	0.005	0	0.151	1	6.601	487	2.093	1
9181	3.11	8.584	0.379	1.047	0.005	0	0.122	1	8.22	476	2.76	1
9182	1.312	3.133	0.219	0.523	0.005	0	0.167	1	5.975	495	2.388	1
9183	1.565	3.795	0.355	0.861	0.005	0	0.227	1	4.408	489	2.425	1
9184	1.17	1.788	0.14	0.215	0.005	0	0.12	1	8.335	467	1.528	1
9185	2.851	4.49	0.288	0.453	0.005	0	0.101	1	9.923	491	1.575	1
9186	3.104	6.757	0.546	1.189	0.005	0	0.176	1	5.675	465	2.177	1
9187	2.825	7.003	1.438	3.565	0.005	0	0.509	1	1.963	467	2.479	1
9188	4.041	10.361	1.386	3.554	0.005	0	0.343	1	2.912	466	2.564	1
9189	3.299	5.876	0.501	0.893	0.005	0	0.152	1	6.571	470	1.781	1
9190	2.295	6.21	0.776	2.099	0.005	0	0.338	1	2.957	488	2.706	1
9191	3.157	6.102	0.328	0.635	0.005	0	0.104	1	9.616	470	1.933	1
9192	4.466	10.772	3.47	8.37	0.005	0	0.777	1	1.287	482	2.412	1
9193	4.759	7.948	0.89	1.486	0.005	0	0.187	1	5.343	481	1.67	1
9194	2.538	4.822	1.355	2.575	0.005	0	0.534	1	1.872	485	1.9	1
9195	1.486	4.104	0.181	0.501	0.005	0	0.122	1	8.222	493	2.762	1
9196	3.431	5.315	1.036	1.605	0.005	0	0.302	1	3.306	498	1.549	1
9197	2.928	6.456	1.212	2.673	0.005	0	0.414	1	2.415	468	2.205	1
9198	1.598	4.182	0.161	0.422	0.005	0	0.101	1	9.915	483	2.617	1
9199	3.57	10.428	0.414	1.21	0.005	0	0.116	1	8.585	465	2.921	1
9200	4.848	8.848	1.042	1.902	0.005	0	0.215	1	4.659	469	1.825	1
9201	4.848	13.628	2.351	6.61	0.005	0	0.485	1	2.062	474	2.811	1
9202	3.824	7.487	0.673	1.318	0.005	0	0.176	1	5.685	492	1.958	1
9203	4.743	12.033	0.574	1.456	0.005	0	0.121	1	8.29	470	2.537	1
9204	3.08	5.972	0.869	1.684	0.005	0	0.282	1	3.544	472	1.939	1
9205	2.891	7.352	0.671	1.706	0.005	0	0.232	1	4.316	494	2.543	1
9206	4.087	7.708	0.454	0.856	0.005	0	0.111	1	9.049	451	1.886	1
9207	3.986	9.104	0.419	0.956	0.005	0	0.105	1	9.479	464	2.284	1
9208	1.363	3.919	0.153	0.439	0.005	0	0.112	1	8.91	450	2.875	1
9209	4.376	10.012	0.508	1.161	0.005	0	0.116	1	8.613	467	2.288	1
9210	3.384	10.064	0.596	1.771	0.005	0	0.176	1	5.688	458	2.974	1
9211	3.814	7.517	0.408	0.804	0.005	0	0.107	1	9.324	455	1.971	1
9212	2.544	4.79	0.308	0.58	0.005	0	0.121	1	8.238	477	1.883	1
9213	2.101	3.803	0.387	0.7	0.005	0	0.184	1	5.423	498	1.81	1
9214	2.495	6.447	1.564	4.042	0.005	0	0.627	1	1.596	453	2.584	1
9215	3.241	5.892	0.457	0.831	0.005	0	0.141	1	7.096	456	1.818	1
9216	1.097	3.22	0.27	0.792	0.005	0	0.246	1	4.063	498	2.935	1
9217	4.624	12.448	0.694	1.867	0.005	0	0.15	1	6.682	453	2.692	1
9218	2.05	4.781	0.697	1.626	0.005	0	0.34	1	2.944	495	2.332	1
9219	4.944	9.354	1.063	2.011	0.005	0	0.215	1	4.659	474	1.892	1
9220	3.777	5.93	0.487	0.765	0.005	0	0.129	1	7.736	498	1.57	1
9221	2.793	5.12	1.209	2.217	0.005	0	0.433	1	2.307	476	1.833	1
9222	3.303	7.779	0.429	1.011	0.005	0	0.13	1	7.678	470	2.355	1
9223	4.125	9.38	0.516	1.172	0.005	0	0.125	1	7.972	462	2.274	1
9224	2.493	5.871	0.511	1.204	0.005	0	0.205	1	4.889	482	2.355	1
9225	3.262	7.457	0.995	2.274	0.005	0	0.305	1	3.279	495	2.286	1
9226	4.595	12.59	1.774	4.86	0.005	0	0.386	1	2.593	494	2.74	1
9227	3.849	7.321	0.4	0.761	0.005	0	0.104	1	9.595	484	1.902	1
9228	4.436	10.141	0.51	1.166	0.005	0	0.115	1	8.669	486	2.286	1
9229	3.212	7.018	0.36	0.786	0.005	0	0.112	1	8.904	464	2.185	1
9230	3.079	4.828	2.171	3.404	0.005	0	0.705	1	1.419	485	1.568	1
9231	3.923	9.953	0.687	1.742	0.005	0	0.175	1	5.708	497	2.537	1
9232	3.439	6.496	0.447	0.844	0.005	0	0.13	1	7.665	483	1.889	1
9233	3.255	9.127	0.358	1.004	0.005	0	0.11	1	9.104	451	2.804	1
9234	2.041	5.433	0.306	0.815	0.005	0	0.15	1	6.681	468	2.662	1
9235	4.277	6.42	3.99	5.99	0.005	0	0.933	1	1.072	499	1.501	1
9236	1.216	2.113	0.276	0.48	0.005	0	0.227	1	4.413	472	1.738	1
9237	1.362	2.044	0.296	0.444	0.005	0	0.217	1	4.602	462	1.501	1
9238	3.361	8.782	0.635	1.66	0.005	0	0.189	1	5.299	498	2.613	1
9239	2.049	5.215	1.014	2.581	0.005	0	0.495	1	2.019	460	2.545	1
9240	3.131	8.61	0.366	1.007	0.005	0	0.117	1	8.532	466	2.75	1
9241	3.721	9.109	0.473	1.157	0.005	0	0.127	1	7.898	460	2.448	1
9242	4.545	12.158	2.259	6.043	0.005	0	0.497	1	2.012	455	2.675	1
9243	1.565	3.128	0.264	0.529	0.005	0	0.169	1	5.919	461	1.999	1
9244	2.275	3.833	0.321	0.54	0.005	0	0.141	1	7.072	457	1.685	1
9245	4.131	6.498	0.591	0.929	0.005	0	0.143	1	6.984	467	1.573	1
9246	1.812	4.782	0.225	0.593	0.005	0	0.124	1	8.093	461	2.639	1
9247	2.042	4.403	0.606	1.308	0.005	0	0.297	1	3.363	492	2.156	1
9248	1.333	3.305	0.377	0.935	0.005	0	0.283	1	3.539	490	2.479	1
9249	1.776	5.218	0.261	0.767	0.005	0	0.147	1	6.79	485	2.938	1
9250	4.662	13.333	2.135	6.107	0.005	0	0.458	1	2.183	485	2.86	1
9251	1.221	2.419	0.15	0.298	0.005	0	0.123	1	8.136	488	1.981	1
9252	4.301	10.211	0.615	1.46	0.005	0	0.143	1	6.993	491	2.374	1
9253	3.626	7.615	0.613	1.287	0.005	0	0.169	1	5.93	490	2.1	1
9254	2.307	6.084	0.388	1.022	0.005	0	0.168	1	5.938	485	2.637	1
9255	2.304	5.903	0.279	0.714	0.005	0	0.121	1	8.255	492	2.562	1
9256	3.91	9.329	0.747	1.782	0.005	0	0.191	1	5.231	498	2.386	1
9257	1.416	2.523	0.214	0.381	0.005	0	0.151	1	6.614	490	1.782	1
9258	1.575	3.468	0.224	0.492	0.005	0	0.142	1	7.03	499	2.202	1
9259	2.469	6.624	0.526	1.411	0.005	0	0.213	1	4.687	463	2.683	1
9260	2.736	6.405	0.564	1.319	0.005	0	0.206	1	4.86	465	2.341	1
9261	2.294	6.756	0.291	0.858	0.005	0	0.127	1	7.902	482	2.945	1
9262	1.126	3.265	0.125	0.362	0.005	0	0.111	1	8.981	498	2.9	1
9263	2.682	4.707	1.759	3.088	0.005	0	0.656	1	1.524	453	1.755	1
9264	1.276	3.823	0.269	0.807	0.005	0	0.211	1	4.747	470	2.996	1
9265	2.801	5.82	0.389	0.809	0.005	0	0.139	1	7.169	453	2.078	1
9266	4.619	8.504	0.637	1.174	0.005	0	0.138	1	7.265	450	1.841	1
9267	2.561	5.309	2.505	5.192	0.005	0	0.978	1	1.023	467	2.073	1
9268	2.227	5.955	1.151	3.079	0.005	0	0.517	1	1.933	495	2.674	1
9269	4.605	12.71	0.576	1.589	0.005	0	0.125	1	7.978	471	2.76	1
9270	2.59	6.659	0.888	2.284	0.005	0	0.343	1	2.916	458	2.571	1
9271	1.49	3.318	0.317	0.707	0.005	0	0.213	1	4.701	456	2.227	1
9272	2.482	5.316	0.551	1.18	0.005	0	0.222	1	4.507	479	2.142	1
9273	4.687	11.464	1.209	2.958	0.005	0	0.258	1	3.871	463	2.446	1
9274	1.955	3.617	0.268	0.496	0.005	0	0.137	1	7.324	459	1.85	1
9275	1.378	2.282	0.329	0.545	0.005	0	0.239	1	4.176	470	1.656	1
9276	2.038	5.639	0.253	0.699	0.005	0	0.124	1	8.091	471	2.767	1
9277	4.756	12.389	0.809	2.106	0.005	0	0.17	1	5.896	482	2.605	1
9278	4.299	11.25	0.512	1.339	0.005	0	0.119	1	8.379	493	2.617	1
9279	3.329	7.464	0.829	1.859	0.005	0	0.249	1	4.021	492	2.242	1
9280	4.956	10.497	4.138	8.765	0.005	0	0.835	1	1.198	472	2.118	1
9281	4.653	7.594	0.665	1.086	0.005	0	0.143	1	7.012	465	1.632	1
9282	1.344	3.691	0.414	1.137	0.005	0	0.308	1	3.247	473	2.746	1
9283	1.444	3.47	0.254	0.611	0.005	0	0.176	1	5.676	486	2.403	1
9284	1.225	2.695	0.333	0.733	0.005	0	0.272	1	3.682	454	2.2	1
9285	4.477	11.394	1.477	3.76	0.005	0	0.33	1	3.032	466	2.545	1
9286	1.598	3.893	0.302	0.736	0.005	0	0.189	1	5.304	492	2.436	1
9287	4.824	10.613	0.492	1.083	0.005	0	0.102	1	9.819	468	2.2	1
9288	1.785	4.568	0.223	0.571	0.005	0	0.125	1	8.032	456	2.559	1
9289	2.877	7.213	2.336	5.857	0.005	0	0.812	1	1.231	457	2.507	1
9290	4.968	9.434	0.715	1.358	0.005	0	0.144	1	6.944	489	1.899	1
9291	1.634	3.655	0.209	0.468	0.005	0	0.128	1	7.82	472	2.237	1
9292	2.837	4.797	1.589	2.686	0.005	0	0.56	1	1.785	461	1.691	1
9293	4.369	10.743	2.49	6.124	0.005	0	0.57	1	1.755	471	2.459	1
9294	3.352	5.397	0.912	1.468	0.005	0	0.272	1	3.678	453	1.61	1
9295	1.414	4.137	0.421	1.233	0.005	0	0.298	1	3.361	476	2.926	1
9296	2.575	6.27	0.953	2.32	0.005	0	0.37	1	2.705	476	2.435	1
9297	2.822	6.781	0.818	1.966	0.005	0	0.29	1	3.449	481	2.403	1
9298	2.48	6.418	0.645	1.669	0.005	0	0.26	1	3.84	473	2.588	1
9299	4.204	10.413	0.542	1.343	0.005	0	0.129	1	7.767	496	2.477	1
9300	1.173	3.357	0.239	0.685	0.005	0	0.204	1	4.899	467	2.862	1
9301	2.896	6.192	0.837	1.789	0.005	0	0.289	1	3.465	496	2.138	1
9302	3.502	9.48	1.411	3.82	0.005	0	0.403	1	2.48	498	2.707	1
9303	3.771	6.23	2.051	3.389	0.005	0	0.544	1	1.839	484	1.652	1
9304	3.859	7.718	0.39	0.78	0.005	0	0.101	1	9.879	496	2.0	1
9305	1.563	2.554	0.694	1.134	0.005	0	0.444	1	2.252	480	1.634	1
9306	2.081	3.864	0.339	0.63	0.005	0	0.163	1	6.143	487	1.857	1
9307	2.596	7.178	0.273	0.754	0.005	0	0.105	1	9.544	484	2.765	1
9308	1.709	3.29	0.236	0.454	0.005	0	0.138	1	7.272	469	1.925	1
9309	3.528	5.56	0.48	0.756	0.005	0	0.136	1	7.364	451	1.576	1
9310	2.895	7.403	0.544	1.392	0.005	0	0.188	1	5.327	472	2.557	1
9311	4.682	10.736	0.876	2.008	0.005	0	0.187	1	5.336	473	2.293	1
9312	2.389	6.515	0.382	1.042	0.005	0	0.16	1	6.266	498	2.727	1
9313	2.708	7.358	2.307	6.269	0.005	0	0.852	1	1.174	482	2.717	1
9314	2.25	4.799	0.261	0.557	0.005	0	0.116	1	8.606	451	2.133	1
9315	3.356	5.873	0.574	1.004	0.005	0	0.171	1	5.832	469	1.75	1
9316	2.2	5.064	0.279	0.643	0.005	0	0.127	1	7.867	473	2.302	1
9317	3.792	6.837	0.686	1.237	0.005	0	0.181	1	5.513	476	1.803	1
9318	2.963	6.006	0.347	0.703	0.005	0	0.117	1	8.572	484	2.027	1
9319	1.327	2.512	0.151	0.286	0.005	0	0.114	1	8.792	497	1.893	1
9320	3.866	9.244	0.963	2.302	0.005	0	0.249	1	4.017	450	2.391	1
9321	4.225	8.07	0.583	1.114	0.005	0	0.138	1	7.232	450	1.91	1
9322	1.953	3.445	0.613	1.082	0.005	0	0.314	1	3.188	498	1.764	1
9323	1.735	3.84	0.437	0.968	0.005	0	0.252	1	3.969	457	2.213	1
9324	3.994	10.532	0.583	1.538	0.005	0	0.146	1	6.844	495	2.637	1
9325	4.672	13.969	0.509	1.523	0.005	0	0.109	1	9.209	462	2.99	1
9326	4.663	11.079	1.049	2.493	0.005	0	0.225	1	4.448	455	2.376	1
9327	2.429	4.525	0.27	0.502	0.005	0	0.111	1	8.973	465	1.863	1
9328	1.303	3.453	0.293	0.777	0.005	0	0.225	1	4.441	462	2.65	1
9329	1.642	4.148	0.236	0.597	0.005	0	0.144	1	6.962	477	2.526	1
9330	4.825	13.052	3.58	9.685	0.005	0	0.742	1	1.348	469	2.705	1
9331	3.001	7.424	0.48	1.188	0.005	0	0.16	1	6.248	488	2.474	1
9332	2.696	5.454	0.286	0.578	0.005	0	0.106	1	9.402	483	2.023	1
9333	2.562	4.565	0.341	0.607	0.005	0	0.133	1	7.527	451	1.782	1
9334	3.557	7.391	0.715	1.486	0.005	0	0.201	1	4.97	452	2.078	1
9335	1.281	3.356	0.478	1.252	0.005	0	0.373	1	2.68	480	2.62	1
9336	1.108	1.824	0.178	0.294	0.005	0	0.161	1	6.199	465	1.646	1
9337	3.607	8.491	0.433	1.019	0.005	0	0.12	1	8.357	476	2.354	1
9338	1.397	2.178	0.434	0.677	0.005	0	0.311	1	3.218	475	1.559	1
9339	2.456	4.657	0.658	1.248	0.005	0	0.268	1	3.726	452	1.896	1
9340	4.386	8.443	2.285	4.399	0.005	0	0.521	1	1.921	454	1.925	1
9341	4.852	12.397	0.568	1.45	0.005	0	0.117	1	8.54	492	2.555	1
9342	4.241	11.374	1.883	5.05	0.005	0	0.444	1	2.253	455	2.682	1
9343	1.244	3.525	0.235	0.666	0.005	0	0.189	1	5.305	462	2.834	1
9344	2.444	3.935	0.281	0.453	0.005	0	0.115	1	8.687	491	1.61	1
9345	1.037	1.781	0.155	0.265	0.005	0	0.149	1	6.719	477	1.717	1
9346	3.917	10.047	0.552	1.417	0.005	0	0.141	1	7.092	478	2.565	1
9347	3.006	8.519	0.328	0.929	0.005	0	0.109	1	9.158	476	2.834	1
9348	1.501	2.979	0.224	0.444	0.005	0	0.149	1	6.73	488	1.985	1
9349	1.903	3.673	0.236	0.455	0.005	0	0.124	1	8.089	489	1.93	1
9350	4.806	12.313	0.562	1.441	0.005	0	0.117	1	8.579	465	2.562	1
9351	3.444	7.832	0.427	0.971	0.005	0	0.124	1	8.058	453	2.274	1
9352	2.859	7.997	1.501	4.198	0.005	0	0.525	1	1.903	470	2.797	1
9353	1.634	4.02	0.19	0.466	0.005	0	0.116	1	8.598	485	2.46	1
9354	2.223	4.997	1.178	2.648	0.005	0	0.53	1	1.888	484	2.248	1
9355	4.105	9.762	0.509	1.21	0.005	0	0.124	1	8.06	468	2.378	1
9356	4.319	12.033	0.466	1.3	0.005	0	0.108	1	9.279	457	2.786	1
9357	4.02	7.96	0.591	1.17	0.005	0	0.147	1	6.815	481	1.98	1
9358	1.785	3.675	1.073	2.209	0.005	0	0.601	1	1.665	474	2.059	1
9359	3.651	10.69	2.194	6.425	0.005	0	0.601	1	1.663	498	2.928	1
9360	2.604	5.711	0.838	1.839	0.005	0	0.322	1	3.105	493	2.193	1
9361	4.766	11.824	0.539	1.336	0.005	0	0.113	1	8.838	486	2.481	1
9362	2.754	7.868	1.603	4.579	0.005	0	0.582	1	1.718	481	2.857	1
9363	4.121	10.418	0.486	1.229	0.005	0	0.118	1	8.449	483	2.528	1
9364	4.64	8.672	0.58	1.084	0.005	0	0.125	1	8.005	477	1.869	1
9365	1.064	2.838	0.146	0.389	0.005	0	0.137	1	7.312	490	2.667	1
9366	4.194	11.32	2.814	7.596	0.005	0	0.671	1	1.49	499	2.699	1
9367	4.316	7.592	2.313	4.069	0.005	0	0.536	1	1.867	456	1.759	1
9368	2.778	5.384	0.392	0.759	0.005	0	0.141	1	7.105	470	1.938	1
9369	4.089	10.995	0.711	1.913	0.005	0	0.174	1	5.761	457	2.689	1
9370	2.455	6.486	0.295	0.778	0.005	0	0.12	1	8.326	473	2.642	1
9371	2.644	7.694	0.764	2.224	0.005	0	0.289	1	3.465	466	2.91	1
9372	2.509	4.652	1.232	2.284	0.005	0	0.491	1	2.035	461	1.854	1
9373	2.475	7.16	0.314	0.909	0.005	0	0.127	1	7.883	495	2.893	1
9374	1.547	3.326	0.438	0.941	0.005	0	0.283	1	3.53	451	2.15	1
9375	2.706	5.377	0.336	0.667	0.005	0	0.124	1	8.094	452	1.987	1
9376	2.012	4.447	1.75	3.869	0.005	0	0.87	1	1.149	450	2.21	1
9377	1.679	2.997	0.307	0.548	0.005	0	0.183	1	5.452	453	1.785	1
9378	3.597	10.41	1.741	5.038	0.005	0	0.484	1	2.064	473	2.894	1
9379	3.178	6.648	0.429	0.897	0.005	0	0.135	1	7.402	462	2.092	1
9380	2.652	4.317	0.339	0.553	0.005	0	0.128	1	7.811	461	1.628	1
9381	3.406	9.748	0.981	2.807	0.005	0	0.288	1	3.473	463	2.862	1
9382	2.09	5.814	0.245	0.68	0.005	0	0.117	1	8.566	453	2.782	1
9383	4.322	9.271	0.484	1.038	0.005	0	0.112	1	8.966	490	2.145	1
9384	3.093	6.498	0.418	0.877	0.005	0	0.135	1	7.432	455	2.101	1
9385	4.169	7.262	3.014	5.25	0.005	0	0.723	1	1.383	470	1.742	1
9386	4.114	6.64	1.205	1.946	0.005	0	0.293	1	3.41	487	1.614	1
9387	4.998	11.595	2.619	6.076	0.005	0	0.524	1	1.91	482	2.32	1
9388	1.05	2.079	0.758	1.501	0.005	0	0.722	1	1.385	466	1.98	1
9389	2.748	7.203	0.407	1.066	0.005	0	0.148	1	6.762	485	2.621	1
9390	2.09	5.906	0.274	0.774	0.005	0	0.131	1	7.65	497	2.826	1
9391	1.905	3.067	0.223	0.359	0.005	0	0.117	1	8.553	478	1.61	1
9392	2.227	4.824	0.343	0.743	0.005	0	0.154	1	6.487	472	2.166	1
9393	4.528	10.881	4.433	10.652	0.005	0	0.979	1	1.021	486	2.403	1
9394	3.332	5.618	0.64	1.079	0.005	0	0.192	1	5.204	474	1.686	1
9395	3.46	5.785	0.588	0.983	0.005	0	0.17	1	5.878	486	1.672	1
9396	2.834	5.591	2.409	4.752	0.005	0	0.85	1	1.177	481	1.973	1
9397	2.628	4.683	1.001	1.784	0.005	0	0.381	1	2.626	494	1.782	1
9398	3.221	7.457	0.573	1.327	0.005	0	0.178	1	5.619	480	2.315	1
9399	3.072	8.061	0.621	1.628	0.005	0	0.202	1	4.961	473	2.624	1
9400	4.738	12.769	2.431	6.55	0.005	0	0.513	1	1.95	488	2.695	1
9401	4.388	8.091	1.044	1.926	0.005	0	0.238	1	4.202	457	1.844	1
9402	2.881	8.626	1.161	3.476	0.005	0	0.403	1	2.484	460	2.994	1
9403	4.099	11.596	0.516	1.461	0.005	0	0.126	1	7.926	462	2.829	1
9404	2.569	4.467	0.845	1.47	0.005	0	0.329	1	3.035	471	1.739	1
9405	4.235	11.223	0.508	1.347	0.005	0	0.12	1	8.351	490	2.65	1
9406	3.907	10.42	0.508	1.355	0.005	0	0.13	1	7.693	460	2.667	1
9407	2.441	6.6	0.31	0.838	0.005	0	0.127	1	7.882	499	2.704	1
9408	2.24	4.148	0.676	1.253	0.005	0	0.302	1	3.315	498	1.852	1
9409	4.05	10.19	0.688	1.732	0.005	0	0.17	1	5.868	496	2.516	1
9410	2.712	4.594	0.342	0.579	0.005	0	0.126	1	7.952	467	1.694	1
9411	4.972	9.467	0.989	1.884	0.005	0	0.199	1	5.032	499	1.904	1
9412	3.603	6.503	0.4	0.722	0.005	0	0.111	1	9.025	459	1.805	1
9413	4.943	11.171	0.494	1.117	0.005	0	0.1	1	9.997	477	2.26	1
9414	3.771	10.148	0.377	1.015	0.005	0	0.1	1	9.968	480	2.691	1
9415	4.7	10.364	1.095	2.415	0.005	0	0.233	1	4.287	483	2.205	1
9416	1.031	2.523	0.308	0.754	0.005	0	0.299	1	3.341	452	2.447	1
9417	4.599	8.669	0.474	0.893	0.005	0	0.103	1	9.746	471	1.885	1
9418	4.528	12.995	2.69	7.719	0.005	0	0.594	1	1.683	497	2.87	1
9419	4.362	10.787	2.124	5.253	0.005	0	0.487	1	2.052	468	2.473	1
9420	4.207	7.236	0.509	0.876	0.005	0	0.121	1	8.283	454	1.72	1
9421	1.341	2.254	0.394	0.663	0.005	0	0.294	1	3.407	493	1.681	1
9422	2.951	8.655	0.714	2.095	0.005	0	0.242	1	4.138	491	2.933	1
9423	4.964	14.639	4.274	12.604	0.005	0	0.861	1	1.161	466	2.949	1
9424	3.189	6.413	1.61	3.239	0.005	0	0.505	1	1.98	456	2.011	1
9425	1.697	3.343	0.188	0.371	0.005	0	0.111	1	9.021	471	1.97	1
9426	4.179	8.885	0.422	0.897	0.005	0	0.101	1	9.922	457	2.126	1
9427	4.192	7.001	0.767	1.281	0.005	0	0.183	1	5.46	482	1.67	1
9428	1.23	2.617	0.165	0.351	0.005	0	0.134	1	7.466	488	2.128	1
9429	2.459	6.605	0.693	1.863	0.005	0	0.282	1	3.543	485	2.686	1
9430	1.07	2.009	0.107	0.201	0.005	0	0.1	1	9.974	487	1.878	1
9431	1.385	2.597	0.55	1.031	0.005	0	0.397	1	2.521	493	1.875	1
9432	2.431	6.923	0.348	0.99	0.005	0	0.143	1	6.984	497	2.848	1
9433	4.524	8.365	0.733	1.355	0.005	0	0.162	1	6.168	464	1.849	1
9434	4.258	8.341	1.35	2.644	0.005	0	0.317	1	3.155	452	1.959	1
9435	1.881	4.323	0.372	0.856	0.005	0	0.198	1	5.055	454	2.298	1
9436	4.126	7.154	0.495	0.858	0.005	0	0.12	1	8.306	478	1.734	1
9437	1.333	2.823	0.195	0.412	0.005	0	0.146	1	6.836	464	2.118	1
9438	3.027	8.409	0.499	1.387	0.005	0	0.165	1	6.077	474	2.778	1
9439	4.723	8.176	1.719	2.976	0.005	0	0.364	1	2.745	474	1.731	1
9440	2.983	7.851	0.34	0.895	0.005	0	0.114	1	8.778	466	2.632	1
9441	3.839	11.214	2.419	7.065	0.005	0	0.63	1	1.587	464	2.921	1
9442	3.727	9.385	1.025	2.581	0.005	0	0.275	1	3.641	489	2.518	1
9443	1.039	2.482	0.105	0.251	0.005	0	0.101	1	9.928	461	2.389	1
9444	3.689	6.854	1.501	2.79	0.005	0	0.407	1	2.458	484	1.858	1
9445	3.332	7.75	0.84	1.953	0.005	0	0.252	1	3.969	482	2.326	1
9446	4.625	9.934	0.5	1.073	0.005	0	0.108	1	9.24	453	2.148	1
9447	3.256	6.554	1.26	2.536	0.005	0	0.387	1	2.587	463	2.013	1
9448	3.616	10.823	1.164	3.485	0.005	0	0.322	1	3.107	490	2.993	1
9449	4.405	6.867	1.48	2.307	0.005	0	0.336	1	2.972	471	1.559	1
9450	2.319	5.651	0.253	0.616	0.005	0	0.109	1	9.193	467	2.437	1
9451	4.233	6.421	0.864	1.31	0.005	0	0.204	1	4.896	461	1.517	1
9452	1.698	3.226	0.273	0.519	0.005	0	0.161	1	6.222	464	1.9	1
9453	3.562	10.113	0.413	1.173	0.005	0	0.116	1	8.632	495	2.839	1
9454	2.082	4.293	0.233	0.481	0.005	0	0.112	1	8.93	468	2.062	1
9455	4.312	9.616	0.72	1.606	0.005	0	0.167	1	5.971	493	2.23	1
9456	4.025	10.904	0.503	1.363	0.005	0	0.125	1	7.992	481	2.709	1
9457	1.867	4.576	0.767	1.881	0.005	0	0.411	1	2.431	486	2.451	1
9458	4.079	7.028	1.75	3.015	0.005	0	0.429	1	2.329	452	1.723	1
9459	3.747	7.34	0.401	0.785	0.005	0	0.107	1	9.369	484	1.959	1
9460	4.162	9.847	1.265	2.993	0.005	0	0.304	1	3.291	463	2.366	1
9461	4.225	7.795	1.149	2.12	0.005	0	0.272	1	3.681	464	1.845	1
9462	2.516	6.096	0.314	0.762	0.005	0	0.125	1	7.989	476	2.423	1
9463	2.977	8.481	2.736	7.794	0.005	0	0.919	1	1.088	496	2.849	1
9464	2.097	5.966	0.331	0.943	0.005	0	0.158	1	6.315	495	2.845	1
9465	3.604	10.037	0.508	1.415	0.005	0	0.141	1	7.072	463	2.785	1
9466	3.856	10.778	0.517	1.444	0.005	0	0.134	1	7.444	494	2.795	1
9467	3.928	11.533	0.9	2.641	0.005	0	0.229	1	4.359	456	2.936	1
9468	3.573	6.985	0.904	1.767	0.005	0	0.253	1	3.948	465	1.955	1
9469	1.095	2.026	0.221	0.409	0.005	0	0.202	1	4.945	499	1.85	1
9470	4.26	10.301	0.933	2.256	0.005	0	0.219	1	4.562	454	2.418	1
9471	4.822	12.605	0.583	1.525	0.005	0	0.121	1	8.251	495	2.614	1
9472	4.819	8.293	0.54	0.929	0.005	0	0.112	1	8.957	484	1.721	1
9473	1.85	3.963	1.112	2.382	0.005	0	0.601	1	1.665	450	2.142	1
9474	2.68	7.038	0.287	0.753	0.005	0	0.107	1	9.314	469	2.626	1
9475	4.04	8.698	1.143	2.462	0.005	0	0.283	1	3.529	455	2.153	1
9476	2.156	5.077	0.854	2.01	0.005	0	0.396	1	2.523	490	2.355	1
9477	1.931	3.636	0.212	0.4	0.005	0	0.11	1	9.098	495	1.883	1
9478	1.292	2.943	0.313	0.712	0.005	0	0.242	1	4.133	482	2.278	1
9479	3.306	9.696	0.4	1.173	0.005	0	0.121	1	8.295	488	2.933	1
9480	1.055	2.99	0.558	1.582	0.005	0	0.529	1	1.891	484	2.834	1
9481	4.473	8.047	0.505	0.909	0.005	0	0.113	1	8.812	487	1.799	1
9482	1.6	4.013	0.714	1.79	0.005	0	0.446	1	2.241	451	2.508	1
9483	4.561	9.77	1.592	3.41	0.005	0	0.349	1	2.865	488	2.142	1
9484	4.069	7.817	0.407	0.782	0.005	0	0.1	1	9.986	475	1.921	1
9485	3.583	7.714	0.405	0.872	0.005	0	0.113	1	8.876	450	2.153	1
9486	4.787	8.779	3.303	6.058	0.005	0	0.69	1	1.449	468	1.834	1
9487	3.607	7.034	1.06	2.068	0.005	0	0.294	1	3.399	462	1.95	1
9488	3.223	6.588	0.525	1.074	0.005	0	0.163	1	6.142	485	2.044	1
9489	3.944	8.499	2.09	4.504	0.005	0	0.53	1	1.887	489	2.155	1
9490	2.075	4.015	0.537	1.04	0.005	0	0.259	1	3.867	452	1.935	1
9491	2.306	4.557	0.325	0.643	0.005	0	0.141	1	7.102	471	1.976	1
9492	1.241	2.218	0.807	1.442	0.005	0	0.65	1	1.538	484	1.787	1
9493	2.078	5.523	1.257	3.341	0.005	0	0.605	1	1.652	469	2.658	1
9494	3.693	9.657	1.245	3.254	0.005	0	0.337	1	2.963	474	2.615	1
9495	2.299	6.718	0.292	0.853	0.005	0	0.127	1	7.855	484	2.922	1
9496	1.905	4.174	0.215	0.472	0.005	0	0.113	1	8.827	485	2.191	1
9497	2.442	3.846	0.293	0.462	0.005	0	0.12	1	8.337	490	1.575	1
9498	3.325	9.579	0.708	2.04	0.005	0	0.213	1	4.698	450	2.881	1
9499	3.245	8.632	0.425	1.131	0.005	0	0.131	1	7.612	450	2.66	1
9500	1.817	2.98	0.467	0.766	0.005	0	0.257	1	3.889	484	1.64	1
9501	3.357	6.627	0.537	1.06	0.005	0	0.16	1	6.233	489	1.974	1
9502	3.294	9.599	3.156	9.196	0.005	0	0.958	1	1.044	477	2.914	1
9503	2.268	3.794	1.919	3.21	0.005	0	0.846	1	1.182	455	1.673	1
9504	2.271	6.077	0.597	1.598	0.005	0	0.263	1	3.801	487	2.676	1
9505	1.56	2.669	0.298	0.51	0.005	0	0.191	1	5.246	499	1.711	1
9506	3.518	9.305	0.419	1.107	0.005	0	0.119	1	8.399	491	2.645	1
9507	2.655	7.362	0.948	2.628	0.005	0	0.357	1	2.802	467	2.773	1
9508	3.088	5.546	1.887	3.389	0.005	0	0.611	1	1.638	497	1.796	1
9509	3.271	5.322	1.037	1.687	0.005	0	0.317	1	3.15	477	1.627	1
9510	2.577	4.229	0.781	1.281	0.005	0	0.303	1	3.299	459	1.641	1
9511	2.082	3.914	0.485	0.912	0.005	0	0.233	1	4.287	499	1.88	1
9512	4.569	8.649	3.029	5.734	0.005	0	0.663	1	1.509	497	1.893	1
9513	3.579	7.545	0.379	0.8	0.005	0	0.106	1	9.414	464	2.108	1
9514	1.266	2.548	0.16	0.321	0.005	0	0.126	1	7.914	466	2.013	1
9515	3.757	8.927	0.518	1.232	0.005	0	0.138	1	7.268	488	2.376	1
9516	1.926	4.193	0.354	0.772	0.005	0	0.184	1	5.434	484	2.177	1
9517	2.793	6.097	1.047	2.286	0.005	0	0.375	1	2.668	465	2.183	1
9518	1.388	3.841	0.844	2.335	0.005	0	0.608	1	1.645	474	2.767	1
9519	4.305	10.698	0.93	2.311	0.005	0	0.216	1	4.625	477	2.485	1
9520	4.109	9.615	0.933	2.183	0.005	0	0.227	1	4.409	484	2.34	1
9521	3.58	6.004	0.612	1.027	0.005	0	0.171	1	5.833	454	1.677	1
9522	1.603	4.193	0.268	0.7	0.005	0	0.167	1	6.001	491	2.616	1
9523	2.997	5.485	0.3	0.549	0.005	0	0.1	1	9.973	492	1.83	1
9524	3.642	9.91	0.455	1.239	0.005	0	0.125	1	7.969	451	2.721	1
9525	3.283	6.379	0.378	0.734	0.005	0	0.115	1	8.722	498	1.943	1
9526	1.477	3.393	0.767	1.761	0.005	0	0.519	1	1.928	478	2.297	1
9527	2.812	7.109	0.633	1.6	0.005	0	0.225	1	4.444	472	2.528	1
9528	4.485	7.938	1.108	1.961	0.005	0	0.247	1	4.046	494	1.77	1
9529	3.03	7.53	0.9	2.236	0.005	0	0.297	1	3.362	478	2.485	1
9530	2.941	4.682	0.338	0.538	0.005	0	0.115	1	8.715	469	1.592	1
9531	2.472	4.571	0.265	0.489	0.005	0	0.107	1	9.32	472	1.849	1
9532	1.167	2.297	0.273	0.537	0.005	0	0.234	1	4.268	470	1.968	1
9533	4.745	14.145	0.977	2.914	0.005	0	0.206	1	4.866	461	2.981	1
9534	2.194	5.349	0.23	0.562	0.005	0	0.105	1	9.534	475	2.438	1
9535	4.345	12.983	0.7	2.09	0.005	0	0.161	1	6.204	461	2.988	1
9536	2.278	5.998	0.276	0.726	0.005	0	0.121	1	8.26	490	2.633	1
9537	2.158	6.202	0.442	1.271	0.005	0	0.205	1	4.868	470	2.874	1
9538	2.144	5.523	0.219	0.563	0.005	0	0.102	1	9.814	454	2.576	1
9539	4.547	8.016	0.491	0.866	0.005	0	0.108	1	9.239	480	1.763	1
9540	4.566	13.483	1.301	3.843	0.005	0	0.285	1	3.508	482	2.953	1
9541	3.795	8.971	1.579	3.732	0.005	0	0.416	1	2.405	460	2.364	1
9542	4.995	11.858	1.753	4.162	0.005	0	0.351	1	2.848	489	2.374	1
9543	2.249	6.248	1.527	4.242	0.005	0	0.679	1	1.472	464	2.778	1
9544	4.652	10.686	2.34	5.375	0.005	0	0.503	1	1.99	458	2.297	1
9545	4.442	7.147	0.8	1.286	0.005	0	0.18	1	5.544	497	1.609	1
9546	1.371	2.872	0.24	0.503	0.005	0	0.175	1	5.702	479	2.095	1
9547	2.063	5.772	0.58	1.622	0.005	0	0.281	1	3.56	485	2.798	1
9548	2.844	5.637	0.316	0.626	0.005	0	0.111	1	8.986	487	1.982	1
9549	4.989	11.26	0.818	1.847	0.005	0	0.164	1	6.083	484	2.257	1
9550	2.644	4.164	0.69	1.087	0.005	0	0.261	1	3.831	491	1.575	1
9551	2.897	6.365	0.492	1.082	0.005	0	0.17	1	5.867	462	2.197	1
9552	2.65	4.974	0.575	1.079	0.005	0	0.217	1	4.614	461	1.877	1
9553	1.843	3.52	0.221	0.422	0.005	0	0.12	1	8.352	495	1.91	1
9554	4.726	9.65	0.818	1.669	0.005	0	0.173	1	5.776	473	2.042	1
9555	3.276	8.075	1.176	2.899	0.005	0	0.359	1	2.785	484	2.465	1
9556	1.623	2.581	0.365	0.581	0.005	0	0.225	1	4.44	491	1.59	1
9557	2.245	5.925	1.03	2.72	0.005	0	0.459	1	2.181	480	2.639	1
9558	1.522	2.683	1.505	2.653	0.005	0	0.989	1	1.011	465	1.763	1
9559	4.549	9.985	0.532	1.168	0.005	0	0.117	1	8.575	495	2.195	1
9560	1.428	3.453	0.363	0.877	0.005	0	0.254	1	3.939	474	2.418	1
9561	2.562	5.711	0.505	1.125	0.005	0	0.197	1	5.073	481	2.229	1
9562	4.631	12.249	0.898	2.376	0.005	0	0.194	1	5.151	492	2.645	1
9563	4.762	12.534	1.257	3.309	0.005	0	0.264	1	3.782	497	2.632	1
9564	2.707	5.406	0.306	0.611	0.005	0	0.113	1	8.85	468	1.997	1
9565	1.828	4.162	0.23	0.524	0.005	0	0.126	1	7.935	499	2.277	1
9566	3.953	11.25	2.008	5.715	0.005	0	0.508	1	1.967	487	2.846	1
9567	3.362	9.145	0.629	1.71	0.005	0	0.187	1	5.343	483	2.72	1
9568	1.589	3.027	0.191	0.363	0.005	0	0.12	1	8.32	490	1.905	1
9569	3.274	9.354	1.107	3.162	0.005	0	0.338	1	2.962	454	2.857	1
9570	4.01	8.962	0.457	1.022	0.005	0	0.114	1	8.734	482	2.235	1
9571	4.665	12.138	0.728	1.894	0.005	0	0.156	1	6.408	478	2.602	1
9572	3.295	5.944	0.56	1.01	0.005	0	0.17	1	5.887	458	1.804	1
9573	4.418	8.995	0.561	1.142	0.005	0	0.127	1	7.865	475	2.036	1
9574	2.436	6.906	2.253	6.388	0.005	0	0.925	1	1.081	484	2.835	1
9575	1.023	2.088	0.115	0.234	0.005	0	0.112	1	8.915	494	2.041	1
9576	4.679	10.921	0.936	2.184	0.005	0	0.2	1	4.996	498	2.334	1
9577	3.669	5.702	1.273	1.979	0.005	0	0.347	1	2.881	490	1.554	1
9578	2.11	4.572	0.295	0.64	0.005	0	0.14	1	7.122	495	2.167	1
9579	1.704	4.981	0.235	0.687	0.005	0	0.138	1	7.221	492	2.923	1
9580	1.119	2.247	0.225	0.452	0.005	0	0.201	1	4.982	479	2.008	1
9581	4.62	11.578	1.728	4.33	0.005	0	0.374	1	2.671	461	2.506	1
9582	3.989	9.362	3.925	9.212	0.005	0	0.984	1	1.016	475	2.347	1
9583	2.88	5.112	0.559	0.992	0.005	0	0.194	1	5.161	485	1.775	1
9584	4.693	13.896	0.91	2.696	0.005	0	0.194	1	5.153	468	2.961	1
9585	2.361	4.875	0.279	0.575	0.005	0	0.118	1	8.453	491	2.065	1
9586	2.008	4.102	0.892	1.821	0.005	0	0.444	1	2.252	467	2.043	1
9587	4.321	12.228	0.449	1.272	0.005	0	0.104	1	9.573	471	2.83	1
9588	2.916	5.438	1.137	2.121	0.005	0	0.39	1	2.565	483	1.865	1
9589	3.708	5.907	2.803	4.466	0.005	0	0.756	1	1.323	466	1.593	1
9590	4.661	9.989	0.75	1.608	0.005	0	0.161	1	6.198	474	2.143	1
9591	4.03	9.539	1.556	3.682	0.005	0	0.386	1	2.589	461	2.367	1
9592	4.427	11.829	3.232	8.635	0.005	0	0.73	1	1.369	488	2.672	1
9593	2.206	4.317	0.315	0.617	0.005	0	0.143	1	6.98	471	1.957	1
9594	1.427	3.917	0.327	0.897	0.005	0	0.229	1	4.363	461	2.745	1
9595	1.086	1.982	0.201	0.367	0.005	0	0.185	1	5.398	493	1.825	1
9596	1.763	3.651	0.18	0.372	0.005	0	0.102	1	9.821	490	2.071	1
9597	1.824	3.643	0.299	0.597	0.005	0	0.164	1	6.083	462	1.997	1
9598	3.697	8.241	0.699	1.558	0.005	0	0.189	1	5.28	496	2.229	1
9599	1.834	5.5	0.352	1.056	0.005	0	0.192	1	5.199	478	2.999	1
9600	2.591	4.389	0.332	0.562	0.005	0	0.128	1	7.821	484	1.694	1
9601	4.731	7.319	0.889	1.376	0.005	0	0.188	1	5.309	496	1.547	1
9602	1.097	1.704	0.128	0.199	0.005	0	0.117	1	8.536	463	1.553	1
9603	3.783	7.176	0.893	1.694	0.005	0	0.236	1	4.236	492	1.897	1
9604	1.722	2.769	0.201	0.324	0.005	0	0.117	1	8.551	494	1.608	1
9605	4.954	10.889	0.708	1.557	0.005	0	0.143	1	7.002	459	2.198	1
9606	3.919	11.095	0.745	2.108	0.005	0	0.19	1	5.254	485	2.831	1
9607	2.343	5.841	0.445	1.11	0.005	0	0.19	1	5.262	490	2.493	1
9608	2.639	6.091	0.404	0.932	0.005	0	0.153	1	6.537	496	2.308	1
9609	1.013	1.853	0.472	0.863	0.005	0	0.466	1	2.146	464	1.829	1
9610	2.99	5.155	0.356	0.613	0.005	0	0.119	1	8.398	496	1.724	1
9611	4.397	7.277	0.853	1.412	0.005	0	0.194	1	5.143	481	1.655	1
9612	4.55	7.999	1.342	2.36	0.005	0	0.295	1	3.385	456	1.758	1
9613	4.342	7.255	0.452	0.755	0.005	0	0.104	1	9.62	460	1.671	1
9614	1.063	2.916	0.131	0.359	0.005	0	0.123	1	8.123	462	2.743	1
9615	4.86	14.347	1.584	4.677	0.005	0	0.326	1	3.069	458	2.952	1
9616	4.664	10.592	0.695	1.578	0.005	0	0.149	1	6.716	450	2.271	1
9617	2.707	7.55	0.652	1.82	0.005	0	0.241	1	4.147	453	2.789	1
9618	2.546	4.079	1.612	2.582	0.005	0	0.633	1	1.58	456	1.602	1
9619	1.969	5.539	0.484	1.363	0.005	0	0.246	1	4.069	466	2.813	1
9620	4.596	7.271	2.799	4.428	0.005	0	0.609	1	1.642	476	1.582	1
9621	2.382	4.473	0.25	0.47	0.005	0	0.105	1	9.515	497	1.878	1
9622	4.953	9.584	0.604	1.169	0.005	0	0.122	1	8.164	465	1.935	1
9623	3.273	9.538	0.786	2.289	0.005	0	0.24	1	4.174	469	2.914	1
9624	4.58	9.806	1.928	4.128	0.005	0	0.421	1	2.375	488	2.141	1
9625	1.429	3.292	0.36	0.83	0.005	0	0.252	1	3.968	482	2.304	1
9626	3.678	8.018	0.714	1.555	0.005	0	0.194	1	5.149	467	2.18	1
9627	3.073	7.434	0.694	1.68	0.005	0	0.226	1	4.428	483	2.419	1
9628	3.237	6.38	0.842	1.659	0.005	0	0.26	1	3.851	451	1.971	1
9629	3.652	8.213	2.195	4.936	0.005	0	0.601	1	1.664	475	2.249	1
9630	3.681	6.092	0.99	1.639	0.005	0	0.269	1	3.714	463	1.655	1
9631	3.301	6.414	0.409	0.795	0.005	0	0.124	1	8.064	456	1.943	1
9632	4.798	8.828	2.615	4.811	0.005	0	0.545	1	1.836	474	1.84	1
9633	2.108	5.715	0.738	2.0	0.005	0	0.35	1	2.857	451	2.711	1
9634	4.807	12.176	0.846	2.143	0.005	0	0.176	1	5.677	476	2.533	1
9635	2.238	6.031	0.376	1.013	0.005	0	0.168	1	5.962	457	2.695	1
9636	1.516	2.424	0.359	0.574	0.005	0	0.237	1	4.219	499	1.599	1
9637	2.348	5.919	0.404	1.018	0.005	0	0.172	1	5.821	452	2.521	1
9638	1.048	3.078	0.146	0.428	0.005	0	0.139	1	7.187	497	2.937	1
9639	2.258	5.53	0.251	0.614	0.005	0	0.111	1	9.027	497	2.449	1
9640	3.113	6.712	0.467	1.007	0.005	0	0.15	1	6.678	455	2.156	1
9641	4.344	11.121	1.742	4.46	0.005	0	0.401	1	2.495	459	2.56	1
9642	3.637	5.459	0.837	1.256	0.005	0	0.23	1	4.339	499	1.501	1
9643	4.555	8.427	0.797	1.475	0.005	0	0.175	1	5.707	484	1.85	1
9644	3.351	7.034	0.868	1.822	0.005	0	0.259	1	3.86	499	2.099	1
9645	3.647	9.154	0.635	1.593	0.005	0	0.174	1	5.734	452	2.51	1
9646	3.2	5.187	1.037	1.681	0.005	0	0.324	1	3.083	454	1.621	1
9647	3.326	8.831	0.442	1.175	0.005	0	0.133	1	7.494	468	2.655	1
9648	2.447	4.387	1.821	3.264	0.005	0	0.744	1	1.344	466	1.793	1
9649	3.301	6.975	0.743	1.569	0.005	0	0.225	1	4.447	460	2.113	1
9650	2.516	5.369	0.327	0.698	0.005	0	0.13	1	7.7	455	2.134	1
9651	2.52	6.31	1.673	4.19	0.005	0	0.664	1	1.506	494	2.504	1
9652	2.533	6.132	0.476	1.153	0.005	0	0.188	1	5.307	499	2.421	1
9653	2.547	6.416	0.43	1.084	0.005	0	0.169	1	5.914	488	2.519	1
9654	3.889	8.233	0.455	0.963	0.005	0	0.117	1	8.579	482	2.117	1
9655	4.285	6.702	0.454	0.71	0.005	0	0.106	1	9.428	462	1.564	1
9656	1.415	3.187	0.372	0.838	0.005	0	0.263	1	3.806	476	2.252	1
9657	4.222	7.101	1.625	2.734	0.005	0	0.385	1	2.6	477	1.682	1
9658	4.317	6.709	0.82	1.275	0.005	0	0.19	1	5.265	484	1.554	1
9659	1.869	3.579	0.94	1.8	0.005	0	0.503	1	1.987	497	1.915	1
9660	1.784	4.615	0.209	0.54	0.005	0	0.117	1	8.551	491	2.587	1
9661	4.666	10.335	0.476	1.054	0.005	0	0.102	1	9.782	451	2.215	1
9662	4.886	10.984	0.518	1.164	0.005	0	0.106	1	9.461	493	2.248	1
9663	4.597	10.118	0.708	1.558	0.005	0	0.154	1	6.493	474	2.201	1
9664	1.516	3.866	0.614	1.566	0.005	0	0.405	1	2.472	498	2.55	1
9665	2.591	3.91	0.539	0.813	0.005	0	0.208	1	4.8	464	1.509	1
9666	3.432	7.228	0.758	1.597	0.005	0	0.221	1	4.53	487	2.106	1
9667	1.569	2.837	0.48	0.868	0.005	0	0.306	1	3.268	466	1.808	1
9668	2.769	7.861	0.313	0.888	0.005	0	0.113	1	8.85	496	2.839	1
9669	1.537	3.02	0.314	0.616	0.005	0	0.204	1	4.905	487	1.965	1
9670	3.187	4.924	0.998	1.541	0.005	0	0.313	1	3.199	489	1.545	1
9671	1.356	3.696	0.8	2.181	0.005	0	0.59	1	1.694	455	2.726	1
9672	1.179	1.823	0.14	0.217	0.005	0	0.119	1	8.382	482	1.546	1
9673	4.591	7.024	0.643	0.983	0.005	0	0.14	1	7.121	484	1.53	1
9674	4.174	7.234	0.655	1.136	0.005	0	0.157	1	6.365	492	1.733	1
9675	4.625	7.405	2.174	3.48	0.005	0	0.47	1	2.126	493	1.601	1
9676	4.231	11.254	1.087	2.892	0.005	0	0.257	1	3.898	450	2.66	1
9677	3.293	7.103	1.192	2.571	0.005	0	0.362	1	2.764	493	2.157	1
9678	2.609	4.143	0.287	0.456	0.005	0	0.11	1	9.132	473	1.588	1
9679	2.63	6.504	0.266	0.657	0.005	0	0.101	1	9.889	455	2.473	1
9680	3.915	6.722	0.493	0.847	0.005	0	0.126	1	7.922	474	1.717	1
9681	3.594	8.083	0.55	1.237	0.005	0	0.153	1	6.519	471	2.249	1
9682	3.264	7.948	0.366	0.89	0.005	0	0.112	1	8.935	481	2.435	1
9683	3.734	5.728	2.494	3.826	0.005	0	0.668	1	1.497	486	1.534	1
9684	3.282	6.344	1.51	2.918	0.005	0	0.46	1	2.176	464	1.933	1
9685	3.288	7.766	0.401	0.947	0.005	0	0.122	1	8.199	478	2.362	1
9686	4.349	11.247	1.827	4.724	0.005	0	0.42	1	2.379	475	2.586	1
9687	1.884	3.005	0.622	0.992	0.005	0	0.33	1	3.03	450	1.595	1
9688	4.697	9.901	0.667	1.406	0.005	0	0.142	1	7.033	478	2.108	1
9689	3.198	6.035	2.248	4.243	0.005	0	0.703	1	1.423	476	1.887	1
9690	4.999	13.877	0.52	1.443	0.005	0	0.104	1	9.575	484	2.776	1
9691	3.004	7.095	0.315	0.745	0.005	0	0.105	1	9.55	497	2.362	1
9692	1.182	2.054	0.243	0.423	0.005	0	0.206	1	4.856	485	1.738	1
9693	2.7	5.09	0.848	1.598	0.005	0	0.314	1	3.187	478	1.885	1
9694	2.751	5.133	0.691	1.288	0.005	0	0.251	1	3.987	497	1.866	1
9695	2.264	5.325	0.426	1.001	0.005	0	0.188	1	5.311	461	2.352	1
9696	3.139	7.107	0.396	0.895	0.005	0	0.126	1	7.944	499	2.264	1
9697	1.891	3.922	0.217	0.451	0.005	0	0.115	1	8.677	452	2.074	1
9698	4.308	10.188	1.684	3.984	0.005	0	0.391	1	2.558	457	2.365	1
9699	2.381	6.474	0.31	0.842	0.005	0	0.13	1	7.665	491	2.719	1
9700	4.489	13.355	0.512	1.522	0.005	0	0.114	1	8.793	482	2.975	1
9701	1.91	5.463	0.514	1.47	0.005	0	0.269	1	3.718	454	2.86	1
9702	2.864	6.553	0.455	1.042	0.005	0	0.159	1	6.275	468	2.288	1
9703	4.67	11.493	0.668	1.643	0.005	0	0.143	1	6.984	480	2.461	1
9704	4.352	7.886	0.514	0.931	0.005	0	0.118	1	8.456	459	1.812	1
9705	2.428	6.694	0.381	1.051	0.005	0	0.157	1	6.382	499	2.757	1
9706	4.446	11.884	0.556	1.486	0.005	0	0.125	1	8.02	469	2.673	1
9707	1.668	3.064	0.334	0.613	0.005	0	0.2	1	5.007	465	1.837	1
9708	4.554	10.433	1.261	2.89	0.005	0	0.277	1	3.606	481	2.291	1
9709	3.25	5.684	0.578	1.012	0.005	0	0.178	1	5.615	451	1.749	1
9710	2.619	5.015	0.43	0.822	0.005	0	0.164	1	6.083	486	1.915	1
9711	4.066	12.064	0.435	1.291	0.005	0	0.107	1	9.383	462	2.967	1
9712	1.363	2.996	0.153	0.336	0.005	0	0.112	1	8.958	478	2.198	1
9713	3.796	7.668	0.592	1.196	0.005	0	0.156	1	6.413	499	2.02	1
9714	4.814	8.964	3.259	6.069	0.005	0	0.677	1	1.477	479	1.862	1
9715	3.163	6.528	0.386	0.796	0.005	0	0.122	1	8.165	464	2.064	1
9716	2.819	6.938	0.316	0.777	0.005	0	0.112	1	8.901	469	2.461	1
9717	3.976	10.143	0.704	1.795	0.005	0	0.177	1	5.637	451	2.551	1
9718	2.466	4.754	0.34	0.656	0.005	0	0.138	1	7.27	469	1.928	1
9719	4.361	12.856	0.571	1.684	0.005	0	0.131	1	7.658	464	2.948	1
9720	2.099	4.202	0.252	0.504	0.005	0	0.12	1	8.307	499	2.002	1
9721	1.847	4.1	0.604	1.341	0.005	0	0.327	1	3.062	460	2.22	1
9722	4.043	10.423	0.926	2.387	0.005	0	0.229	1	4.365	472	2.578	1
9723	4.715	8.223	0.655	1.143	0.005	0	0.139	1	7.184	459	1.744	1
9724	2.058	4.081	0.541	1.073	0.005	0	0.263	1	3.801	499	1.983	1
9725	3.231	6.921	2.585	5.537	0.005	0	0.8	1	1.25	487	2.142	1
9726	3.261	5.553	1.161	1.977	0.005	0	0.356	1	2.808	470	1.703	1
9727	3.741	6.85	2.417	4.425	0.005	0	0.646	1	1.547	492	1.831	1
9728	3.816	8.307	1.683	3.663	0.005	0	0.441	1	2.268	452	2.177	1
9729	2.766	5.847	0.755	1.596	0.005	0	0.273	1	3.667	479	2.114	1
9730	2.715	5.946	0.293	0.642	0.005	0	0.108	1	9.28	495	2.19	1
9731	3.529	9.419	2.788	7.441	0.005	0	0.79	1	1.266	457	2.669	1
9732	1.652	2.506	0.34	0.516	0.005	0	0.206	1	4.858	457	1.517	1
9733	2.269	6.684	1.507	4.438	0.005	0	0.664	1	1.505	452	2.946	1
9734	3.267	6.064	1.47	2.729	0.005	0	0.45	1	2.222	486	1.856	1
9735	3.137	6.23	0.345	0.685	0.005	0	0.11	1	9.073	471	1.986	1
9736	2.768	7.003	0.374	0.945	0.005	0	0.135	1	7.426	451	2.53	1
9737	4.914	9.238	2.103	3.954	0.005	0	0.428	1	2.338	454	1.88	1
9738	4.473	11.12	0.93	2.313	0.005	0	0.208	1	4.809	484	2.486	1
9739	3.108	6.319	1.147	2.332	0.005	0	0.369	1	2.707	472	2.033	1
9740	4.473	11.621	0.586	1.522	0.005	0	0.131	1	7.642	482	2.598	1
9741	2.167	5.467	0.511	1.29	0.005	0	0.236	1	4.24	498	2.523	1
9742	1.794	3.696	0.301	0.621	0.005	0	0.168	1	5.945	498	2.06	1
9743	4.07	8.482	0.594	1.238	0.005	0	0.146	1	6.839	461	2.084	1
9744	4.498	9.05	1.075	2.163	0.005	0	0.239	1	4.184	479	2.012	1
9745	2.688	5.992	0.285	0.635	0.005	0	0.106	1	9.456	498	2.229	1
9746	3.514	6.371	0.633	1.147	0.005	0	0.18	1	5.57	454	1.813	1
9747	2.805	4.401	1.652	2.592	0.005	0	0.589	1	1.699	462	1.569	1
9748	4.421	9.969	0.641	1.446	0.005	0	0.145	1	6.919	457	2.255	1
9749	4.354	11.782	1.437	3.888	0.005	0	0.33	1	3.027	475	2.706	1
9750	4.455	7.386	1.867	3.095	0.005	0	0.419	1	2.385	487	1.658	1
9751	3.687	6.53	0.483	0.855	0.005	0	0.131	1	7.652	455	1.771	1
9752	3.417	7.049	0.926	1.91	0.005	0	0.271	1	3.695	474	2.063	1
9753	4.027	10.478	0.592	1.54	0.005	0	0.147	1	6.816	496	2.602	1
9754	4.824	14.072	0.757	2.209	0.005	0	0.157	1	6.381	480	2.917	1
9755	2.794	5.714	1.361	2.783	0.005	0	0.487	1	2.052	470	2.045	1
9756	4.237	9.525	0.576	1.295	0.005	0	0.136	1	7.374	454	2.248	1
9757	4.879	13.988	0.864	2.476	0.005	0	0.177	1	5.64	496	2.867	1
9758	4.791	7.57	1.289	2.036	0.005	0	0.269	1	3.714	453	1.58	1
9759	1.157	2.042	0.193	0.341	0.005	0	0.167	1	5.976	497	1.765	1
9760	3.662	7.914	0.516	1.116	0.005	0	0.141	1	7.109	469	2.161	1
9761	3.237	5.72	1.79	3.163	0.005	0	0.553	1	1.807	470	1.767	1
9762	1.984	3.631	0.405	0.741	0.005	0	0.204	1	4.893	463	1.83	1
9763	2.251	4.981	0.412	0.912	0.005	0	0.183	1	5.475	468	2.213	1
9764	2.834	8.168	0.349	1.005	0.005	0	0.123	1	8.152	498	2.882	1
9765	2.687	6.887	0.301	0.771	0.005	0	0.112	1	8.927	485	2.563	1
9766	4.583	8.813	1.512	2.908	0.005	0	0.33	1	3.033	482	1.923	1
9767	2.464	7.057	1.432	4.1	0.005	0	0.581	1	1.722	497	2.864	1
9768	4.294	9.996	0.936	2.179	0.005	0	0.218	1	4.585	456	2.328	1
9769	3.954	10.826	1.669	4.569	0.005	0	0.422	1	2.367	481	2.738	1
9770	4.58	11.203	4.085	9.993	0.005	0	0.892	1	1.121	463	2.446	1
9771	4.983	11.376	0.728	1.661	0.005	0	0.146	1	6.835	491	2.283	1
9772	2.126	5.143	0.225	0.545	0.005	0	0.106	1	9.447	475	2.419	1
9773	1.13	2.154	0.21	0.401	0.005	0	0.186	1	5.367	471	1.906	1
9774	1.343	3.912	0.359	1.045	0.005	0	0.267	1	3.747	455	2.913	1
9775	4.844	13.985	1.08	3.119	0.005	0	0.223	1	4.482	468	2.887	1
9776	1.227	2.417	0.129	0.254	0.005	0	0.105	1	9.503	489	1.97	1
9777	1.537	4.239	0.272	0.75	0.005	0	0.177	1	5.658	463	2.758	1
9778	4.016	10.205	0.631	1.602	0.005	0	0.157	1	6.362	495	2.541	1
9779	4.776	12.284	1.027	2.641	0.005	0	0.215	1	4.652	478	2.572	1
9780	3.976	6.505	0.958	1.568	0.005	0	0.241	1	4.143	484	1.636	1
9781	1.761	4.543	0.396	1.022	0.005	0	0.225	1	4.441	487	2.58	1
9782	2.777	7.262	0.797	2.084	0.005	0	0.287	1	3.483	482	2.615	1
9783	3.41	6.257	3.042	5.581	0.005	0	0.892	1	1.121	464	1.835	1
9784	2.58	7.619	1.628	4.808	0.005	0	0.631	1	1.586	492	2.953	1
9785	4.327	11.596	1.887	5.056	0.005	0	0.436	1	2.296	492	2.68	1
9786	1.026	2.174	0.107	0.226	0.005	0	0.104	1	9.652	476	2.119	1
9787	1.757	2.769	0.199	0.313	0.005	0	0.113	1	8.88	469	1.576	1
9788	2.658	5.771	1.236	2.684	0.005	0	0.465	1	2.151	480	2.171	1
9789	1.722	3.484	0.994	2.01	0.005	0	0.577	1	1.733	465	2.023	1
9790	4.007	11.284	1.25	3.521	0.005	0	0.312	1	3.207	484	2.816	1
9791	4.825	12.637	0.868	2.275	0.005	0	0.18	1	5.55	459	2.619	1
9792	1.591	2.639	0.253	0.42	0.005	0	0.159	1	6.282	453	1.659	1
9793	4.578	13.295	0.719	2.087	0.005	0	0.157	1	6.378	486	2.904	1
9794	2.193	4.458	0.621	1.262	0.005	0	0.283	1	3.536	461	2.033	1
9795	3.755	11.01	0.391	1.145	0.005	0	0.104	1	9.652	492	2.932	1
9796	3.923	11.483	2.107	6.166	0.005	0	0.537	1	1.863	455	2.927	1
9797	2.652	5.935	0.316	0.706	0.005	0	0.119	1	8.41	494	2.238	1
9798	4.043	9.234	0.429	0.979	0.005	0	0.106	1	9.475	498	2.284	1
9799	2.322	3.678	0.49	0.776	0.005	0	0.211	1	4.739	488	1.584	1
9800	1.205	3.445	0.286	0.816	0.005	0	0.237	1	4.223	459	2.859	1
9801	3.839	6.169	1.125	1.808	0.005	0	0.293	1	3.411	486	1.607	1
9802	3.14	9.093	1.262	3.655	0.005	0	0.402	1	2.485	484	2.896	1
9803	3.639	7.733	1.03	2.188	0.005	0	0.283	1	3.528	488	2.125	1
9804	1.201	3.437	0.876	2.506	0.005	0	0.729	1	1.371	494	2.862	1
9805	4.967	9.611	4.108	7.948	0.005	0	0.827	1	1.209	474	1.935	1
9806	4.305	12.265	0.71	2.024	0.005	0	0.165	1	6.076	483	2.849	1
9807	1.109	1.825	0.378	0.622	0.005	0	0.341	1	2.936	470	1.646	1
9808	1.474	2.49	0.162	0.274	0.005	0	0.11	1	9.102	475	1.689	1
9809	2.83	7.449	1.047	2.756	0.005	0	0.37	1	2.703	454	2.632	1
9810	2.068	6.105	0.292	0.861	0.005	0	0.141	1	7.113	453	2.952	1
9811	3.795	8.797	0.691	1.601	0.005	0	0.182	1	5.499	472	2.318	1
9812	3.54	9.735	0.354	0.974	0.005	0	0.1	1	9.968	491	2.75	1
9813	4.675	8.696	0.659	1.226	0.005	0	0.141	1	7.098	478	1.86	1
9814	1.033	2.992	0.22	0.637	0.005	0	0.213	1	4.698	465	2.896	1
9815	4.638	12.221	0.835	2.2	0.005	0	0.18	1	5.568	498	2.635	1
9816	3.094	4.663	0.402	0.606	0.005	0	0.13	1	7.683	471	1.507	1
9817	4.24	10.464	0.704	1.737	0.005	0	0.166	1	6.011	466	2.468	1
9818	2.985	5.519	1.087	2.009	0.005	0	0.364	1	2.746	499	1.849	1
9819	3.458	9.16	0.412	1.09	0.005	0	0.119	1	8.39	468	2.649	1
9820	3.906	8.675	2.41	5.352	0.005	0	0.617	1	1.621	469	2.221	1
9821	3.182	6.208	0.818	1.595	0.005	0	0.257	1	3.897	461	1.951	1
9822	3.428	6.774	0.49	0.969	0.005	0	0.143	1	7.001	496	1.976	1
9823	4.469	11.311	0.492	1.244	0.005	0	0.11	1	9.125	487	2.531	1
9824	4.898	8.518	1.058	1.84	0.005	0	0.216	1	4.639	467	1.739	1
9825	4.994	10.742	0.604	1.3	0.005	0	0.121	1	8.247	465	2.151	1
9826	1.293	3.163	0.156	0.383	0.005	0	0.121	1	8.297	458	2.446	1
9827	3.486	8.359	0.523	1.254	0.005	0	0.15	1	6.65	464	2.398	1
9828	3.906	11.273	1.414	4.081	0.005	0	0.362	1	2.76	484	2.886	1
9829	4.349	10.094	3.597	8.348	0.005	0	0.827	1	1.209	497	2.321	1
9830	2.426	5.73	0.471	1.112	0.005	0	0.194	1	5.161	474	2.362	1
9831	3.841	9.591	0.434	1.084	0.005	0	0.113	1	8.849	466	2.497	1
9832	2.404	3.683	0.245	0.376	0.005	0	0.102	1	9.779	490	1.532	1
9833	2.064	6.12	0.44	1.304	0.005	0	0.213	1	4.688	482	2.965	1
9834	3.385	9.221	0.887	2.416	0.005	0	0.262	1	3.82	489	2.724	1
9835	2.403	6.447	0.464	1.244	0.005	0	0.193	1	5.173	488	2.683	1
9836	3.42	6.532	2.415	4.612	0.005	0	0.706	1	1.416	499	1.91	1
9837	2.382	5.076	0.464	0.99	0.005	0	0.195	1	5.129	462	2.131	1
9838	2.698	4.792	0.418	0.743	0.005	0	0.155	1	6.446	469	1.776	1
9839	2.437	6.39	0.324	0.85	0.005	0	0.133	1	7.513	493	2.622	1
9840	1.102	1.656	0.519	0.78	0.005	0	0.471	1	2.121	474	1.503	1
9841	1.028	3.076	0.37	1.107	0.005	0	0.36	1	2.781	459	2.992	1
9842	3.896	9.896	0.939	2.385	0.005	0	0.241	1	4.149	453	2.54	1
9843	3.085	5.001	0.333	0.54	0.005	0	0.108	1	9.224	478	1.621	1
9844	1.237	3.251	0.183	0.481	0.005	0	0.148	1	6.753	473	2.628	1
9845	1.738	3.686	1.211	2.569	0.005	0	0.697	1	1.434	477	2.121	1
9846	4.313	11.969	3.61	10.018	0.005	0	0.837	1	1.195	463	2.775	1
9847	4.798	12.547	1.142	2.986	0.005	0	0.238	1	4.209	490	2.615	1
9848	3.33	8.595	2.421	6.249	0.005	0	0.727	1	1.375	456	2.581	1
9849	3.811	6.757	3.529	6.257	0.005	0	0.926	1	1.08	460	1.773	1
9850	3.493	6.507	0.356	0.664	0.005	0	0.102	1	9.816	496	1.863	1
9851	1.482	2.399	0.194	0.314	0.005	0	0.131	1	7.613	486	1.619	1
9852	1.154	2.991	0.382	0.99	0.005	0	0.331	1	3.021	492	2.592	1
9853	2.158	6.058	0.261	0.733	0.005	0	0.121	1	8.272	452	2.807	1
9854	4.067	10.542	0.525	1.36	0.005	0	0.129	1	7.756	473	2.592	1
9855	3.475	8.844	0.403	1.026	0.005	0	0.116	1	8.586	474	2.545	1
9856	4.181	8.592	1.81	3.72	0.005	0	0.433	1	2.308	496	2.055	1
9857	1.027	2.656	0.216	0.558	0.005	0	0.21	1	4.761	465	2.586	1
9858	3.996	8.607	3.493	7.523	0.005	0	0.874	1	1.144	463	2.154	1
9859	4.015	7.235	0.992	1.787	0.005	0	0.247	1	4.043	462	1.802	1
9860	2.154	6.214	1.857	5.356	0.005	0	0.862	1	1.16	453	2.885	1
9861	3.884	7.772	2.389	4.78	0.005	0	0.615	1	1.626	469	2.001	1
9862	1.494	3.211	0.188	0.405	0.005	0	0.126	1	7.957	467	2.149	1
9863	4.073	11.816	0.627	1.82	0.005	0	0.154	1	6.481	460	2.901	1
9864	2.944	5.011	0.686	1.168	0.005	0	0.233	1	4.301	498	1.702	1
9865	2.501	3.779	0.903	1.364	0.005	0	0.361	1	2.771	475	1.511	1
9866	4.841	12.795	1.501	3.966	0.005	0	0.31	1	3.231	494	2.643	1
9867	2.215	3.617	0.224	0.365	0.005	0	0.101	1	9.936	462	1.633	1
9868	1.252	2.707	0.333	0.72	0.005	0	0.266	1	3.753	459	2.162	1
9869	4.643	8.71	0.905	1.698	0.005	0	0.195	1	5.12	499	1.876	1
9870	1.713	3.763	1.213	2.664	0.005	0	0.708	1	1.412	487	2.197	1
9871	2.23	3.601	0.23	0.371	0.005	0	0.103	1	9.68	497	1.615	1
9872	3.011	4.601	0.78	1.192	0.005	0	0.259	1	3.86	453	1.528	1
9873	1.619	3.303	0.384	0.783	0.005	0	0.237	1	4.214	469	2.04	1
9874	4.388	9.544	2.712	5.898	0.005	0	0.618	1	1.619	482	2.175	1
9875	1.325	3.13	0.196	0.463	0.005	0	0.148	1	6.738	486	2.362	1
9876	4.349	11.547	3.888	10.323	0.005	0	0.894	1	1.118	451	2.655	1
9877	1.669	4.73	0.232	0.657	0.005	0	0.139	1	7.194	470	2.834	1
9878	3.671	10.998	0.984	2.947	0.005	0	0.268	1	3.73	464	2.996	1
9879	1.393	2.317	0.501	0.834	0.005	0	0.36	1	2.78	470	1.663	1
9880	1.095	3.236	0.123	0.362	0.005	0	0.112	1	8.928	466	2.955	1
9881	2.813	6.768	0.383	0.92	0.005	0	0.136	1	7.357	460	2.406	1
9882	2.292	4.387	0.325	0.623	0.005	0	0.142	1	7.035	477	1.914	1
9883	2.093	4.575	0.483	1.057	0.005	0	0.231	1	4.323	488	2.186	1
9884	2.912	4.525	1.098	1.706	0.005	0	0.377	1	2.654	468	1.554	1
9885	2.565	5.681	0.259	0.574	0.005	0	0.101	1	9.948	491	2.215	1
9886	2.768	5.301	1.578	3.022	0.005	0	0.57	1	1.755	467	1.915	1
9887	3.235	9.068	2.167	6.076	0.005	0	0.67	1	1.493	489	2.803	1
9888	3.393	9.202	0.394	1.067	0.005	0	0.116	1	8.608	476	2.712	1
9889	1.876	5.022	0.409	1.095	0.005	0	0.218	1	4.577	491	2.677	1
9890	1.366	2.153	0.191	0.301	0.005	0	0.14	1	7.142	484	1.576	1
9891	3.761	10.313	0.395	1.083	0.005	0	0.105	1	9.5	491	2.742	1
9892	1.865	4.856	0.205	0.534	0.005	0	0.11	1	9.106	483	2.604	1
9893	2.158	3.701	0.822	1.41	0.005	0	0.381	1	2.628	451	1.715	1
9894	3.85	8.809	3.684	8.43	0.005	0	0.957	1	1.045	486	2.288	1
9895	2.562	6.546	0.261	0.668	0.005	0	0.102	1	9.807	455	2.555	1
9896	2.95	5.853	0.298	0.591	0.005	0	0.101	1	9.858	472	1.984	1
9897	1.085	2.644	0.449	1.095	0.005	0	0.414	1	2.418	480	2.437	1
9898	4.135	10.954	0.629	1.665	0.005	0	0.152	1	6.568	485	2.649	1
9899	1.977	5.874	0.206	0.611	0.005	0	0.104	1	9.645	489	2.971	1
9900	2.074	4.148	0.396	0.792	0.005	0	0.191	1	5.238	457	2.0	1
9901	1.929	5.05	0.694	1.818	0.005	0	0.36	1	2.781	452	2.618	1
9902	1.006	2.952	0.19	0.558	0.005	0	0.189	1	5.305	482	2.934	1
9903	1.63	3.935	0.588	1.421	0.005	0	0.361	1	2.77	494	2.414	1
9904	2.6	7.353	0.346	0.978	0.005	0	0.133	1	7.493	471	2.828	1
9905	1.667	3.737	0.252	0.564	0.005	0	0.151	1	6.623	450	2.242	1
9906	1.669	3.076	0.434	0.8	0.005	0	0.26	1	3.852	468	1.843	1
9907	3.208	7.548	0.472	1.11	0.005	0	0.147	1	6.825	487	2.353	1
9908	3.264	5.967	0.444	0.812	0.005	0	0.136	1	7.352	473	1.828	1
9909	2.361	4.625	0.272	0.532	0.005	0	0.115	1	8.685	473	1.959	1
9910	3.95	11.751	0.83	2.468	0.005	0	0.21	1	4.758	470	2.975	1
9911	4.03	8.217	1.334	2.72	0.005	0	0.331	1	3.017	489	2.039	1
9912	2.899	5.989	0.4	0.826	0.005	0	0.138	1	7.268	468	2.066	1
9913	1.059	2.097	0.124	0.245	0.005	0	0.117	1	8.583	451	1.98	1
9914	4.654	13.874	1.103	3.288	0.005	0	0.237	1	4.223	455	2.981	1
9915	3.379	8.076	0.814	1.946	0.005	0	0.241	1	4.157	457	2.39	1
9916	3.239	5.752	0.871	1.547	0.005	0	0.269	1	3.715	452	1.776	1
9917	3.575	6.12	0.736	1.261	0.005	0	0.206	1	4.853	480	1.712	1
9918	2.06	3.634	0.21	0.371	0.005	0	0.102	1	9.807	476	1.764	1
9919	1.251	3.316	1.067	2.829	0.005	0	0.853	1	1.173	486	2.651	1
9920	1.069	2.806	0.108	0.283	0.005	0	0.101	1	9.883	456	2.625	1
9921	3.091	5.619	0.581	1.056	0.005	0	0.188	1	5.332	467	1.818	1
9922	4.835	8.563	1.779	3.151	0.005	0	0.368	1	2.72	488	1.771	1
9923	2.939	8.555	0.341	0.992	0.005	0	0.116	1	8.599	497	2.911	1
9924	1.627	3.182	0.198	0.388	0.005	0	0.122	1	8.212	489	1.956	1
9925	3.483	7.105	0.554	1.13	0.005	0	0.159	1	6.298	458	2.04	1
9926	3.677	10.435	0.831	2.358	0.005	0	0.226	1	4.426	495	2.838	1
9927	3.839	6.534	0.726	1.235	0.005	0	0.189	1	5.303	462	1.702	1
9928	3.905	8.138	0.996	2.075	0.005	0	0.255	1	3.918	455	2.084	1
9929	1.848	2.846	0.979	1.508	0.005	0	0.53	1	1.888	496	1.54	1
9930	2.699	7.927	0.329	0.967	0.005	0	0.122	1	8.205	490	2.937	1
9931	1.164	1.985	0.177	0.302	0.005	0	0.152	1	6.582	460	1.705	1
9932	4.267	9.575	0.516	1.159	0.005	0	0.121	1	8.278	483	2.244	1
9933	1.847	3.467	0.735	1.38	0.005	0	0.398	1	2.514	499	1.877	1
9934	3.833	8.36	0.506	1.104	0.005	0	0.132	1	7.56	465	2.181	1
9935	3.25	6.659	0.364	0.746	0.005	0	0.112	1	8.896	472	2.049	1
9936	2.884	7.594	0.352	0.926	0.005	0	0.122	1	8.184	451	2.633	1
9937	3.198	9.45	0.326	0.964	0.005	0	0.102	1	9.793	489	2.955	1
9938	1.769	2.8	0.225	0.356	0.005	0	0.127	1	7.854	459	1.583	1
9939	1.482	2.561	0.212	0.366	0.005	0	0.143	1	7.004	496	1.728	1
9940	3.782	8.339	0.961	2.118	0.005	0	0.254	1	3.938	498	2.205	1
9941	3.554	7.005	0.899	1.772	0.005	0	0.253	1	3.957	477	1.971	1
9942	4.3	8.308	1.002	1.936	0.005	0	0.233	1	4.295	497	1.932	1
9943	4.305	12.881	0.538	1.61	0.005	0	0.125	1	8.02	488	2.992	1
9944	1.839	3.63	0.331	0.653	0.005	0	0.18	1	5.561	497	1.974	1
9945	3.417	9.797	1.835	5.261	0.005	0	0.537	1	1.862	486	2.867	1
9946	4.282	8.774	0.848	1.737	0.005	0	0.198	1	5.062	490	2.049	1
9947	2.943	5.951	0.597	1.208	0.005	0	0.203	1	4.929	470	2.022	1
9948	4.564	13.299	2.022	5.891	0.005	0	0.443	1	2.255	464	2.914	1
9949	2.196	3.428	0.4	0.624	0.005	0	0.182	1	5.488	452	1.561	1
9950	2.863	5.334	0.982	1.83	0.005	0	0.343	1	2.915	453	1.863	1
9951	1.433	2.333	0.211	0.343	0.005	0	0.147	1	6.806	495	1.628	1
9952	3.404	8.99	0.412	1.088	0.005	0	0.121	1	8.278	476	2.641	1
9953	4.096	6.23	2.781	4.23	0.005	0	0.679	1	1.473	476	1.521	1
9954	2.901	5.335	1.465	2.694	0.005	0	0.505	1	1.982	487	1.839	1
9955	4.787	8.478	1.374	2.433	0.005	0	0.287	1	3.479	493	1.771	1
9956	1.763	3.057	0.309	0.535	0.005	0	0.175	1	5.702	488	1.734	1
9957	3.006	4.765	0.331	0.524	0.005	0	0.11	1	9.131	499	1.585	1
9958	2.298	5.798	0.303	0.765	0.005	0	0.132	1	7.581	460	2.523	1
9959	2.325	6.896	0.391	1.159	0.005	0	0.168	1	5.946	493	2.966	1
9960	1.082	2.109	0.16	0.312	0.005	0	0.148	1	6.742	464	1.949	1
9961	1.617	4.696	0.579	1.681	0.005	0	0.358	1	2.791	496	2.904	1
9962	4.41	7.629	0.833	1.442	0.005	0	0.189	1	5.293	453	1.73	1
9963	4.958	8.766	0.962	1.701	0.005	0	0.194	1	5.163	481	1.768	1
9964	4.001	7.378	0.412	0.76	0.005	0	0.103	1	9.727	476	1.844	1
9965	2.139	4.0	0.353	0.66	0.005	0	0.165	1	6.078	452	1.87	1
9966	2.898	7.213	0.742	1.847	0.005	0	0.256	1	3.908	485	2.489	1
9967	4.221	12.397	4.221	12.397	0.005	0	1.0	1	1.0	491	2.937	1
9968	4.119	9.737	2.929	6.923	0.005	0	0.711	1	1.407	452	2.364	1
9969	3.067	6.189	0.408	0.823	0.005	0	0.133	1	7.508	458	2.018	1
9970	3.179	5.655	0.369	0.656	0.005	0	0.116	1	8.623	452	1.779	1
9971	3.806	10.661	0.856	2.399	0.005	0	0.225	1	4.449	450	2.801	1
9972	2.023	4.232	0.216	0.453	0.005	0	0.107	1	9.366	465	2.092	1
9973	1.896	4.175	1.285	2.831	0.005	0	0.678	1	1.475	476	2.202	1
9974	2.861	6.789	0.652	1.548	0.005	0	0.228	1	4.378	493	2.373	1
9975	2.483	7.407	0.407	1.215	0.005	0	0.164	1	6.084	474	2.983	1
9976	2.922	8.278	0.389	1.101	0.005	0	0.133	1	7.526	466	2.833	1
9977	3.177	7.043	1.207	2.676	0.005	0	0.38	1	2.632	499	2.217	1
9978	3.553	7.614	0.416	0.891	0.005	0	0.117	1	8.528	456	2.143	1
9979	2.783	5.516	0.317	0.629	0.005	0	0.114	1	8.802	487	1.982	1
9980	1.551	4.53	0.822	2.401	0.005	0	0.53	1	1.888	471	2.921	1
9981	1.102	2.957	0.229	0.615	0.005	0	0.208	1	4.804	498	2.683	1
9982	4.1	11.349	1.05	2.905	0.005	0	0.256	1	3.906	486	2.768	1
9983	4.785	11.575	0.603	1.458	0.005	0	0.126	1	7.91	460	2.419	1
9984	1.845	4.059	0.212	0.467	0.005	0	0.115	1	8.665	453	2.2	1
9985	3.846	7.98	0.631	1.309	0.005	0	0.164	1	6.107	498	2.075	1
9986	3.291	5.631	1.303	2.23	0.005	0	0.396	1	2.525	455	1.711	1
9987	3.13	8.942	0.329	0.939	0.005	0	0.105	1	9.513	484	2.857	1
9988	4.28	11.881	2.136	5.929	0.005	0	0.499	1	2.003	494	2.776	1
9989	1.488	4.135	0.167	0.463	0.005	0	0.112	1	8.939	491	2.779	1
9990	4.873	11.983	1.004	2.468	0.005	0	0.206	1	4.865	457	2.459	1
9991	2.789	6.551	0.321	0.753	0.005	0	0.115	1	8.7	494	2.349	1
9992	1.279	3.465	0.169	0.457	0.005	0	0.132	1	7.586	459	2.709	1
9993	1.364	2.716	0.353	0.703	0.005	0	0.259	1	3.865	492	1.991	1
9994	1.044	1.765	0.142	0.24	0.005	0	0.136	1	7.327	497	1.691	1
9995	4.008	6.148	0.493	0.756	0.005	0	0.123	1	8.119	453	1.534	1
9996	2.456	6.783	0.26	0.719	0.005	0	0.106	1	9.459	451	2.762	1
9997	2.607	6.922	0.673	1.786	0.005	0	0.258	1	3.878	489	2.655	1
9998	4.709	11.207	1.041	2.477	0.005	0	0.221	1	4.521	476	2.38	1
9999	2.653	6.765	0.342	0.873	0.005	0	0.129	1	7.775	464	2.55	1
