index	R_nought_1	R_nought_2	tr_11	tr_22	tr_12	tr_21	removal_rate	sampling_proba	infectious_time	tree_size	proportion_t22_t11	fraction_1
0	3.946	6.685	0.698	1.183	0.005	0	0.177	1	5.66	470	1.694	1
1	4.898	13.308	1.484	4.032	0.005	0	0.303	1	3.301	483	2.717	1
2	4.57	11.658	2.029	5.176	0.005	0	0.444	1	2.253	496	2.551	1
3	3.364	5.927	0.706	1.245	0.005	0	0.21	1	4.758	481	1.762	1
4	1.875	5.344	0.322	0.919	0.005	0	0.172	1	5.817	493	2.85	1
5	2.982	4.53	0.459	0.698	0.005	0	0.154	1	6.496	452	1.519	1
6	1.839	4.963	0.188	0.506	0.005	0	0.102	1	9.791	496	2.699	1
7	3.431	5.946	2.975	5.155	0.005	0	0.867	1	1.153	468	1.733	1
8	3.973	10.965	0.425	1.173	0.005	0	0.107	1	9.325	492	2.76	1
9	3.542	5.352	0.375	0.567	0.005	0	0.106	1	9.441	450	1.511	1
10	1.182	2.44	0.157	0.325	0.005	0	0.133	1	7.533	460	2.064	1
11	4.741	13.483	2.982	8.481	0.005	0	0.629	1	1.589	490	2.844	1
12	3.835	5.841	1.361	2.074	0.005	0	0.355	1	2.819	468	1.523	1
13	2.234	5.902	0.849	2.243	0.005	0	0.38	1	2.632	476	2.642	1
14	3.791	6.445	0.512	0.87	0.005	0	0.135	1	7.419	457	1.7	1
15	2.391	4.799	0.277	0.557	0.005	0	0.116	1	8.593	470	2.007	1
16	4.719	9.221	0.571	1.116	0.005	0	0.121	1	8.255	465	1.954	1
17	2.437	4.14	2.032	3.453	0.005	0	0.834	1	1.199	451	1.699	1
18	3.971	11.643	0.477	1.397	0.005	0	0.12	1	8.302	485	2.932	1
19	1.424	3.456	0.54	1.31	0.005	0	0.379	1	2.642	469	2.427	1
20	4.126	11.004	0.871	2.322	0.005	0	0.211	1	4.745	490	2.667	1
21	3.382	7.711	0.599	1.365	0.005	0	0.177	1	5.662	457	2.28	1
22	1.366	3.944	0.158	0.458	0.005	0	0.116	1	8.649	451	2.887	1
23	2.463	5.308	0.342	0.738	0.005	0	0.139	1	7.189	462	2.155	1
24	4.526	10.785	0.57	1.359	0.005	0	0.126	1	7.923	456	2.383	1
25	2.923	8.515	0.693	2.018	0.005	0	0.237	1	4.222	486	2.913	1
26	4.241	11.709	0.462	1.276	0.005	0	0.109	1	9.216	477	2.761	1
27	2.228	4.342	0.39	0.76	0.005	0	0.175	1	5.704	481	1.949	1
28	2.273	4.819	0.266	0.564	0.005	0	0.117	1	8.564	469	2.12	1
29	1.799	3.746	0.29	0.603	0.005	0	0.161	1	6.192	479	2.082	1
30	3.379	6.032	2.97	5.302	0.005	0	0.879	1	1.138	493	1.785	1
31	4.107	7.142	0.641	1.114	0.005	0	0.156	1	6.41	455	1.739	1
32	1.685	4.41	0.224	0.587	0.005	0	0.133	1	7.496	470	2.617	1
33	4.327	8.342	0.675	1.301	0.005	0	0.156	1	6.396	473	1.928	1
34	1.568	4.483	0.607	1.735	0.005	0	0.387	1	2.587	493	2.859	1
35	2.131	4.0	0.405	0.76	0.005	0	0.19	1	5.254	476	1.877	1
36	3.203	5.721	0.753	1.344	0.005	0	0.235	1	4.258	491	1.786	1
37	4.571	12.113	1.988	5.269	0.005	0	0.435	1	2.298	478	2.65	1
38	3.763	6.232	0.854	1.415	0.005	0	0.227	1	4.413	459	1.656	1
39	3.923	9.188	0.632	1.479	0.005	0	0.161	1	6.207	482	2.342	1
40	4.213	11.169	2.751	7.293	0.005	0	0.653	1	1.531	480	2.651	1
41	3.17	8.416	0.476	1.262	0.005	0	0.15	1	6.659	473	2.655	1
42	1.713	3.496	0.216	0.44	0.005	0	0.126	1	7.906	499	2.041	1
43	2.788	5.766	0.346	0.715	0.005	0	0.124	1	8.091	466	2.068	1
44	2.207	3.747	0.34	0.577	0.005	0	0.154	1	6.481	491	1.698	1
45	1.715	4.037	0.54	1.272	0.005	0	0.315	1	3.178	490	2.354	1
46	2.54	7.173	0.572	1.614	0.005	0	0.225	1	4.451	491	2.824	1
47	1.749	3.594	0.427	0.877	0.005	0	0.244	1	4.102	469	2.055	1
48	2.869	5.158	0.525	0.944	0.005	0	0.183	1	5.454	465	1.798	1
49	2.111	5.932	0.331	0.931	0.005	0	0.157	1	6.376	466	2.81	1
50	1.622	3.606	0.302	0.671	0.005	0	0.186	1	5.375	467	2.223	1
51	4.485	7.091	1.758	2.78	0.005	0	0.392	1	2.548	484	1.581	1
52	3.54	9.147	0.404	1.043	0.005	0	0.114	1	8.766	472	2.584	1
53	1.199	2.603	1.141	2.478	0.005	0	0.952	1	1.05	464	2.171	1
54	3.643	5.763	1.038	1.642	0.005	0	0.285	1	3.512	452	1.582	1
55	4.672	11.087	1.187	2.816	0.005	0	0.254	1	3.939	469	2.373	1
56	2.024	5.487	0.557	1.509	0.005	0	0.275	1	3.633	495	2.711	1
57	4.777	12.821	0.721	1.936	0.005	0	0.151	1	6.628	466	2.684	1
58	2.192	3.992	0.248	0.451	0.005	0	0.113	1	8.829	469	1.821	1
59	1.301	3.037	0.398	0.929	0.005	0	0.306	1	3.265	468	2.334	1
60	3.23	6.906	0.404	0.863	0.005	0	0.125	1	8.017	470	2.138	1
61	3.172	5.072	0.469	0.751	0.005	0	0.148	1	6.75	486	1.599	1
62	2.534	4.016	0.519	0.823	0.005	0	0.205	1	4.884	476	1.585	1
63	3.384	5.966	0.376	0.662	0.005	0	0.111	1	9.037	455	1.763	1
64	1.381	4.095	0.174	0.516	0.005	0	0.126	1	7.942	489	2.965	1
65	2.365	5.288	0.511	1.142	0.005	0	0.216	1	4.637	476	2.236	1
66	4.399	8.494	0.735	1.418	0.005	0	0.167	1	5.983	457	1.931	1
67	2.069	4.854	2.038	4.781	0.005	0	0.985	1	1.015	478	2.346	1
68	2.774	6.297	0.541	1.228	0.005	0	0.195	1	5.135	450	2.27	1
69	2.337	6.703	0.266	0.764	0.005	0	0.114	1	8.766	484	2.868	1
70	4.041	11.02	1.418	3.868	0.005	0	0.351	1	2.851	484	2.727	1
71	1.047	2.728	0.107	0.278	0.005	0	0.102	1	9.773	461	2.606	1
72	3.837	9.028	0.606	1.426	0.005	0	0.158	1	6.329	460	2.353	1
73	2.378	5.85	0.269	0.661	0.005	0	0.113	1	8.867	475	2.46	1
74	3.38	10.13	1.609	4.822	0.005	0	0.476	1	2.103	477	2.997	1
75	3.508	7.469	0.463	0.986	0.005	0	0.132	1	7.554	480	2.129	1
76	3.959	7.613	0.57	1.096	0.005	0	0.144	1	6.931	463	1.923	1
77	4.705	10.765	1.374	3.143	0.005	0	0.292	1	3.421	455	2.288	1
78	2.91	8.727	0.358	1.073	0.005	0	0.123	1	8.159	489	2.999	1
79	2.771	6.468	0.363	0.847	0.005	0	0.131	1	7.632	491	2.334	1
80	2.025	5.06	0.275	0.688	0.005	0	0.136	1	7.346	492	2.499	1
81	1.787	3.712	0.611	1.27	0.005	0	0.342	1	2.925	464	2.077	1
82	1.096	1.937	0.111	0.196	0.005	0	0.101	1	9.931	451	1.767	1
83	3.701	6.451	0.57	0.993	0.005	0	0.154	1	6.506	466	1.743	1
84	3.174	9.509	0.467	1.398	0.005	0	0.147	1	6.799	485	2.996	1
85	3.064	6.088	1.158	2.301	0.005	0	0.378	1	2.644	486	1.987	1
86	1.493	2.29	0.384	0.589	0.005	0	0.257	1	3.888	493	1.534	1
87	4.883	10.528	0.659	1.421	0.005	0	0.135	1	7.426	450	2.156	1
88	2.196	6.559	0.977	2.919	0.005	0	0.445	1	2.247	467	2.987	1
89	4.759	7.172	0.614	0.925	0.005	0	0.129	1	7.728	477	1.507	1
90	3.912	5.923	1.537	2.328	0.005	0	0.393	1	2.546	475	1.514	1
91	3.675	7.842	0.441	0.941	0.005	0	0.12	1	8.319	488	2.134	1
92	2.932	5.908	0.501	1.01	0.005	0	0.171	1	5.842	479	2.015	1
93	1.774	4.949	0.882	2.46	0.005	0	0.497	1	2.014	482	2.79	1
94	3.311	7.003	0.464	0.98	0.005	0	0.14	1	7.142	496	2.115	1
95	1.132	2.155	0.942	1.793	0.005	0	0.832	1	1.202	481	1.904	1
96	4.644	12.005	1.128	2.917	0.005	0	0.243	1	4.122	482	2.585	1
97	1.379	3.967	0.31	0.893	0.005	0	0.225	1	4.449	471	2.877	1
98	2.797	5.974	0.459	0.98	0.005	0	0.164	1	6.083	489	2.136	1
99	1.523	2.83	0.949	1.763	0.005	0	0.623	1	1.606	478	1.858	1
100	1.001	2.125	0.173	0.368	0.005	0	0.173	1	5.775	483	2.123	1
101	4.69	13.404	0.872	2.493	0.005	0	0.186	1	5.37	478	2.858	1
102	2.465	5.253	0.276	0.588	0.005	0	0.112	1	8.937	458	2.131	1
103	4.43	10.464	0.602	1.423	0.005	0	0.136	1	7.332	463	2.362	1
104	4.425	9.217	3.828	7.973	0.005	0	0.865	1	1.156	469	2.083	1
105	2.874	7.596	0.638	1.686	0.005	0	0.222	1	4.512	475	2.643	1
106	2.612	7.141	0.303	0.828	0.005	0	0.116	1	8.646	453	2.734	1
107	1.679	3.576	0.472	1.005	0.005	0	0.281	1	3.559	496	2.13	1
108	2.25	4.21	0.245	0.459	0.005	0	0.109	1	9.171	479	1.871	1
109	4.78	13.757	0.746	2.146	0.005	0	0.156	1	6.392	458	2.878	1
110	1.089	1.786	0.134	0.22	0.005	0	0.123	1	8.128	455	1.64	1
111	3.457	6.755	1.182	2.31	0.005	0	0.342	1	2.92	471	1.954	1
112	1.169	3.409	0.206	0.6	0.005	0	0.176	1	5.669	465	2.916	1
113	3.673	10.637	2.064	5.978	0.005	0	0.562	1	1.779	458	2.896	1
114	3.942	7.494	0.43	0.817	0.005	0	0.109	1	9.213	494	1.901	1
115	1.538	4.317	0.789	2.215	0.005	0	0.513	1	1.95	497	2.807	1
116	3.828	10.983	1.091	3.13	0.005	0	0.285	1	3.509	454	2.869	1
117	3.772	8.389	1.022	2.273	0.005	0	0.271	1	3.696	456	2.224	1
118	4.652	12.323	1.396	3.697	0.005	0	0.3	1	3.334	468	2.649	1
119	1.901	4.258	0.192	0.43	0.005	0	0.101	1	9.931	483	2.24	1
120	3.168	9.121	0.713	2.052	0.005	0	0.225	1	4.449	482	2.879	1
121	4.576	7.139	0.494	0.771	0.005	0	0.108	1	9.267	450	1.56	1
122	4.875	13.08	0.488	1.308	0.005	0	0.1	1	9.986	471	2.683	1
123	4.897	9.745	2.737	5.447	0.005	0	0.559	1	1.788	475	1.99	1
124	4.2	11.012	0.546	1.432	0.005	0	0.13	1	7.7	471	2.622	1
125	1.952	5.155	0.199	0.526	0.005	0	0.102	1	9.783	458	2.641	1
126	1.482	4.407	0.322	0.956	0.005	0	0.217	1	4.602	488	2.974	1
127	3.096	6.158	0.495	0.985	0.005	0	0.16	1	6.239	450	1.989	1
128	2.948	6.312	0.321	0.688	0.005	0	0.109	1	9.15	491	2.141	1
129	3.669	7.665	0.514	1.073	0.005	0	0.14	1	7.131	477	2.089	1
130	1.292	2.417	0.171	0.319	0.005	0	0.132	1	7.548	451	1.871	1
131	2.965	7.688	0.712	1.845	0.005	0	0.24	1	4.168	465	2.593	1
132	2.601	6.032	0.281	0.651	0.005	0	0.108	1	9.251	497	2.319	1
133	3.515	10.134	0.471	1.358	0.005	0	0.134	1	7.46	470	2.883	1
134	3.398	10.123	1.295	3.857	0.005	0	0.381	1	2.627	454	2.979	1
135	3.637	6.758	1.026	1.906	0.005	0	0.282	1	3.552	457	1.858	1
136	1.863	5.384	0.376	1.088	0.005	0	0.202	1	4.941	477	2.89	1
137	1.436	4.187	0.251	0.733	0.005	0	0.175	1	5.728	484	2.916	1
138	4.608	8.202	1.355	2.411	0.005	0	0.294	1	3.396	469	1.78	1
139	4.163	9.729	0.583	1.362	0.005	0	0.14	1	7.151	475	2.337	1
140	2.806	7.133	1.027	2.611	0.005	0	0.366	1	2.732	487	2.542	1
141	1.866	2.933	0.239	0.375	0.005	0	0.128	1	7.811	496	1.572	1
142	4.575	13.624	0.778	2.316	0.005	0	0.17	1	5.885	469	2.978	1
143	3.159	4.751	0.373	0.561	0.005	0	0.118	1	8.449	483	1.504	1
144	3.538	6.538	0.541	1.0	0.005	0	0.153	1	6.521	457	1.848	1
145	3.999	6.534	0.872	1.424	0.005	0	0.218	1	4.579	484	1.634	1
146	1.125	2.405	0.742	1.587	0.005	0	0.66	1	1.516	497	2.138	1
147	4.28	8.817	1.314	2.707	0.005	0	0.307	1	3.254	473	2.06	1
148	4.785	7.45	1.354	2.108	0.005	0	0.283	1	3.529	491	1.557	1
149	3.505	7.143	0.743	1.514	0.005	0	0.212	1	4.719	457	2.038	1
150	2.397	6.712	0.4	1.121	0.005	0	0.167	1	6.006	452	2.8	1
151	3.7	6.904	0.474	0.884	0.005	0	0.128	1	7.841	466	1.866	1
152	3.116	5.447	0.358	0.626	0.005	0	0.115	1	8.7	473	1.748	1
153	2.561	7.365	0.335	0.965	0.005	0	0.131	1	7.659	468	2.876	1
154	4.123	9.644	1.138	2.662	0.005	0	0.276	1	3.623	475	2.339	1
155	4.132	9.037	0.599	1.31	0.005	0	0.145	1	6.893	451	2.187	1
156	3.51	7.49	0.87	1.858	0.005	0	0.248	1	4.032	477	2.134	1
157	1.247	2.222	0.231	0.411	0.005	0	0.185	1	5.402	482	1.782	1
158	2.74	5.138	0.279	0.524	0.005	0	0.102	1	9.819	476	1.875	1
159	4.184	7.548	1.523	2.747	0.005	0	0.364	1	2.744	482	1.804	1
160	4.94	10.339	2.287	4.787	0.005	0	0.463	1	2.16	480	2.093	1
161	3.866	11.064	0.456	1.306	0.005	0	0.118	1	8.451	482	2.862	1
162	1.117	2.263	0.315	0.638	0.005	0	0.282	1	3.551	482	2.026	1
163	2.087	3.316	0.242	0.385	0.005	0	0.116	1	8.63	456	1.589	1
164	2.696	7.206	2.081	5.563	0.005	0	0.772	1	1.295	482	2.673	1
165	3.561	9.39	1.275	3.362	0.005	0	0.358	1	2.792	469	2.637	1
166	2.548	4.874	1.521	2.91	0.005	0	0.597	1	1.674	487	1.913	1
167	3.317	7.719	1.881	4.377	0.005	0	0.567	1	1.763	474	2.327	1
168	4.85	10.335	0.606	1.292	0.005	0	0.125	1	8.011	460	2.131	1
169	2.229	3.45	0.29	0.449	0.005	0	0.13	1	7.665	459	1.548	1
170	2.5	7.158	0.305	0.873	0.005	0	0.122	1	8.167	452	2.863	1
171	4.835	8.379	0.638	1.106	0.005	0	0.132	1	7.585	488	1.733	1
172	4.749	13.387	0.769	2.169	0.005	0	0.162	1	6.154	472	2.819	1
173	2.146	3.238	0.923	1.392	0.005	0	0.43	1	2.324	462	1.509	1
174	3.031	7.49	0.343	0.846	0.005	0	0.113	1	8.867	471	2.471	1
175	1.009	2.888	0.114	0.326	0.005	0	0.113	1	8.839	494	2.862	1
176	3.178	8.822	1.799	4.993	0.005	0	0.566	1	1.767	480	2.776	1
177	2.674	6.458	0.353	0.852	0.005	0	0.132	1	7.566	450	2.415	1
178	4.929	7.541	0.803	1.229	0.005	0	0.163	1	6.137	473	1.53	1
179	4.538	10.328	1.616	3.677	0.005	0	0.356	1	2.812	482	2.276	1
180	3.922	8.868	0.435	0.984	0.005	0	0.111	1	9.049	475	2.261	1
181	3.0	8.766	0.375	1.096	0.005	0	0.125	1	7.995	488	2.922	1
182	4.469	9.005	2.275	4.584	0.005	0	0.509	1	1.966	450	2.015	1
183	2.764	4.234	1.592	2.439	0.005	0	0.576	1	1.737	490	1.532	1
184	2.213	4.605	0.589	1.225	0.005	0	0.266	1	3.754	460	2.081	1
185	1.302	3.513	0.21	0.566	0.005	0	0.161	1	6.2	491	2.698	1
186	4.648	9.696	0.479	0.999	0.005	0	0.103	1	9.749	471	2.086	1
187	4.1	8.134	0.594	1.179	0.005	0	0.145	1	6.893	482	1.984	1
188	1.572	2.57	1.196	1.956	0.005	0	0.761	1	1.314	490	1.635	1
189	4.498	8.398	2.609	4.871	0.005	0	0.58	1	1.725	454	1.867	1
190	1.381	2.276	0.22	0.362	0.005	0	0.159	1	6.279	475	1.648	1
191	3.804	10.244	0.681	1.834	0.005	0	0.179	1	5.576	484	2.693	1
192	3.35	7.876	0.372	0.874	0.005	0	0.111	1	8.991	460	2.351	1
193	4.238	7.463	0.699	1.231	0.005	0	0.165	1	6.067	471	1.761	1
194	3.601	6.961	0.49	0.947	0.005	0	0.136	1	7.337	482	1.933	1
195	1.736	3.701	0.901	1.921	0.005	0	0.519	1	1.925	461	2.132	1
196	3.714	9.801	0.631	1.666	0.005	0	0.17	1	5.883	467	2.639	1
197	2.891	8.471	0.515	1.508	0.005	0	0.178	1	5.619	479	2.93	1
198	4.458	12.264	0.994	2.735	0.005	0	0.223	1	4.491	478	2.751	1
199	4.307	11.913	0.435	1.203	0.005	0	0.101	1	9.878	485	2.766	1
200	2.764	5.583	1.023	2.066	0.005	0	0.37	1	2.702	481	2.02	1
201	1.618	3.026	0.55	1.029	0.005	0	0.34	1	2.938	471	1.87	1
202	3.44	8.545	0.571	1.418	0.005	0	0.166	1	6.038	474	2.484	1
203	1.985	5.83	1.108	3.253	0.005	0	0.558	1	1.793	477	2.937	1
204	3.958	8.7	3.899	8.57	0.005	0	0.985	1	1.015	469	2.198	1
205	4.003	8.839	0.532	1.176	0.005	0	0.133	1	7.536	453	2.208	1
206	3.381	8.699	0.341	0.879	0.005	0	0.101	1	9.945	469	2.573	1
207	3.02	4.871	1.431	2.309	0.005	0	0.474	1	2.111	497	1.613	1
208	1.224	2.141	0.23	0.403	0.005	0	0.188	1	5.322	453	1.749	1
209	3.467	7.95	0.433	0.994	0.005	0	0.125	1	8.017	494	2.293	1
210	1.471	2.649	0.197	0.355	0.005	0	0.134	1	7.474	485	1.801	1
211	4.73	14.143	0.771	2.305	0.005	0	0.163	1	6.153	466	2.99	1
212	2.448	4.313	0.382	0.673	0.005	0	0.156	1	6.401	469	1.762	1
213	3.798	5.697	0.684	1.025	0.005	0	0.18	1	5.553	456	1.5	1
214	4.34	10.238	2.886	6.808	0.005	0	0.665	1	1.503	453	2.359	1
215	1.411	2.138	0.222	0.336	0.005	0	0.157	1	6.376	470	1.515	1
216	3.498	9.329	1.123	2.995	0.005	0	0.321	1	3.115	485	2.667	1
217	2.015	6.011	0.266	0.793	0.005	0	0.132	1	7.578	475	2.983	1
218	2.54	5.654	0.645	1.436	0.005	0	0.254	1	3.935	459	2.226	1
219	4.267	12.37	0.666	1.93	0.005	0	0.156	1	6.43	451	2.899	1
220	1.807	4.662	0.235	0.606	0.005	0	0.13	1	7.671	497	2.58	1
221	1.395	3.44	0.61	1.503	0.005	0	0.437	1	2.286	480	2.466	1
222	4.238	8.629	1.67	3.4	0.005	0	0.394	1	2.539	467	2.036	1
223	4.048	10.675	0.449	1.185	0.005	0	0.111	1	8.984	480	2.637	1
224	3.494	9.158	0.395	1.035	0.005	0	0.113	1	8.881	464	2.621	1
225	1.899	4.839	0.304	0.774	0.005	0	0.16	1	6.258	464	2.548	1
226	3.429	9.745	0.411	1.169	0.005	0	0.12	1	8.312	466	2.842	1
227	4.182	7.912	1.192	2.255	0.005	0	0.285	1	3.506	456	1.892	1
228	4.109	8.432	2.4	4.924	0.005	0	0.584	1	1.713	456	2.052	1
229	1.844	3.144	0.878	1.497	0.005	0	0.476	1	2.102	464	1.705	1
230	4.236	10.793	0.796	2.029	0.005	0	0.188	1	5.323	486	2.548	1
231	4.061	9.153	0.577	1.3	0.005	0	0.142	1	7.025	472	2.254	1
232	3.138	7.17	0.574	1.312	0.005	0	0.183	1	5.471	499	2.285	1
233	1.724	2.791	0.184	0.299	0.005	0	0.107	1	9.313	469	1.619	1
234	4.782	11.749	0.928	2.279	0.005	0	0.194	1	5.15	474	2.457	1
235	1.308	2.868	0.22	0.482	0.005	0	0.168	1	5.943	465	2.193	1
236	1.22	2.51	0.232	0.477	0.005	0	0.19	1	5.272	456	2.057	1
237	3.541	5.46	3.251	5.012	0.005	0	0.918	1	1.089	476	1.542	1
238	4.699	8.801	0.991	1.857	0.005	0	0.211	1	4.74	488	1.873	1
239	1.24	2.573	0.126	0.262	0.005	0	0.102	1	9.783	454	2.075	1
240	4.997	12.542	0.535	1.342	0.005	0	0.107	1	9.332	457	2.51	1
241	1.727	2.903	0.333	0.56	0.005	0	0.193	1	5.181	452	1.681	1
242	3.079	6.626	0.391	0.842	0.005	0	0.127	1	7.857	468	2.152	1
243	2.879	8.168	0.867	2.459	0.005	0	0.301	1	3.327	451	2.837	1
244	2.603	7.557	2.598	7.542	0.005	0	0.998	1	1.002	473	2.903	1
245	4.155	10.687	0.494	1.272	0.005	0	0.119	1	8.38	468	2.572	1
246	2.017	3.524	0.226	0.395	0.005	0	0.112	1	8.897	473	1.747	1
247	2.034	3.979	0.262	0.513	0.005	0	0.129	1	7.734	478	1.956	1
248	1.475	4.18	0.209	0.594	0.005	0	0.142	1	7.052	493	2.834	1
249	2.282	3.873	0.65	1.104	0.005	0	0.285	1	3.504	451	1.697	1
250	3.011	7.112	0.617	1.458	0.005	0	0.205	1	4.874	456	2.362	1
251	4.441	8.882	0.782	1.563	0.005	0	0.176	1	5.694	469	2.0	1
252	4.073	10.696	2.835	7.444	0.005	0	0.696	1	1.437	483	2.626	1
253	2.926	6.742	0.459	1.058	0.005	0	0.157	1	6.37	459	2.304	1
254	2.733	4.367	0.478	0.764	0.005	0	0.175	1	5.73	484	1.598	1
255	4.636	7.965	0.978	1.681	0.005	0	0.211	1	4.734	492	1.718	1
256	1.429	3.294	0.206	0.474	0.005	0	0.144	1	6.956	488	2.305	1
257	1.385	3.368	0.537	1.307	0.005	0	0.388	1	2.577	470	2.432	1
258	4.692	7.606	2.05	3.324	0.005	0	0.437	1	2.288	472	1.621	1
259	2.571	7.582	0.36	1.061	0.005	0	0.14	1	7.146	491	2.949	1
260	1.664	4.15	0.641	1.598	0.005	0	0.385	1	2.597	483	2.494	1
261	4.03	9.418	0.604	1.413	0.005	0	0.15	1	6.655	466	2.337	1
262	2.159	3.355	1.427	2.218	0.005	0	0.661	1	1.514	458	1.554	1
263	4.977	12.467	0.906	2.269	0.005	0	0.182	1	5.497	453	2.505	1
264	4.118	10.118	0.951	2.337	0.005	0	0.231	1	4.335	483	2.457	1
265	3.516	10.239	0.447	1.3	0.005	0	0.127	1	7.857	464	2.912	1
266	4.949	9.042	0.688	1.257	0.005	0	0.139	1	7.193	473	1.827	1
267	1.142	1.824	0.137	0.219	0.005	0	0.12	1	8.311	467	1.597	1
268	4.251	7.478	0.701	1.234	0.005	0	0.165	1	6.063	478	1.759	1
269	4.992	12.37	0.634	1.571	0.005	0	0.127	1	7.857	475	2.478	1
270	1.872	5.434	0.227	0.658	0.005	0	0.121	1	8.238	495	2.903	1
271	4.455	8.219	0.561	1.036	0.005	0	0.126	1	7.953	456	1.845	1
272	2.759	7.074	0.345	0.884	0.005	0	0.125	1	8.015	487	2.564	1
273	3.808	10.236	3.138	8.434	0.005	0	0.824	1	1.214	494	2.688	1
274	4.667	11.089	0.723	1.719	0.005	0	0.155	1	6.442	455	2.376	1
275	1.511	3.144	0.376	0.783	0.005	0	0.249	1	4.023	474	2.081	1
276	2.103	6.031	0.305	0.874	0.005	0	0.145	1	6.875	475	2.868	1
277	4.413	8.071	1.037	1.897	0.005	0	0.235	1	4.264	486	1.829	1
278	3.41	5.204	0.389	0.593	0.005	0	0.114	1	8.765	456	1.526	1
279	4.966	14.089	1.654	4.692	0.005	0	0.333	1	3.002	454	2.837	1
280	4.075	11.891	1.455	4.245	0.005	0	0.357	1	2.799	452	2.918	1
281	2.024	5.351	0.793	2.098	0.005	0	0.392	1	2.553	465	2.644	1
282	4.411	6.691	0.49	0.743	0.005	0	0.111	1	9.01	485	1.517	1
283	3.917	9.397	0.494	1.184	0.005	0	0.126	1	7.91	499	2.399	1
284	1.855	4.378	0.187	0.442	0.005	0	0.101	1	9.882	484	2.36	1
285	2.76	5.076	0.422	0.777	0.005	0	0.153	1	6.541	457	1.839	1
286	4.452	11.94	0.454	1.218	0.005	0	0.102	1	9.811	488	2.682	1
287	2.158	5.865	1.232	3.349	0.005	0	0.571	1	1.752	453	2.718	1
288	2.306	5.574	0.256	0.619	0.005	0	0.111	1	9.005	485	2.417	1
289	1.725	2.807	0.354	0.575	0.005	0	0.205	1	4.886	450	1.627	1
290	1.71	3.258	0.268	0.512	0.005	0	0.157	1	6.363	488	1.905	1
291	1.103	1.968	0.671	1.197	0.005	0	0.608	1	1.644	492	1.784	1
292	4.425	7.115	1.677	2.697	0.005	0	0.379	1	2.642	461	1.608	1
293	4.003	11.657	0.785	2.285	0.005	0	0.196	1	5.103	488	2.912	1
294	3.295	6.91	1.7	3.566	0.005	0	0.516	1	1.939	496	2.097	1
295	4.572	9.748	4.188	8.929	0.005	0	0.916	1	1.092	467	2.132	1
296	4.649	11.753	0.549	1.387	0.005	0	0.118	1	8.495	455	2.528	1
297	1.154	2.585	0.238	0.533	0.005	0	0.206	1	4.855	462	2.24	1
298	1.919	4.091	0.267	0.569	0.005	0	0.139	1	7.177	477	2.132	1
299	4.058	6.951	0.929	1.592	0.005	0	0.229	1	4.371	450	1.713	1
300	4.733	13.106	0.682	1.887	0.005	0	0.144	1	6.945	469	2.769	1
301	4.841	11.372	1.525	3.582	0.005	0	0.315	1	3.177	461	2.349	1
302	1.941	4.802	0.268	0.663	0.005	0	0.138	1	7.235	470	2.474	1
303	3.04	6.007	2.994	5.917	0.005	0	0.985	1	1.015	475	1.976	1
304	1.747	5.04	0.189	0.544	0.005	0	0.108	1	9.258	467	2.885	1
305	3.769	7.376	0.735	1.438	0.005	0	0.195	1	5.116	458	1.957	1
306	4.047	8.454	0.672	1.403	0.005	0	0.166	1	6.009	470	2.089	1
307	1.796	3.337	0.316	0.587	0.005	0	0.176	1	5.673	450	1.858	1
308	3.857	11.166	1.612	4.667	0.005	0	0.418	1	2.394	450	2.895	1
309	4.021	9.94	0.873	2.157	0.005	0	0.217	1	4.614	455	2.472	1
310	1.367	2.152	0.175	0.275	0.005	0	0.128	1	7.795	486	1.574	1
311	2.158	3.859	0.706	1.262	0.005	0	0.327	1	3.058	454	1.788	1
312	4.45	12.669	0.538	1.533	0.005	0	0.121	1	8.243	463	2.847	1
313	4.766	9.341	0.505	0.99	0.005	0	0.106	1	9.472	454	1.96	1
314	3.064	6.419	0.309	0.648	0.005	0	0.101	1	9.911	459	2.095	1
315	1.388	2.904	0.253	0.529	0.005	0	0.182	1	5.48	493	2.092	1
316	1.035	2.952	0.682	1.945	0.005	0	0.659	1	1.517	458	2.852	1
317	3.915	8.817	0.431	0.97	0.005	0	0.11	1	9.074	457	2.252	1
318	1.469	4.394	0.347	1.037	0.005	0	0.236	1	4.233	481	2.991	1
319	2.377	6.824	2.054	5.896	0.005	0	0.864	1	1.157	450	2.871	1
320	4.034	7.83	1.706	3.312	0.005	0	0.423	1	2.363	476	1.941	1
321	1.364	3.16	0.15	0.348	0.005	0	0.11	1	9.07	468	2.317	1
322	4.673	12.383	0.86	2.278	0.005	0	0.184	1	5.442	497	2.65	1
323	1.26	2.488	0.175	0.346	0.005	0	0.139	1	7.197	498	1.975	1
324	1.846	2.826	0.613	0.938	0.005	0	0.332	1	3.014	471	1.531	1
325	3.886	9.183	0.987	2.332	0.005	0	0.254	1	3.932	481	2.363	1
326	2.338	6.065	0.776	2.014	0.005	0	0.332	1	3.009	475	2.594	1
327	2.472	4.232	0.262	0.449	0.005	0	0.106	1	9.454	492	1.712	1
328	2.976	8.36	0.5	1.404	0.005	0	0.168	1	5.96	468	2.809	1
329	3.292	7.825	0.329	0.783	0.005	0	0.1	1	9.977	483	2.377	1
330	2.889	5.801	0.63	1.265	0.005	0	0.218	1	4.579	464	2.008	1
331	4.181	7.626	0.648	1.182	0.005	0	0.155	1	6.466	475	1.824	1
332	3.543	7.695	1.006	2.185	0.005	0	0.284	1	3.516	463	2.172	1
333	4.803	7.286	0.735	1.115	0.005	0	0.153	1	6.553	481	1.517	1
334	1.668	3.224	0.225	0.435	0.005	0	0.135	1	7.402	463	1.933	1
335	3.368	8.962	0.438	1.165	0.005	0	0.13	1	7.692	461	2.661	1
336	1.604	2.852	0.229	0.408	0.005	0	0.143	1	6.971	476	1.778	1
337	2.126	4.545	0.376	0.804	0.005	0	0.177	1	5.636	456	2.138	1
338	2.321	6.415	0.353	0.975	0.005	0	0.152	1	6.569	469	2.764	1
339	1.129	1.963	0.246	0.428	0.005	0	0.218	1	4.587	493	1.739	1
340	3.302	9.714	0.373	1.098	0.005	0	0.113	1	8.853	463	2.942	1
341	4.38	7.884	1.502	2.704	0.005	0	0.343	1	2.914	490	1.8	1
342	2.537	4.275	0.672	1.133	0.005	0	0.265	1	3.776	465	1.685	1
343	3.194	8.343	0.658	1.719	0.005	0	0.206	1	4.852	465	2.612	1
344	4.908	8.859	0.893	1.612	0.005	0	0.182	1	5.506	451	1.805	1
345	3.412	7.094	0.631	1.312	0.005	0	0.185	1	5.397	481	2.079	1
346	3.384	6.416	0.585	1.11	0.005	0	0.173	1	5.796	487	1.896	1
347	2.029	3.733	0.728	1.34	0.005	0	0.359	1	2.786	451	1.84	1
348	4.79	9.499	2.146	4.256	0.005	0	0.448	1	2.23	475	1.983	1
349	2.256	5.599	0.717	1.78	0.005	0	0.318	1	3.144	487	2.482	1
350	4.694	14.016	1.826	5.452	0.005	0	0.389	1	2.568	454	2.986	1
351	4.766	13.902	1.058	3.086	0.005	0	0.222	1	4.507	453	2.917	1
352	1.061	2.261	0.123	0.262	0.005	0	0.116	1	8.593	452	2.131	1
353	2.924	7.041	1.594	3.837	0.005	0	0.545	1	1.835	486	2.408	1
354	2.236	4.928	0.575	1.266	0.005	0	0.257	1	3.896	455	2.204	1
355	3.816	8.987	1.381	3.253	0.005	0	0.362	1	2.766	493	2.355	1
356	4.658	11.482	0.55	1.355	0.005	0	0.118	1	8.493	476	2.465	1
357	2.08	4.139	0.364	0.724	0.005	0	0.175	1	5.73	491	1.99	1
358	3.011	5.396	0.53	0.95	0.005	0	0.176	1	5.686	486	1.792	1
359	2.111	4.161	0.346	0.682	0.005	0	0.164	1	6.104	469	1.971	1
360	4.959	9.209	1.126	2.09	0.005	0	0.227	1	4.41	473	1.857	1
361	1.945	4.248	0.233	0.51	0.005	0	0.12	1	8.316	463	2.184	1
362	1.957	3.536	0.556	1.004	0.005	0	0.284	1	3.526	484	1.807	1
363	3.932	7.884	0.904	1.813	0.005	0	0.23	1	4.354	454	2.005	1
364	2.641	6.008	0.296	0.673	0.005	0	0.112	1	8.895	497	2.275	1
365	3.293	5.203	0.342	0.541	0.005	0	0.104	1	9.604	484	1.58	1
366	2.786	4.811	0.387	0.669	0.005	0	0.139	1	7.194	494	1.727	1
367	1.722	4.99	0.758	2.196	0.005	0	0.44	1	2.272	466	2.898	1
368	4.642	10.932	0.952	2.241	0.005	0	0.205	1	4.88	472	2.355	1
369	3.198	6.332	0.835	1.653	0.005	0	0.261	1	3.834	460	1.98	1
370	2.362	6.292	0.468	1.246	0.005	0	0.198	1	5.041	495	2.664	1
371	2.287	3.936	0.581	1.0	0.005	0	0.254	1	3.934	464	1.721	1
372	2.113	5.384	0.273	0.695	0.005	0	0.129	1	7.766	491	2.548	1
373	1.878	4.917	1.132	2.965	0.005	0	0.603	1	1.658	477	2.618	1
374	3.532	5.573	0.636	1.003	0.005	0	0.18	1	5.558	467	1.578	1
375	2.602	7.223	1.577	4.377	0.005	0	0.606	1	1.649	494	2.776	1
376	3.006	7.353	0.595	1.456	0.005	0	0.198	1	5.047	498	2.446	1
377	2.985	8.597	0.57	1.642	0.005	0	0.191	1	5.243	470	2.88	1
378	1.013	1.655	0.368	0.601	0.005	0	0.363	1	2.758	462	1.634	1
379	1.139	3.057	0.224	0.602	0.005	0	0.197	1	5.07	495	2.684	1
380	4.977	13.134	0.707	1.865	0.005	0	0.142	1	7.021	475	2.639	1
381	2.257	3.521	0.463	0.722	0.005	0	0.205	1	4.87	451	1.56	1
382	3.52	5.386	0.947	1.449	0.005	0	0.269	1	3.721	483	1.53	1
383	4.95	12.231	0.936	2.312	0.005	0	0.189	1	5.3	465	2.471	1
384	3.06	7.659	0.453	1.134	0.005	0	0.148	1	6.746	457	2.503	1
385	3.999	9.662	0.608	1.469	0.005	0	0.152	1	6.571	455	2.416	1
386	3.09	5.055	1.437	2.351	0.005	0	0.465	1	2.151	471	1.636	1
387	4.867	9.583	1.11	2.185	0.005	0	0.228	1	4.392	464	1.969	1
388	4.786	13.683	1.555	4.447	0.005	0	0.325	1	3.078	475	2.859	1
389	1.021	3.007	0.105	0.31	0.005	0	0.103	1	9.74	458	2.945	1
390	1.129	3.119	0.227	0.627	0.005	0	0.201	1	4.973	460	2.763	1
391	4.405	10.916	0.471	1.168	0.005	0	0.107	1	9.338	486	2.478	1
392	3.377	9.432	0.527	1.471	0.005	0	0.156	1	6.404	456	2.793	1
393	2.389	6.529	0.538	1.469	0.005	0	0.225	1	4.441	454	2.733	1
394	4.553	8.437	0.551	1.021	0.005	0	0.121	1	8.264	489	1.853	1
395	1.99	2.993	0.376	0.566	0.005	0	0.189	1	5.294	482	1.504	1
396	1.946	3.384	0.516	0.897	0.005	0	0.265	1	3.772	466	1.739	1
397	1.801	2.864	1.054	1.675	0.005	0	0.585	1	1.709	494	1.59	1
398	3.116	5.718	2.811	5.158	0.005	0	0.902	1	1.109	483	1.835	1
399	2.578	6.672	0.333	0.861	0.005	0	0.129	1	7.75	480	2.588	1
400	1.51	2.969	0.196	0.386	0.005	0	0.13	1	7.705	471	1.966	1
401	3.879	6.23	0.419	0.673	0.005	0	0.108	1	9.217	459	1.606	1
402	3.977	8.602	0.664	1.437	0.005	0	0.167	1	5.978	474	2.163	1
403	3.827	7.681	0.421	0.845	0.005	0	0.11	1	9.067	467	2.007	1
404	3.176	6.539	0.391	0.804	0.005	0	0.123	1	8.15	457	2.059	1
405	3.278	6.464	0.354	0.698	0.005	0	0.108	1	9.261	466	1.972	1
406	1.475	2.332	0.184	0.292	0.005	0	0.125	1	7.982	480	1.581	1
407	4.634	12.688	2.604	7.131	0.005	0	0.562	1	1.779	488	2.738	1
408	3.022	4.72	0.32	0.5	0.005	0	0.106	1	9.462	474	1.562	1
409	2.428	6.507	1.027	2.752	0.005	0	0.423	1	2.364	490	2.68	1
410	1.29	3.256	0.224	0.567	0.005	0	0.174	1	5.74	482	2.524	1
411	2.901	5.906	0.38	0.774	0.005	0	0.131	1	7.656	464	2.036	1
412	4.716	8.196	2.084	3.623	0.005	0	0.442	1	2.263	480	1.738	1
413	3.472	9.02	0.976	2.535	0.005	0	0.281	1	3.56	461	2.598	1
414	3.909	8.049	0.676	1.392	0.005	0	0.173	1	5.792	454	2.059	1
415	1.332	2.604	0.137	0.268	0.005	0	0.103	1	9.72	470	1.955	1
416	3.857	7.101	0.744	1.37	0.005	0	0.193	1	5.188	488	1.841	1
417	4.827	13.448	0.796	2.219	0.005	0	0.165	1	6.06	457	2.786	1
418	4.806	9.958	2.014	4.172	0.005	0	0.419	1	2.386	482	2.072	1
419	2.644	4.802	0.354	0.643	0.005	0	0.134	1	7.435	455	1.816	1
420	4.712	10.527	0.646	1.442	0.005	0	0.137	1	7.315	494	2.234	1
421	4.277	9.58	0.552	1.236	0.005	0	0.129	1	7.746	492	2.24	1
422	3.866	9.031	3.023	7.062	0.005	0	0.782	1	1.278	486	2.336	1
423	1.81	3.682	0.201	0.409	0.005	0	0.111	1	9.027	490	2.034	1
424	3.378	5.675	1.149	1.93	0.005	0	0.34	1	2.945	464	1.68	1
425	3.806	10.097	1.659	4.402	0.005	0	0.436	1	2.293	474	2.653	1
426	4.845	10.964	0.751	1.699	0.005	0	0.155	1	6.467	479	2.263	1
427	2.456	3.753	0.292	0.447	0.005	0	0.119	1	8.369	468	1.528	1
428	2.736	5.395	0.586	1.155	0.005	0	0.214	1	4.674	485	1.972	1
429	1.776	3.216	0.197	0.357	0.005	0	0.111	1	9.024	477	1.811	1
430	1.039	1.911	0.228	0.419	0.005	0	0.219	1	4.559	459	1.839	1
431	4.164	12.313	1.283	3.792	0.005	0	0.308	1	3.246	464	2.957	1
432	4.397	9.928	1.715	3.872	0.005	0	0.39	1	2.562	462	2.258	1
433	2.589	4.593	0.339	0.602	0.005	0	0.131	1	7.625	469	1.774	1
434	1.587	4.16	0.236	0.62	0.005	0	0.149	1	6.716	452	2.621	1
435	2.676	4.79	0.401	0.718	0.005	0	0.15	1	6.653	463	1.79	1
436	3.617	5.997	0.492	0.816	0.005	0	0.136	1	7.369	460	1.658	1
437	4.557	8.877	1.235	2.406	0.005	0	0.271	1	3.692	458	1.948	1
438	3.883	6.275	0.415	0.671	0.005	0	0.107	1	9.32	476	1.616	1
439	1.573	4.137	0.17	0.447	0.005	0	0.108	1	9.279	472	2.63	1
440	3.488	9.215	2.281	6.027	0.005	0	0.654	1	1.529	491	2.642	1
441	1.815	4.41	0.318	0.772	0.005	0	0.175	1	5.71	469	2.43	1
442	3.227	7.974	0.497	1.228	0.005	0	0.154	1	6.512	495	2.471	1
443	3.488	8.797	0.495	1.249	0.005	0	0.142	1	7.019	496	2.522	1
444	4.905	14.47	0.589	1.736	0.005	0	0.12	1	8.319	465	2.95	1
445	4.706	11.925	1.242	3.148	0.005	0	0.264	1	3.784	455	2.534	1
446	1.515	2.674	0.192	0.34	0.005	0	0.127	1	7.85	484	1.765	1
447	3.586	7.667	0.588	1.257	0.005	0	0.164	1	6.116	461	2.138	1
448	3.704	9.019	0.859	2.092	0.005	0	0.232	1	4.307	475	2.435	1
449	4.308	8.982	2.486	5.183	0.005	0	0.577	1	1.734	460	2.085	1
450	4.884	12.205	2.535	6.334	0.005	0	0.519	1	1.925	472	2.499	1
451	1.028	1.803	0.551	0.966	0.005	0	0.536	1	1.865	495	1.754	1
452	4.581	12.364	3.99	10.769	0.005	0	0.871	1	1.148	487	2.699	1
453	4.958	8.939	0.664	1.198	0.005	0	0.134	1	7.45	478	1.803	1
454	2.187	5.684	0.523	1.358	0.005	0	0.239	1	4.18	469	2.599	1
455	3.956	9.506	1.389	3.337	0.005	0	0.351	1	2.847	463	2.403	1
456	4.599	8.766	1.012	1.929	0.005	0	0.22	1	4.539	475	1.906	1
457	1.209	3.481	0.158	0.456	0.005	0	0.131	1	7.605	465	2.879	1
458	2.087	3.494	0.265	0.444	0.005	0	0.127	1	7.859	478	1.674	1
459	4.489	10.81	0.682	1.643	0.005	0	0.152	1	6.58	452	2.408	1
460	4.605	12.908	1.653	4.634	0.005	0	0.359	1	2.784	451	2.803	1
461	1.399	3.415	1.142	2.787	0.005	0	0.816	1	1.226	475	2.441	1
462	3.609	8.669	0.44	1.058	0.005	0	0.122	1	8.176	450	2.402	1
463	2.413	4.158	0.478	0.823	0.005	0	0.198	1	5.046	473	1.723	1
464	1.851	3.321	0.661	1.186	0.005	0	0.357	1	2.801	455	1.794	1
465	4.697	13.866	2.118	6.254	0.005	0	0.451	1	2.219	492	2.952	1
466	1.311	2.478	0.203	0.384	0.005	0	0.155	1	6.457	484	1.89	1
467	2.698	5.056	0.958	1.795	0.005	0	0.355	1	2.813	458	1.874	1
468	3.524	8.225	0.462	1.077	0.005	0	0.131	1	7.657	493	2.334	1
469	3.851	7.348	0.632	1.205	0.005	0	0.164	1	6.116	485	1.908	1
470	1.606	4.608	0.254	0.728	0.005	0	0.158	1	6.324	475	2.869	1
471	3.489	10.261	0.363	1.067	0.005	0	0.104	1	9.595	477	2.941	1
472	2.352	5.96	0.4	1.013	0.005	0	0.17	1	5.884	473	2.534	1
473	1.161	2.281	0.33	0.648	0.005	0	0.284	1	3.519	472	1.965	1
474	4.507	7.153	1.118	1.774	0.005	0	0.248	1	4.037	486	1.587	1
475	1.271	3.568	0.28	0.785	0.005	0	0.22	1	4.539	466	2.807	1
476	2.383	5.238	0.579	1.273	0.005	0	0.243	1	4.121	476	2.198	1
477	2.751	4.572	1.029	1.71	0.005	0	0.374	1	2.671	495	1.662	1
478	1.546	2.852	0.297	0.548	0.005	0	0.192	1	5.215	452	1.845	1
479	3.646	6.752	0.419	0.776	0.005	0	0.115	1	8.732	450	1.852	1
480	3.954	9.244	2.313	5.408	0.005	0	0.585	1	1.71	495	2.338	1
481	2.139	4.389	0.702	1.44	0.005	0	0.328	1	3.047	461	2.052	1
482	4.614	11.272	0.729	1.781	0.005	0	0.158	1	6.315	461	2.443	1
483	2.554	5.19	0.406	0.825	0.005	0	0.159	1	6.308	461	2.032	1
484	2.608	5.487	0.417	0.878	0.005	0	0.16	1	6.232	475	2.104	1
485	4.538	9.176	0.894	1.808	0.005	0	0.197	1	5.064	479	2.022	1
486	2.282	5.018	0.288	0.632	0.005	0	0.126	1	7.91	457	2.199	1
487	2.757	6.512	1.844	4.357	0.005	0	0.669	1	1.495	476	2.362	1
488	2.772	8.0	0.302	0.872	0.005	0	0.109	1	9.174	454	2.886	1
489	3.648	5.534	0.368	0.559	0.005	0	0.101	1	9.906	471	1.517	1
490	4.432	9.6	0.443	0.96	0.005	0	0.1	1	9.98	459	2.166	1
491	1.767	4.681	0.223	0.59	0.005	0	0.126	1	7.934	484	2.649	1
492	1.937	5.346	0.252	0.695	0.005	0	0.13	1	7.689	464	2.76	1
493	1.5	3.369	1.239	2.783	0.005	0	0.826	1	1.21	462	2.246	1
494	4.868	14.604	3.67	11.011	0.005	0	0.754	1	1.326	481	3.0	1
495	3.238	7.266	0.923	2.071	0.005	0	0.285	1	3.51	497	2.244	1
496	3.885	10.284	1.391	3.682	0.005	0	0.358	1	2.79	480	2.647	1
497	1.65	4.369	0.315	0.834	0.005	0	0.191	1	5.243	485	2.648	1
498	2.815	5.278	0.301	0.565	0.005	0	0.107	1	9.363	483	1.875	1
499	3.836	9.314	1.205	2.925	0.005	0	0.314	1	3.185	483	2.428	1
500	4.751	13.759	0.637	1.844	0.005	0	0.134	1	7.45	497	2.896	1
501	2.006	3.958	1.637	3.23	0.005	0	0.816	1	1.226	485	1.973	1
502	3.115	7.8	0.333	0.835	0.005	0	0.107	1	9.336	466	2.504	1
503	3.021	8.707	0.559	1.611	0.005	0	0.185	1	5.394	456	2.882	1
504	3.956	10.036	0.423	1.074	0.005	0	0.107	1	9.321	488	2.537	1
505	1.315	2.877	0.517	1.131	0.005	0	0.393	1	2.547	452	2.188	1
506	2.792	7.117	1.98	5.046	0.005	0	0.709	1	1.41	456	2.549	1
507	1.163	3.299	0.121	0.343	0.005	0	0.104	1	9.611	483	2.837	1
508	1.377	2.375	0.182	0.314	0.005	0	0.132	1	7.602	451	1.725	1
509	4.143	10.909	0.485	1.276	0.005	0	0.117	1	8.526	455	2.633	1
510	3.29	5.616	0.875	1.494	0.005	0	0.266	1	3.753	461	1.707	1
511	3.108	6.894	0.329	0.731	0.005	0	0.106	1	9.449	490	2.218	1
512	4.338	10.042	0.49	1.135	0.005	0	0.113	1	8.844	466	2.315	1
513	1.176	2.084	0.647	1.146	0.005	0	0.55	1	1.818	497	1.772	1
514	2.95	6.053	0.298	0.611	0.005	0	0.101	1	9.94	499	2.052	1
515	4.35	12.428	0.47	1.342	0.005	0	0.108	1	9.297	495	2.857	1
516	2.518	7.345	0.436	1.271	0.005	0	0.173	1	5.796	478	2.917	1
517	3.808	7.041	0.575	1.063	0.005	0	0.151	1	6.627	499	1.849	1
518	2.663	4.596	0.623	1.075	0.005	0	0.234	1	4.278	486	1.726	1
519	2.227	3.49	1.492	2.338	0.005	0	0.67	1	1.493	477	1.567	1
520	2.146	5.348	0.242	0.604	0.005	0	0.113	1	8.88	488	2.492	1
521	1.706	2.724	0.22	0.351	0.005	0	0.129	1	7.739	496	1.597	1
522	2.441	6.53	0.998	2.671	0.005	0	0.409	1	2.443	470	2.675	1
523	2.239	4.462	1.052	2.097	0.005	0	0.47	1	2.126	453	1.993	1
524	3.584	7.885	1.953	4.297	0.005	0	0.545	1	1.836	455	2.2	1
525	4.757	13.077	0.642	1.765	0.005	0	0.135	1	7.396	496	2.749	1
526	2.733	4.761	0.809	1.409	0.005	0	0.296	1	3.375	492	1.742	1
527	4.614	9.749	0.503	1.063	0.005	0	0.109	1	9.19	466	2.113	1
528	4.498	8.654	0.504	0.969	0.005	0	0.112	1	8.955	475	1.924	1
529	4.593	10.963	0.505	1.206	0.005	0	0.11	1	9.054	474	2.387	1
530	4.887	7.472	0.718	1.098	0.005	0	0.147	1	6.81	491	1.529	1
531	3.115	7.186	1.062	2.45	0.005	0	0.341	1	2.936	458	2.307	1
532	2.842	5.69	0.298	0.597	0.005	0	0.105	1	9.541	483	2.002	1
533	2.047	5.017	0.596	1.46	0.005	0	0.291	1	3.442	458	2.451	1
534	4.11	8.475	0.493	1.017	0.005	0	0.12	1	8.306	495	2.062	1
535	3.944	6.523	1.006	1.663	0.005	0	0.255	1	3.922	469	1.654	1
536	3.315	5.947	1.014	1.82	0.005	0	0.306	1	3.272	459	1.794	1
537	4.084	7.715	0.535	1.011	0.005	0	0.131	1	7.63	482	1.889	1
538	4.701	12.975	1.415	3.905	0.005	0	0.301	1	3.323	472	2.76	1
539	4.522	11.242	0.773	1.922	0.005	0	0.171	1	5.841	479	2.486	1
540	4.114	10.783	0.728	1.909	0.005	0	0.177	1	5.655	457	2.621	1
541	2.859	5.475	1.224	2.343	0.005	0	0.428	1	2.335	450	1.915	1
542	1.082	1.67	0.381	0.588	0.005	0	0.352	1	2.843	476	1.543	1
543	1.004	2.14	0.143	0.304	0.005	0	0.142	1	7.042	456	2.131	1
544	2.427	4.575	0.369	0.695	0.005	0	0.152	1	6.563	489	1.885	1
545	4.916	11.558	0.934	2.196	0.005	0	0.19	1	5.259	461	2.351	1
546	3.447	6.832	1.286	2.548	0.005	0	0.373	1	2.683	472	1.982	1
547	2.688	7.325	1.822	4.966	0.005	0	0.678	1	1.475	458	2.725	1
548	1.683	2.716	0.953	1.537	0.005	0	0.566	1	1.768	472	1.614	1
549	2.187	6.172	0.271	0.765	0.005	0	0.124	1	8.046	450	2.822	1
550	2.419	7.165	0.302	0.896	0.005	0	0.125	1	8.003	496	2.962	1
551	4.728	12.893	1.295	3.533	0.005	0	0.274	1	3.655	471	2.727	1
552	1.6	3.498	0.302	0.661	0.005	0	0.189	1	5.292	483	2.186	1
553	4.259	8.85	1.278	2.655	0.005	0	0.3	1	3.335	490	2.078	1
554	2.971	8.506	0.514	1.472	0.005	0	0.173	1	5.787	493	2.863	1
555	3.919	9.566	0.439	1.071	0.005	0	0.112	1	8.939	476	2.441	1
556	2.041	4.87	0.247	0.589	0.005	0	0.121	1	8.282	451	2.386	1
557	4.753	12.562	0.87	2.299	0.005	0	0.183	1	5.472	466	2.643	1
558	4.741	11.492	0.915	2.218	0.005	0	0.193	1	5.178	484	2.424	1
559	2.992	4.721	0.467	0.736	0.005	0	0.156	1	6.421	480	1.578	1
560	2.783	6.715	0.278	0.672	0.005	0	0.1	1	9.987	490	2.413	1
561	1.927	3.977	0.696	1.436	0.005	0	0.361	1	2.772	469	2.064	1
562	2.838	4.825	0.937	1.592	0.005	0	0.33	1	3.027	458	1.7	1
563	1.09	3.107	0.111	0.317	0.005	0	0.102	1	9.823	455	2.85	1
564	4.518	8.453	1.039	1.944	0.005	0	0.23	1	4.339	472	1.871	1
565	3.739	9.09	0.722	1.754	0.005	0	0.193	1	5.176	471	2.431	1
566	2.519	5.494	0.36	0.786	0.005	0	0.143	1	6.985	470	2.181	1
567	1.428	3.306	0.187	0.433	0.005	0	0.131	1	7.654	482	2.315	1
568	2.16	5.586	0.41	1.061	0.005	0	0.19	1	5.271	480	2.586	1
569	2.01	5.873	0.4	1.169	0.005	0	0.199	1	5.031	476	2.922	1
570	2.774	5.226	2.646	4.986	0.005	0	0.954	1	1.048	495	1.884	1
571	3.612	8.34	0.607	1.401	0.005	0	0.168	1	5.956	476	2.309	1
572	4.463	12.238	1.946	5.336	0.005	0	0.436	1	2.295	483	2.742	1
573	4.896	9.626	0.573	1.126	0.005	0	0.117	1	8.54	495	1.966	1
574	2.507	4.272	0.439	0.748	0.005	0	0.175	1	5.727	471	1.704	1
575	4.067	9.594	2.139	5.046	0.005	0	0.526	1	1.9	468	2.359	1
576	2.748	4.408	0.453	0.727	0.005	0	0.165	1	6.066	488	1.604	1
577	4.238	6.819	0.674	1.084	0.005	0	0.159	1	6.309	455	1.609	1
578	3.859	6.421	1.455	2.421	0.005	0	0.377	1	2.652	482	1.664	1
579	1.006	3.014	0.122	0.365	0.005	0	0.121	1	8.24	452	2.996	1
580	3.193	7.756	0.342	0.83	0.005	0	0.107	1	9.323	461	2.429	1
581	1.875	4.011	0.225	0.481	0.005	0	0.12	1	8.332	468	2.139	1
582	2.889	8.0	0.529	1.464	0.005	0	0.183	1	5.468	459	2.769	1
583	4.75	7.847	1.335	2.205	0.005	0	0.281	1	3.564	499	1.652	1
584	4.128	10.857	1.948	5.125	0.005	0	0.472	1	2.12	460	2.63	1
585	2.512	5.622	0.329	0.736	0.005	0	0.131	1	7.625	466	2.238	1
586	4.553	7.294	0.524	0.839	0.005	0	0.115	1	8.679	479	1.602	1
587	1.284	1.954	0.182	0.277	0.005	0	0.142	1	7.062	477	1.522	1
588	3.507	10.426	1.168	3.472	0.005	0	0.333	1	3.004	487	2.973	1
589	1.725	2.72	0.231	0.364	0.005	0	0.134	1	7.489	466	1.577	1
590	4.931	13.772	2.387	6.666	0.005	0	0.484	1	2.067	458	2.793	1
591	1.313	3.552	0.41	1.108	0.005	0	0.312	1	3.204	460	2.705	1
592	2.34	3.641	0.662	1.03	0.005	0	0.283	1	3.533	458	1.556	1
593	4.842	11.994	1.433	3.55	0.005	0	0.296	1	3.381	470	2.477	1
594	3.426	5.927	2.768	4.789	0.005	0	0.808	1	1.238	457	1.73	1
595	3.555	9.833	0.647	1.79	0.005	0	0.182	1	5.506	453	2.766	1
596	3.832	9.021	0.521	1.227	0.005	0	0.136	1	7.38	490	2.354	1
597	1.945	4.11	0.292	0.616	0.005	0	0.15	1	6.66	455	2.113	1
598	4.787	10.766	0.627	1.41	0.005	0	0.131	1	7.644	496	2.249	1
599	1.492	2.633	0.164	0.29	0.005	0	0.11	1	9.059	456	1.765	1
600	3.763	10.16	1.746	4.714	0.005	0	0.464	1	2.155	474	2.7	1
601	3.721	10.002	1.544	4.151	0.005	0	0.415	1	2.409	485	2.688	1
602	4.18	6.609	0.422	0.668	0.005	0	0.101	1	9.948	450	1.581	1
603	1.687	3.134	0.191	0.354	0.005	0	0.113	1	8.849	462	1.858	1
604	2.686	7.153	1.338	3.562	0.005	0	0.498	1	2.009	466	2.663	1
605	1.507	3.897	1.123	2.903	0.005	0	0.745	1	1.342	461	2.586	1
606	1.343	2.666	0.267	0.531	0.005	0	0.199	1	5.019	497	1.985	1
607	3.545	8.115	0.596	1.363	0.005	0	0.168	1	5.97	498	2.289	1
608	3.521	10.355	0.644	1.895	0.005	0	0.183	1	5.452	458	2.941	1
609	2.509	5.226	0.677	1.411	0.005	0	0.27	1	3.706	498	2.083	1
610	1.029	2.367	0.441	1.015	0.005	0	0.429	1	2.332	491	2.3	1
611	2.717	5.097	0.867	1.626	0.005	0	0.319	1	3.13	490	1.876	1
612	1.467	2.277	0.609	0.945	0.005	0	0.415	1	2.41	450	1.552	1
613	4.789	11.369	0.599	1.421	0.005	0	0.125	1	7.992	480	2.374	1
614	3.44	9.26	0.44	1.185	0.005	0	0.128	1	7.833	479	2.692	1
615	3.714	9.749	0.81	2.125	0.005	0	0.218	1	4.587	460	2.625	1
616	1.639	2.622	0.408	0.653	0.005	0	0.249	1	4.019	461	1.6	1
617	3.585	8.346	0.405	0.943	0.005	0	0.113	1	8.83	455	2.328	1
618	4.936	14.092	0.859	2.452	0.005	0	0.174	1	5.748	470	2.855	1
619	2.192	5.559	0.276	0.7	0.005	0	0.126	1	7.91	485	2.536	1
620	2.454	4.255	0.54	0.936	0.005	0	0.22	1	4.542	451	1.734	1
621	2.243	4.25	0.334	0.633	0.005	0	0.149	1	6.697	472	1.895	1
622	3.208	9.31	1.181	3.426	0.005	0	0.368	1	2.72	469	2.902	1
623	1.781	4.955	0.207	0.575	0.005	0	0.116	1	8.611	479	2.782	1
624	2.239	4.991	0.446	0.993	0.005	0	0.199	1	5.021	473	2.229	1
625	4.947	14.712	1.519	4.517	0.005	0	0.307	1	3.253	495	2.974	1
626	4.974	10.122	0.617	1.255	0.005	0	0.124	1	8.066	481	2.035	1
627	4.32	12.692	0.981	2.881	0.005	0	0.227	1	4.397	480	2.938	1
628	4.73	7.629	1.722	2.777	0.005	0	0.364	1	2.749	488	1.613	1
629	3.191	5.048	0.603	0.954	0.005	0	0.189	1	5.294	458	1.582	1
630	1.225	3.273	0.219	0.586	0.005	0	0.179	1	5.575	453	2.672	1
631	3.445	7.514	0.362	0.789	0.005	0	0.105	1	9.495	495	2.181	1
632	3.004	5.521	0.309	0.569	0.005	0	0.103	1	9.697	497	1.838	1
633	1.199	2.984	1.067	2.656	0.005	0	0.89	1	1.124	498	2.489	1
634	3.114	8.374	0.679	1.826	0.005	0	0.218	1	4.583	490	2.689	1
635	4.14	7.713	2.165	4.034	0.005	0	0.523	1	1.912	471	1.863	1
636	4.943	9.935	0.593	1.192	0.005	0	0.12	1	8.339	453	2.01	1
637	1.324	3.583	0.361	0.978	0.005	0	0.273	1	3.668	453	2.706	1
638	1.622	3.941	0.196	0.477	0.005	0	0.121	1	8.258	495	2.43	1
639	3.423	8.527	0.835	2.081	0.005	0	0.244	1	4.097	478	2.491	1
640	4.67	12.506	1.742	4.665	0.005	0	0.373	1	2.684	450	2.678	1
641	1.406	2.737	0.243	0.474	0.005	0	0.173	1	5.787	477	1.947	1
642	4.05	9.117	0.656	1.477	0.005	0	0.162	1	6.155	490	2.251	1
643	3.225	7.463	0.671	1.552	0.005	0	0.208	1	4.809	490	2.314	1
644	1.173	3.442	0.154	0.451	0.005	0	0.131	1	7.647	496	2.934	1
645	3.691	6.644	0.491	0.884	0.005	0	0.133	1	7.531	462	1.8	1
646	2.8	7.484	0.319	0.853	0.005	0	0.114	1	8.75	481	2.673	1
647	2.743	6.402	0.878	2.049	0.005	0	0.32	1	3.121	469	2.334	1
648	2.022	3.472	0.548	0.941	0.005	0	0.271	1	3.685	487	1.717	1
649	4.955	11.763	0.515	1.223	0.005	0	0.104	1	9.596	490	2.374	1
650	1.339	3.649	0.45	1.226	0.005	0	0.336	1	2.976	489	2.725	1
651	3.85	6.102	0.4	0.635	0.005	0	0.104	1	9.603	480	1.585	1
652	3.13	8.623	0.695	1.914	0.005	0	0.222	1	4.507	460	2.755	1
653	2.843	7.901	0.429	1.193	0.005	0	0.151	1	6.61	495	2.779	1
654	3.706	5.852	1.938	3.061	0.005	0	0.523	1	1.911	456	1.579	1
655	1.624	3.207	0.162	0.321	0.005	0	0.1	1	9.997	452	1.975	1
656	3.841	6.522	0.88	1.494	0.005	0	0.229	1	4.375	495	1.698	1
657	3.626	9.707	0.914	2.446	0.005	0	0.252	1	3.968	458	2.677	1
658	3.354	8.13	0.604	1.463	0.005	0	0.18	1	5.568	483	2.424	1
659	4.429	9.673	2.117	4.624	0.005	0	0.478	1	2.092	459	2.184	1
660	1.819	3.851	1.171	2.48	0.005	0	0.644	1	1.553	490	2.117	1
661	3.596	8.756	0.396	0.963	0.005	0	0.11	1	9.114	491	2.435	1
662	4.996	7.869	0.545	0.858	0.005	0	0.109	1	9.144	478	1.575	1
663	2.324	6.758	0.249	0.723	0.005	0	0.107	1	9.343	488	2.908	1
664	2.29	4.759	0.348	0.723	0.005	0	0.152	1	6.6	451	2.078	1
665	3.157	7.624	0.625	1.51	0.005	0	0.198	1	5.063	468	2.415	1
666	1.821	5.456	0.184	0.551	0.005	0	0.101	1	9.901	474	2.996	1
667	3.524	6.907	0.589	1.153	0.005	0	0.167	1	5.973	462	1.96	1
668	3.056	5.146	0.403	0.679	0.005	0	0.132	1	7.557	481	1.684	1
669	2.132	5.759	0.944	2.551	0.005	0	0.443	1	2.259	455	2.701	1
670	4.768	8.969	0.954	1.794	0.005	0	0.2	1	4.989	456	1.881	1
671	3.611	5.593	1.184	1.835	0.005	0	0.328	1	3.052	458	1.549	1
672	4.15	10.234	0.743	1.832	0.005	0	0.179	1	5.591	483	2.466	1
673	3.704	9.538	1.193	3.071	0.005	0	0.322	1	3.102	483	2.575	1
674	1.239	2.456	0.435	0.862	0.005	0	0.351	1	2.852	450	1.982	1
675	4.417	10.23	0.835	1.933	0.005	0	0.189	1	5.285	469	2.316	1
676	4.698	8.743	1.358	2.527	0.005	0	0.289	1	3.458	495	1.861	1
677	4.666	11.184	0.551	1.32	0.005	0	0.118	1	8.483	451	2.397	1
678	2.727	7.565	0.374	1.036	0.005	0	0.137	1	7.277	455	2.774	1
679	3.874	10.162	1.015	2.662	0.005	0	0.262	1	3.821	465	2.623	1
680	2.18	3.647	0.602	1.007	0.005	0	0.276	1	3.624	496	1.673	1
681	1.318	3.905	0.132	0.39	0.005	0	0.1	1	9.993	470	2.963	1
682	2.189	4.255	0.495	0.962	0.005	0	0.226	1	4.426	482	1.944	1
683	1.226	2.402	0.321	0.629	0.005	0	0.262	1	3.824	464	1.959	1
684	2.254	6.113	0.37	1.003	0.005	0	0.164	1	6.095	496	2.712	1
685	2.332	4.813	0.455	0.939	0.005	0	0.195	1	5.133	464	2.064	1
686	1.59	3.991	0.841	2.111	0.005	0	0.529	1	1.892	497	2.51	1
687	3.79	5.738	0.443	0.671	0.005	0	0.117	1	8.545	476	1.514	1
688	2.879	5.505	0.61	1.167	0.005	0	0.212	1	4.727	482	1.912	1
689	2.676	7.453	0.404	1.125	0.005	0	0.151	1	6.625	455	2.785	1
690	1.49	3.221	0.25	0.541	0.005	0	0.168	1	5.949	498	2.162	1
691	4.033	10.292	1.032	2.635	0.005	0	0.256	1	3.909	486	2.552	1
692	1.394	3.438	0.332	0.818	0.005	0	0.238	1	4.195	476	2.466	1
693	4.093	8.399	2.19	4.493	0.005	0	0.535	1	1.868	456	2.052	1
694	3.571	5.492	0.389	0.599	0.005	0	0.109	1	9.192	459	1.538	1
695	1.778	4.697	1.127	2.978	0.005	0	0.634	1	1.578	495	2.642	1
696	1.117	2.891	0.34	0.879	0.005	0	0.304	1	3.285	467	2.588	1
697	1.808	2.75	0.222	0.338	0.005	0	0.123	1	8.138	473	1.521	1
698	1.764	5.119	0.288	0.834	0.005	0	0.163	1	6.119	469	2.902	1
699	3.328	6.356	0.546	1.042	0.005	0	0.164	1	6.105	482	1.91	1
700	3.786	10.926	0.738	2.131	0.005	0	0.195	1	5.127	480	2.886	1
701	1.252	2.64	0.153	0.322	0.005	0	0.122	1	8.211	476	2.109	1
702	2.019	3.063	0.408	0.619	0.005	0	0.202	1	4.959	465	1.517	1
703	4.675	7.433	2.263	3.598	0.005	0	0.484	1	2.064	471	1.59	1
704	2.384	5.259	0.598	1.32	0.005	0	0.251	1	3.979	470	2.206	1
705	1.825	3.829	0.23	0.482	0.005	0	0.126	1	7.968	470	2.098	1
706	3.774	10.329	1.087	2.975	0.005	0	0.288	1	3.469	467	2.737	1
707	4.961	13.816	0.625	1.741	0.005	0	0.126	1	7.953	493	2.785	1
708	4.063	9.792	2.149	5.18	0.005	0	0.529	1	1.889	483	2.41	1
709	4.215	11.836	1.867	5.243	0.005	0	0.443	1	2.255	452	2.808	1
710	4.567	8.33	0.84	1.533	0.005	0	0.184	1	5.446	487	1.824	1
711	2.528	5.036	0.306	0.609	0.005	0	0.121	1	8.25	480	1.992	1
712	4.94	11.362	0.504	1.159	0.005	0	0.102	1	9.757	464	2.3	1
713	2.94	4.56	0.376	0.584	0.005	0	0.128	1	7.788	467	1.551	1
714	4.202	6.551	0.769	1.199	0.005	0	0.183	1	5.462	476	1.559	1
715	3.776	10.535	0.687	1.917	0.005	0	0.182	1	5.488	473	2.79	1
716	3.373	7.876	0.611	1.426	0.005	0	0.181	1	5.531	467	2.335	1
717	3.45	6.203	0.462	0.831	0.005	0	0.134	1	7.465	475	1.798	1
718	2.477	6.098	0.483	1.189	0.005	0	0.195	1	5.123	472	2.462	1
719	1.398	3.489	0.355	0.886	0.005	0	0.254	1	3.933	453	2.496	1
720	3.187	6.527	0.389	0.796	0.005	0	0.122	1	8.21	457	2.048	1
721	2.783	5.928	0.693	1.476	0.005	0	0.249	1	4.015	495	2.13	1
722	4.072	7.024	0.603	1.04	0.005	0	0.148	1	6.746	496	1.725	1
723	3.282	7.06	0.414	0.89	0.005	0	0.126	1	7.911	494	2.151	1
724	3.973	11.224	1.013	2.862	0.005	0	0.255	1	3.927	499	2.825	1
725	4.577	12.925	0.687	1.939	0.005	0	0.15	1	6.673	490	2.824	1
726	4.876	13.16	1.507	4.066	0.005	0	0.309	1	3.235	479	2.699	1
727	4.359	9.062	0.44	0.915	0.005	0	0.101	1	9.932	498	2.079	1
728	1.881	5.16	0.226	0.619	0.005	0	0.12	1	8.368	472	2.743	1
729	2.161	4.581	0.488	1.035	0.005	0	0.226	1	4.428	463	2.12	1
730	4.652	11.872	0.535	1.365	0.005	0	0.115	1	8.692	460	2.552	1
731	4.236	10.044	2.91	6.9	0.005	0	0.687	1	1.455	476	2.371	1
732	2.841	7.719	0.489	1.328	0.005	0	0.172	1	5.827	497	2.717	1
733	2.189	5.538	0.392	0.991	0.005	0	0.179	1	5.602	481	2.53	1
734	2.718	5.648	0.348	0.723	0.005	0	0.128	1	7.842	456	2.078	1
735	1.647	2.592	1.571	2.473	0.005	0	0.954	1	1.048	481	1.574	1
736	3.977	7.501	0.473	0.893	0.005	0	0.119	1	8.427	470	1.886	1
737	3.164	5.578	0.332	0.586	0.005	0	0.105	1	9.544	475	1.763	1
738	1.884	3.783	0.426	0.855	0.005	0	0.226	1	4.421	483	2.008	1
739	3.466	8.329	2.035	4.889	0.005	0	0.587	1	1.705	452	2.403	1
740	2.749	7.53	1.083	2.967	0.005	0	0.394	1	2.541	465	2.739	1
741	2.515	4.052	0.699	1.126	0.005	0	0.278	1	3.591	482	1.611	1
742	2.522	5.843	0.346	0.8	0.005	0	0.137	1	7.311	481	2.317	1
743	2.789	4.797	0.332	0.571	0.005	0	0.119	1	8.394	466	1.72	1
744	2.328	5.466	0.365	0.858	0.005	0	0.157	1	6.371	455	2.348	1
745	1.904	5.305	0.541	1.507	0.005	0	0.284	1	3.517	459	2.786	1
746	1.206	3.16	0.123	0.322	0.005	0	0.102	1	9.844	489	2.62	1
747	1.172	3.248	0.173	0.481	0.005	0	0.148	1	6.746	464	2.771	1
748	3.276	8.79	0.514	1.38	0.005	0	0.157	1	6.35	457	2.683	1
749	2.109	5.403	0.302	0.773	0.005	0	0.143	1	6.989	458	2.562	1
750	4.589	10.991	1.67	4.001	0.005	0	0.364	1	2.75	489	2.395	1
751	4.451	9.721	0.539	1.176	0.005	0	0.121	1	8.231	477	2.184	1
752	3.358	5.927	0.52	0.919	0.005	0	0.155	1	6.443	497	1.765	1
753	4.898	12.612	0.671	1.728	0.005	0	0.137	1	7.32	471	2.575	1
754	1.18	2.667	0.126	0.285	0.005	0	0.107	1	9.347	468	2.26	1
755	4.687	9.027	0.689	1.327	0.005	0	0.147	1	6.792	467	1.926	1
756	2.714	5.83	0.345	0.74	0.005	0	0.127	1	7.889	484	2.148	1
757	3.356	6.413	0.648	1.238	0.005	0	0.193	1	5.191	489	1.911	1
758	1.391	2.909	0.248	0.518	0.005	0	0.178	1	5.608	465	2.091	1
759	1.587	2.714	0.162	0.277	0.005	0	0.102	1	9.768	457	1.71	1
760	3.002	8.844	0.363	1.07	0.005	0	0.121	1	8.245	499	2.946	1
761	3.749	10.636	0.521	1.478	0.005	0	0.139	1	7.203	487	2.837	1
762	3.937	10.236	0.409	1.065	0.005	0	0.104	1	9.586	468	2.6	1
763	3.876	7.818	0.523	1.055	0.005	0	0.135	1	7.413	483	2.017	1
764	3.22	7.738	0.325	0.782	0.005	0	0.101	1	9.874	488	2.403	1
765	3.67	8.015	0.389	0.85	0.005	0	0.106	1	9.442	480	2.184	1
766	1.224	2.745	0.165	0.371	0.005	0	0.135	1	7.416	483	2.243	1
767	1.178	2.437	0.373	0.773	0.005	0	0.317	1	3.156	456	2.069	1
768	2.501	5.652	0.585	1.323	0.005	0	0.234	1	4.277	479	2.26	1
769	2.577	6.056	0.528	1.241	0.005	0	0.205	1	4.883	483	2.35	1
770	2.932	7.928	0.46	1.245	0.005	0	0.157	1	6.387	496	2.704	1
771	4.336	11.404	1.132	2.976	0.005	0	0.261	1	3.828	489	2.63	1
772	3.168	7.169	0.415	0.939	0.005	0	0.131	1	7.605	493	2.263	1
773	4.775	14.153	4.703	13.941	0.005	0	0.985	1	1.015	454	2.964	1
774	2.933	4.916	0.786	1.317	0.005	0	0.268	1	3.734	476	1.676	1
775	2.72	4.306	0.9	1.425	0.005	0	0.331	1	3.022	461	1.583	1
776	1.524	4.545	0.767	2.286	0.005	0	0.503	1	1.989	490	2.982	1
777	3.248	8.188	0.461	1.163	0.005	0	0.142	1	7.064	477	2.521	1
778	3.985	8.643	0.745	1.616	0.005	0	0.187	1	5.353	469	2.169	1
779	1.1	1.702	0.145	0.225	0.005	0	0.132	1	7.553	451	1.547	1
780	2.546	7.302	0.519	1.49	0.005	0	0.204	1	4.908	480	2.868	1
781	1.467	4.056	0.446	1.233	0.005	0	0.304	1	3.288	496	2.765	1
782	3.965	11.102	0.492	1.377	0.005	0	0.124	1	8.061	495	2.8	1
783	2.8	8.162	0.437	1.273	0.005	0	0.156	1	6.392	483	2.915	1
784	1.405	3.067	0.226	0.494	0.005	0	0.161	1	6.219	476	2.183	1
785	4.67	11.227	0.518	1.246	0.005	0	0.111	1	9.032	466	2.404	1
786	1.464	3.167	0.293	0.633	0.005	0	0.2	1	5.01	474	2.163	1
787	1.596	4.588	0.493	1.418	0.005	0	0.309	1	3.235	450	2.875	1
788	4.033	12.083	1.266	3.794	0.005	0	0.314	1	3.181	491	2.996	1
789	1.896	4.281	0.427	0.963	0.005	0	0.225	1	4.445	466	2.258	1
790	2.71	4.406	0.314	0.511	0.005	0	0.116	1	8.618	494	1.626	1
791	3.727	6.779	0.462	0.841	0.005	0	0.124	1	8.042	470	1.819	1
792	4.924	7.657	0.665	1.034	0.005	0	0.135	1	7.41	452	1.555	1
793	1.652	3.755	1.219	2.771	0.005	0	0.738	1	1.355	466	2.273	1
794	4.822	13.169	0.526	1.435	0.005	0	0.109	1	9.147	495	2.731	1
795	1.515	2.78	0.239	0.439	0.005	0	0.158	1	6.327	452	1.835	1
796	1.358	2.563	0.193	0.364	0.005	0	0.142	1	7.057	485	1.887	1
797	1.02	2.902	0.153	0.435	0.005	0	0.15	1	6.647	491	2.845	1
798	2.866	8.208	0.768	2.2	0.005	0	0.268	1	3.727	481	2.864	1
799	4.862	13.584	0.593	1.657	0.005	0	0.122	1	8.167	495	2.794	1
800	1.901	5.017	0.316	0.833	0.005	0	0.166	1	6.038	485	2.639	1
801	3.962	9.933	0.67	1.679	0.005	0	0.169	1	5.927	458	2.507	1
802	2.813	5.677	0.557	1.124	0.005	0	0.198	1	5.06	488	2.018	1
803	1.873	5.16	0.378	1.042	0.005	0	0.202	1	4.948	460	2.755	1
804	5.0	11.86	1.04	2.467	0.005	0	0.208	1	4.815	472	2.372	1
805	4.747	11.488	0.797	1.93	0.005	0	0.168	1	5.935	466	2.42	1
806	1.259	3.447	0.172	0.472	0.005	0	0.137	1	7.302	481	2.738	1
807	2.809	6.837	1.222	2.974	0.005	0	0.435	1	2.301	480	2.434	1
808	3.4	7.786	0.734	1.682	0.005	0	0.216	1	4.634	457	2.29	1
809	1.429	4.134	0.167	0.484	0.005	0	0.117	1	8.537	476	2.893	1
810	1.013	2.482	0.125	0.305	0.005	0	0.123	1	8.128	454	2.45	1
811	4.193	7.929	0.893	1.689	0.005	0	0.213	1	4.687	462	1.891	1
812	4.318	7.159	1.33	2.205	0.005	0	0.308	1	3.251	453	1.658	1
813	2.182	5.311	0.362	0.882	0.005	0	0.166	1	6.019	472	2.434	1
814	2.336	4.95	0.456	0.965	0.005	0	0.195	1	5.128	498	2.119	1
815	4.51	9.967	1.651	3.648	0.005	0	0.366	1	2.732	495	2.21	1
816	3.144	5.71	0.742	1.348	0.005	0	0.236	1	4.232	492	1.816	1
817	4.488	13.226	1.732	5.105	0.005	0	0.386	1	2.594	487	2.947	1
818	3.403	8.946	0.344	0.904	0.005	0	0.101	1	9.861	479	2.629	1
819	4.513	13.061	3.146	9.104	0.005	0	0.697	1	1.434	495	2.894	1
820	3.822	11.183	0.757	2.214	0.005	0	0.198	1	5.041	458	2.926	1
821	2.138	4.815	0.295	0.664	0.005	0	0.138	1	7.265	463	2.252	1
822	3.235	5.331	1.058	1.743	0.005	0	0.327	1	3.061	495	1.648	1
823	3.464	6.11	0.565	0.996	0.005	0	0.163	1	6.133	467	1.764	1
824	3.861	9.166	0.429	1.017	0.005	0	0.111	1	9.043	450	2.374	1
825	2.285	5.253	0.235	0.541	0.005	0	0.103	1	9.706	490	2.299	1
826	2.766	4.984	0.606	1.091	0.005	0	0.219	1	4.572	465	1.802	1
827	4.918	11.921	0.915	2.217	0.005	0	0.186	1	5.374	481	2.424	1
828	3.519	8.534	0.764	1.852	0.005	0	0.217	1	4.599	462	2.425	1
829	3.922	10.083	0.529	1.361	0.005	0	0.135	1	7.388	499	2.571	1
830	2.508	7.163	0.349	0.996	0.005	0	0.139	1	7.187	493	2.856	1
831	1.355	3.243	0.615	1.472	0.005	0	0.454	1	2.204	465	2.393	1
832	2.119	6.166	0.534	1.554	0.005	0	0.252	1	3.971	473	2.91	1
833	2.545	4.08	1.726	2.766	0.005	0	0.678	1	1.475	484	1.603	1
834	2.775	7.526	0.619	1.678	0.005	0	0.223	1	4.492	457	2.712	1
835	4.789	7.567	1.068	1.687	0.005	0	0.223	1	4.492	454	1.58	1
836	2.462	6.125	0.748	1.862	0.005	0	0.304	1	3.288	462	2.488	1
837	4.428	7.585	0.593	1.016	0.005	0	0.134	1	7.482	473	1.713	1
838	1.801	3.402	0.692	1.306	0.005	0	0.384	1	2.606	483	1.889	1
839	2.321	3.723	0.323	0.517	0.005	0	0.139	1	7.181	458	1.604	1
840	3.489	9.113	0.366	0.957	0.005	0	0.105	1	9.56	498	2.612	1
841	1.99	4.623	0.243	0.564	0.005	0	0.122	1	8.226	455	2.323	1
842	4.291	11.779	1.008	2.768	0.005	0	0.235	1	4.252	487	2.745	1
843	4.799	13.816	1.737	5.001	0.005	0	0.362	1	2.763	481	2.879	1
844	4.187	7.181	1.089	1.867	0.005	0	0.26	1	3.841	482	1.715	1
845	2.645	4.703	1.799	3.198	0.005	0	0.68	1	1.47	452	1.778	1
846	1.346	3.349	0.787	1.959	0.005	0	0.585	1	1.71	472	2.488	1
847	2.909	5.62	0.399	0.77	0.005	0	0.137	1	7.282	470	1.932	1
848	4.261	9.932	0.614	1.43	0.005	0	0.144	1	6.946	497	2.331	1
849	3.825	8.759	0.486	1.112	0.005	0	0.127	1	7.893	467	2.29	1
850	4.855	10.04	1.102	2.279	0.005	0	0.227	1	4.406	496	2.068	1
851	1.702	3.828	0.393	0.884	0.005	0	0.231	1	4.324	462	2.249	1
852	2.37	3.562	0.31	0.467	0.005	0	0.131	1	7.648	482	1.503	1
853	4.313	8.863	0.449	0.922	0.005	0	0.104	1	9.626	474	2.055	1
854	1.226	2.132	0.226	0.392	0.005	0	0.184	1	5.426	488	1.739	1
855	1.767	4.675	1.055	2.791	0.005	0	0.597	1	1.676	491	2.646	1
856	2.791	6.255	0.296	0.663	0.005	0	0.106	1	9.409	470	2.241	1
857	1.825	3.982	0.27	0.589	0.005	0	0.148	1	6.742	480	2.182	1
858	3.253	5.855	0.66	1.189	0.005	0	0.203	1	4.933	464	1.8	1
859	2.415	7.177	0.391	1.163	0.005	0	0.162	1	6.189	473	2.972	1
860	4.933	14.7	0.607	1.808	0.005	0	0.123	1	8.16	476	2.98	1
861	4.282	7.194	1.246	2.093	0.005	0	0.291	1	3.441	468	1.68	1
862	3.445	6.353	1.202	2.217	0.005	0	0.349	1	2.863	453	1.844	1
863	1.419	2.361	0.65	1.081	0.005	0	0.458	1	2.185	474	1.664	1
864	2.542	6.594	0.287	0.745	0.005	0	0.113	1	8.829	469	2.594	1
865	2.003	4.246	0.274	0.582	0.005	0	0.137	1	7.314	491	2.12	1
866	2.55	6.811	0.974	2.602	0.005	0	0.382	1	2.615	459	2.671	1
867	3.372	8.383	0.432	1.073	0.005	0	0.128	1	7.786	453	2.486	1
868	3.229	7.084	0.83	1.821	0.005	0	0.257	1	3.886	460	2.194	1
869	4.604	9.286	0.935	1.885	0.005	0	0.203	1	4.924	469	2.017	1
870	3.263	4.976	0.613	0.935	0.005	0	0.188	1	5.312	458	1.525	1
871	2.156	6.462	0.776	2.326	0.005	0	0.36	1	2.778	482	2.997	1
872	3.575	8.255	0.361	0.834	0.005	0	0.101	1	9.86	476	2.309	1
873	1.036	2.519	0.116	0.282	0.005	0	0.112	1	8.935	492	2.431	1
874	2.736	6.066	0.364	0.807	0.005	0	0.133	1	7.498	450	2.217	1
875	4.411	7.428	0.803	1.352	0.005	0	0.182	1	5.505	468	1.684	1
876	3.679	8.443	1.405	3.225	0.005	0	0.382	1	2.615	477	2.295	1
877	1.214	2.143	0.263	0.465	0.005	0	0.217	1	4.6	456	1.765	1
878	2.152	3.409	1.543	2.444	0.005	0	0.717	1	1.394	468	1.584	1
879	4.003	11.973	0.765	2.287	0.005	0	0.191	1	5.229	457	2.991	1
880	4.553	7.458	0.606	0.992	0.005	0	0.133	1	7.532	486	1.638	1
881	3.066	7.187	0.549	1.286	0.005	0	0.179	1	5.588	498	2.344	1
882	3.457	7.623	0.366	0.808	0.005	0	0.106	1	9.443	458	2.205	1
883	4.63	8.278	1.32	2.359	0.005	0	0.285	1	3.513	451	1.788	1
884	3.292	5.014	0.372	0.567	0.005	0	0.113	1	8.884	499	1.523	1
885	1.571	3.03	0.44	0.848	0.005	0	0.28	1	3.573	452	1.929	1
886	3.502	10.404	0.501	1.488	0.005	0	0.143	1	6.985	496	2.971	1
887	1.851	3.685	0.846	1.684	0.005	0	0.457	1	2.188	469	1.991	1
888	4.198	11.948	0.584	1.661	0.005	0	0.139	1	7.172	476	2.846	1
889	1.385	3.205	0.267	0.619	0.005	0	0.193	1	5.194	466	2.314	1
890	1.746	2.863	0.601	0.985	0.005	0	0.344	1	2.909	457	1.64	1
891	1.321	3.351	0.176	0.446	0.005	0	0.133	1	7.522	458	2.537	1
892	4.223	9.84	0.646	1.506	0.005	0	0.153	1	6.553	482	2.33	1
893	2.217	4.913	0.419	0.929	0.005	0	0.189	1	5.299	463	2.216	1
894	2.836	6.268	1.208	2.67	0.005	0	0.426	1	2.35	460	2.21	1
895	1.015	2.228	0.108	0.236	0.005	0	0.106	1	9.476	469	2.195	1
896	3.756	10.72	0.447	1.276	0.005	0	0.119	1	8.402	475	2.854	1
897	3.201	7.327	0.439	1.004	0.005	0	0.137	1	7.274	471	2.289	1
898	1.321	3.106	0.156	0.367	0.005	0	0.118	1	8.488	458	2.351	1
899	2.025	5.956	1.697	4.991	0.005	0	0.838	1	1.193	496	2.941	1
900	4.913	13.973	3.12	8.873	0.005	0	0.635	1	1.575	498	2.844	1
901	4.353	9.768	1.249	2.803	0.005	0	0.287	1	3.487	487	2.244	1
902	4.909	11.458	0.869	2.028	0.005	0	0.177	1	5.658	498	2.334	1
903	3.502	6.689	0.357	0.682	0.005	0	0.102	1	9.839	490	1.91	1
904	2.528	7.129	0.374	1.055	0.005	0	0.148	1	6.741	450	2.82	1
905	4.05	10.214	0.599	1.512	0.005	0	0.148	1	6.761	495	2.522	1
906	4.737	9.583	0.862	1.744	0.005	0	0.182	1	5.493	481	2.023	1
907	1.41	3.147	0.447	0.998	0.005	0	0.317	1	3.157	487	2.232	1
908	4.72	9.921	1.279	2.689	0.005	0	0.271	1	3.685	477	2.102	1
909	4.976	11.121	1.239	2.769	0.005	0	0.249	1	4.022	488	2.235	1
910	4.151	6.671	0.722	1.161	0.005	0	0.174	1	5.76	493	1.607	1
911	1.569	2.769	0.281	0.496	0.005	0	0.179	1	5.585	488	1.765	1
912	1.165	2.795	0.161	0.386	0.005	0	0.138	1	7.26	454	2.399	1
913	2.308	5.209	0.284	0.641	0.005	0	0.123	1	8.156	466	2.257	1
914	4.404	12.248	1.317	3.662	0.005	0	0.299	1	3.341	451	2.781	1
915	3.637	7.758	0.371	0.791	0.005	0	0.102	1	9.813	475	2.133	1
916	1.362	2.449	0.493	0.887	0.005	0	0.362	1	2.76	492	1.798	1
917	3.396	6.323	0.818	1.524	0.005	0	0.241	1	4.142	454	1.862	1
918	4.804	11.587	0.836	2.016	0.005	0	0.174	1	5.737	488	2.412	1
919	1.89	3.754	0.28	0.556	0.005	0	0.148	1	6.771	493	1.986	1
920	4.807	12.455	1.327	3.438	0.005	0	0.276	1	3.625	474	2.591	1
921	2.403	5.145	0.843	1.806	0.005	0	0.351	1	2.847	464	2.141	1
922	4.612	13.02	0.761	2.148	0.005	0	0.165	1	6.05	469	2.823	1
923	4.315	10.343	0.57	1.365	0.005	0	0.132	1	7.559	481	2.397	1
924	4.194	8.761	1.367	2.856	0.005	0	0.326	1	3.069	457	2.089	1
925	2.408	6.208	0.482	1.242	0.005	0	0.2	1	5.007	454	2.578	1
926	3.014	7.665	0.606	1.541	0.005	0	0.201	1	4.985	452	2.543	1
927	2.83	8.091	1.276	3.649	0.005	0	0.451	1	2.216	489	2.859	1
928	2.345	5.928	0.293	0.741	0.005	0	0.125	1	7.995	499	2.528	1
929	3.422	9.178	0.671	1.799	0.005	0	0.196	1	5.1	490	2.682	1
930	1.992	3.291	0.373	0.615	0.005	0	0.187	1	5.335	466	1.652	1
931	1.6	2.594	0.163	0.265	0.005	0	0.102	1	9.829	470	1.621	1
932	2.785	5.158	1.12	2.074	0.005	0	0.402	1	2.485	488	1.852	1
933	4.433	13.188	1.419	4.22	0.005	0	0.32	1	3.129	499	2.975	1
934	2.431	6.041	0.25	0.622	0.005	0	0.103	1	9.711	488	2.485	1
935	3.436	9.061	0.57	1.504	0.005	0	0.166	1	6.024	480	2.637	1
936	3.319	9.071	0.458	1.252	0.005	0	0.138	1	7.267	484	2.733	1
937	1.677	4.499	0.216	0.58	0.005	0	0.129	1	7.76	480	2.683	1
938	2.209	3.466	0.395	0.62	0.005	0	0.179	1	5.587	497	1.569	1
939	4.084	7.2	0.457	0.806	0.005	0	0.112	1	8.904	476	1.763	1
940	2.454	5.151	0.263	0.551	0.005	0	0.107	1	9.383	483	2.099	1
941	1.43	3.528	0.961	2.371	0.005	0	0.672	1	1.488	465	2.467	1
942	4.804	8.042	3.07	5.139	0.005	0	0.639	1	1.564	470	1.674	1
943	2.627	4.555	0.654	1.134	0.005	0	0.249	1	4.021	454	1.734	1
944	4.492	11.989	0.755	2.014	0.005	0	0.168	1	5.954	477	2.669	1
945	3.6	9.137	0.479	1.215	0.005	0	0.133	1	7.512	491	2.538	1
946	3.266	8.701	0.402	1.07	0.005	0	0.123	1	8.109	494	2.664	1
947	1.445	3.316	0.199	0.458	0.005	0	0.138	1	7.266	475	2.295	1
948	5.0	14.005	1.985	5.56	0.005	0	0.397	1	2.519	476	2.801	1
949	4.75	8.849	1.425	2.655	0.005	0	0.3	1	3.337	476	1.863	1
950	4.904	12.893	1.898	4.99	0.005	0	0.387	1	2.584	458	2.629	1
951	2.848	5.696	0.672	1.344	0.005	0	0.236	1	4.231	495	2.0	1
952	2.459	7.055	2.041	5.856	0.005	0	0.83	1	1.205	451	2.869	1
953	3.226	5.284	0.442	0.724	0.005	0	0.137	1	7.319	481	1.638	1
954	1.124	1.784	0.152	0.241	0.005	0	0.135	1	7.394	467	1.587	1
955	4.661	7.294	0.681	1.065	0.005	0	0.146	1	6.863	494	1.565	1
956	1.104	1.998	0.214	0.388	0.005	0	0.194	1	5.157	498	1.81	1
957	3.397	6.339	0.662	1.236	0.005	0	0.195	1	5.125	454	1.866	1
958	2.526	4.001	0.407	0.644	0.005	0	0.161	1	6.215	469	1.584	1
959	2.313	4.978	0.43	0.926	0.005	0	0.186	1	5.388	488	2.152	1
960	1.864	3.931	0.203	0.428	0.005	0	0.109	1	9.21	477	2.109	1
961	4.948	8.283	0.643	1.077	0.005	0	0.13	1	7.72	477	1.674	1
962	2.483	5.453	0.283	0.622	0.005	0	0.114	1	8.758	490	2.196	1
963	1.511	4.124	0.32	0.874	0.005	0	0.212	1	4.713	481	2.729	1
964	1.893	3.101	0.231	0.378	0.005	0	0.122	1	8.186	488	1.638	1
965	4.161	8.472	1.144	2.33	0.005	0	0.275	1	3.63	494	2.036	1
966	3.809	7.469	0.571	1.12	0.005	0	0.15	1	6.651	464	1.961	1
967	3.886	6.027	0.404	0.627	0.005	0	0.104	1	9.606	468	1.551	1
968	1.24	3.429	0.167	0.463	0.005	0	0.135	1	7.388	452	2.765	1
969	1.157	2.607	0.533	1.202	0.005	0	0.461	1	2.169	462	2.253	1
970	1.616	2.862	0.281	0.498	0.005	0	0.174	1	5.749	481	1.771	1
971	3.783	8.837	0.514	1.202	0.005	0	0.136	1	7.36	493	2.336	1
972	2.593	6.073	0.376	0.881	0.005	0	0.145	1	6.897	479	2.342	1
973	2.588	4.04	0.717	1.119	0.005	0	0.277	1	3.606	485	1.561	1
974	1.024	2.518	0.135	0.332	0.005	0	0.132	1	7.603	456	2.459	1
975	1.435	2.643	0.234	0.431	0.005	0	0.163	1	6.125	456	1.842	1
976	1.112	2.066	0.149	0.277	0.005	0	0.134	1	7.475	479	1.858	1
977	3.292	7.338	0.356	0.793	0.005	0	0.108	1	9.249	459	2.229	1
978	3.57	8.879	0.361	0.897	0.005	0	0.101	1	9.932	480	2.487	1
979	2.638	5.859	1.57	3.486	0.005	0	0.595	1	1.68	479	2.221	1
980	1.697	4.928	0.728	2.114	0.005	0	0.429	1	2.333	465	2.904	1
981	4.577	7.104	1.597	2.479	0.005	0	0.349	1	2.868	455	1.552	1
982	2.611	4.212	0.308	0.497	0.005	0	0.118	1	8.493	492	1.613	1
983	3.787	9.759	0.504	1.298	0.005	0	0.133	1	7.507	473	2.577	1
984	3.776	10.142	0.423	1.136	0.005	0	0.112	1	8.914	477	2.686	1
985	2.466	5.783	0.311	0.729	0.005	0	0.126	1	7.938	464	2.345	1
986	2.773	5.865	1.456	3.079	0.005	0	0.525	1	1.903	488	2.115	1
987	2.166	6.201	0.596	1.705	0.005	0	0.275	1	3.635	473	2.863	1
988	2.862	6.208	1.093	2.371	0.005	0	0.382	1	2.616	461	2.169	1
989	1.956	3.484	0.303	0.54	0.005	0	0.155	1	6.46	468	1.781	1
990	3.981	9.499	0.518	1.235	0.005	0	0.13	1	7.684	475	2.386	1
991	4.782	9.172	0.952	1.825	0.005	0	0.199	1	5.019	466	1.918	1
992	4.933	7.977	1.218	1.97	0.005	0	0.247	1	4.051	492	1.617	1
993	1.916	3.504	0.234	0.427	0.005	0	0.122	1	8.207	463	1.829	1
994	2.904	5.956	0.293	0.602	0.005	0	0.101	1	9.905	470	2.051	1
995	2.469	6.595	0.338	0.904	0.005	0	0.137	1	7.3	474	2.671	1
996	4.804	12.154	3.425	8.666	0.005	0	0.713	1	1.403	497	2.53	1
997	3.284	5.245	0.378	0.603	0.005	0	0.115	1	8.722	497	1.597	1
998	3.716	9.52	0.491	1.257	0.005	0	0.132	1	7.584	455	2.562	1
999	1.233	2.274	0.25	0.462	0.005	0	0.203	1	4.922	461	1.844	1
1000	4.738	13.157	4.321	11.999	0.005	0	0.912	1	1.097	455	2.777	1
1001	3.659	6.074	0.684	1.136	0.005	0	0.187	1	5.348	452	1.66	1
1002	4.936	10.445	1.313	2.778	0.005	0	0.266	1	3.761	478	2.116	1
1003	2.303	5.774	0.613	1.536	0.005	0	0.266	1	3.762	498	2.507	1
1004	3.272	7.097	0.425	0.923	0.005	0	0.13	1	7.693	493	2.169	1
1005	4.846	12.086	0.606	1.511	0.005	0	0.125	1	7.997	482	2.494	1
1006	2.243	4.549	0.574	1.165	0.005	0	0.256	1	3.904	484	2.028	1
1007	1.265	2.016	0.199	0.317	0.005	0	0.157	1	6.387	472	1.594	1
1008	1.831	2.834	0.392	0.606	0.005	0	0.214	1	4.665	471	1.548	1
1009	1.292	2.288	0.193	0.341	0.005	0	0.149	1	6.719	478	1.771	1
1010	1.04	2.068	0.241	0.48	0.005	0	0.232	1	4.317	491	1.988	1
1011	4.441	9.117	0.888	1.823	0.005	0	0.2	1	4.999	499	2.053	1
1012	3.503	5.391	1.965	3.024	0.005	0	0.561	1	1.783	480	1.539	1
1013	4.932	14.362	2.244	6.535	0.005	0	0.455	1	2.198	483	2.912	1
1014	1.703	2.837	0.211	0.352	0.005	0	0.124	1	8.061	478	1.666	1
1015	2.182	5.88	0.888	2.393	0.005	0	0.407	1	2.456	465	2.695	1
1016	4.752	7.351	2.015	3.117	0.005	0	0.424	1	2.357	487	1.547	1
1017	1.585	3.519	0.312	0.693	0.005	0	0.197	1	5.067	492	2.22	1
1018	4.411	9.647	1.178	2.576	0.005	0	0.267	1	3.745	475	2.187	1
1019	1.6	3.214	0.477	0.958	0.005	0	0.298	1	3.358	499	2.009	1
1020	2.773	5.876	2.36	5.0	0.005	0	0.851	1	1.175	471	2.119	1
1021	1.047	1.916	0.18	0.33	0.005	0	0.172	1	5.815	467	1.83	1
1022	3.062	5.677	2.296	4.258	0.005	0	0.75	1	1.333	471	1.854	1
1023	2.268	5.616	0.61	1.511	0.005	0	0.269	1	3.711	470	2.476	1
1024	3.259	7.708	0.339	0.802	0.005	0	0.104	1	9.581	496	2.365	1
1025	4.979	11.606	0.861	2.008	0.005	0	0.173	1	5.789	481	2.331	1
1026	3.507	8.746	0.393	0.98	0.005	0	0.112	1	8.966	477	2.494	1
1027	3.807	6.822	2.204	3.95	0.005	0	0.579	1	1.727	495	1.792	1
1028	3.808	7.418	1.763	3.435	0.005	0	0.463	1	2.158	485	1.948	1
1029	1.855	3.621	1.781	3.476	0.005	0	0.96	1	1.042	490	1.952	1
1030	3.365	5.963	1.454	2.576	0.005	0	0.432	1	2.315	470	1.772	1
1031	4.648	8.311	0.604	1.08	0.005	0	0.13	1	7.69	457	1.788	1
1032	4.455	9.739	0.454	0.993	0.005	0	0.102	1	9.761	464	2.186	1
1033	2.578	4.921	1.42	2.711	0.005	0	0.551	1	1.816	491	1.909	1
1034	2.45	7.024	0.274	0.787	0.005	0	0.112	1	8.962	482	2.867	1
1035	2.271	4.013	0.291	0.514	0.005	0	0.128	1	7.839	466	1.767	1
1036	2.96	6.476	0.897	1.962	0.005	0	0.303	1	3.296	457	2.188	1
1037	2.608	4.102	0.459	0.722	0.005	0	0.176	1	5.694	485	1.573	1
1038	4.853	14.268	0.563	1.655	0.005	0	0.116	1	8.618	490	2.94	1
1039	1.922	4.423	0.7	1.61	0.005	0	0.364	1	2.747	490	2.301	1
1040	4.083	11.588	0.58	1.645	0.005	0	0.142	1	7.038	495	2.838	1
1041	2.46	4.977	0.708	1.433	0.005	0	0.288	1	3.476	465	2.023	1
1042	3.818	7.88	0.851	1.757	0.005	0	0.223	1	4.491	453	2.064	1
1043	2.811	7.342	0.852	2.225	0.005	0	0.303	1	3.297	464	2.612	1
1044	2.914	6.559	0.629	1.417	0.005	0	0.216	1	4.623	499	2.251	1
1045	2.782	7.52	1.288	3.482	0.005	0	0.463	1	2.162	461	2.703	1
1046	1.575	3.237	0.369	0.757	0.005	0	0.234	1	4.27	462	2.055	1
1047	1.065	3.032	0.158	0.449	0.005	0	0.148	1	6.774	496	2.847	1
1048	4.63	9.755	0.607	1.278	0.005	0	0.131	1	7.609	468	2.107	1
1049	4.227	6.662	1.944	3.065	0.005	0	0.46	1	2.175	480	1.576	1
1050	1.739	2.694	0.285	0.442	0.005	0	0.164	1	6.114	487	1.549	1
1051	4.154	8.566	1.155	2.381	0.005	0	0.278	1	3.594	461	2.062	1
1052	3.309	7.217	1.115	2.432	0.005	0	0.337	1	2.97	499	2.181	1
1053	2.667	5.694	0.6	1.281	0.005	0	0.225	1	4.437	460	2.135	1
1054	3.226	8.539	0.494	1.306	0.005	0	0.153	1	6.548	478	2.647	1
1055	1.353	3.123	0.181	0.418	0.005	0	0.134	1	7.435	475	2.308	1
1056	2.735	6.176	0.41	0.926	0.005	0	0.15	1	6.646	492	2.258	1
1057	2.405	6.876	0.522	1.492	0.005	0	0.217	1	4.599	453	2.859	1
1058	4.87	8.493	0.73	1.274	0.005	0	0.15	1	6.687	487	1.744	1
1059	4.37	9.955	1.953	4.45	0.005	0	0.447	1	2.235	462	2.278	1
1060	4.767	8.318	2.231	3.893	0.005	0	0.468	1	2.139	470	1.745	1
1061	1.526	3.144	0.197	0.406	0.005	0	0.129	1	7.762	488	2.06	1
1062	3.932	7.278	0.448	0.83	0.005	0	0.114	1	8.777	460	1.851	1
1063	4.247	11.921	0.607	1.705	0.005	0	0.143	1	7.0	450	2.807	1
1064	4.547	12.723	0.532	1.489	0.005	0	0.117	1	8.576	452	2.798	1
1065	2.068	5.962	0.519	1.496	0.005	0	0.251	1	3.984	454	2.883	1
1066	3.403	5.663	0.568	0.946	0.005	0	0.167	1	5.996	463	1.664	1
1067	4.366	10.884	0.947	2.362	0.005	0	0.217	1	4.607	494	2.493	1
1068	2.326	5.827	0.747	1.87	0.005	0	0.321	1	3.12	497	2.505	1
1069	3.458	9.309	0.37	0.996	0.005	0	0.107	1	9.388	498	2.692	1
1070	4.34	8.354	1.102	2.122	0.005	0	0.254	1	3.943	469	1.925	1
1071	3.487	7.162	0.781	1.604	0.005	0	0.224	1	4.467	485	2.054	1
1072	3.509	7.93	1.193	2.696	0.005	0	0.34	1	2.943	471	2.26	1
1073	4.013	6.465	0.75	1.209	0.005	0	0.187	1	5.339	487	1.611	1
1074	3.686	6.425	0.568	0.989	0.005	0	0.154	1	6.499	459	1.743	1
1075	2.693	5.838	0.716	1.553	0.005	0	0.266	1	3.762	454	2.168	1
1076	3.579	9.789	3.318	9.074	0.005	0	0.927	1	1.079	498	2.735	1
1077	1.218	2.462	0.917	1.854	0.005	0	0.753	1	1.328	494	2.021	1
1078	3.428	6.709	0.782	1.53	0.005	0	0.228	1	4.378	453	1.957	1
1079	3.615	6.149	1.569	2.669	0.005	0	0.434	1	2.302	474	1.701	1
1080	2.833	6.184	0.926	2.022	0.005	0	0.327	1	3.059	461	2.183	1
1081	3.082	9.166	1.664	4.95	0.005	0	0.54	1	1.851	459	2.974	1
1082	4.857	9.491	2.074	4.053	0.005	0	0.427	1	2.343	475	1.954	1
1083	4.879	9.348	0.834	1.599	0.005	0	0.171	1	5.836	494	1.916	1
1084	4.649	10.679	2.51	5.767	0.005	0	0.54	1	1.852	455	2.297	1
1085	1.97	3.252	1.68	2.774	0.005	0	0.853	1	1.172	466	1.651	1
1086	4.604	12.767	0.668	1.851	0.005	0	0.145	1	6.882	499	2.773	1
1087	2.203	4.393	1.542	3.075	0.005	0	0.7	1	1.429	470	1.994	1
1088	4.593	8.594	0.579	1.083	0.005	0	0.126	1	7.923	479	1.871	1
1089	4.322	11.531	0.462	1.234	0.005	0	0.107	1	9.306	461	2.668	1
1090	3.509	6.814	0.432	0.838	0.005	0	0.123	1	8.105	475	1.942	1
1091	2.648	6.662	0.275	0.693	0.005	0	0.104	1	9.573	467	2.516	1
1092	1.055	3.151	0.943	2.817	0.005	0	0.894	1	1.118	469	2.987	1
1093	4.45	8.224	0.458	0.847	0.005	0	0.103	1	9.751	450	1.848	1
1094	4.987	14.108	0.708	2.003	0.005	0	0.142	1	7.051	499	2.829	1
1095	1.851	4.774	0.322	0.831	0.005	0	0.174	1	5.761	489	2.579	1
1096	2.595	7.245	0.849	2.369	0.005	0	0.327	1	3.062	480	2.792	1
1097	3.802	9.802	0.696	1.794	0.005	0	0.183	1	5.469	494	2.578	1
1098	4.084	9.557	0.866	2.026	0.005	0	0.212	1	4.722	470	2.34	1
1099	3.783	6.48	1.43	2.449	0.005	0	0.378	1	2.647	474	1.713	1
1100	1.131	1.934	0.454	0.776	0.005	0	0.401	1	2.496	474	1.71	1
1101	2.587	4.517	0.347	0.605	0.005	0	0.134	1	7.456	482	1.746	1
1102	2.503	5.902	0.34	0.803	0.005	0	0.136	1	7.376	469	2.358	1
1103	3.909	6.125	2.873	4.502	0.005	0	0.735	1	1.361	481	1.567	1
1104	2.715	5.254	1.105	2.138	0.005	0	0.407	1	2.458	457	1.935	1
1105	1.72	3.175	0.191	0.352	0.005	0	0.111	1	9.037	473	1.846	1
1106	1.587	2.868	0.338	0.611	0.005	0	0.213	1	4.688	462	1.807	1
1107	2.395	5.691	0.381	0.905	0.005	0	0.159	1	6.278	492	2.376	1
1108	3.311	6.94	0.457	0.958	0.005	0	0.138	1	7.227	459	2.096	1
1109	2.395	4.151	0.244	0.423	0.005	0	0.102	1	9.759	489	1.733	1
1110	2.777	6.068	0.928	2.027	0.005	0	0.334	1	2.992	488	2.185	1
1111	2.345	4.631	0.338	0.667	0.005	0	0.144	1	6.943	483	1.975	1
1112	2.892	7.007	1.831	4.435	0.005	0	0.633	1	1.581	494	2.423	1
1113	4.987	10.238	1.187	2.437	0.005	0	0.238	1	4.203	488	2.053	1
1114	4.743	8.547	0.631	1.137	0.005	0	0.133	1	7.546	499	1.802	1
1115	4.6	11.169	1.178	2.859	0.005	0	0.256	1	3.901	498	2.428	1
1116	1.194	3.081	0.152	0.391	0.005	0	0.127	1	7.9	499	2.58	1
1117	3.243	7.079	0.341	0.743	0.005	0	0.105	1	9.522	453	2.183	1
1118	4.267	12.157	0.956	2.723	0.005	0	0.224	1	4.458	465	2.849	1
1119	1.722	3.286	1.083	2.067	0.005	0	0.629	1	1.589	495	1.908	1
1120	4.004	6.815	0.541	0.92	0.005	0	0.135	1	7.413	475	1.702	1
1121	4.63	9.626	0.556	1.155	0.005	0	0.12	1	8.324	484	2.079	1
1122	1.152	1.779	0.281	0.434	0.005	0	0.244	1	4.105	496	1.544	1
1123	3.286	8.977	0.526	1.436	0.005	0	0.16	1	6.238	485	2.732	1
1124	4.055	11.094	0.47	1.287	0.005	0	0.116	1	8.652	481	2.736	1
1125	2.543	6.075	0.308	0.735	0.005	0	0.121	1	8.254	472	2.389	1
1126	4.763	9.793	0.576	1.185	0.005	0	0.121	1	8.253	457	2.056	1
1127	1.998	5.646	0.246	0.694	0.005	0	0.123	1	8.133	492	2.826	1
1128	1.674	4.197	0.465	1.167	0.005	0	0.278	1	3.599	491	2.507	1
1129	4.727	13.916	0.96	2.825	0.005	0	0.203	1	4.923	494	2.944	1
1130	1.417	2.833	0.153	0.306	0.005	0	0.108	1	9.281	473	1.999	1
1131	4.477	6.948	0.636	0.987	0.005	0	0.142	1	7.059	497	1.552	1
1132	2.201	4.558	0.788	1.632	0.005	0	0.358	1	2.795	482	2.071	1
1133	3.67	6.037	1.773	2.916	0.005	0	0.483	1	2.071	474	1.645	1
1134	1.486	4.375	0.318	0.936	0.005	0	0.214	1	4.675	459	2.944	1
1135	4.51	8.925	2.093	4.141	0.005	0	0.464	1	2.156	466	1.979	1
1136	4.4	6.701	0.964	1.468	0.005	0	0.219	1	4.567	464	1.523	1
1137	3.465	7.36	0.748	1.59	0.005	0	0.216	1	4.622	467	2.124	1
1138	3.107	7.948	0.382	0.978	0.005	0	0.123	1	8.139	472	2.558	1
1139	4.042	7.631	1.249	2.358	0.005	0	0.309	1	3.237	478	1.888	1
1140	1.03	1.703	0.194	0.32	0.005	0	0.188	1	5.321	473	1.653	1
1141	2.425	7.003	1.225	3.537	0.005	0	0.505	1	1.98	482	2.888	1
1142	3.372	6.835	0.894	1.811	0.005	0	0.265	1	3.77	477	2.027	1
1143	2.861	6.254	0.329	0.719	0.005	0	0.115	1	8.681	463	2.186	1
1144	4.487	7.036	1.66	2.603	0.005	0	0.37	1	2.701	452	1.568	1
1145	4.875	10.238	1.233	2.59	0.005	0	0.253	1	3.958	466	2.1	1
1146	2.779	4.872	0.459	0.804	0.005	0	0.165	1	6.049	464	1.753	1
1147	2.326	5.766	0.523	1.297	0.005	0	0.225	1	4.453	493	2.479	1
1148	1.74	3.085	0.221	0.392	0.005	0	0.127	1	7.899	477	1.773	1
1149	3.264	8.999	0.532	1.467	0.005	0	0.163	1	6.135	483	2.757	1
1150	3.801	10.966	0.452	1.305	0.005	0	0.119	1	8.429	477	2.885	1
1151	4.224	10.767	0.71	1.809	0.005	0	0.168	1	5.953	464	2.549	1
1152	4.678	11.859	0.861	2.182	0.005	0	0.184	1	5.44	454	2.535	1
1153	3.891	10.86	0.475	1.325	0.005	0	0.122	1	8.178	461	2.791	1
1154	1.942	3.997	0.486	0.999	0.005	0	0.25	1	3.999	474	2.058	1
1155	4.091	6.456	0.442	0.697	0.005	0	0.108	1	9.282	498	1.578	1
1156	1.929	3.679	0.28	0.533	0.005	0	0.145	1	6.92	480	1.907	1
1157	2.257	6.245	0.783	2.167	0.005	0	0.347	1	2.878	485	2.767	1
1158	2.088	4.493	0.495	1.065	0.005	0	0.237	1	4.217	464	2.152	1
1159	2.512	6.232	0.301	0.748	0.005	0	0.12	1	8.311	482	2.481	1
1160	4.949	9.339	1.104	2.083	0.005	0	0.223	1	4.479	468	1.887	1
1161	4.226	10.388	0.668	1.641	0.005	0	0.158	1	6.348	458	2.458	1
1162	4.003	9.647	0.46	1.109	0.005	0	0.115	1	8.691	492	2.41	1
1163	4.058	9.301	2.906	6.66	0.005	0	0.716	1	1.396	489	2.292	1
1164	4.411	8.509	1.861	3.591	0.005	0	0.422	1	2.371	497	1.929	1
1165	2.457	6.568	0.649	1.734	0.005	0	0.264	1	3.787	493	2.673	1
1166	1.146	3.111	0.503	1.366	0.005	0	0.439	1	2.276	498	2.715	1
1167	2.531	6.588	0.266	0.692	0.005	0	0.105	1	9.514	498	2.603	1
1168	1.069	2.16	0.164	0.33	0.005	0	0.153	1	6.551	468	2.021	1
1169	4.777	8.78	2.795	5.136	0.005	0	0.585	1	1.708	473	1.838	1
1170	3.043	7.285	1.302	3.118	0.005	0	0.428	1	2.338	473	2.394	1
1171	1.695	3.673	0.731	1.583	0.005	0	0.431	1	2.322	497	2.167	1
1172	2.968	4.868	0.487	0.798	0.005	0	0.164	1	6.087	456	1.64	1
1173	2.004	4.882	0.413	1.006	0.005	0	0.206	1	4.864	498	2.436	1
1174	1.9	2.888	0.384	0.583	0.005	0	0.202	1	4.958	499	1.52	1
1175	4.176	7.939	2.773	5.271	0.005	0	0.664	1	1.507	474	1.901	1
1176	4.841	14.436	0.678	2.021	0.005	0	0.14	1	7.129	489	2.982	1
1177	3.661	7.549	0.37	0.762	0.005	0	0.101	1	9.887	455	2.062	1
1178	4.902	10.329	2.103	4.431	0.005	0	0.429	1	2.331	490	2.107	1
1179	1.602	3.816	0.649	1.545	0.005	0	0.405	1	2.471	477	2.382	1
1180	1.588	2.703	0.268	0.457	0.005	0	0.169	1	5.912	492	1.702	1
1181	2.39	4.543	0.33	0.627	0.005	0	0.138	1	7.244	461	1.901	1
1182	1.428	3.286	0.378	0.871	0.005	0	0.265	1	3.775	497	2.301	1
1183	4.313	12.43	0.785	2.262	0.005	0	0.182	1	5.489	452	2.882	1
1184	1.749	4.808	0.404	1.111	0.005	0	0.231	1	4.332	487	2.749	1
1185	1.28	1.994	0.278	0.433	0.005	0	0.217	1	4.598	499	1.558	1
1186	2.089	5.741	0.278	0.764	0.005	0	0.133	1	7.523	470	2.748	1
1187	2.364	4.116	0.281	0.49	0.005	0	0.119	1	8.392	481	1.741	1
1188	4.655	9.054	0.517	1.005	0.005	0	0.111	1	9.014	495	1.945	1
1189	3.891	7.128	0.86	1.575	0.005	0	0.221	1	4.52	472	1.832	1
1190	3.137	7.632	0.847	2.061	0.005	0	0.27	1	3.698	451	2.433	1
1191	2.87	7.344	0.921	2.357	0.005	0	0.321	1	3.112	450	2.559	1
1192	4.072	6.397	0.908	1.427	0.005	0	0.223	1	4.492	470	1.571	1
1193	2.593	6.931	0.436	1.164	0.005	0	0.168	1	5.966	496	2.673	1
1194	4.47	8.448	0.59	1.115	0.005	0	0.132	1	7.592	475	1.89	1
1195	2.366	4.734	0.371	0.743	0.005	0	0.157	1	6.36	451	2.001	1
1196	3.525	6.937	0.666	1.311	0.005	0	0.189	1	5.288	486	1.968	1
1197	1.399	3.65	0.18	0.471	0.005	0	0.129	1	7.737	471	2.609	1
1198	1.135	3.086	0.497	1.352	0.005	0	0.438	1	2.281	451	2.719	1
1199	1.443	2.861	0.343	0.681	0.005	0	0.238	1	4.195	489	1.983	1
1200	3.652	5.536	0.632	0.958	0.005	0	0.173	1	5.784	466	1.516	1
1201	1.436	3.659	0.181	0.461	0.005	0	0.126	1	7.929	455	2.548	1
1202	2.62	6.537	0.367	0.915	0.005	0	0.14	1	7.135	468	2.495	1
1203	2.916	7.809	0.889	2.382	0.005	0	0.305	1	3.276	483	2.678	1
1204	1.092	2.128	0.308	0.6	0.005	0	0.282	1	3.544	462	1.949	1
1205	2.08	5.262	0.697	1.763	0.005	0	0.335	1	2.987	498	2.53	1
1206	4.909	9.818	0.869	1.738	0.005	0	0.177	1	5.647	450	2.0	1
1207	3.894	6.456	1.047	1.737	0.005	0	0.269	1	3.717	463	1.658	1
1208	2.792	7.966	0.821	2.342	0.005	0	0.294	1	3.399	483	2.853	1
1209	2.375	4.767	0.297	0.596	0.005	0	0.125	1	7.97	468	2.007	1
1210	2.862	4.499	0.424	0.666	0.005	0	0.148	1	6.774	488	1.572	1
1211	4.707	7.098	1.633	2.463	0.005	0	0.347	1	2.881	482	1.508	1
1212	4.431	11.928	1.95	5.248	0.005	0	0.44	1	2.273	458	2.692	1
1213	2.2	4.116	0.224	0.42	0.005	0	0.102	1	9.794	480	1.871	1
1214	3.894	9.723	1.737	4.336	0.005	0	0.446	1	2.244	481	2.497	1
1215	3.006	5.591	0.379	0.704	0.005	0	0.126	1	7.944	490	1.86	1
1216	1.893	3.167	0.808	1.352	0.005	0	0.427	1	2.34	491	1.673	1
1217	3.782	7.122	0.938	1.766	0.005	0	0.248	1	4.028	454	1.883	1
1218	2.385	5.898	1.538	3.804	0.005	0	0.645	1	1.55	453	2.473	1
1219	1.621	4.599	0.162	0.46	0.005	0	0.1	1	9.964	463	2.837	1
1220	2.375	6.237	0.489	1.285	0.005	0	0.206	1	4.85	481	2.626	1
1221	2.7	8.089	1.453	4.352	0.005	0	0.538	1	1.859	468	2.996	1
1222	4.959	8.976	0.511	0.925	0.005	0	0.103	1	9.743	484	1.81	1
1223	1.395	3.854	0.259	0.717	0.005	0	0.186	1	5.372	483	2.763	1
1224	3.4	5.651	0.357	0.593	0.005	0	0.105	1	9.516	451	1.662	1
1225	4.724	7.166	3.118	4.73	0.005	0	0.66	1	1.515	490	1.517	1
1226	3.14	7.527	1.052	2.522	0.005	0	0.335	1	2.989	458	2.397	1
1227	3.035	8.237	0.461	1.252	0.005	0	0.152	1	6.597	473	2.714	1
1228	3.425	5.785	1.473	2.488	0.005	0	0.43	1	2.323	476	1.689	1
1229	2.69	8.022	0.366	1.091	0.005	0	0.136	1	7.327	479	2.982	1
1230	2.906	8.352	0.436	1.253	0.005	0	0.15	1	6.687	482	2.874	1
1231	4.95	13.766	0.579	1.611	0.005	0	0.117	1	8.522	451	2.781	1
1232	2.027	5.205	0.27	0.692	0.005	0	0.133	1	7.502	467	2.568	1
1233	4.061	10.599	0.459	1.198	0.005	0	0.113	1	8.884	470	2.61	1
1234	3.701	6.732	1.232	2.242	0.005	0	0.333	1	3.005	451	1.819	1
1235	3.441	5.172	0.375	0.564	0.005	0	0.109	1	9.149	481	1.503	1
1236	3.283	7.988	0.404	0.983	0.005	0	0.123	1	8.127	484	2.433	1
1237	2.523	7.309	0.411	1.191	0.005	0	0.163	1	6.139	461	2.897	1
1238	3.07	8.636	0.319	0.898	0.005	0	0.104	1	9.604	455	2.813	1
1239	4.873	8.411	0.643	1.11	0.005	0	0.132	1	7.582	471	1.726	1
1240	4.012	11.374	0.405	1.149	0.005	0	0.101	1	9.892	493	2.835	1
1241	1.821	4.217	0.249	0.578	0.005	0	0.137	1	7.299	462	2.316	1
1242	2.065	3.69	0.442	0.79	0.005	0	0.214	1	4.668	475	1.787	1
1243	1.753	5.135	0.391	1.145	0.005	0	0.223	1	4.492	491	2.929	1
1244	4.325	6.998	3.131	5.067	0.005	0	0.724	1	1.381	482	1.618	1
1245	3.246	9.264	0.344	0.982	0.005	0	0.106	1	9.443	478	2.854	1
1246	1.374	3.827	0.394	1.098	0.005	0	0.287	1	3.482	458	2.785	1
1247	2.537	6.454	0.609	1.549	0.005	0	0.24	1	4.163	484	2.544	1
1248	2.558	4.955	1.062	2.056	0.005	0	0.415	1	2.409	451	1.937	1
1249	1.727	4.929	0.216	0.616	0.005	0	0.125	1	8.028	486	2.854	1
1250	4.814	8.035	0.558	0.932	0.005	0	0.116	1	8.622	472	1.669	1
1251	4.933	11.045	3.044	6.815	0.005	0	0.617	1	1.622	486	2.239	1
1252	1.433	3.219	0.397	0.892	0.005	0	0.277	1	3.613	474	2.246	1
1253	2.213	4.034	0.569	1.037	0.005	0	0.257	1	3.892	482	1.823	1
1254	1.571	2.441	0.333	0.517	0.005	0	0.212	1	4.71	489	1.554	1
1255	3.638	6.541	0.575	1.033	0.005	0	0.158	1	6.322	453	1.798	1
1256	2.802	4.402	0.347	0.546	0.005	0	0.124	1	8.09	499	1.571	1
1257	3.76	9.866	0.643	1.687	0.005	0	0.171	1	5.832	480	2.624	1
1258	2.272	4.044	0.845	1.504	0.005	0	0.372	1	2.685	456	1.78	1
1259	3.342	9.09	0.498	1.354	0.005	0	0.149	1	6.728	480	2.72	1
1260	2.349	6.894	0.482	1.413	0.005	0	0.205	1	4.876	477	2.935	1
1261	1.11	1.886	0.769	1.307	0.005	0	0.693	1	1.442	467	1.699	1
1262	3.277	7.436	0.406	0.922	0.005	0	0.124	1	8.094	494	2.269	1
1263	1.428	4.267	0.18	0.538	0.005	0	0.126	1	7.926	482	2.988	1
1264	4.152	11.804	0.565	1.605	0.005	0	0.136	1	7.376	496	2.843	1
1265	3.362	9.333	1.466	4.069	0.005	0	0.436	1	2.292	486	2.776	1
1266	1.105	2.632	0.357	0.85	0.005	0	0.323	1	3.094	480	2.382	1
1267	2.955	5.821	0.691	1.362	0.005	0	0.234	1	4.273	493	1.97	1
1268	2.848	7.926	0.347	0.967	0.005	0	0.122	1	8.21	451	2.783	1
1269	3.611	9.898	2.026	5.553	0.005	0	0.561	1	1.782	465	2.741	1
1270	2.093	3.409	0.684	1.115	0.005	0	0.327	1	3.062	453	1.629	1
1271	2.883	5.691	0.66	1.303	0.005	0	0.229	1	4.375	483	1.974	1
1272	2.611	6.321	0.658	1.593	0.005	0	0.252	1	3.969	473	2.421	1
1273	4.119	10.503	0.482	1.229	0.005	0	0.117	1	8.564	450	2.55	1
1274	2.867	5.118	0.393	0.701	0.005	0	0.137	1	7.281	460	1.785	1
1275	3.18	5.899	0.467	0.867	0.005	0	0.147	1	6.814	461	1.855	1
1276	3.314	7.364	3.301	7.335	0.005	0	0.996	1	1.004	481	2.222	1
1277	4.547	10.222	4.192	9.425	0.005	0	0.922	1	1.085	492	2.248	1
1278	4.288	8.362	0.489	0.953	0.005	0	0.114	1	8.784	465	1.95	1
1279	2.54	5.207	0.368	0.755	0.005	0	0.145	1	6.88	472	2.05	1
1280	4.065	11.691	0.565	1.625	0.005	0	0.139	1	7.19	458	2.876	1
1281	3.177	9.261	1.16	3.38	0.005	0	0.365	1	2.741	465	2.915	1
1282	3.522	9.622	0.373	1.02	0.005	0	0.106	1	9.427	475	2.732	1
1283	2.959	6.249	1.314	2.775	0.005	0	0.444	1	2.25	481	2.112	1
1284	1.735	3.574	0.305	0.629	0.005	0	0.176	1	5.67	481	2.06	1
1285	3.973	6.226	1.418	2.223	0.005	0	0.357	1	2.804	495	1.567	1
1286	4.083	8.872	0.841	1.828	0.005	0	0.206	1	4.857	475	2.173	1
1287	1.372	3.512	0.476	1.219	0.005	0	0.347	1	2.884	458	2.56	1
1288	3.529	5.615	0.723	1.151	0.005	0	0.205	1	4.869	453	1.591	1
1289	4.611	10.859	0.913	2.15	0.005	0	0.198	1	5.042	496	2.355	1
1290	3.495	8.283	1.014	2.402	0.005	0	0.29	1	3.452	478	2.37	1
1291	2.366	6.322	0.345	0.923	0.005	0	0.146	1	6.848	487	2.672	1
1292	3.125	7.516	0.703	1.691	0.005	0	0.225	1	4.439	462	2.405	1
1293	4.329	9.104	0.593	1.247	0.005	0	0.137	1	7.313	470	2.103	1
1294	4.117	11.136	0.445	1.203	0.005	0	0.108	1	9.248	454	2.705	1
1295	2.32	5.176	0.264	0.59	0.005	0	0.114	1	8.744	460	2.231	1
1296	4.029	7.579	0.737	1.387	0.005	0	0.183	1	5.478	475	1.881	1
1297	2.108	5.127	1.024	2.492	0.005	0	0.486	1	2.058	462	2.432	1
1298	2.596	4.745	0.537	0.982	0.005	0	0.207	1	4.821	459	1.828	1
1299	4.628	12.422	0.565	1.515	0.005	0	0.122	1	8.193	455	2.684	1
1300	3.604	6.361	1.474	2.602	0.005	0	0.409	1	2.446	467	1.765	1
1301	4.299	6.663	1.053	1.632	0.005	0	0.245	1	4.089	452	1.55	1
1302	4.713	11.01	1.965	4.591	0.005	0	0.417	1	2.399	489	2.336	1
1303	3.737	9.066	1.065	2.584	0.005	0	0.285	1	3.503	482	2.426	1
1304	1.218	3.511	0.326	0.941	0.005	0	0.268	1	3.736	498	2.883	1
1305	3.378	6.05	0.571	1.022	0.005	0	0.169	1	5.925	452	1.791	1
1306	1.72	3.118	0.248	0.449	0.005	0	0.144	1	6.923	473	1.813	1
1307	4.592	7.251	0.482	0.761	0.005	0	0.105	1	9.516	456	1.579	1
1308	1.363	3.131	0.365	0.839	0.005	0	0.268	1	3.725	463	2.297	1
1309	1.861	3.804	0.285	0.582	0.005	0	0.153	1	6.521	499	2.044	1
1310	3.118	7.305	0.714	1.673	0.005	0	0.229	1	4.371	490	2.343	1
1311	4.959	11.639	0.997	2.339	0.005	0	0.201	1	4.976	483	2.347	1
1312	1.321	2.896	0.291	0.637	0.005	0	0.22	1	4.538	471	2.192	1
1313	1.829	3.548	0.302	0.585	0.005	0	0.165	1	6.05	494	1.94	1
1314	1.644	4.008	0.786	1.916	0.005	0	0.478	1	2.091	471	2.438	1
1315	1.949	5.274	0.199	0.538	0.005	0	0.102	1	9.826	484	2.706	1
1316	3.497	8.274	0.472	1.117	0.005	0	0.135	1	7.407	487	2.366	1
1317	2.006	3.113	0.441	0.685	0.005	0	0.22	1	4.539	492	1.552	1
1318	3.593	5.964	0.568	0.942	0.005	0	0.158	1	6.326	473	1.66	1
1319	4.296	11.191	0.468	1.22	0.005	0	0.109	1	9.147	458	2.605	1
1320	2.092	4.015	0.642	1.233	0.005	0	0.307	1	3.256	467	1.919	1
1321	1.349	3.882	0.135	0.388	0.005	0	0.1	1	9.954	459	2.878	1
1322	4.043	10.148	1.751	4.394	0.005	0	0.433	1	2.309	451	2.51	1
1323	3.203	5.468	1.986	3.39	0.005	0	0.62	1	1.612	487	1.707	1
1324	3.634	9.652	0.523	1.39	0.005	0	0.144	1	6.938	453	2.656	1
1325	1.296	1.953	0.15	0.227	0.005	0	0.116	1	8.639	468	1.507	1
1326	1.067	2.135	0.165	0.331	0.005	0	0.155	1	6.437	499	2.001	1
1327	1.53	4.301	0.256	0.718	0.005	0	0.167	1	5.972	460	2.811	1
1328	4.946	10.317	1.241	2.59	0.005	0	0.251	1	3.979	464	2.086	1
1329	4.05	10.749	0.976	2.591	0.005	0	0.241	1	4.142	471	2.654	1
1330	2.534	6.928	0.431	1.178	0.005	0	0.17	1	5.871	492	2.734	1
1331	1.597	3.422	0.169	0.363	0.005	0	0.106	1	9.456	453	2.143	1
1332	3.978	9.114	0.589	1.349	0.005	0	0.148	1	6.763	457	2.291	1
1333	3.911	6.922	0.399	0.706	0.005	0	0.102	1	9.818	474	1.77	1
1334	2.705	4.258	0.538	0.847	0.005	0	0.199	1	5.03	482	1.574	1
1335	2.558	5.175	0.333	0.673	0.005	0	0.13	1	7.676	494	2.023	1
1336	2.585	7.445	0.297	0.856	0.005	0	0.115	1	8.729	495	2.88	1
1337	3.474	6.945	0.862	1.722	0.005	0	0.248	1	4.026	467	1.999	1
1338	2.199	5.918	0.279	0.752	0.005	0	0.127	1	7.889	474	2.691	1
1339	2.664	6.476	0.594	1.444	0.005	0	0.223	1	4.481	464	2.431	1
1340	4.708	13.281	1.62	4.569	0.005	0	0.344	1	2.904	496	2.821	1
1341	4.649	7.94	0.874	1.493	0.005	0	0.188	1	5.313	493	1.708	1
1342	4.48	9.139	2.15	4.387	0.005	0	0.48	1	2.085	484	2.04	1
1343	3.731	7.742	0.593	1.231	0.005	0	0.159	1	6.288	487	2.075	1
1344	2.893	5.517	1.07	2.041	0.005	0	0.37	1	2.703	495	1.907	1
1345	3.102	5.742	0.382	0.706	0.005	0	0.123	1	8.138	475	1.851	1
1346	1.351	2.964	0.808	1.772	0.005	0	0.598	1	1.672	497	2.194	1
1347	2.15	4.414	0.937	1.925	0.005	0	0.436	1	2.296	494	2.053	1
1348	4.132	10.458	0.529	1.339	0.005	0	0.128	1	7.829	455	2.531	1
1349	1.312	2.127	0.147	0.238	0.005	0	0.112	1	8.94	499	1.621	1
1350	1.127	3.126	0.154	0.428	0.005	0	0.137	1	7.275	462	2.774	1
1351	3.315	7.764	0.358	0.839	0.005	0	0.108	1	9.301	470	2.342	1
1352	1.406	2.614	0.377	0.701	0.005	0	0.268	1	3.737	461	1.859	1
1353	1.677	4.945	0.434	1.281	0.005	0	0.259	1	3.857	479	2.949	1
1354	1.206	2.664	0.673	1.487	0.005	0	0.558	1	1.793	455	2.209	1
1355	1.606	4.559	1.253	3.556	0.005	0	0.78	1	1.282	467	2.839	1
1356	4.157	11.44	0.453	1.247	0.005	0	0.109	1	9.177	462	2.752	1
1357	3.909	9.511	0.446	1.084	0.005	0	0.114	1	8.789	495	2.433	1
1358	1.709	3.003	0.359	0.631	0.005	0	0.21	1	4.77	455	1.757	1
1359	4.746	13.73	0.902	2.609	0.005	0	0.19	1	5.273	491	2.893	1
1360	3.804	8.175	1.187	2.551	0.005	0	0.312	1	3.204	474	2.149	1
1361	4.632	11.9	0.996	2.558	0.005	0	0.215	1	4.652	477	2.569	1
1362	4.33	12.609	1.567	4.564	0.005	0	0.362	1	2.762	458	2.912	1
1363	4.417	7.041	0.76	1.211	0.005	0	0.172	1	5.798	473	1.594	1
1364	1.412	2.67	0.203	0.384	0.005	0	0.144	1	6.936	478	1.891	1
1365	3.692	8.595	3.053	7.108	0.005	0	0.827	1	1.209	499	2.328	1
1366	2.0	5.818	0.67	1.949	0.005	0	0.335	1	2.982	485	2.909	1
1367	1.015	2.639	0.642	1.67	0.005	0	0.633	1	1.58	487	2.6	1
1368	2.757	6.043	0.4	0.876	0.005	0	0.145	1	6.876	476	2.192	1
1369	1.062	3.055	0.306	0.88	0.005	0	0.288	1	3.47	474	2.877	1
1370	4.59	7.771	0.771	1.306	0.005	0	0.168	1	5.939	451	1.693	1
1371	2.224	4.392	0.222	0.439	0.005	0	0.1	1	9.982	458	1.975	1
1372	4.089	9.965	0.654	1.594	0.005	0	0.16	1	6.259	461	2.437	1
1373	4.364	6.773	0.554	0.86	0.005	0	0.127	1	7.869	472	1.552	1
1374	3.886	8.475	1.084	2.365	0.005	0	0.279	1	3.588	498	2.181	1
1375	1.931	3.082	0.384	0.613	0.005	0	0.199	1	5.031	465	1.596	1
1376	3.188	8.257	0.386	0.999	0.005	0	0.121	1	8.242	496	2.59	1
1377	3.497	8.354	0.374	0.894	0.005	0	0.107	1	9.381	452	2.389	1
1378	1.226	1.962	0.243	0.388	0.005	0	0.198	1	5.038	485	1.6	1
1379	3.95	10.416	0.616	1.625	0.005	0	0.156	1	6.402	482	2.637	1
1380	2.381	5.081	0.238	0.508	0.005	0	0.1	1	9.969	459	2.134	1
1381	2.967	7.367	0.303	0.751	0.005	0	0.102	1	9.843	455	2.483	1
1382	4.588	8.97	1.367	2.673	0.005	0	0.298	1	3.359	451	1.955	1
1383	3.239	7.456	1.153	2.654	0.005	0	0.356	1	2.809	458	2.302	1
1384	2.482	4.584	0.861	1.591	0.005	0	0.347	1	2.881	464	1.847	1
1385	4.489	10.428	0.525	1.22	0.005	0	0.117	1	8.532	473	2.323	1
1386	1.599	2.47	0.411	0.635	0.005	0	0.257	1	3.894	486	1.545	1
1387	3.641	7.362	1.009	2.039	0.005	0	0.277	1	3.613	482	2.022	1
1388	2.575	4.658	0.278	0.503	0.005	0	0.108	1	9.285	477	1.809	1
1389	2.122	5.566	0.242	0.635	0.005	0	0.114	1	8.744	474	2.623	1
1390	4.991	7.851	0.549	0.864	0.005	0	0.11	1	9.088	458	1.573	1
1391	1.462	4.246	0.177	0.514	0.005	0	0.121	1	8.238	488	2.904	1
1392	2.187	4.37	0.326	0.651	0.005	0	0.149	1	6.705	482	1.998	1
1393	4.609	11.578	0.654	1.644	0.005	0	0.142	1	7.025	494	2.512	1
1394	1.043	2.363	0.113	0.255	0.005	0	0.108	1	9.285	451	2.266	1
1395	2.16	3.936	0.503	0.917	0.005	0	0.233	1	4.293	484	1.822	1
1396	4.514	7.656	0.46	0.781	0.005	0	0.102	1	9.802	491	1.696	1
1397	4.458	9.808	0.535	1.177	0.005	0	0.12	1	8.366	482	2.2	1
1398	3.53	5.306	0.787	1.183	0.005	0	0.223	1	4.491	478	1.503	1
1399	1.555	2.962	0.446	0.85	0.005	0	0.287	1	3.485	491	1.905	1
1400	3.074	5.229	0.661	1.124	0.005	0	0.215	1	4.644	458	1.701	1
1401	3.415	8.807	0.615	1.585	0.005	0	0.18	1	5.551	480	2.579	1
1402	2.994	6.796	1.359	3.085	0.005	0	0.454	1	2.203	461	2.27	1
1403	3.472	5.923	0.413	0.705	0.005	0	0.119	1	8.375	462	1.706	1
1404	1.384	2.571	0.141	0.262	0.005	0	0.102	1	9.761	476	1.858	1
1405	1.232	2.062	0.7	1.171	0.005	0	0.568	1	1.762	490	1.674	1
1406	3.108	7.055	0.842	1.912	0.005	0	0.271	1	3.695	477	2.27	1
1407	3.59	7.654	0.449	0.957	0.005	0	0.125	1	8.014	451	2.132	1
1408	1.957	5.861	0.276	0.826	0.005	0	0.141	1	7.069	457	2.995	1
1409	2.712	7.949	0.325	0.954	0.005	0	0.12	1	8.363	471	2.931	1
1410	3.736	6.359	1.539	2.62	0.005	0	0.412	1	2.425	494	1.702	1
1411	2.617	4.459	0.607	1.034	0.005	0	0.232	1	4.307	475	1.704	1
1412	2.237	6.261	0.38	1.064	0.005	0	0.17	1	5.877	494	2.799	1
1413	3.79	7.262	0.875	1.678	0.005	0	0.231	1	4.331	469	1.916	1
1414	4.501	13.228	0.882	2.593	0.005	0	0.196	1	5.095	498	2.939	1
1415	1.785	4.65	0.191	0.498	0.005	0	0.107	1	9.335	496	2.605	1
1416	2.488	6.28	0.527	1.331	0.005	0	0.212	1	4.717	485	2.524	1
1417	4.064	11.619	0.979	2.8	0.005	0	0.241	1	4.154	464	2.859	1
1418	4.9	10.28	0.735	1.542	0.005	0	0.15	1	6.645	455	2.098	1
1419	2.203	5.893	0.414	1.108	0.005	0	0.188	1	5.306	496	2.675	1
1420	1.545	3.486	0.879	1.984	0.005	0	0.569	1	1.759	483	2.256	1
1421	2.179	4.301	0.353	0.697	0.005	0	0.162	1	6.172	456	1.974	1
1422	1.879	4.681	0.413	1.03	0.005	0	0.22	1	4.541	459	2.491	1
1423	4.93	13.671	0.818	2.269	0.005	0	0.166	1	6.013	467	2.773	1
1424	3.794	8.445	1.434	3.192	0.005	0	0.378	1	2.648	470	2.226	1
1425	4.633	12.027	1.089	2.826	0.005	0	0.235	1	4.262	480	2.596	1
1426	3.286	8.038	1.429	3.497	0.005	0	0.435	1	2.301	493	2.446	1
1427	2.435	3.918	0.256	0.411	0.005	0	0.105	1	9.548	469	1.609	1
1428	3.29	5.869	0.451	0.804	0.005	0	0.137	1	7.319	487	1.784	1
1429	2.925	8.336	0.369	1.05	0.005	0	0.126	1	7.937	483	2.85	1
1430	2.973	8.321	0.303	0.849	0.005	0	0.102	1	9.833	455	2.799	1
1431	4.36	13.054	0.497	1.488	0.005	0	0.114	1	8.788	465	2.994	1
1432	1.074	2.802	0.199	0.518	0.005	0	0.185	1	5.398	487	2.609	1
1433	2.953	7.634	0.313	0.809	0.005	0	0.106	1	9.398	474	2.585	1
1434	4.99	14.965	0.803	2.409	0.005	0	0.161	1	6.216	481	2.999	1
1435	2.695	7.037	0.321	0.837	0.005	0	0.119	1	8.381	486	2.611	1
1436	1.297	2.172	0.244	0.408	0.005	0	0.188	1	5.311	466	1.675	1
1437	2.285	5.585	0.839	2.05	0.005	0	0.367	1	2.723	453	2.444	1
1438	1.378	4.049	0.187	0.551	0.005	0	0.136	1	7.372	456	2.938	1
1439	3.294	5.768	0.376	0.658	0.005	0	0.114	1	8.81	496	1.751	1
1440	3.143	6.933	0.374	0.825	0.005	0	0.119	1	8.431	482	2.206	1
1441	3.26	9.78	0.505	1.516	0.005	0	0.155	1	6.447	485	3.0	1
1442	2.241	4.724	1.416	2.986	0.005	0	0.632	1	1.583	485	2.108	1
1443	1.885	3.103	0.679	1.117	0.005	0	0.36	1	2.779	497	1.646	1
1444	3.174	6.973	0.959	2.106	0.005	0	0.302	1	3.309	499	2.197	1
1445	4.005	7.618	0.849	1.615	0.005	0	0.212	1	4.708	457	1.902	1
1446	2.537	5.926	0.515	1.203	0.005	0	0.203	1	4.923	452	2.336	1
1447	3.776	10.067	2.507	6.684	0.005	0	0.664	1	1.505	478	2.666	1
1448	4.242	11.135	0.67	1.759	0.005	0	0.158	1	6.335	480	2.625	1
1449	3.237	7.387	0.363	0.827	0.005	0	0.112	1	8.949	458	2.282	1
1450	2.355	6.283	0.516	1.376	0.005	0	0.219	1	4.563	464	2.668	1
1451	1.496	3.341	0.194	0.434	0.005	0	0.13	1	7.717	496	2.233	1
1452	2.254	5.969	0.417	1.104	0.005	0	0.185	1	5.404	468	2.648	1
1453	1.456	3.588	0.467	1.152	0.005	0	0.321	1	3.113	486	2.464	1
1454	2.841	5.932	0.324	0.676	0.005	0	0.114	1	8.799	466	2.088	1
1455	3.031	8.102	0.346	0.924	0.005	0	0.114	1	8.74	487	2.673	1
1456	4.778	8.424	0.592	1.045	0.005	0	0.124	1	8.092	477	1.763	1
1457	3.078	5.439	0.609	1.077	0.005	0	0.198	1	5.055	456	1.767	1
1458	4.638	9.865	1.749	3.719	0.005	0	0.377	1	2.651	485	2.127	1
1459	3.482	10.422	1.671	5.003	0.005	0	0.48	1	2.082	469	2.993	1
1460	2.545	6.734	0.55	1.455	0.005	0	0.216	1	4.62	450	2.646	1
1461	2.983	7.848	0.537	1.413	0.005	0	0.18	1	5.552	472	2.631	1
1462	2.965	7.92	0.454	1.212	0.005	0	0.153	1	6.541	465	2.671	1
1463	3.273	6.517	0.727	1.447	0.005	0	0.222	1	4.513	490	1.991	1
1464	2.391	3.857	0.306	0.494	0.005	0	0.128	1	7.792	480	1.613	1
1465	3.232	8.345	0.368	0.951	0.005	0	0.114	1	8.792	468	2.582	1
1466	1.405	3.158	0.295	0.663	0.005	0	0.21	1	4.755	482	2.248	1
1467	1.896	5.195	0.336	0.92	0.005	0	0.177	1	5.658	454	2.74	1
1468	1.764	5.098	0.226	0.653	0.005	0	0.128	1	7.836	477	2.89	1
1469	1.409	3.448	0.271	0.662	0.005	0	0.192	1	5.214	453	2.447	1
1470	3.867	7.084	0.487	0.893	0.005	0	0.126	1	7.933	493	1.832	1
1471	3.66	8.319	0.414	0.94	0.005	0	0.113	1	8.829	466	2.273	1
1472	3.943	11.726	0.556	1.653	0.005	0	0.141	1	7.08	464	2.974	1
1473	2.2	3.476	0.689	1.088	0.005	0	0.313	1	3.191	473	1.58	1
1474	3.298	5.597	0.501	0.851	0.005	0	0.152	1	6.587	469	1.697	1
1475	2.957	7.626	0.414	1.068	0.005	0	0.14	1	7.164	464	2.579	1
1476	4.284	8.375	0.972	1.901	0.005	0	0.227	1	4.405	471	1.955	1
1477	4.962	14.271	3.305	9.504	0.005	0	0.666	1	1.501	496	2.876	1
1478	4.082	6.641	0.69	1.122	0.005	0	0.169	1	5.927	496	1.627	1
1479	1.554	3.719	1.333	3.191	0.005	0	0.858	1	1.165	491	2.393	1
1480	4.81	13.954	1.405	4.075	0.005	0	0.292	1	3.427	487	2.901	1
1481	2.88	5.003	1.267	2.201	0.005	0	0.44	1	2.272	488	1.737	1
1482	2.11	5.513	0.365	0.954	0.005	0	0.173	1	5.767	496	2.613	1
1483	4.737	10.483	0.687	1.52	0.005	0	0.145	1	6.893	457	2.213	1
1484	4.354	12.252	0.723	2.034	0.005	0	0.166	1	6.011	479	2.814	1
1485	4.281	9.718	1.057	2.4	0.005	0	0.247	1	4.048	489	2.27	1
1486	2.079	5.802	0.663	1.851	0.005	0	0.319	1	3.137	467	2.791	1
1487	1.883	4.489	0.196	0.467	0.005	0	0.104	1	9.644	466	2.384	1
1488	1.486	4.278	0.162	0.466	0.005	0	0.109	1	9.136	489	2.879	1
1489	1.986	5.05	0.218	0.556	0.005	0	0.11	1	9.067	483	2.543	1
1490	3.664	8.867	0.879	2.128	0.005	0	0.24	1	4.169	469	2.42	1
1491	3.864	5.927	0.896	1.375	0.005	0	0.232	1	4.313	480	1.534	1
1492	4.92	10.504	0.497	1.061	0.005	0	0.101	1	9.886	472	2.135	1
1493	4.384	6.778	1.052	1.627	0.005	0	0.24	1	4.16	468	1.546	1
1494	3.665	9.643	1.239	3.259	0.005	0	0.338	1	2.958	467	2.631	1
1495	3.106	7.923	1.143	2.916	0.005	0	0.368	1	2.72	470	2.551	1
1496	3.693	7.12	0.705	1.36	0.005	0	0.191	1	5.228	463	1.928	1
1497	3.45	5.699	0.507	0.838	0.005	0	0.147	1	6.821	453	1.652	1
1498	1.294	2.368	0.304	0.556	0.005	0	0.235	1	4.255	457	1.83	1
1499	3.462	9.611	0.381	1.057	0.005	0	0.11	1	9.081	467	2.776	1
1500	2.29	5.769	0.33	0.831	0.005	0	0.144	1	6.926	468	2.519	1
1501	4.775	13.59	0.506	1.441	0.005	0	0.106	1	9.395	469	2.846	1
1502	4.924	12.418	0.911	2.297	0.005	0	0.185	1	5.407	476	2.522	1
1503	4.459	11.469	1.85	4.76	0.005	0	0.415	1	2.407	451	2.572	1
1504	3.062	8.286	1.947	5.27	0.005	0	0.636	1	1.573	497	2.706	1
1505	1.53	2.459	0.646	1.038	0.005	0	0.422	1	2.371	462	1.607	1
1506	4.173	10.729	0.513	1.32	0.005	0	0.123	1	8.146	494	2.571	1
1507	1.197	2.1	0.138	0.242	0.005	0	0.115	1	8.694	467	1.754	1
1508	4.127	10.767	0.495	1.292	0.005	0	0.12	1	8.31	485	2.609	1
1509	3.496	8.705	2.531	6.302	0.005	0	0.724	1	1.381	496	2.49	1
1510	2.197	6.417	0.239	0.699	0.005	0	0.109	1	9.191	472	2.921	1
1511	2.184	6.12	0.249	0.698	0.005	0	0.114	1	8.771	489	2.802	1
1512	3.544	8.02	0.737	1.668	0.005	0	0.208	1	4.803	450	2.263	1
1513	4.465	9.493	0.518	1.101	0.005	0	0.116	1	8.584	470	2.126	1
1514	2.508	4.956	0.356	0.704	0.005	0	0.142	1	7.052	483	1.976	1
1515	2.587	7.14	0.287	0.793	0.005	0	0.111	1	9.0	488	2.76	1
1516	4.634	7.178	0.779	1.206	0.005	0	0.168	1	5.935	468	1.549	1
1517	2.123	4.494	0.374	0.791	0.005	0	0.176	1	5.675	483	2.117	1
1518	1.062	2.853	0.152	0.408	0.005	0	0.143	1	6.99	491	2.686	1
1519	1.427	3.573	0.158	0.397	0.005	0	0.111	1	9.027	450	2.504	1
1520	1.717	3.252	0.182	0.345	0.005	0	0.106	1	9.428	498	1.894	1
1521	4.27	7.878	1.358	2.505	0.005	0	0.318	1	3.142	479	1.845	1
1522	3.908	6.671	1.337	2.281	0.005	0	0.342	1	2.923	456	1.707	1
1523	2.659	7.831	1.162	3.422	0.005	0	0.437	1	2.289	472	2.945	1
1524	4.346	8.788	2.503	5.062	0.005	0	0.576	1	1.736	456	2.022	1
1525	1.243	2.189	0.643	1.132	0.005	0	0.517	1	1.934	483	1.761	1
1526	4.366	8.64	0.69	1.365	0.005	0	0.158	1	6.325	463	1.979	1
1527	2.281	5.723	0.333	0.836	0.005	0	0.146	1	6.827	450	2.509	1
1528	1.263	2.742	0.227	0.494	0.005	0	0.18	1	5.565	465	2.171	1
1529	4.364	9.767	2.282	5.108	0.005	0	0.523	1	1.911	460	2.238	1
1530	3.894	7.41	0.97	1.845	0.005	0	0.249	1	4.013	479	1.903	1
1531	1.775	3.033	0.213	0.364	0.005	0	0.12	1	8.319	478	1.709	1
1532	4.426	12.251	0.837	2.315	0.005	0	0.189	1	5.302	471	2.768	1
1533	2.684	5.293	0.362	0.715	0.005	0	0.135	1	7.43	467	1.972	1
1534	2.18	5.437	0.634	1.582	0.005	0	0.291	1	3.434	491	2.494	1
1535	1.253	3.441	0.471	1.294	0.005	0	0.376	1	2.661	495	2.746	1
1536	2.009	3.196	0.637	1.013	0.005	0	0.317	1	3.157	483	1.591	1
1537	4.81	12.9	1.039	2.786	0.005	0	0.216	1	4.638	476	2.682	1
1538	2.204	6.138	1.968	5.481	0.005	0	0.893	1	1.12	454	2.785	1
1539	4.485	7.974	0.561	0.997	0.005	0	0.125	1	7.981	464	1.778	1
1540	1.489	3.645	0.491	1.203	0.005	0	0.33	1	3.032	497	2.448	1
1541	3.252	7.284	0.589	1.318	0.005	0	0.181	1	5.534	457	2.24	1
1542	1.566	4.648	0.213	0.632	0.005	0	0.136	1	7.371	457	2.968	1
1543	4.817	7.568	0.621	0.976	0.005	0	0.129	1	7.756	462	1.571	1
1544	3.852	11.479	0.589	1.756	0.005	0	0.153	1	6.533	486	2.98	1
1545	1.806	3.37	0.242	0.452	0.005	0	0.134	1	7.454	492	1.866	1
1546	1.245	2.956	0.377	0.896	0.005	0	0.303	1	3.3	462	2.374	1
1547	3.426	6.845	0.356	0.712	0.005	0	0.104	1	9.619	487	1.998	1
1548	4.761	7.756	1.028	1.675	0.005	0	0.216	1	4.622	450	1.629	1
1549	2.414	6.148	0.299	0.762	0.005	0	0.124	1	8.088	478	2.547	1
1550	1.13	2.93	0.252	0.653	0.005	0	0.223	1	4.49	475	2.593	1
1551	2.066	3.851	0.291	0.543	0.005	0	0.141	1	7.101	492	1.864	1
1552	3.135	5.787	0.64	1.181	0.005	0	0.204	1	4.908	456	1.846	1
1553	3.746	6.188	0.427	0.705	0.005	0	0.114	1	8.79	451	1.652	1
1554	1.322	3.904	0.139	0.41	0.005	0	0.105	1	9.526	462	2.953	1
1555	3.637	9.449	0.629	1.635	0.005	0	0.173	1	5.794	471	2.598	1
1556	3.12	9.192	0.399	1.177	0.005	0	0.128	1	7.818	452	2.946	1
1557	4.426	11.64	1.762	4.633	0.005	0	0.398	1	2.513	488	2.63	1
1558	1.178	3.321	0.483	1.362	0.005	0	0.41	1	2.442	466	2.819	1
1559	2.509	5.118	0.858	1.75	0.005	0	0.342	1	2.927	480	2.04	1
1560	4.834	8.745	0.662	1.198	0.005	0	0.137	1	7.3	484	1.809	1
1561	1.033	2.968	0.136	0.392	0.005	0	0.132	1	7.552	458	2.873	1
1562	2.028	3.961	0.262	0.511	0.005	0	0.129	1	7.739	496	1.953	1
1563	3.885	11.041	0.563	1.601	0.005	0	0.145	1	6.901	479	2.842	1
1564	4.284	8.298	0.536	1.037	0.005	0	0.125	1	8.0	458	1.937	1
1565	2.275	6.138	0.318	0.859	0.005	0	0.14	1	7.127	457	2.698	1
1566	4.893	10.094	1.815	3.745	0.005	0	0.371	1	2.695	497	2.063	1
1567	2.829	6.775	0.291	0.698	0.005	0	0.103	1	9.753	491	2.395	1
1568	2.494	4.574	0.486	0.892	0.005	0	0.195	1	5.133	495	1.834	1
1569	4.707	10.732	1.238	2.823	0.005	0	0.263	1	3.803	465	2.28	1
1570	1.599	3.539	0.5	1.108	0.005	0	0.313	1	3.19	457	2.213	1
1571	3.717	6.709	0.695	1.255	0.005	0	0.187	1	5.355	458	1.805	1
1572	3.576	7.009	0.493	0.967	0.005	0	0.138	1	7.26	472	1.96	1
1573	4.647	12.723	0.669	1.832	0.005	0	0.144	1	6.955	499	2.738	1
1574	3.148	7.521	1.001	2.392	0.005	0	0.318	1	3.14	464	2.389	1
1575	4.171	7.917	0.417	0.792	0.005	0	0.1	1	9.969	497	1.898	1
1576	2.57	5.266	0.535	1.095	0.005	0	0.208	1	4.804	478	2.049	1
1577	1.801	2.738	0.729	1.109	0.005	0	0.405	1	2.47	493	1.52	1
1578	3.838	11.403	0.603	1.79	0.005	0	0.157	1	6.352	480	2.971	1
1579	3.334	8.738	0.98	2.569	0.005	0	0.294	1	3.4	477	2.621	1
1580	2.0	3.294	0.59	0.972	0.005	0	0.295	1	3.394	494	1.647	1
1581	1.708	2.81	0.738	1.214	0.005	0	0.432	1	2.313	488	1.645	1
1582	2.857	5.908	0.769	1.589	0.005	0	0.269	1	3.723	496	2.068	1
1583	3.112	6.675	0.896	1.922	0.005	0	0.288	1	3.476	475	2.145	1
1584	2.945	7.813	0.789	2.094	0.005	0	0.268	1	3.731	487	2.653	1
1585	4.098	7.204	1.426	2.507	0.005	0	0.348	1	2.872	495	1.758	1
1586	3.724	6.338	0.663	1.128	0.005	0	0.178	1	5.621	463	1.702	1
1587	2.505	3.92	0.408	0.639	0.005	0	0.163	1	6.136	492	1.565	1
1588	3.209	9.393	0.667	1.954	0.005	0	0.208	1	4.81	462	2.927	1
1589	1.049	2.96	0.327	0.924	0.005	0	0.312	1	3.21	476	2.822	1
1590	4.005	8.727	1.706	3.718	0.005	0	0.426	1	2.345	469	2.179	1
1591	1.318	3.776	0.281	0.804	0.005	0	0.213	1	4.695	495	2.865	1
1592	4.909	13.028	1.998	5.302	0.005	0	0.407	1	2.458	490	2.654	1
1593	3.715	9.785	0.446	1.174	0.005	0	0.12	1	8.354	480	2.634	1
1594	3.724	7.284	1.732	3.387	0.005	0	0.465	1	2.151	470	1.956	1
1595	3.985	8.548	1.012	2.171	0.005	0	0.254	1	3.94	476	2.145	1
1596	2.372	6.179	0.28	0.729	0.005	0	0.118	1	8.47	490	2.605	1
1597	2.217	5.576	0.641	1.611	0.005	0	0.289	1	3.461	475	2.515	1
1598	2.714	5.96	0.668	1.466	0.005	0	0.246	1	4.061	478	2.196	1
1599	2.034	6.037	0.433	1.286	0.005	0	0.213	1	4.696	465	2.968	1
1600	1.14	1.833	0.244	0.392	0.005	0	0.214	1	4.675	495	1.608	1
1601	2.59	7.003	2.562	6.926	0.005	0	0.989	1	1.011	490	2.704	1
1602	2.691	7.072	2.632	6.916	0.005	0	0.978	1	1.023	455	2.628	1
1603	3.884	10.65	0.408	1.118	0.005	0	0.105	1	9.515	473	2.742	1
1604	4.296	7.681	0.46	0.822	0.005	0	0.107	1	9.379	471	1.788	1
1605	1.819	2.783	0.358	0.548	0.005	0	0.197	1	5.086	477	1.53	1
1606	3.622	8.809	0.63	1.533	0.005	0	0.174	1	5.74	450	2.432	1
1607	2.646	4.948	0.4	0.747	0.005	0	0.151	1	6.622	499	1.87	1
1608	4.571	9.613	1.243	2.615	0.005	0	0.272	1	3.677	461	2.103	1
1609	2.242	4.728	0.267	0.563	0.005	0	0.119	1	8.385	477	2.109	1
1610	1.577	4.46	0.18	0.508	0.005	0	0.114	1	8.807	490	2.828	1
1611	3.227	7.338	0.862	1.959	0.005	0	0.267	1	3.741	481	2.274	1
1612	1.666	3.394	0.178	0.363	0.005	0	0.107	1	9.334	479	2.037	1
1613	1.119	2.68	0.194	0.464	0.005	0	0.173	1	5.791	450	2.395	1
1614	1.86	5.269	0.392	1.112	0.005	0	0.211	1	4.741	467	2.833	1
1615	4.038	8.359	0.565	1.17	0.005	0	0.14	1	7.14	459	2.07	1
1616	3.15	9.207	0.781	2.283	0.005	0	0.248	1	4.026	465	2.923	1
1617	1.805	3.215	0.251	0.447	0.005	0	0.139	1	7.21	469	1.781	1
1618	3.815	6.218	0.526	0.858	0.005	0	0.138	1	7.251	482	1.63	1
1619	2.014	3.537	0.23	0.403	0.005	0	0.114	1	8.804	452	1.756	1
1620	2.786	5.667	0.741	1.507	0.005	0	0.266	1	3.762	480	2.034	1
1621	2.32	4.668	0.248	0.499	0.005	0	0.107	1	9.34	457	2.012	1
1622	4.09	8.11	0.912	1.809	0.005	0	0.223	1	4.492	475	1.983	1
1623	4.554	13.248	0.505	1.471	0.005	0	0.111	1	8.979	476	2.909	1
1624	2.645	6.189	1.05	2.457	0.005	0	0.397	1	2.517	485	2.34	1
1625	1.293	2.149	1.14	1.895	0.005	0	0.882	1	1.134	499	1.662	1
1626	2.6	6.263	0.304	0.733	0.005	0	0.117	1	8.515	486	2.409	1
1627	2.746	4.388	0.535	0.856	0.005	0	0.195	1	5.127	468	1.598	1
1628	1.828	3.12	0.269	0.459	0.005	0	0.147	1	6.806	476	1.707	1
1629	2.75	7.244	0.404	1.065	0.005	0	0.147	1	6.811	456	2.634	1
1630	4.368	6.976	3.673	5.867	0.005	0	0.841	1	1.189	475	1.597	1
1631	3.376	6.097	0.338	0.61	0.005	0	0.1	1	9.991	476	1.806	1
1632	1.69	4.566	0.176	0.475	0.005	0	0.104	1	9.619	465	2.702	1
1633	2.355	4.006	2.016	3.429	0.005	0	0.856	1	1.168	472	1.701	1
1634	1.053	1.956	0.128	0.239	0.005	0	0.122	1	8.175	496	1.858	1
1635	2.456	5.003	0.422	0.861	0.005	0	0.172	1	5.821	459	2.037	1
1636	4.242	6.367	1.468	2.203	0.005	0	0.346	1	2.892	464	1.501	1
1637	2.364	3.629	0.598	0.918	0.005	0	0.253	1	3.96	486	1.535	1
1638	1.701	3.843	0.172	0.388	0.005	0	0.101	1	9.865	456	2.259	1
1639	2.848	5.186	0.29	0.529	0.005	0	0.102	1	9.788	488	1.821	1
1640	1.764	3.322	0.249	0.468	0.005	0	0.141	1	7.11	481	1.883	1
1641	3.998	8.056	0.448	0.902	0.005	0	0.112	1	8.919	469	2.015	1
1642	2.538	4.65	1.122	2.055	0.005	0	0.442	1	2.265	452	1.832	1
1643	4.669	7.162	1.756	2.693	0.005	0	0.376	1	2.657	484	1.534	1
1644	1.151	2.738	0.124	0.296	0.005	0	0.108	1	9.239	489	2.379	1
1645	2.727	6.362	0.278	0.649	0.005	0	0.102	1	9.85	498	2.333	1
1646	1.895	5.579	0.218	0.642	0.005	0	0.115	1	8.676	493	2.944	1
1647	1.636	3.949	0.447	1.078	0.005	0	0.273	1	3.66	492	2.414	1
1648	1.977	3.043	0.326	0.502	0.005	0	0.165	1	6.063	486	1.539	1
1649	1.746	4.959	0.215	0.61	0.005	0	0.123	1	8.101	496	2.84	1
1650	4.62	9.942	1.626	3.5	0.005	0	0.352	1	2.842	457	2.152	1
1651	4.305	6.948	1.395	2.251	0.005	0	0.324	1	3.084	461	1.614	1
1652	2.546	6.243	0.27	0.662	0.005	0	0.106	1	9.437	465	2.452	1
1653	3.109	4.844	0.473	0.736	0.005	0	0.152	1	6.558	480	1.558	1
1654	1.49	3.996	0.374	1.003	0.005	0	0.251	1	3.991	464	2.682	1
1655	1.596	4.454	0.182	0.508	0.005	0	0.114	1	8.81	460	2.791	1
1656	2.96	6.485	2.88	6.31	0.005	0	0.973	1	1.028	475	2.191	1
1657	3.27	8.175	0.363	0.907	0.005	0	0.111	1	8.987	480	2.5	1
1658	1.971	3.897	0.215	0.425	0.005	0	0.109	1	9.208	473	1.977	1
1659	3.919	6.223	0.47	0.747	0.005	0	0.12	1	8.31	487	1.588	1
1660	3.405	8.026	0.705	1.661	0.005	0	0.207	1	4.823	466	2.357	1
1661	3.291	7.994	0.411	0.999	0.005	0	0.125	1	8.006	454	2.429	1
1662	1.704	2.951	0.249	0.431	0.005	0	0.146	1	6.862	485	1.732	1
1663	1.834	2.832	0.583	0.901	0.005	0	0.318	1	3.145	486	1.544	1
1664	2.968	5.437	0.344	0.631	0.005	0	0.116	1	8.595	468	1.832	1
1665	4.891	11.68	0.802	1.916	0.005	0	0.164	1	6.101	484	2.388	1
1666	2.711	4.877	0.561	1.01	0.005	0	0.207	1	4.821	462	1.799	1
1667	1.822	2.928	0.59	0.949	0.005	0	0.324	1	3.088	490	1.607	1
1668	4.994	12.959	0.689	1.788	0.005	0	0.138	1	7.233	485	2.595	1
1669	4.69	9.844	0.507	1.063	0.005	0	0.108	1	9.219	474	2.099	1
1670	2.595	4.609	0.449	0.797	0.005	0	0.173	1	5.797	476	1.776	1
1671	1.177	3.47	0.44	1.298	0.005	0	0.374	1	2.676	459	2.948	1
1672	1.58	2.861	0.234	0.423	0.005	0	0.148	1	6.755	485	1.811	1
1673	1.052	2.092	0.157	0.312	0.005	0	0.149	1	6.732	450	1.989	1
1674	4.835	7.775	2.282	3.67	0.005	0	0.472	1	2.12	494	1.608	1
1675	3.754	10.248	0.413	1.127	0.005	0	0.11	1	9.085	451	2.73	1
1676	3.523	5.788	2.012	3.305	0.005	0	0.571	1	1.751	498	1.643	1
1677	1.896	3.769	0.432	0.859	0.005	0	0.228	1	4.387	451	1.988	1
1678	3.939	11.624	2.954	8.718	0.005	0	0.75	1	1.334	468	2.951	1
1679	2.484	6.565	0.74	1.956	0.005	0	0.298	1	3.355	457	2.643	1
1680	1.943	4.333	0.27	0.602	0.005	0	0.139	1	7.194	478	2.23	1
1681	2.504	7.279	0.295	0.859	0.005	0	0.118	1	8.463	470	2.907	1
1682	1.141	2.999	0.128	0.336	0.005	0	0.112	1	8.915	457	2.628	1
1683	1.011	2.209	0.111	0.243	0.005	0	0.11	1	9.096	461	2.185	1
1684	3.502	10.243	0.441	1.291	0.005	0	0.126	1	7.967	488	2.925	1
1685	4.269	8.12	1.375	2.615	0.005	0	0.322	1	3.105	497	1.902	1
1686	3.744	9.753	2.078	5.413	0.005	0	0.555	1	1.802	465	2.605	1
1687	3.14	6.289	0.317	0.635	0.005	0	0.101	1	9.854	497	2.003	1
1688	1.109	2.216	0.125	0.25	0.005	0	0.113	1	8.885	466	1.998	1
1689	4.356	8.799	0.588	1.188	0.005	0	0.135	1	7.387	460	2.02	1
1690	3.945	9.894	0.537	1.346	0.005	0	0.136	1	7.331	470	2.508	1
1691	2.369	3.947	0.384	0.639	0.005	0	0.162	1	6.184	455	1.666	1
1692	2.228	4.69	0.258	0.544	0.005	0	0.116	1	8.648	462	2.105	1
1693	3.032	6.525	1.17	2.519	0.005	0	0.386	1	2.59	479	2.152	1
1694	4.268	9.065	2.851	6.055	0.005	0	0.668	1	1.496	450	2.124	1
1695	4.897	12.007	1.009	2.473	0.005	0	0.206	1	4.858	453	2.452	1
1696	3.612	10.533	0.361	1.053	0.005	0	0.1	1	9.956	472	2.916	1
1697	4.605	12.977	1.119	3.153	0.005	0	0.243	1	4.122	471	2.818	1
1698	1.509	2.721	1.1	1.984	0.005	0	0.729	1	1.372	464	1.803	1
1699	2.16	5.07	1.784	4.188	0.005	0	0.826	1	1.211	487	2.347	1
1700	3.583	8.087	0.799	1.803	0.005	0	0.223	1	4.485	464	2.257	1
1701	3.12	7.335	0.318	0.748	0.005	0	0.102	1	9.801	452	2.351	1
1702	1.091	2.982	0.131	0.358	0.005	0	0.12	1	8.345	475	2.733	1
1703	2.487	4.432	0.395	0.705	0.005	0	0.159	1	6.28	488	1.782	1
1704	1.297	3.309	0.163	0.417	0.005	0	0.126	1	7.948	494	2.551	1
1705	3.739	9.736	0.568	1.48	0.005	0	0.152	1	6.564	488	2.604	1
1706	1.13	3.227	0.303	0.865	0.005	0	0.268	1	3.737	469	2.856	1
1707	3.043	5.334	0.718	1.259	0.005	0	0.236	1	4.238	492	1.753	1
1708	4.851	12.215	0.805	2.028	0.005	0	0.166	1	6.031	462	2.518	1
1709	4.919	13.05	0.571	1.514	0.005	0	0.116	1	8.657	499	2.653	1
1710	2.129	5.784	0.715	1.943	0.005	0	0.336	1	2.973	480	2.717	1
1711	4.193	12.457	0.482	1.433	0.005	0	0.115	1	8.716	459	2.971	1
1712	4.646	9.301	1.919	3.841	0.005	0	0.413	1	2.419	479	2.002	1
1713	1.096	3.255	0.123	0.365	0.005	0	0.112	1	8.945	484	2.97	1
1714	3.599	8.299	1.234	2.847	0.005	0	0.343	1	2.919	475	2.306	1
1715	1.196	2.483	0.139	0.288	0.005	0	0.116	1	8.602	494	2.076	1
1716	3.455	7.1	0.629	1.292	0.005	0	0.182	1	5.485	463	2.055	1
1717	2.032	5.43	0.872	2.329	0.005	0	0.429	1	2.331	457	2.672	1
1718	1.335	2.89	0.882	1.91	0.005	0	0.661	1	1.514	465	2.165	1
1719	2.822	4.589	0.31	0.505	0.005	0	0.11	1	9.066	471	1.626	1
1720	3.608	9.078	0.769	1.934	0.005	0	0.213	1	4.686	474	2.516	1
1721	1.558	4.496	0.341	0.985	0.005	0	0.219	1	4.559	454	2.886	1
1722	4.255	10.91	0.481	1.233	0.005	0	0.113	1	8.886	475	2.564	1
1723	2.049	5.965	0.221	0.644	0.005	0	0.108	1	9.23	481	2.911	1
1724	4.695	10.376	0.784	1.733	0.005	0	0.167	1	5.998	497	2.21	1
1725	3.949	7.215	0.399	0.729	0.005	0	0.101	1	9.855	464	1.827	1
1726	3.403	6.377	0.834	1.562	0.005	0	0.245	1	4.081	468	1.874	1
1727	1.382	3.954	0.17	0.486	0.005	0	0.123	1	8.148	488	2.861	1
1728	4.939	11.197	0.864	1.959	0.005	0	0.175	1	5.709	485	2.267	1
1729	3.194	5.187	0.798	1.297	0.005	0	0.25	1	3.994	483	1.624	1
1730	2.325	4.027	0.258	0.447	0.005	0	0.111	1	8.995	462	1.732	1
1731	2.688	5.0	2.185	4.065	0.005	0	0.813	1	1.23	465	1.86	1
1732	4.738	8.912	3.355	6.31	0.005	0	0.708	1	1.413	471	1.881	1
1733	1.32	3.272	0.281	0.697	0.005	0	0.213	1	4.697	475	2.479	1
1734	1.53	3.106	0.442	0.898	0.005	0	0.289	1	3.463	458	2.03	1
1735	2.158	4.573	0.274	0.581	0.005	0	0.127	1	7.871	498	2.119	1
1736	4.944	7.638	1.187	1.833	0.005	0	0.24	1	4.163	479	1.545	1
1737	2.138	6.14	0.885	2.542	0.005	0	0.414	1	2.416	463	2.872	1
1738	1.545	4.065	0.162	0.427	0.005	0	0.105	1	9.529	493	2.631	1
1739	1.099	2.882	0.188	0.493	0.005	0	0.171	1	5.833	481	2.622	1
1740	1.147	2.164	0.175	0.331	0.005	0	0.153	1	6.556	466	1.887	1
1741	1.235	3.344	0.249	0.675	0.005	0	0.202	1	4.944	483	2.708	1
1742	1.627	4.331	0.397	1.057	0.005	0	0.244	1	4.103	481	2.662	1
1743	2.804	6.615	0.418	0.986	0.005	0	0.149	1	6.72	479	2.359	1
1744	3.442	8.247	0.857	2.054	0.005	0	0.249	1	4.012	492	2.396	1
1745	2.176	6.437	0.231	0.682	0.005	0	0.106	1	9.44	494	2.958	1
1746	1.402	4.038	0.269	0.775	0.005	0	0.192	1	5.201	467	2.88	1
1747	1.573	4.584	0.162	0.472	0.005	0	0.103	1	9.742	463	2.914	1
1748	3.924	10.281	0.463	1.213	0.005	0	0.118	1	8.439	453	2.62	1
1749	3.417	5.303	0.403	0.626	0.005	0	0.118	1	8.505	498	1.552	1
1750	1.643	4.027	0.225	0.552	0.005	0	0.137	1	7.311	498	2.451	1
1751	1.198	2.727	0.164	0.374	0.005	0	0.137	1	7.319	457	2.276	1
1752	2.958	7.064	0.364	0.869	0.005	0	0.123	1	8.118	454	2.388	1
1753	4.487	8.095	3.154	5.691	0.005	0	0.703	1	1.423	488	1.804	1
1754	2.175	5.779	1.64	4.357	0.005	0	0.754	1	1.326	460	2.657	1
1755	2.842	8.336	0.421	1.234	0.005	0	0.148	1	6.769	473	2.933	1
1756	1.528	3.152	0.914	1.885	0.005	0	0.598	1	1.673	460	2.063	1
1757	1.683	3.98	0.806	1.906	0.005	0	0.479	1	2.089	451	2.365	1
1758	2.82	8.316	0.496	1.464	0.005	0	0.176	1	5.668	458	2.949	1
1759	1.555	3.458	0.519	1.155	0.005	0	0.334	1	2.995	462	2.224	1
1760	2.999	5.215	0.324	0.563	0.005	0	0.108	1	9.232	463	1.739	1
1761	4.665	12.278	0.812	2.136	0.005	0	0.174	1	5.736	454	2.632	1
1762	3.924	11.089	0.981	2.772	0.005	0	0.25	1	3.996	496	2.826	1
1763	4.605	10.638	1.257	2.904	0.005	0	0.273	1	3.663	480	2.31	1
1764	2.264	3.679	1.727	2.807	0.005	0	0.763	1	1.311	498	1.625	1
1765	3.563	5.815	0.748	1.221	0.005	0	0.21	1	4.772	480	1.632	1
1766	3.947	8.237	0.6	1.252	0.005	0	0.152	1	6.599	451	2.087	1
1767	3.482	8.83	0.498	1.263	0.005	0	0.143	1	7.016	467	2.536	1
1768	4.27	7.532	1.524	2.689	0.005	0	0.357	1	2.804	471	1.764	1
1769	3.378	9.306	0.412	1.135	0.005	0	0.122	1	8.173	455	2.755	1
1770	2.112	3.903	0.98	1.811	0.005	0	0.464	1	2.154	487	1.848	1
1771	4.459	9.707	0.736	1.602	0.005	0	0.165	1	6.043	486	2.177	1
1772	4.541	13.087	0.763	2.199	0.005	0	0.168	1	5.941	465	2.882	1
1773	2.471	5.587	0.573	1.296	0.005	0	0.232	1	4.316	498	2.261	1
1774	4.009	8.074	0.481	0.969	0.005	0	0.12	1	8.353	462	2.014	1
1775	3.868	10.68	1.953	5.393	0.005	0	0.505	1	1.982	491	2.761	1
1776	1.583	4.513	0.182	0.519	0.005	0	0.115	1	8.707	455	2.851	1
1777	4.043	7.839	1.997	3.872	0.005	0	0.494	1	2.025	471	1.939	1
1778	3.05	6.573	0.403	0.868	0.005	0	0.132	1	7.553	480	2.155	1
1779	2.55	3.845	0.362	0.546	0.005	0	0.142	1	7.047	465	1.508	1
1780	1.747	3.747	0.229	0.491	0.005	0	0.131	1	7.61	460	2.145	1
1781	2.606	4.175	0.511	0.818	0.005	0	0.196	1	5.114	453	1.602	1
1782	3.849	11.139	0.431	1.248	0.005	0	0.112	1	8.947	497	2.894	1
1783	3.266	4.925	2.012	3.034	0.005	0	0.616	1	1.623	499	1.508	1
1784	3.611	7.316	0.932	1.888	0.005	0	0.258	1	3.879	470	2.026	1
1785	1.677	3.396	0.849	1.718	0.005	0	0.506	1	1.976	461	2.025	1
1786	3.085	6.034	0.784	1.533	0.005	0	0.254	1	3.935	454	1.956	1
1787	3.532	7.502	3.274	6.954	0.005	0	0.927	1	1.079	486	2.124	1
1788	4.159	8.83	2.512	5.333	0.005	0	0.604	1	1.656	488	2.123	1
1789	4.578	11.83	1.19	3.076	0.005	0	0.26	1	3.842	453	2.584	1
1790	4.463	10.626	1.763	4.197	0.005	0	0.395	1	2.534	481	2.381	1
1791	4.25	7.744	1.742	3.175	0.005	0	0.41	1	2.442	497	1.822	1
1792	4.554	12.505	2.195	6.027	0.005	0	0.482	1	2.075	496	2.746	1
1793	4.72	7.609	0.779	1.255	0.005	0	0.165	1	6.048	481	1.612	1
1794	1.684	3.996	0.246	0.583	0.005	0	0.146	1	6.867	454	2.373	1
1795	2.7	7.76	0.599	1.723	0.005	0	0.222	1	4.506	460	2.874	1
1796	4.173	9.539	1.461	3.339	0.005	0	0.35	1	2.857	453	2.286	1
1797	4.602	8.279	1.519	2.732	0.005	0	0.33	1	3.03	487	1.799	1
1798	3.162	8.936	0.392	1.108	0.005	0	0.124	1	8.039	473	2.826	1
1799	1.117	2.035	0.302	0.549	0.005	0	0.27	1	3.701	473	1.822	1
1800	2.471	6.924	0.306	0.859	0.005	0	0.124	1	8.082	495	2.802	1
1801	4.966	12.46	2.761	6.928	0.005	0	0.556	1	1.797	465	2.509	1
1802	3.512	8.706	2.051	5.084	0.005	0	0.584	1	1.713	453	2.479	1
1803	4.687	8.582	0.891	1.631	0.005	0	0.19	1	5.252	472	1.831	1
1804	2.22	4.458	0.557	1.119	0.005	0	0.251	1	3.991	484	2.008	1
1805	4.094	11.57	0.487	1.377	0.005	0	0.119	1	8.396	483	2.826	1
1806	1.802	5.332	0.229	0.677	0.005	0	0.127	1	7.869	473	2.959	1
1807	3.276	7.132	0.894	1.947	0.005	0	0.273	1	3.661	460	2.177	1
1808	2.603	4.259	0.664	1.086	0.005	0	0.255	1	3.914	455	1.636	1
1809	4.129	9.848	3.534	8.43	0.005	0	0.856	1	1.168	483	2.385	1
1810	4.788	9.753	0.584	1.19	0.005	0	0.122	1	8.171	465	2.037	1
1811	1.431	3.195	0.346	0.773	0.005	0	0.242	1	4.139	468	2.233	1
1812	1.086	2.825	0.118	0.308	0.005	0	0.109	1	9.199	471	2.601	1
1813	1.623	4.502	1.204	3.34	0.005	0	0.742	1	1.348	450	2.774	1
1814	1.52	2.66	0.251	0.439	0.005	0	0.165	1	6.046	450	1.75	1
1815	4.303	12.354	1.355	3.892	0.005	0	0.315	1	3.17	495	2.871	1
1816	2.6	6.261	0.801	1.928	0.005	0	0.308	1	3.247	490	2.408	1
1817	3.085	7.774	1.145	2.884	0.005	0	0.371	1	2.692	455	2.52	1
1818	4.637	10.303	2.23	4.956	0.005	0	0.481	1	2.077	498	2.222	1
1819	3.221	8.052	0.422	1.055	0.005	0	0.131	1	7.652	455	2.5	1
1820	4.86	11.8	1.234	2.997	0.005	0	0.254	1	3.938	471	2.428	1
1821	4.956	9.813	0.62	1.227	0.005	0	0.125	1	7.971	490	1.98	1
1822	1.609	2.957	0.204	0.376	0.005	0	0.127	1	7.852	498	1.838	1
1823	3.839	11.502	1.152	3.451	0.005	0	0.3	1	3.338	483	2.996	1
1824	2.112	6.144	0.226	0.657	0.005	0	0.107	1	9.352	474	2.909	1
1825	4.11	7.776	1.171	2.216	0.005	0	0.285	1	3.514	469	1.892	1
1826	2.961	6.695	1.386	3.133	0.005	0	0.468	1	2.136	469	2.261	1
1827	1.307	2.492	0.173	0.329	0.005	0	0.132	1	7.579	457	1.907	1
1828	3.212	6.575	0.967	1.979	0.005	0	0.301	1	3.319	497	2.047	1
1829	1.968	4.322	1.322	2.904	0.005	0	0.672	1	1.487	462	2.196	1
1830	3.541	5.478	1.547	2.394	0.005	0	0.437	1	2.288	475	1.547	1
1831	3.515	9.754	1.065	2.955	0.005	0	0.303	1	3.295	488	2.775	1
1832	3.638	8.418	0.437	1.01	0.005	0	0.12	1	8.359	479	2.314	1
1833	4.982	8.509	0.902	1.54	0.005	0	0.181	1	5.522	455	1.708	1
1834	1.221	3.336	0.217	0.594	0.005	0	0.178	1	5.618	462	2.732	1
1835	3.058	5.388	0.339	0.598	0.005	0	0.111	1	9.017	458	1.762	1
1836	3.129	9.215	1.264	3.723	0.005	0	0.404	1	2.478	491	2.945	1
1837	4.52	11.042	1.062	2.595	0.005	0	0.235	1	4.255	470	2.443	1
1838	4.413	13.04	2.904	8.58	0.005	0	0.658	1	1.52	464	2.955	1
1839	2.868	7.503	0.439	1.148	0.005	0	0.153	1	6.547	469	2.616	1
1840	4.04	6.961	0.675	1.162	0.005	0	0.167	1	5.982	493	1.723	1
1841	4.058	9.155	2.832	6.39	0.005	0	0.698	1	1.432	489	2.256	1
1842	1.328	3.414	0.42	1.079	0.005	0	0.316	1	3.162	463	2.571	1
1843	3.751	10.083	2.299	6.181	0.005	0	0.613	1	1.632	478	2.688	1
1844	4.328	8.812	0.55	1.119	0.005	0	0.127	1	7.875	454	2.036	1
1845	2.967	7.507	0.454	1.149	0.005	0	0.153	1	6.556	456	2.53	1
1846	1.486	3.479	0.195	0.456	0.005	0	0.131	1	7.623	462	2.341	1
1847	3.213	7.268	0.839	1.897	0.005	0	0.261	1	3.828	451	2.262	1
1848	4.709	7.275	1.253	1.935	0.005	0	0.266	1	3.764	459	1.545	1
1849	2.735	7.68	0.905	2.542	0.005	0	0.331	1	3.023	493	2.808	1
1850	1.014	2.309	0.273	0.621	0.005	0	0.269	1	3.711	457	2.277	1
1851	1.343	2.198	0.188	0.308	0.005	0	0.14	1	7.166	467	1.637	1
1852	3.234	7.545	0.327	0.762	0.005	0	0.101	1	9.928	490	2.333	1
1853	3.341	6.809	1.072	2.186	0.005	0	0.321	1	3.113	452	2.038	1
1854	2.877	6.89	1.568	3.755	0.005	0	0.545	1	1.835	489	2.395	1
1855	1.084	2.1	0.162	0.313	0.005	0	0.149	1	6.717	484	1.937	1
1856	1.71	4.533	0.576	1.528	0.005	0	0.337	1	2.966	487	2.651	1
1857	3.6	8.449	1.357	3.185	0.005	0	0.377	1	2.653	465	2.347	1
1858	4.412	11.542	0.529	1.385	0.005	0	0.12	1	8.363	468	2.616	1
1859	1.504	3.252	0.296	0.641	0.005	0	0.197	1	5.085	459	2.162	1
1860	2.703	4.611	0.322	0.549	0.005	0	0.119	1	8.401	474	1.706	1
1861	1.435	3.344	0.251	0.585	0.005	0	0.175	1	5.708	496	2.33	1
1862	2.374	6.144	0.37	0.958	0.005	0	0.156	1	6.395	479	2.588	1
1863	1.826	3.04	0.205	0.34	0.005	0	0.112	1	8.957	488	1.665	1
1864	2.374	5.465	0.287	0.661	0.005	0	0.121	1	8.25	453	2.302	1
1865	3.922	11.68	0.435	1.296	0.005	0	0.111	1	9.003	464	2.978	1
1866	2.705	5.415	1.434	2.87	0.005	0	0.53	1	1.886	470	2.002	1
1867	2.521	4.606	0.373	0.682	0.005	0	0.148	1	6.76	491	1.827	1
1868	2.186	4.481	0.525	1.075	0.005	0	0.24	1	4.164	482	2.05	1
1869	4.365	8.743	1.056	2.116	0.005	0	0.242	1	4.128	458	2.003	1
1870	4.105	9.741	1.872	4.442	0.005	0	0.456	1	2.193	477	2.373	1
1871	2.473	7.293	0.381	1.123	0.005	0	0.154	1	6.474	458	2.949	1
1872	1.83	2.774	1.1	1.667	0.005	0	0.601	1	1.665	490	1.516	1
1873	3.771	7.904	0.962	2.016	0.005	0	0.255	1	3.916	474	2.096	1
1874	1.203	2.394	0.247	0.491	0.005	0	0.205	1	4.877	498	1.99	1
1875	4.388	12.361	0.592	1.669	0.005	0	0.135	1	7.432	456	2.817	1
1876	2.203	5.159	0.784	1.837	0.005	0	0.356	1	2.808	491	2.342	1
1877	2.078	5.557	0.738	1.973	0.005	0	0.355	1	2.819	489	2.674	1
1878	4.13	12.221	1.982	5.866	0.005	0	0.48	1	2.085	474	2.959	1
1879	2.087	5.278	0.257	0.649	0.005	0	0.123	1	8.098	474	2.529	1
1880	1.657	3.208	0.197	0.382	0.005	0	0.119	1	8.386	474	1.936	1
1881	4.023	8.227	0.664	1.357	0.005	0	0.165	1	6.074	486	2.045	1
1882	2.847	5.033	0.769	1.359	0.005	0	0.27	1	3.709	457	1.768	1
1883	2.836	8.188	0.715	2.063	0.005	0	0.252	1	3.969	462	2.887	1
1884	1.585	4.04	0.208	0.529	0.005	0	0.131	1	7.633	488	2.549	1
1885	4.007	7.994	2.729	5.444	0.005	0	0.681	1	1.469	484	1.995	1
1886	3.433	9.18	1.562	4.177	0.005	0	0.455	1	2.197	456	2.674	1
1887	4.308	8.345	0.943	1.828	0.005	0	0.219	1	4.559	465	1.937	1
1888	1.046	2.452	0.96	2.251	0.005	0	0.918	1	1.089	486	2.344	1
1889	1.516	3.211	0.205	0.433	0.005	0	0.135	1	7.39	487	2.118	1
1890	3.151	6.34	0.533	1.071	0.005	0	0.169	1	5.9	456	2.012	1
1891	1.471	3.548	0.228	0.55	0.005	0	0.155	1	6.443	477	2.412	1
1892	2.718	5.656	0.516	1.075	0.005	0	0.19	1	5.275	490	2.081	1
1893	1.797	4.065	0.228	0.516	0.005	0	0.127	1	7.877	490	2.262	1
1894	2.709	5.781	0.306	0.653	0.005	0	0.113	1	8.812	497	2.134	1
1895	4.686	12.394	0.858	2.268	0.005	0	0.183	1	5.474	466	2.645	1
1896	4.343	12.173	0.66	1.85	0.005	0	0.152	1	6.599	463	2.803	1
1897	1.847	4.025	0.41	0.894	0.005	0	0.222	1	4.499	490	2.179	1
1898	2.893	5.679	0.385	0.755	0.005	0	0.133	1	7.508	479	1.963	1
1899	2.211	6.016	0.842	2.292	0.005	0	0.381	1	2.628	490	2.721	1
1900	4.363	8.818	0.449	0.908	0.005	0	0.103	1	9.734	465	2.021	1
1901	1.758	5.265	0.334	1.0	0.005	0	0.19	1	5.262	473	2.995	1
1902	3.051	5.406	1.056	1.87	0.005	0	0.346	1	2.894	488	1.772	1
1903	1.314	3.386	0.427	1.1	0.005	0	0.325	1	3.073	458	2.577	1
1904	3.501	7.398	0.396	0.836	0.005	0	0.113	1	8.824	495	2.113	1
1905	1.644	4.572	0.418	1.161	0.005	0	0.254	1	3.943	480	2.781	1
1906	3.655	6.798	0.768	1.428	0.005	0	0.21	1	4.764	485	1.86	1
1907	3.999	6.122	1.852	2.834	0.005	0	0.463	1	2.161	469	1.531	1
1908	4.757	11.617	1.827	4.461	0.005	0	0.384	1	2.606	453	2.442	1
1909	1.56	3.694	0.223	0.528	0.005	0	0.143	1	6.997	488	2.368	1
1910	3.469	9.398	0.437	1.184	0.005	0	0.126	1	7.938	464	2.709	1
1911	3.035	4.78	0.416	0.655	0.005	0	0.137	1	7.311	469	1.575	1
1912	4.617	13.218	0.886	2.538	0.005	0	0.192	1	5.21	463	2.863	1
1913	4.219	11.408	3.607	9.754	0.005	0	0.855	1	1.17	459	2.704	1
1914	4.301	11.922	0.598	1.657	0.005	0	0.139	1	7.193	463	2.772	1
1915	3.567	9.617	0.482	1.298	0.005	0	0.135	1	7.381	489	2.696	1
1916	3.674	7.44	0.397	0.804	0.005	0	0.108	1	9.256	492	2.025	1
1917	4.473	7.868	1.834	3.226	0.005	0	0.41	1	2.442	478	1.759	1
1918	3.812	6.278	0.82	1.35	0.005	0	0.215	1	4.649	476	1.647	1
1919	3.898	10.895	1.93	5.393	0.005	0	0.495	1	2.022	458	2.795	1
1920	2.928	5.177	0.536	0.947	0.005	0	0.183	1	5.456	470	1.768	1
1921	2.576	5.538	0.567	1.218	0.005	0	0.22	1	4.538	477	2.15	1
1922	4.054	7.727	1.853	3.531	0.005	0	0.457	1	2.188	462	1.906	1
1923	1.08	1.95	0.145	0.261	0.005	0	0.134	1	7.469	471	1.806	1
1924	4.197	7.252	0.776	1.342	0.005	0	0.185	1	5.391	466	1.728	1
1925	4.934	14.333	0.735	2.136	0.005	0	0.149	1	6.717	479	2.905	1
1926	2.194	4.311	0.75	1.474	0.005	0	0.342	1	2.927	486	1.965	1
1927	1.2	1.942	0.126	0.204	0.005	0	0.105	1	9.537	461	1.618	1
1928	4.102	9.668	0.648	1.528	0.005	0	0.158	1	6.348	466	2.357	1
1929	1.833	3.09	1.439	2.426	0.005	0	0.785	1	1.274	487	1.686	1
1930	3.41	9.664	1.777	5.035	0.005	0	0.521	1	1.919	468	2.834	1
1931	1.752	4.687	0.214	0.572	0.005	0	0.122	1	8.169	483	2.675	1
1932	2.14	3.935	1.055	1.94	0.005	0	0.493	1	2.028	467	1.839	1
1933	3.342	6.079	1.096	1.994	0.005	0	0.328	1	3.051	463	1.819	1
1934	2.631	5.125	0.563	1.097	0.005	0	0.214	1	4.671	475	1.948	1
1935	4.536	13.336	1.157	3.401	0.005	0	0.255	1	3.926	483	2.94	1
1936	2.095	3.178	0.748	1.135	0.005	0	0.357	1	2.803	460	1.517	1
1937	4.291	10.337	0.554	1.333	0.005	0	0.129	1	7.759	461	2.409	1
1938	4.412	10.756	1.743	4.249	0.005	0	0.395	1	2.53	490	2.438	1
1939	4.392	9.091	0.865	1.791	0.005	0	0.197	1	5.085	490	2.07	1
1940	1.884	5.038	0.814	2.176	0.005	0	0.432	1	2.315	485	2.674	1
1941	3.537	8.839	0.966	2.413	0.005	0	0.273	1	3.664	461	2.499	1
1942	4.786	11.113	0.742	1.723	0.005	0	0.155	1	6.438	483	2.322	1
1943	3.29	5.458	0.355	0.589	0.005	0	0.108	1	9.284	495	1.659	1
1944	2.437	5.12	0.963	2.022	0.005	0	0.395	1	2.529	478	2.101	1
1945	2.468	3.951	0.681	1.09	0.005	0	0.276	1	3.628	475	1.601	1
1946	4.858	14.035	0.496	1.432	0.005	0	0.102	1	9.84	456	2.889	1
1947	4.482	8.628	3.684	7.092	0.005	0	0.822	1	1.216	478	1.925	1
1948	4.162	9.956	0.466	1.115	0.005	0	0.112	1	8.911	471	2.392	1
1949	1.526	2.631	1.219	2.102	0.005	0	0.799	1	1.252	480	1.724	1
1950	2.369	5.506	0.452	1.052	0.005	0	0.191	1	5.232	475	2.324	1
1951	2.427	5.182	0.248	0.529	0.005	0	0.102	1	9.822	465	2.135	1
1952	2.249	6.587	1.192	3.491	0.005	0	0.53	1	1.886	452	2.929	1
1953	4.528	11.152	0.711	1.751	0.005	0	0.157	1	6.356	451	2.463	1
1954	1.673	4.38	0.217	0.569	0.005	0	0.13	1	7.663	484	2.618	1
1955	3.967	11.393	0.432	1.242	0.005	0	0.109	1	9.216	460	2.872	1
1956	3.38	7.679	0.997	2.265	0.005	0	0.295	1	3.395	484	2.272	1
1957	2.14	4.597	0.274	0.588	0.005	0	0.128	1	7.79	476	2.148	1
1958	1.599	3.009	0.457	0.861	0.005	0	0.286	1	3.498	452	1.882	1
1959	4.411	10.957	0.917	2.279	0.005	0	0.208	1	4.797	464	2.484	1
1960	4.218	8.769	0.485	1.008	0.005	0	0.115	1	8.714	487	2.079	1
1961	3.837	6.914	2.225	4.01	0.005	0	0.58	1	1.724	457	1.802	1
1962	1.183	3.262	0.118	0.326	0.005	0	0.1	1	9.99	488	2.757	1
1963	3.602	10.73	0.36	1.073	0.005	0	0.1	1	9.969	459	2.979	1
1964	2.212	4.716	0.602	1.283	0.005	0	0.272	1	3.676	456	2.132	1
1965	3.175	8.944	1.095	3.086	0.005	0	0.345	1	2.899	452	2.817	1
1966	1.222	2.901	0.565	1.34	0.005	0	0.462	1	2.163	460	2.374	1
1967	4.451	6.694	0.93	1.399	0.005	0	0.209	1	4.788	452	1.504	1
1968	3.493	5.592	0.381	0.61	0.005	0	0.109	1	9.147	463	1.601	1
1969	1.11	2.651	0.718	1.715	0.005	0	0.647	1	1.546	464	2.388	1
1970	3.91	6.835	0.938	1.64	0.005	0	0.24	1	4.163	456	1.748	1
1971	4.895	10.025	0.514	1.053	0.005	0	0.105	1	9.535	455	2.048	1
1972	2.976	6.872	1.125	2.598	0.005	0	0.378	1	2.645	481	2.309	1
1973	1.8	2.851	0.248	0.393	0.005	0	0.138	1	7.272	499	1.584	1
1974	3.128	7.173	0.35	0.803	0.005	0	0.112	1	8.93	450	2.293	1
1975	3.974	8.274	1.586	3.301	0.005	0	0.399	1	2.504	473	2.082	1
1976	1.646	3.231	0.918	1.803	0.005	0	0.558	1	1.792	492	1.963	1
1977	2.586	5.281	1.138	2.324	0.005	0	0.44	1	2.272	480	2.042	1
1978	1.176	3.507	0.287	0.856	0.005	0	0.244	1	4.102	473	2.982	1
1979	1.494	3.275	0.255	0.56	0.005	0	0.171	1	5.848	466	2.192	1
1980	3.215	8.25	0.389	0.998	0.005	0	0.121	1	8.243	456	2.566	1
1981	4.817	8.839	3.96	7.266	0.005	0	0.822	1	1.216	473	1.835	1
1982	4.523	9.236	0.516	1.053	0.005	0	0.114	1	8.763	489	2.042	1
1983	4.794	9.976	0.997	2.075	0.005	0	0.208	1	4.812	489	2.081	1
1984	1.253	2.238	0.263	0.47	0.005	0	0.21	1	4.761	485	1.786	1
1985	3.934	11.409	3.124	9.059	0.005	0	0.794	1	1.259	493	2.9	1
1986	2.618	6.451	1.943	4.787	0.005	0	0.742	1	1.348	458	2.464	1
1987	4.524	12.473	0.597	1.646	0.005	0	0.132	1	7.582	481	2.757	1
1988	3.312	8.399	2.269	5.753	0.005	0	0.685	1	1.46	462	2.536	1
1989	2.28	4.854	0.816	1.738	0.005	0	0.358	1	2.793	461	2.129	1
1990	2.11	5.547	1.599	4.205	0.005	0	0.758	1	1.32	475	2.629	1
1991	3.622	10.83	0.518	1.549	0.005	0	0.143	1	6.989	490	2.99	1
1992	2.225	4.672	0.656	1.378	0.005	0	0.295	1	3.388	459	2.1	1
1993	1.515	2.562	0.194	0.328	0.005	0	0.128	1	7.798	477	1.691	1
1994	1.755	4.214	0.821	1.972	0.005	0	0.468	1	2.138	472	2.401	1
1995	3.644	6.18	0.375	0.637	0.005	0	0.103	1	9.726	462	1.696	1
1996	4.029	11.825	0.423	1.242	0.005	0	0.105	1	9.55	480	2.935	1
1997	3.169	6.943	0.368	0.805	0.005	0	0.116	1	8.651	465	2.191	1
1998	2.409	6.989	1.376	3.991	0.005	0	0.571	1	1.751	469	2.901	1
1999	1.944	5.412	0.964	2.684	0.005	0	0.496	1	2.018	482	2.784	1
2000	1.772	4.832	0.998	2.72	0.005	0	0.563	1	1.776	464	2.727	1
2001	4.287	11.875	0.725	2.007	0.005	0	0.169	1	5.932	495	2.77	1
2002	1.345	2.179	0.757	1.227	0.005	0	0.563	1	1.777	473	1.62	1
2003	1.7	4.741	0.187	0.522	0.005	0	0.11	1	9.092	469	2.789	1
2004	1.575	2.385	0.551	0.835	0.005	0	0.35	1	2.858	473	1.514	1
2005	3.661	7.97	1.003	2.184	0.005	0	0.274	1	3.648	495	2.177	1
2006	3.698	9.397	1.024	2.603	0.005	0	0.277	1	3.611	457	2.541	1
2007	3.32	8.356	1.185	2.983	0.005	0	0.357	1	2.802	451	2.517	1
2008	3.41	6.36	1.19	2.22	0.005	0	0.349	1	2.862	478	1.865	1
2009	4.145	8.012	0.535	1.034	0.005	0	0.129	1	7.761	456	1.933	1
2010	2.755	6.637	0.314	0.757	0.005	0	0.114	1	8.756	476	2.409	1
2011	4.007	6.203	0.445	0.689	0.005	0	0.111	1	8.977	496	1.548	1
2012	2.948	8.369	0.501	1.423	0.005	0	0.17	1	5.898	470	2.839	1
2013	1.425	2.361	0.262	0.434	0.005	0	0.184	1	5.436	453	1.657	1
2014	2.808	5.341	1.219	2.318	0.005	0	0.434	1	2.305	492	1.902	1
2015	4.969	9.61	0.557	1.076	0.005	0	0.112	1	8.919	498	1.934	1
2016	2.799	4.909	0.773	1.355	0.005	0	0.276	1	3.621	469	1.754	1
2017	4.69	9.38	1.463	2.927	0.005	0	0.312	1	3.2	462	2.0	1
2018	4.566	10.598	0.703	1.632	0.005	0	0.154	1	6.484	476	2.321	1
2019	1.598	3.517	0.206	0.454	0.005	0	0.129	1	7.743	459	2.201	1
2020	1.778	4.479	0.297	0.748	0.005	0	0.167	1	5.988	485	2.519	1
2021	4.436	12.58	0.945	2.68	0.005	0	0.213	1	4.694	488	2.836	1
2022	2.602	6.018	0.349	0.806	0.005	0	0.134	1	7.489	486	2.313	1
2023	4.883	11.519	0.62	1.463	0.005	0	0.127	1	7.871	470	2.359	1
2024	2.772	4.507	1.167	1.897	0.005	0	0.421	1	2.374	490	1.626	1
2025	2.577	7.074	0.446	1.224	0.005	0	0.173	1	5.766	467	2.745	1
2026	3.712	7.699	1.062	2.202	0.005	0	0.286	1	3.495	491	2.074	1
2027	1.69	4.14	0.51	1.25	0.005	0	0.302	1	3.314	491	2.45	1
2028	2.407	4.783	0.246	0.488	0.005	0	0.102	1	9.762	458	1.987	1
2029	4.529	12.02	0.48	1.274	0.005	0	0.106	1	9.445	478	2.654	1
2030	3.452	5.558	0.356	0.572	0.005	0	0.103	1	9.75	478	1.61	1
2031	2.257	4.424	0.298	0.584	0.005	0	0.132	1	7.548	481	1.96	1
2032	1.38	3.433	0.172	0.429	0.005	0	0.125	1	8.016	468	2.488	1
2033	3.434	5.666	1.363	2.249	0.005	0	0.397	1	2.522	492	1.65	1
2034	4.655	7.527	0.917	1.483	0.005	0	0.197	1	5.072	462	1.617	1
2035	2.887	4.333	1.721	2.582	0.005	0	0.596	1	1.679	496	1.501	1
2036	2.642	5.221	0.679	1.342	0.005	0	0.257	1	3.887	494	1.976	1
2037	3.151	6.179	0.429	0.84	0.005	0	0.136	1	7.338	455	1.961	1
2038	3.001	5.417	0.39	0.704	0.005	0	0.13	1	7.681	452	1.805	1
2039	4.879	9.353	0.668	1.281	0.005	0	0.137	1	7.326	468	1.917	1
2040	2.924	6.915	0.327	0.774	0.005	0	0.112	1	8.915	462	2.365	1
2041	4.888	10.27	0.508	1.068	0.005	0	0.104	1	9.628	493	2.101	1
2042	4.647	10.321	1.204	2.673	0.005	0	0.259	1	3.856	489	2.221	1
2043	1.296	2.477	0.183	0.349	0.005	0	0.141	1	7.069	474	1.911	1
2044	1.577	2.742	0.825	1.434	0.005	0	0.523	1	1.911	478	1.739	1
2045	4.49	13.043	2.519	7.317	0.005	0	0.561	1	1.781	475	2.905	1
2046	3.374	7.845	1.232	2.863	0.005	0	0.365	1	2.739	461	2.325	1
2047	3.956	7.956	1.978	3.978	0.005	0	0.5	1	2.002	497	2.011	1
2048	1.197	2.477	0.291	0.602	0.005	0	0.243	1	4.116	479	2.069	1
2049	3.068	7.099	0.331	0.767	0.005	0	0.108	1	9.243	469	2.314	1
2050	3.377	6.801	0.895	1.802	0.005	0	0.265	1	3.767	463	2.014	1
2051	1.992	3.341	0.211	0.354	0.005	0	0.106	1	9.428	495	1.677	1
2052	2.217	5.319	0.528	1.266	0.005	0	0.238	1	4.204	483	2.399	1
2053	2.859	5.355	0.38	0.712	0.005	0	0.133	1	7.537	494	1.873	1
2054	4.082	11.646	0.588	1.677	0.005	0	0.144	1	6.956	467	2.853	1
2055	2.855	8.348	0.551	1.611	0.005	0	0.193	1	5.188	480	2.924	1
2056	1.998	3.125	1.143	1.787	0.005	0	0.572	1	1.748	473	1.564	1
2057	2.91	6.443	0.588	1.301	0.005	0	0.202	1	4.945	498	2.214	1
2058	4.564	7.092	0.917	1.425	0.005	0	0.201	1	4.983	460	1.554	1
2059	2.644	4.516	0.486	0.831	0.005	0	0.184	1	5.44	466	1.708	1
2060	4.21	8.02	1.242	2.366	0.005	0	0.295	1	3.388	496	1.905	1
2061	3.662	9.071	1.597	3.955	0.005	0	0.436	1	2.294	464	2.477	1
2062	3.291	7.931	0.55	1.324	0.005	0	0.167	1	6.003	464	2.41	1
2063	1.563	4.664	0.216	0.644	0.005	0	0.138	1	7.242	486	2.984	1
2064	3.42	5.964	0.393	0.686	0.005	0	0.115	1	8.73	477	1.744	1
2065	1.441	2.411	0.163	0.272	0.005	0	0.113	1	8.819	493	1.673	1
2066	4.943	8.981	1.251	2.272	0.005	0	0.253	1	3.95	480	1.817	1
2067	2.977	7.282	0.619	1.515	0.005	0	0.208	1	4.803	453	2.446	1
2068	3.574	7.295	0.522	1.065	0.005	0	0.146	1	6.841	490	2.041	1
2069	3.152	6.947	1.11	2.445	0.005	0	0.352	1	2.837	483	2.204	1
2070	4.882	9.867	2.592	5.239	0.005	0	0.531	1	1.882	492	2.021	1
2071	4.697	7.44	0.855	1.354	0.005	0	0.182	1	5.494	464	1.584	1
2072	3.124	7.944	0.462	1.176	0.005	0	0.148	1	6.743	484	2.543	1
2073	1.004	2.273	0.193	0.436	0.005	0	0.192	1	5.209	451	2.264	1
2074	4.623	7.79	0.615	1.036	0.005	0	0.133	1	7.511	474	1.685	1
2075	2.718	5.781	1.114	2.37	0.005	0	0.41	1	2.437	457	2.127	1
2076	1.653	2.493	0.271	0.409	0.005	0	0.164	1	6.082	455	1.508	1
2077	3.977	7.656	1.3	2.504	0.005	0	0.327	1	3.056	469	1.925	1
2078	2.92	6.068	0.383	0.795	0.005	0	0.131	1	7.639	498	2.078	1
2079	4.716	7.428	0.552	0.869	0.005	0	0.117	1	8.566	471	1.575	1
2080	2.459	3.834	0.671	1.047	0.005	0	0.273	1	3.658	477	1.559	1
2081	2.901	6.965	0.47	1.128	0.005	0	0.162	1	6.161	459	2.401	1
2082	3.955	11.517	1.515	4.411	0.005	0	0.383	1	2.612	483	2.912	1
2083	2.833	6.261	0.32	0.707	0.005	0	0.113	1	8.888	490	2.21	1
2084	2.486	4.042	0.296	0.481	0.005	0	0.119	1	8.427	495	1.626	1
2085	3.64	9.864	0.681	1.845	0.005	0	0.187	1	5.35	487	2.71	1
2086	1.244	2.044	0.168	0.276	0.005	0	0.135	1	7.394	474	1.643	1
2087	1.445	2.241	1.097	1.701	0.005	0	0.759	1	1.317	482	1.551	1
2088	4.168	6.823	1.896	3.104	0.005	0	0.455	1	2.197	488	1.637	1
2089	4.799	11.844	1.377	3.399	0.005	0	0.287	1	3.489	492	2.468	1
2090	2.661	6.73	1.192	3.015	0.005	0	0.448	1	2.231	498	2.529	1
2091	4.538	12.23	0.871	2.348	0.005	0	0.192	1	5.195	464	2.695	1
2092	2.254	4.776	0.343	0.726	0.005	0	0.152	1	6.577	499	2.119	1
2093	1.694	2.814	0.21	0.349	0.005	0	0.124	1	8.085	452	1.661	1
2094	2.805	6.491	2.303	5.329	0.005	0	0.821	1	1.218	469	2.314	1
2095	3.846	7.184	0.623	1.164	0.005	0	0.162	1	6.177	482	1.868	1
2096	3.573	8.489	0.422	1.002	0.005	0	0.118	1	8.445	470	2.376	1
2097	3.651	6.181	0.818	1.385	0.005	0	0.224	1	4.469	485	1.693	1
2098	1.609	2.489	0.465	0.719	0.005	0	0.289	1	3.464	453	1.547	1
2099	2.816	8.423	0.293	0.876	0.005	0	0.104	1	9.629	482	2.991	1
2100	4.481	10.633	1.721	4.083	0.005	0	0.384	1	2.605	480	2.373	1
2101	4.517	8.984	0.908	1.806	0.005	0	0.201	1	4.987	469	1.989	1
2102	3.448	7.006	0.386	0.785	0.005	0	0.112	1	8.923	459	2.032	1
2103	2.67	4.187	0.31	0.486	0.005	0	0.116	1	8.636	468	1.568	1
2104	4.471	9.429	1.051	2.216	0.005	0	0.235	1	4.252	488	2.109	1
2105	3.88	9.894	1.536	3.918	0.005	0	0.396	1	2.526	467	2.55	1
2106	1.849	3.441	1.444	2.687	0.005	0	0.781	1	1.28	481	1.861	1
2107	3.016	7.938	0.86	2.262	0.005	0	0.285	1	3.51	487	2.632	1
2108	4.706	12.433	0.579	1.529	0.005	0	0.123	1	8.126	465	2.642	1
2109	1.839	2.922	0.432	0.687	0.005	0	0.235	1	4.251	454	1.589	1
2110	3.456	6.28	0.401	0.728	0.005	0	0.116	1	8.597	452	1.817	1
2111	2.742	6.822	1.135	2.824	0.005	0	0.414	1	2.417	489	2.488	1
2112	1.539	2.993	0.162	0.314	0.005	0	0.105	1	9.503	486	1.945	1
2113	3.665	10.434	1.297	3.694	0.005	0	0.354	1	2.828	497	2.847	1
2114	1.094	2.586	0.144	0.341	0.005	0	0.132	1	7.588	471	2.364	1
2115	1.753	2.745	0.181	0.283	0.005	0	0.103	1	9.746	457	1.566	1
2116	2.38	6.743	0.957	2.711	0.005	0	0.402	1	2.489	459	2.833	1
2117	4.848	11.383	0.897	2.106	0.005	0	0.185	1	5.395	469	2.348	1
2118	2.239	3.432	0.531	0.813	0.005	0	0.237	1	4.223	499	1.533	1
2119	1.49	2.576	0.188	0.325	0.005	0	0.126	1	7.95	489	1.729	1
2120	2.531	4.591	0.342	0.62	0.005	0	0.135	1	7.397	489	1.814	1
2121	4.088	9.108	2.939	6.549	0.005	0	0.719	1	1.391	468	2.228	1
2122	4.614	7.955	0.623	1.074	0.005	0	0.135	1	7.387	492	1.724	1
2123	1.945	3.727	0.198	0.38	0.005	0	0.102	1	9.782	453	1.916	1
2124	2.282	4.931	0.381	0.823	0.005	0	0.167	1	5.985	478	2.161	1
2125	4.66	10.369	0.671	1.493	0.005	0	0.144	1	6.956	491	2.225	1
2126	1.152	2.773	0.321	0.774	0.005	0	0.279	1	3.58	477	2.407	1
2127	3.553	10.236	0.668	1.924	0.005	0	0.188	1	5.308	450	2.881	1
2128	1.688	3.141	0.236	0.44	0.005	0	0.14	1	7.144	485	1.861	1
2129	4.213	10.305	2.3	5.627	0.005	0	0.546	1	1.833	453	2.446	1
2130	3.676	9.227	0.555	1.393	0.005	0	0.151	1	6.641	450	2.51	1
2131	2.021	5.156	0.988	2.521	0.005	0	0.489	1	2.045	487	2.551	1
2132	4.863	8.768	1.478	2.665	0.005	0	0.304	1	3.293	476	1.803	1
2133	4.418	9.455	0.654	1.399	0.005	0	0.148	1	6.777	458	2.14	1
2134	2.611	5.856	0.95	2.132	0.005	0	0.364	1	2.747	469	2.243	1
2135	1.403	2.329	0.707	1.174	0.005	0	0.504	1	1.986	451	1.66	1
2136	2.263	5.581	0.306	0.753	0.005	0	0.135	1	7.385	480	2.466	1
2137	3.075	7.408	1.491	3.593	0.005	0	0.485	1	2.061	460	2.409	1
2138	1.471	2.37	0.453	0.73	0.005	0	0.308	1	3.25	493	1.611	1
2139	3.543	7.593	1.169	2.506	0.005	0	0.33	1	3.026	473	2.143	1
2140	3.088	5.636	1.85	3.376	0.005	0	0.599	1	1.669	472	1.825	1
2141	1.5	2.672	0.226	0.403	0.005	0	0.151	1	6.614	457	1.781	1
2142	2.218	5.066	0.315	0.719	0.005	0	0.142	1	7.065	478	2.284	1
2143	4.725	10.782	0.747	1.704	0.005	0	0.158	1	6.323	498	2.282	1
2144	4.33	11.15	0.589	1.516	0.005	0	0.136	1	7.38	463	2.575	1
2145	2.076	5.171	0.835	2.079	0.005	0	0.402	1	2.488	459	2.491	1
2146	2.413	6.901	0.29	0.828	0.005	0	0.12	1	8.304	497	2.86	1
2147	4.381	9.296	1.893	4.016	0.005	0	0.432	1	2.313	483	2.122	1
2148	4.023	9.438	0.41	0.963	0.005	0	0.102	1	9.787	457	2.346	1
2149	3.888	7.426	0.692	1.322	0.005	0	0.178	1	5.614	497	1.91	1
2150	1.058	2.548	0.141	0.339	0.005	0	0.133	1	7.508	466	2.408	1
2151	1.724	4.898	0.274	0.779	0.005	0	0.159	1	6.279	498	2.841	1
2152	2.667	4.977	0.581	1.085	0.005	0	0.218	1	4.582	464	1.866	1
2153	2.966	6.709	2.497	5.649	0.005	0	0.842	1	1.187	462	2.262	1
2154	4.078	9.314	0.445	1.015	0.005	0	0.109	1	9.161	481	2.284	1
2155	4.59	7.913	2.066	3.561	0.005	0	0.45	1	2.223	464	1.724	1
2156	1.636	3.007	0.564	1.037	0.005	0	0.345	1	2.895	496	1.838	1
2157	1.489	4.384	0.158	0.465	0.005	0	0.106	1	9.455	461	2.944	1
2158	3.435	5.915	0.818	1.408	0.005	0	0.238	1	4.208	485	1.722	1
2159	3.087	7.884	1.099	2.807	0.005	0	0.356	1	2.811	489	2.554	1
2160	4.701	8.043	0.512	0.877	0.005	0	0.109	1	9.147	450	1.711	1
2161	4.282	12.028	0.484	1.359	0.005	0	0.113	1	8.845	461	2.809	1
2162	4.74	9.859	0.811	1.686	0.005	0	0.171	1	5.865	474	2.08	1
2163	2.004	3.948	0.541	1.066	0.005	0	0.27	1	3.699	474	1.97	1
2164	1.872	3.785	1.718	3.475	0.005	0	0.918	1	1.089	472	2.022	1
2165	1.818	4.852	0.376	1.004	0.005	0	0.207	1	4.83	464	2.669	1
2166	3.803	7.792	0.396	0.81	0.005	0	0.104	1	9.581	463	2.049	1
2167	4.325	11.708	1.518	4.11	0.005	0	0.351	1	2.846	458	2.707	1
2168	3.358	5.557	0.759	1.256	0.005	0	0.226	1	4.428	459	1.655	1
2169	4.83	13.514	0.913	2.554	0.005	0	0.189	1	5.304	475	2.798	1
2170	1.959	3.358	0.451	0.772	0.005	0	0.23	1	4.353	455	1.714	1
2171	1.905	4.427	0.251	0.584	0.005	0	0.132	1	7.57	468	2.324	1
2172	2.724	7.224	0.34	0.903	0.005	0	0.125	1	7.975	458	2.652	1
2173	2.999	8.514	0.75	2.128	0.005	0	0.25	1	4.003	460	2.839	1
2174	4.259	10.652	0.575	1.438	0.005	0	0.135	1	7.383	484	2.501	1
2175	3.412	6.889	1.119	2.26	0.005	0	0.328	1	3.047	460	2.019	1
2176	4.32	12.9	1.14	3.406	0.005	0	0.264	1	3.786	458	2.986	1
2177	1.827	4.533	0.393	0.975	0.005	0	0.215	1	4.655	450	2.481	1
2178	4.936	8.796	0.716	1.275	0.005	0	0.145	1	6.883	453	1.782	1
2179	2.75	4.67	0.525	0.892	0.005	0	0.191	1	5.242	498	1.698	1
2180	3.526	9.481	0.413	1.109	0.005	0	0.117	1	8.53	486	2.689	1
2181	2.266	4.512	0.245	0.487	0.005	0	0.108	1	9.258	477	1.991	1
2182	2.924	5.985	0.909	1.861	0.005	0	0.311	1	3.212	494	2.047	1
2183	4.494	7.483	0.539	0.898	0.005	0	0.12	1	8.364	453	1.665	1
2184	4.578	9.444	1.744	3.598	0.005	0	0.381	1	2.627	499	2.063	1
2185	4.668	13.878	0.873	2.595	0.005	0	0.187	1	5.357	456	2.973	1
2186	3.053	7.904	0.788	2.039	0.005	0	0.258	1	3.876	466	2.589	1
2187	1.84	5.502	0.21	0.627	0.005	0	0.114	1	8.744	464	2.99	1
2188	2.939	8.129	0.332	0.919	0.005	0	0.113	1	8.877	450	2.766	1
2189	3.335	5.68	1.564	2.664	0.005	0	0.469	1	2.132	481	1.703	1
2190	2.367	5.633	0.35	0.834	0.005	0	0.148	1	6.749	460	2.38	1
2191	2.051	4.785	0.32	0.746	0.005	0	0.156	1	6.405	498	2.333	1
2192	3.382	5.208	0.342	0.526	0.005	0	0.101	1	9.869	469	1.54	1
2193	3.067	6.901	0.334	0.752	0.005	0	0.109	1	9.142	456	2.25	1
2194	1.306	3.023	0.226	0.523	0.005	0	0.173	1	5.795	451	2.315	1
2195	1.678	2.569	1.045	1.6	0.005	0	0.623	1	1.604	454	1.531	1
2196	4.811	8.924	1.005	1.865	0.005	0	0.209	1	4.79	493	1.855	1
2197	2.537	7.213	0.553	1.572	0.005	0	0.218	1	4.582	477	2.843	1
2198	3.387	6.53	0.826	1.593	0.005	0	0.244	1	4.093	478	1.928	1
2199	2.428	4.688	0.354	0.684	0.005	0	0.146	1	6.865	460	1.931	1
2200	2.147	4.352	2.078	4.213	0.005	0	0.968	1	1.033	472	2.027	1
2201	1.696	4.766	0.5	1.406	0.005	0	0.295	1	3.385	483	2.81	1
2202	4.324	10.425	0.445	1.074	0.005	0	0.103	1	9.663	467	2.411	1
2203	3.087	5.495	0.772	1.374	0.005	0	0.25	1	3.997	457	1.78	1
2204	1.893	4.636	0.276	0.677	0.005	0	0.146	1	6.864	468	2.449	1
2205	2.381	4.46	1.314	2.462	0.005	0	0.552	1	1.81	459	1.873	1
2206	3.513	8.835	3.081	7.748	0.005	0	0.877	1	1.14	497	2.515	1
2207	4.978	11.265	0.727	1.645	0.005	0	0.146	1	6.833	494	2.263	1
2208	3.322	9.75	1.266	3.715	0.005	0	0.381	1	2.625	458	2.935	1
2209	2.252	3.948	0.498	0.873	0.005	0	0.221	1	4.535	482	1.753	1
2210	4.312	8.305	4.196	8.081	0.005	0	0.973	1	1.028	480	1.926	1
2211	2.281	5.563	0.379	0.923	0.005	0	0.166	1	6.02	482	2.439	1
2212	1.196	2.129	0.231	0.411	0.005	0	0.193	1	5.192	466	1.78	1
2213	3.567	10.544	0.935	2.763	0.005	0	0.262	1	3.818	474	2.956	1
2214	1.641	4.852	0.594	1.756	0.005	0	0.362	1	2.761	456	2.957	1
2215	1.068	2.554	0.207	0.495	0.005	0	0.194	1	5.158	458	2.391	1
2216	1.537	3.115	0.372	0.754	0.005	0	0.242	1	4.139	452	2.027	1
2217	2.18	4.166	0.504	0.962	0.005	0	0.231	1	4.324	456	1.911	1
2218	1.803	3.339	0.186	0.344	0.005	0	0.103	1	9.756	465	1.852	1
2219	3.942	8.787	0.725	1.617	0.005	0	0.184	1	5.442	464	2.229	1
2220	1.182	3.298	0.546	1.524	0.005	0	0.462	1	2.165	458	2.79	1
2221	4.041	9.909	2.093	5.133	0.005	0	0.518	1	1.931	450	2.452	1
2222	4.763	10.369	0.7	1.524	0.005	0	0.147	1	6.802	490	2.177	1
2223	4.298	7.642	0.438	0.779	0.005	0	0.102	1	9.807	466	1.778	1
2224	3.123	7.87	0.378	0.952	0.005	0	0.121	1	8.296	490	2.52	1
2225	2.445	6.648	0.281	0.765	0.005	0	0.115	1	8.696	483	2.719	1
2226	2.478	6.824	0.632	1.74	0.005	0	0.255	1	3.92	484	2.754	1
2227	2.847	4.33	0.569	0.866	0.005	0	0.2	1	5.009	476	1.521	1
2228	2.751	7.125	0.319	0.826	0.005	0	0.116	1	8.612	469	2.59	1
2229	2.018	4.323	0.751	1.608	0.005	0	0.372	1	2.689	472	2.142	1
2230	1.97	3.572	0.431	0.782	0.005	0	0.219	1	4.574	477	1.813	1
2231	3.338	6.753	0.364	0.736	0.005	0	0.109	1	9.157	499	2.023	1
2232	4.54	12.154	0.613	1.641	0.005	0	0.135	1	7.395	451	2.677	1
2233	4.866	7.362	1.051	1.59	0.005	0	0.216	1	4.622	484	1.513	1
2234	2.179	5.862	0.235	0.633	0.005	0	0.108	1	9.275	475	2.69	1
2235	1.446	4.253	0.168	0.493	0.005	0	0.116	1	8.616	464	2.941	1
2236	3.585	5.729	0.505	0.808	0.005	0	0.141	1	7.095	477	1.598	1
2237	4.314	9.107	1.389	2.932	0.005	0	0.322	1	3.106	489	2.111	1
2238	2.829	6.49	0.43	0.986	0.005	0	0.152	1	6.559	466	2.294	1
2239	3.146	6.311	0.393	0.789	0.005	0	0.125	1	8.009	481	2.006	1
2240	2.361	5.699	0.453	1.094	0.005	0	0.192	1	5.206	470	2.414	1
2241	4.091	12.093	0.63	1.862	0.005	0	0.154	1	6.482	454	2.956	1
2242	2.942	4.442	0.591	0.893	0.005	0	0.201	1	4.984	472	1.51	1
2243	2.629	7.687	1.081	3.159	0.005	0	0.411	1	2.434	469	2.924	1
2244	4.79	7.266	2.223	3.371	0.005	0	0.464	1	2.157	466	1.517	1
2245	2.083	4.995	0.708	1.698	0.005	0	0.34	1	2.943	456	2.398	1
2246	2.691	5.0	0.856	1.59	0.005	0	0.318	1	3.148	465	1.858	1
2247	4.399	6.678	0.559	0.848	0.005	0	0.127	1	7.844	461	1.518	1
2248	1.468	3.991	0.186	0.507	0.005	0	0.127	1	7.855	466	2.719	1
2249	2.951	4.943	0.313	0.524	0.005	0	0.106	1	9.426	472	1.675	1
2250	2.174	4.109	0.402	0.76	0.005	0	0.185	1	5.397	461	1.89	1
2251	3.387	7.285	0.41	0.881	0.005	0	0.121	1	8.28	473	2.151	1
2252	4.173	6.902	0.726	1.201	0.005	0	0.174	1	5.757	462	1.654	1
2253	4.408	9.31	1.701	3.594	0.005	0	0.386	1	2.589	483	2.112	1
2254	2.842	4.922	0.941	1.629	0.005	0	0.331	1	3.017	473	1.732	1
2255	3.1	4.938	0.366	0.583	0.005	0	0.118	1	8.472	479	1.593	1
2256	4.235	7.911	0.966	1.804	0.005	0	0.228	1	4.389	453	1.868	1
2257	1.433	3.443	0.257	0.616	0.005	0	0.179	1	5.584	455	2.403	1
2258	4.11	7.932	2.252	4.347	0.005	0	0.548	1	1.825	495	1.93	1
2259	1.375	2.784	0.231	0.468	0.005	0	0.168	1	5.939	484	2.025	1
2260	1.819	4.962	0.204	0.556	0.005	0	0.112	1	8.934	494	2.728	1
2261	1.026	1.622	0.196	0.31	0.005	0	0.191	1	5.228	484	1.581	1
2262	1.718	4.601	0.696	1.863	0.005	0	0.405	1	2.472	488	2.678	1
2263	3.169	6.49	0.498	1.019	0.005	0	0.157	1	6.37	453	2.048	1
2264	2.645	4.356	0.791	1.302	0.005	0	0.299	1	3.344	498	1.647	1
2265	1.567	4.27	0.169	0.461	0.005	0	0.108	1	9.243	497	2.725	1
2266	1.34	3.723	0.2	0.555	0.005	0	0.149	1	6.691	481	2.778	1
2267	2.351	4.575	0.308	0.599	0.005	0	0.131	1	7.635	497	1.946	1
2268	3.433	7.889	1.064	2.446	0.005	0	0.31	1	3.221	467	2.298	1
2269	3.462	6.647	1.146	2.2	0.005	0	0.331	1	3.018	459	1.92	1
2270	2.47	5.325	1.647	3.552	0.005	0	0.667	1	1.499	457	2.156	1
2271	4.916	8.795	1.701	3.043	0.005	0	0.346	1	2.889	491	1.789	1
2272	4.549	12.924	0.746	2.12	0.005	0	0.164	1	6.092	481	2.841	1
2273	2.367	4.874	0.689	1.418	0.005	0	0.291	1	3.431	489	2.059	1
2274	3.956	6.97	1.116	1.966	0.005	0	0.282	1	3.55	468	1.762	1
2275	2.64	7.912	0.327	0.981	0.005	0	0.124	1	8.093	489	2.997	1
2276	1.452	3.627	0.333	0.831	0.005	0	0.229	1	4.374	499	2.498	1
2277	4.035	6.702	0.726	1.206	0.005	0	0.18	1	5.548	479	1.661	1
2278	2.166	3.871	0.474	0.848	0.005	0	0.219	1	4.572	492	1.787	1
2279	1.076	2.856	0.125	0.331	0.005	0	0.116	1	8.65	491	2.654	1
2280	1.591	2.496	0.418	0.656	0.005	0	0.263	1	3.797	468	1.569	1
2281	4.38	13.0	1.2	3.562	0.005	0	0.274	1	3.656	494	2.968	1
2282	3.398	9.674	1.087	3.096	0.005	0	0.32	1	3.121	494	2.847	1
2283	1.785	3.707	0.496	1.031	0.005	0	0.278	1	3.594	497	2.077	1
2284	2.492	4.087	0.782	1.283	0.005	0	0.314	1	3.186	474	1.64	1
2285	1.084	1.629	0.436	0.655	0.005	0	0.402	1	2.49	477	1.503	1
2286	2.036	5.489	0.859	2.316	0.005	0	0.422	1	2.37	497	2.696	1
2287	1.501	3.446	0.344	0.789	0.005	0	0.229	1	4.361	485	2.296	1
2288	1.985	5.123	0.597	1.542	0.005	0	0.301	1	3.319	457	2.581	1
2289	4.381	11.969	0.591	1.616	0.005	0	0.135	1	7.419	458	2.732	1
2290	1.743	4.785	0.274	0.751	0.005	0	0.157	1	6.382	498	2.745	1
2291	3.69	7.989	3.063	6.631	0.005	0	0.83	1	1.205	492	2.165	1
2292	1.795	4.312	1.118	2.686	0.005	0	0.623	1	1.606	463	2.402	1
2293	3.708	7.798	0.412	0.866	0.005	0	0.111	1	8.981	482	2.103	1
2294	2.993	4.876	0.32	0.522	0.005	0	0.107	1	9.379	465	1.629	1
2295	4.289	7.433	0.806	1.397	0.005	0	0.188	1	5.318	456	1.733	1
2296	2.755	8.119	0.815	2.403	0.005	0	0.296	1	3.376	470	2.947	1
2297	2.552	4.752	0.398	0.741	0.005	0	0.156	1	6.402	450	1.862	1
2298	1.377	3.392	0.314	0.773	0.005	0	0.228	1	4.388	453	2.463	1
2299	1.992	4.944	0.221	0.549	0.005	0	0.111	1	8.974	450	2.482	1
2300	1.473	3.41	0.222	0.515	0.005	0	0.151	1	6.615	477	2.315	1
2301	2.168	3.712	0.522	0.895	0.005	0	0.241	1	4.149	470	1.712	1
2302	4.91	11.74	0.673	1.608	0.005	0	0.137	1	7.298	463	2.391	1
2303	3.294	7.688	0.339	0.792	0.005	0	0.103	1	9.727	484	2.334	1
2304	1.874	4.839	0.47	1.215	0.005	0	0.251	1	3.987	492	2.582	1
2305	1.791	3.944	0.193	0.426	0.005	0	0.108	1	9.251	492	2.202	1
2306	2.99	7.46	0.631	1.574	0.005	0	0.211	1	4.729	452	2.495	1
2307	1.058	2.233	0.142	0.299	0.005	0	0.134	1	7.465	455	2.111	1
2308	1.579	4.483	0.169	0.48	0.005	0	0.107	1	9.326	459	2.839	1
2309	4.78	13.465	2.18	6.14	0.005	0	0.456	1	2.195	483	2.817	1
2310	3.476	10.087	0.535	1.553	0.005	0	0.154	1	6.474	499	2.902	1
2311	3.166	8.969	0.871	2.466	0.005	0	0.275	1	3.634	469	2.833	1
2312	3.016	7.136	0.341	0.806	0.005	0	0.113	1	8.864	470	2.366	1
2313	4.003	9.747	1.285	3.129	0.005	0	0.321	1	3.111	480	2.435	1
2314	3.577	7.508	0.529	1.111	0.005	0	0.148	1	6.768	462	2.099	1
2315	4.17	8.578	0.742	1.527	0.005	0	0.178	1	5.623	459	2.057	1
2316	2.816	6.877	0.363	0.887	0.005	0	0.129	1	7.755	475	2.442	1
2317	3.984	7.51	0.578	1.089	0.005	0	0.145	1	6.888	493	1.885	1
2318	4.223	7.889	2.483	4.639	0.005	0	0.588	1	1.702	482	1.868	1
2319	2.746	5.926	0.442	0.954	0.005	0	0.161	1	6.192	482	2.158	1
2320	4.052	10.511	3.315	8.598	0.005	0	0.818	1	1.223	483	2.594	1
2321	1.478	2.872	0.477	0.928	0.005	0	0.323	1	3.097	452	1.943	1
2322	1.731	4.385	0.189	0.478	0.005	0	0.109	1	9.141	470	2.533	1
2323	2.575	4.766	0.394	0.729	0.005	0	0.153	1	6.539	475	1.851	1
2324	2.603	4.285	0.26	0.429	0.005	0	0.1	1	9.984	494	1.646	1
2325	3.756	6.565	0.672	1.175	0.005	0	0.179	1	5.576	465	1.748	1
2326	4.838	11.761	0.503	1.223	0.005	0	0.104	1	9.63	462	2.431	1
2327	3.859	8.328	0.891	1.924	0.005	0	0.231	1	4.327	460	2.158	1
2328	3.195	8.46	0.751	1.988	0.005	0	0.235	1	4.248	468	2.648	1
2329	1.619	2.506	0.189	0.293	0.005	0	0.117	1	8.568	471	1.548	1
2330	4.139	7.781	0.745	1.401	0.005	0	0.18	1	5.569	469	1.88	1
2331	3.643	9.698	1.566	4.17	0.005	0	0.43	1	2.323	490	2.662	1
2332	3.197	7.024	1.039	2.283	0.005	0	0.325	1	3.08	462	2.197	1
2333	2.899	5.546	0.299	0.571	0.005	0	0.103	1	9.698	475	1.913	1
2334	3.421	9.374	0.421	1.153	0.005	0	0.123	1	8.159	476	2.74	1
2335	4.976	13.147	0.776	2.051	0.005	0	0.156	1	6.421	482	2.642	1
2336	2.832	7.182	0.473	1.199	0.005	0	0.167	1	6.002	450	2.536	1
2337	2.615	7.419	0.442	1.254	0.005	0	0.169	1	5.9	457	2.837	1
2338	3.625	6.568	1.066	1.931	0.005	0	0.294	1	3.405	464	1.812	1
2339	2.052	4.028	0.64	1.257	0.005	0	0.312	1	3.201	453	1.963	1
2340	2.175	6.036	0.339	0.942	0.005	0	0.156	1	6.404	472	2.775	1
2341	3.827	9.445	0.39	0.963	0.005	0	0.102	1	9.782	490	2.468	1
2342	3.263	6.131	0.401	0.754	0.005	0	0.123	1	8.104	465	1.879	1
2343	3.766	5.773	0.821	1.259	0.005	0	0.218	1	4.592	462	1.533	1
2344	3.698	11.027	1.953	5.822	0.005	0	0.528	1	1.894	456	2.982	1
2345	3.194	5.756	0.323	0.581	0.005	0	0.101	1	9.905	456	1.802	1
2346	1.782	4.284	0.244	0.587	0.005	0	0.137	1	7.28	479	2.404	1
2347	2.668	7.582	0.371	1.054	0.005	0	0.139	1	7.205	455	2.842	1
2348	2.804	5.51	0.463	0.909	0.005	0	0.165	1	6.062	490	1.965	1
2349	2.05	6.035	0.301	0.887	0.005	0	0.147	1	6.803	463	2.944	1
2350	3.272	7.339	1.528	3.427	0.005	0	0.467	1	2.14	461	2.243	1
2351	3.448	7.992	0.724	1.678	0.005	0	0.21	1	4.759	477	2.318	1
2352	3.21	8.673	0.899	2.428	0.005	0	0.28	1	3.57	459	2.702	1
2353	1.688	4.25	1.268	3.192	0.005	0	0.751	1	1.332	491	2.518	1
2354	4.495	12.541	0.908	2.533	0.005	0	0.202	1	4.957	463	2.79	1
2355	1.601	3.053	0.72	1.374	0.005	0	0.45	1	2.223	489	1.907	1
2356	4.774	11.505	0.573	1.381	0.005	0	0.12	1	8.316	497	2.41	1
2357	3.677	7.24	0.816	1.607	0.005	0	0.222	1	4.509	453	1.969	1
2358	2.375	5.99	0.696	1.755	0.005	0	0.293	1	3.411	493	2.522	1
2359	2.653	5.943	0.3	0.672	0.005	0	0.113	1	8.821	475	2.24	1
2360	4.082	11.654	1.045	2.983	0.005	0	0.256	1	3.904	492	2.855	1
2361	3.132	7.786	0.432	1.074	0.005	0	0.138	1	7.238	497	2.486	1
2362	2.673	5.894	0.281	0.619	0.005	0	0.105	1	9.552	455	2.205	1
2363	1.946	3.495	0.292	0.524	0.005	0	0.15	1	6.677	460	1.796	1
2364	1.245	3.481	0.214	0.599	0.005	0	0.172	1	5.826	456	2.796	1
2365	3.565	7.829	0.984	2.161	0.005	0	0.276	1	3.617	496	2.196	1
2366	2.208	4.765	0.267	0.577	0.005	0	0.121	1	8.296	465	2.158	1
2367	1.418	4.196	0.23	0.68	0.005	0	0.162	1	6.158	454	2.959	1
2368	3.91	11.707	3.343	10.009	0.005	0	0.855	1	1.17	499	2.994	1
2369	4.379	10.991	2.194	5.506	0.005	0	0.501	1	1.997	475	2.51	1
2370	2.292	4.208	0.307	0.564	0.005	0	0.134	1	7.479	469	1.836	1
2371	1.911	3.803	0.461	0.917	0.005	0	0.241	1	4.143	457	1.99	1
2372	4.015	10.323	0.919	2.364	0.005	0	0.229	1	4.359	458	2.571	1
2373	4.725	10.872	1.644	3.783	0.005	0	0.348	1	2.875	473	2.301	1
2374	4.705	7.387	0.579	0.909	0.005	0	0.123	1	8.148	497	1.57	1
2375	3.57	9.91	1.785	4.955	0.005	0	0.5	1	2.002	472	2.776	1
2376	1.154	2.721	0.254	0.599	0.005	0	0.22	1	4.54	457	2.358	1
2377	2.866	4.623	0.304	0.49	0.005	0	0.106	1	9.411	464	1.613	1
2378	3.844	5.951	2.279	3.529	0.005	0	0.593	1	1.685	487	1.548	1
2379	4.469	7.048	0.67	1.057	0.005	0	0.15	1	6.684	456	1.577	1
2380	3.655	6.239	0.826	1.41	0.005	0	0.226	1	4.429	478	1.707	1
2381	3.288	4.955	0.644	0.971	0.005	0	0.196	1	5.1	484	1.507	1
2382	2.279	6.436	0.604	1.706	0.005	0	0.265	1	3.771	481	2.824	1
2383	1.507	2.417	0.158	0.254	0.005	0	0.105	1	9.539	459	1.604	1
2384	3.761	10.918	0.688	1.998	0.005	0	0.183	1	5.479	491	2.903	1
2385	1.581	4.095	0.376	0.975	0.005	0	0.238	1	4.205	458	2.59	1
2386	3.664	6.364	0.561	0.974	0.005	0	0.153	1	6.524	468	1.737	1
2387	2.06	4.229	0.284	0.584	0.005	0	0.138	1	7.255	458	2.053	1
2388	4.682	9.888	0.641	1.355	0.005	0	0.137	1	7.303	477	2.112	1
2389	2.624	5.623	0.478	1.023	0.005	0	0.182	1	5.495	499	2.143	1
2390	1.573	2.731	0.604	1.049	0.005	0	0.384	1	2.603	486	1.736	1
2391	2.556	7.604	0.327	0.973	0.005	0	0.128	1	7.817	452	2.975	1
2392	3.388	8.345	0.674	1.661	0.005	0	0.199	1	5.031	479	2.463	1
2393	1.088	1.904	0.163	0.286	0.005	0	0.15	1	6.667	486	1.75	1
2394	3.475	9.282	0.643	1.717	0.005	0	0.185	1	5.416	487	2.671	1
2395	3.119	6.388	0.396	0.811	0.005	0	0.127	1	7.848	455	2.048	1
2396	4.767	7.599	4.552	7.257	0.005	0	0.955	1	1.047	488	1.594	1
2397	3.278	7.028	0.334	0.717	0.005	0	0.102	1	9.838	462	2.144	1
2398	3.927	11.361	0.707	2.045	0.005	0	0.18	1	5.559	455	2.893	1
2399	1.672	3.934	0.502	1.18	0.005	0	0.3	1	3.329	476	2.353	1
2400	3.109	4.953	0.749	1.194	0.005	0	0.241	1	4.156	475	1.593	1
2401	4.915	12.15	0.541	1.336	0.005	0	0.11	1	9.089	480	2.472	1
2402	4.38	12.198	1.191	3.318	0.005	0	0.272	1	3.677	487	2.785	1
2403	3.043	6.53	1.385	2.971	0.005	0	0.455	1	2.197	467	2.146	1
2404	4.516	10.292	0.465	1.06	0.005	0	0.103	1	9.697	466	2.279	1
2405	2.887	6.196	0.479	1.029	0.005	0	0.166	1	6.007	487	2.146	1
2406	4.106	6.73	0.472	0.774	0.005	0	0.115	1	8.676	450	1.639	1
2407	1.228	2.436	0.208	0.412	0.005	0	0.169	1	5.921	456	1.984	1
2408	2.56	6.118	0.274	0.655	0.005	0	0.107	1	9.375	450	2.39	1
2409	4.511	7.646	0.695	1.177	0.005	0	0.154	1	6.482	498	1.695	1
2410	3.704	6.801	0.648	1.19	0.005	0	0.175	1	5.702	478	1.836	1
2411	1.569	4.283	0.507	1.383	0.005	0	0.323	1	3.1	481	2.73	1
2412	2.237	6.322	0.593	1.675	0.005	0	0.265	1	3.775	459	2.826	1
2413	3.515	8.598	1.163	2.846	0.005	0	0.331	1	3.025	462	2.446	1
2414	2.684	6.187	0.65	1.497	0.005	0	0.242	1	4.127	488	2.305	1
2415	2.901	5.41	0.328	0.611	0.005	0	0.113	1	8.831	466	1.865	1
2416	1.691	4.324	0.257	0.657	0.005	0	0.152	1	6.587	453	2.557	1
2417	2.625	5.898	0.662	1.486	0.005	0	0.252	1	3.969	490	2.247	1
2418	1.552	2.75	0.217	0.385	0.005	0	0.14	1	7.125	450	1.772	1
2419	3.657	5.577	0.907	1.383	0.005	0	0.248	1	4.039	498	1.525	1
2420	4.909	14.452	1.124	3.31	0.005	0	0.229	1	4.365	454	2.944	1
2421	1.996	5.675	0.489	1.39	0.005	0	0.245	1	4.083	490	2.843	1
2422	3.782	10.767	0.477	1.357	0.005	0	0.126	1	7.923	454	2.847	1
2423	3.576	10.013	0.397	1.111	0.005	0	0.111	1	9.041	463	2.8	1
2424	4.788	10.04	0.503	1.054	0.005	0	0.105	1	9.495	480	2.097	1
2425	4.807	10.157	0.519	1.097	0.005	0	0.108	1	9.237	450	2.113	1
2426	3.719	8.007	0.443	0.953	0.005	0	0.119	1	8.432	462	2.153	1
2427	2.576	6.11	0.353	0.837	0.005	0	0.137	1	7.32	498	2.372	1
2428	2.026	6.068	0.583	1.748	0.005	0	0.288	1	3.473	489	2.995	1
2429	2.197	6.022	0.38	1.042	0.005	0	0.173	1	5.776	469	2.741	1
2430	2.698	7.684	0.302	0.861	0.005	0	0.112	1	8.896	462	2.848	1
2431	4.815	12.505	1.319	3.426	0.005	0	0.274	1	3.649	490	2.597	1
2432	1.77	4.384	0.189	0.469	0.005	0	0.107	1	9.333	492	2.477	1
2433	1.957	5.558	0.198	0.561	0.005	0	0.101	1	9.884	471	2.84	1
2434	1.155	3.202	0.12	0.333	0.005	0	0.104	1	9.599	453	2.772	1
2435	4.709	9.022	0.697	1.335	0.005	0	0.148	1	6.753	459	1.916	1
2436	2.31	3.934	0.624	1.062	0.005	0	0.27	1	3.699	457	1.703	1
2437	1.841	3.583	0.403	0.785	0.005	0	0.219	1	4.571	454	1.946	1
2438	1.57	4.416	0.959	2.698	0.005	0	0.611	1	1.637	487	2.813	1
2439	2.635	4.456	2.15	3.636	0.005	0	0.816	1	1.226	451	1.691	1
2440	1.67	3.682	0.329	0.725	0.005	0	0.197	1	5.069	458	2.205	1
2441	1.459	4.16	0.188	0.537	0.005	0	0.129	1	7.754	459	2.851	1
2442	1.678	2.636	0.29	0.456	0.005	0	0.173	1	5.796	474	1.571	1
2443	2.697	4.523	0.348	0.583	0.005	0	0.129	1	7.747	483	1.677	1
2444	3.099	7.168	1.1	2.545	0.005	0	0.355	1	2.82	472	2.313	1
2445	4.905	9.153	1.57	2.929	0.005	0	0.32	1	3.127	476	1.866	1
2446	1.566	4.444	0.764	2.169	0.005	0	0.488	1	2.049	454	2.838	1
2447	3.944	11.043	0.58	1.623	0.005	0	0.147	1	6.783	489	2.8	1
2448	4.816	12.873	0.963	2.575	0.005	0	0.2	1	4.993	470	2.673	1
2449	3.762	10.462	2.72	7.564	0.005	0	0.723	1	1.383	476	2.781	1
2450	1.63	3.134	0.403	0.774	0.005	0	0.247	1	4.051	459	1.923	1
2451	2.289	4.283	0.282	0.527	0.005	0	0.123	1	8.109	458	1.871	1
2452	1.43	2.398	0.197	0.331	0.005	0	0.138	1	7.264	457	1.677	1
2453	3.712	10.475	0.575	1.624	0.005	0	0.155	1	6.437	456	2.822	1
2454	2.584	5.465	0.269	0.568	0.005	0	0.104	1	9.629	474	2.115	1
2455	3.263	6.64	0.388	0.79	0.005	0	0.119	1	8.397	470	2.035	1
2456	2.886	7.022	0.3	0.73	0.005	0	0.104	1	9.651	483	2.433	1
2457	2.507	4.503	0.652	1.171	0.005	0	0.26	1	3.846	495	1.796	1
2458	3.462	5.449	1.908	3.002	0.005	0	0.551	1	1.814	463	1.574	1
2459	3.774	9.627	0.423	1.078	0.005	0	0.112	1	8.928	476	2.551	1
2460	2.651	7.433	0.376	1.055	0.005	0	0.142	1	7.036	480	2.804	1
2461	4.504	6.923	0.513	0.789	0.005	0	0.114	1	8.762	462	1.537	1
2462	2.811	6.364	0.464	1.05	0.005	0	0.165	1	6.044	478	2.264	1
2463	3.172	6.258	0.324	0.638	0.005	0	0.102	1	9.768	482	1.973	1
2464	4.219	7.193	0.624	1.065	0.005	0	0.148	1	6.743	458	1.705	1
2465	3.245	8.21	0.746	1.888	0.005	0	0.23	1	4.357	498	2.53	1
2466	3.799	8.593	2.01	4.546	0.005	0	0.529	1	1.892	484	2.262	1
2467	4.452	7.23	0.743	1.207	0.005	0	0.167	1	5.996	458	1.624	1
2468	1.178	2.003	0.276	0.469	0.005	0	0.234	1	4.265	495	1.7	1
2469	2.864	6.1	2.449	5.216	0.005	0	0.855	1	1.17	495	2.13	1
2470	2.949	5.002	1.05	1.781	0.005	0	0.356	1	2.807	474	1.696	1
2471	1.236	1.931	0.184	0.288	0.005	0	0.149	1	6.696	459	1.562	1
2472	1.313	3.293	0.513	1.288	0.005	0	0.391	1	2.558	453	2.508	1
2473	1.737	2.694	0.703	1.091	0.005	0	0.405	1	2.471	477	1.551	1
2474	4.061	11.216	0.739	2.041	0.005	0	0.182	1	5.492	472	2.762	1
2475	2.941	8.067	0.329	0.904	0.005	0	0.112	1	8.917	457	2.743	1
2476	2.47	5.691	0.254	0.586	0.005	0	0.103	1	9.754	467	2.304	1
2477	1.187	2.683	0.138	0.311	0.005	0	0.116	1	8.618	458	2.26	1
2478	1.194	2.413	0.458	0.927	0.005	0	0.384	1	2.607	478	2.021	1
2479	2.028	3.439	0.26	0.44	0.005	0	0.128	1	7.804	477	1.696	1
2480	3.77	10.752	1.157	3.301	0.005	0	0.307	1	3.258	456	2.852	1
2481	4.418	10.546	2.319	5.537	0.005	0	0.525	1	1.903	486	2.387	1
2482	1.834	4.644	0.447	1.133	0.005	0	0.244	1	4.091	461	2.532	1
2483	1.29	3.34	0.203	0.524	0.005	0	0.157	1	6.389	468	2.589	1
2484	4.237	11.126	4.017	10.547	0.005	0	0.948	1	1.055	499	2.626	1
2485	1.613	3.4	0.489	1.03	0.005	0	0.303	1	3.298	472	2.108	1
2486	2.921	8.018	0.441	1.211	0.005	0	0.151	1	6.613	472	2.745	1
2487	1.045	1.863	0.12	0.214	0.005	0	0.115	1	8.699	452	1.783	1
2488	2.828	5.421	0.407	0.781	0.005	0	0.144	1	6.937	486	1.917	1
2489	4.852	11.092	2.159	4.936	0.005	0	0.445	1	2.246	472	2.286	1
2490	2.534	4.318	0.598	1.019	0.005	0	0.236	1	4.234	460	1.704	1
2491	3.348	7.001	0.452	0.945	0.005	0	0.135	1	7.408	468	2.091	1
2492	1.81	4.867	0.753	2.025	0.005	0	0.416	1	2.402	495	2.689	1
2493	2.264	3.874	0.342	0.585	0.005	0	0.151	1	6.64	467	1.711	1
2494	4.053	7.81	1.163	2.241	0.005	0	0.287	1	3.481	496	1.927	1
2495	4.931	13.289	4.329	11.668	0.005	0	0.878	1	1.139	472	2.695	1
2496	1.492	3.314	0.255	0.567	0.005	0	0.171	1	5.837	452	2.221	1
2497	1.562	3.774	0.184	0.445	0.005	0	0.118	1	8.487	498	2.416	1
2498	1.266	3.759	0.509	1.511	0.005	0	0.402	1	2.489	459	2.969	1
2499	1.217	3.023	0.206	0.511	0.005	0	0.169	1	5.914	497	2.484	1
2500	4.407	7.571	0.727	1.249	0.005	0	0.165	1	6.054	478	1.718	1
2501	1.397	2.832	0.196	0.396	0.005	0	0.14	1	7.143	475	2.027	1
2502	4.837	7.43	0.566	0.869	0.005	0	0.117	1	8.513	488	1.536	1
2503	1.022	2.229	0.303	0.66	0.005	0	0.296	1	3.382	484	2.181	1
2504	1.931	4.932	1.359	3.472	0.005	0	0.704	1	1.421	474	2.554	1
2505	2.921	5.196	0.324	0.577	0.005	0	0.111	1	9.0	485	1.779	1
2506	4.395	12.913	0.479	1.408	0.005	0	0.109	1	9.181	461	2.938	1
2507	4.964	11.665	0.511	1.201	0.005	0	0.103	1	9.716	456	2.35	1
2508	1.169	2.02	0.175	0.303	0.005	0	0.15	1	6.681	464	1.728	1
2509	1.219	2.122	0.684	1.19	0.005	0	0.561	1	1.784	451	1.741	1
2510	1.589	3.721	0.736	1.723	0.005	0	0.463	1	2.159	465	2.342	1
2511	4.188	7.718	0.469	0.864	0.005	0	0.112	1	8.895	468	1.843	1
2512	3.785	8.702	0.704	1.619	0.005	0	0.186	1	5.389	470	2.299	1
2513	1.272	3.56	0.212	0.595	0.005	0	0.167	1	6.006	472	2.799	1
2514	2.363	3.79	0.395	0.633	0.005	0	0.167	1	5.975	483	1.604	1
2515	4.045	11.124	0.983	2.703	0.005	0	0.243	1	4.111	478	2.75	1
2516	3.729	7.294	0.899	1.758	0.005	0	0.241	1	4.156	473	1.956	1
2517	3.537	9.221	0.955	2.49	0.005	0	0.27	1	3.706	492	2.607	1
2518	1.429	3.521	0.977	2.408	0.005	0	0.684	1	1.462	487	2.464	1
2519	2.32	4.902	1.097	2.319	0.005	0	0.473	1	2.114	487	2.113	1
2520	2.026	3.471	0.265	0.455	0.005	0	0.131	1	7.633	493	1.713	1
2521	1.192	2.071	0.259	0.449	0.005	0	0.217	1	4.616	487	1.737	1
2522	1.679	4.275	0.43	1.094	0.005	0	0.256	1	3.903	476	2.546	1
2523	3.883	7.999	0.835	1.72	0.005	0	0.215	1	4.66	492	2.06	1
2524	3.287	5.118	0.832	1.295	0.005	0	0.253	1	3.96	498	1.557	1
2525	2.174	6.455	0.348	1.033	0.005	0	0.16	1	6.253	475	2.969	1
2526	2.309	5.666	0.413	1.014	0.005	0	0.179	1	5.598	465	2.454	1
2527	3.715	10.016	2.879	7.762	0.005	0	0.775	1	1.29	467	2.696	1
2528	4.137	8.315	0.641	1.289	0.005	0	0.155	1	6.451	451	2.01	1
2529	2.125	5.232	0.238	0.586	0.005	0	0.112	1	8.925	459	2.462	1
2530	1.901	3.532	0.279	0.519	0.005	0	0.147	1	6.811	482	1.858	1
2531	4.234	7.007	0.589	0.974	0.005	0	0.139	1	7.196	476	1.655	1
2532	2.989	6.758	0.607	1.372	0.005	0	0.203	1	4.932	495	2.261	1
2533	4.541	9.972	0.513	1.127	0.005	0	0.113	1	8.859	492	2.196	1
2534	1.33	3.442	0.213	0.551	0.005	0	0.16	1	6.233	499	2.588	1
2535	3.827	8.408	0.486	1.068	0.005	0	0.127	1	7.845	453	2.197	1
2536	1.763	3.359	0.795	1.515	0.005	0	0.451	1	2.216	467	1.905	1
2537	2.763	7.662	0.602	1.67	0.005	0	0.218	1	4.592	452	2.773	1
2538	3.478	9.592	0.459	1.266	0.005	0	0.132	1	7.569	486	2.758	1
2539	2.86	6.893	0.349	0.841	0.005	0	0.122	1	8.218	478	2.41	1
2540	2.922	4.392	0.432	0.65	0.005	0	0.148	1	6.769	491	1.503	1
2541	2.092	3.962	0.402	0.761	0.005	0	0.192	1	5.208	472	1.894	1
2542	1.057	2.563	0.513	1.243	0.005	0	0.485	1	2.06	461	2.425	1
2543	1.01	1.892	0.109	0.204	0.005	0	0.108	1	9.246	458	1.873	1
2544	2.877	5.835	0.564	1.144	0.005	0	0.196	1	5.112	484	2.028	1
2545	2.958	6.797	0.417	0.958	0.005	0	0.141	1	7.076	495	2.298	1
2546	2.635	5.594	0.835	1.773	0.005	0	0.317	1	3.155	497	2.123	1
2547	3.942	7.766	0.402	0.792	0.005	0	0.102	1	9.849	460	1.97	1
2548	2.07	3.84	0.306	0.568	0.005	0	0.148	1	6.758	473	1.855	1
2549	4.997	14.441	0.505	1.459	0.005	0	0.101	1	9.926	474	2.89	1
2550	2.75	5.822	0.388	0.821	0.005	0	0.141	1	7.095	472	2.117	1
2551	4.901	9.209	0.529	0.995	0.005	0	0.108	1	9.269	467	1.879	1
2552	2.351	4.994	0.588	1.248	0.005	0	0.25	1	4.004	453	2.124	1
2553	2.569	5.68	0.909	2.011	0.005	0	0.354	1	2.822	487	2.211	1
2554	1.918	4.945	0.32	0.826	0.005	0	0.167	1	5.974	451	2.578	1
2555	2.585	5.566	0.344	0.74	0.005	0	0.133	1	7.522	458	2.153	1
2556	1.934	3.793	0.905	1.775	0.005	0	0.468	1	2.136	466	1.961	1
2557	1.318	3.926	0.42	1.252	0.005	0	0.319	1	3.134	479	2.979	1
2558	3.749	10.16	0.574	1.554	0.005	0	0.153	1	6.553	490	2.71	1
2559	2.13	3.734	0.217	0.381	0.005	0	0.102	1	9.8	495	1.753	1
2560	2.998	8.775	0.303	0.886	0.005	0	0.101	1	9.902	452	2.927	1
2561	1.691	4.226	0.84	2.1	0.005	0	0.497	1	2.013	496	2.499	1
2562	4.932	11.654	0.715	1.69	0.005	0	0.145	1	6.908	455	2.363	1
2563	2.656	5.713	1.963	4.222	0.005	0	0.739	1	1.354	468	2.151	1
2564	4.481	12.13	1.716	4.646	0.005	0	0.383	1	2.612	493	2.707	1
2565	2.663	7.962	0.397	1.186	0.005	0	0.149	1	6.701	476	2.99	1
2566	2.34	5.23	0.311	0.696	0.005	0	0.133	1	7.493	490	2.235	1
2567	4.366	7.514	0.568	0.977	0.005	0	0.13	1	7.667	495	1.721	1
2568	3.172	7.407	0.444	1.037	0.005	0	0.14	1	7.152	460	2.335	1
2569	3.258	8.585	0.847	2.232	0.005	0	0.26	1	3.847	499	2.635	1
2570	4.998	12.63	0.765	1.932	0.005	0	0.153	1	6.544	484	2.527	1
2571	1.328	3.413	0.193	0.495	0.005	0	0.145	1	6.884	458	2.57	1
2572	1.735	4.594	1.39	3.68	0.005	0	0.801	1	1.248	466	2.648	1
2573	1.969	5.643	1.199	3.437	0.005	0	0.609	1	1.643	497	2.866	1
2574	4.996	9.717	1.044	2.031	0.005	0	0.209	1	4.79	489	1.945	1
2575	4.608	8.082	0.995	1.746	0.005	0	0.216	1	4.619	473	1.754	1
2576	1.7	4.724	0.401	1.115	0.005	0	0.236	1	4.243	463	2.779	1
2577	1.76	4.53	0.181	0.467	0.005	0	0.103	1	9.701	461	2.574	1
2578	4.151	9.224	1.963	4.363	0.005	0	0.473	1	2.115	496	2.222	1
2579	2.69	6.066	1.06	2.39	0.005	0	0.394	1	2.536	462	2.255	1
2580	4.854	10.538	0.937	2.034	0.005	0	0.193	1	5.175	486	2.171	1
2581	3.687	5.73	0.465	0.722	0.005	0	0.126	1	7.968	457	1.554	1
2582	4.919	11.53	1.136	2.663	0.005	0	0.231	1	4.335	489	2.344	1
2583	2.261	5.587	0.504	1.246	0.005	0	0.223	1	4.491	450	2.471	1
2584	3.799	9.175	1.577	3.808	0.005	0	0.415	1	2.41	467	2.415	1
2585	1.387	2.766	0.14	0.279	0.005	0	0.101	1	9.862	478	1.994	1
2586	1.026	1.875	0.24	0.439	0.005	0	0.234	1	4.269	476	1.827	1
2587	3.71	7.624	1.662	3.416	0.005	0	0.448	1	2.234	455	2.055	1
2588	2.982	7.389	1.184	2.933	0.005	0	0.397	1	2.517	468	2.478	1
2589	2.719	7.254	0.291	0.776	0.005	0	0.107	1	9.37	488	2.668	1
2590	3.548	8.579	1.228	2.968	0.005	0	0.346	1	2.888	476	2.418	1
2591	3.675	6.619	0.5	0.9	0.005	0	0.136	1	7.356	482	1.801	1
2592	4.806	9.064	0.711	1.341	0.005	0	0.148	1	6.752	457	1.886	1
2593	2.815	5.244	0.338	0.629	0.005	0	0.12	1	8.356	462	1.863	1
2594	2.769	7.717	0.318	0.887	0.005	0	0.115	1	8.699	497	2.787	1
2595	1.743	4.265	1.492	3.651	0.005	0	0.856	1	1.168	477	2.447	1
2596	1.293	2.633	0.35	0.714	0.005	0	0.271	1	3.689	460	2.036	1
2597	2.202	3.536	2.154	3.458	0.005	0	0.978	1	1.023	493	1.606	1
2598	3.05	8.339	0.381	1.042	0.005	0	0.125	1	8.017	496	2.734	1
2599	4.049	7.806	0.644	1.241	0.005	0	0.159	1	6.306	481	1.928	1
2600	2.893	7.933	0.44	1.206	0.005	0	0.152	1	6.568	489	2.742	1
2601	1.114	2.75	0.194	0.478	0.005	0	0.174	1	5.755	458	2.469	1
2602	2.615	4.793	0.343	0.628	0.005	0	0.131	1	7.64	494	1.833	1
2603	3.172	8.07	0.358	0.912	0.005	0	0.113	1	8.812	455	2.544	1
2604	4.045	7.123	0.72	1.268	0.005	0	0.178	1	5.625	474	1.761	1
2605	3.663	6.714	1.088	1.994	0.005	0	0.297	1	3.369	494	1.833	1
2606	2.315	3.979	0.803	1.381	0.005	0	0.347	1	2.878	467	1.719	1
2607	2.076	5.026	0.548	1.327	0.005	0	0.264	1	3.782	493	2.421	1
2608	4.281	9.992	0.685	1.599	0.005	0	0.16	1	6.268	478	2.334	1
2609	4.51	6.873	2.895	4.412	0.005	0	0.642	1	1.558	469	1.524	1
2610	3.458	9.575	0.439	1.216	0.005	0	0.127	1	7.889	488	2.769	1
2611	3.239	9.241	0.343	0.98	0.005	0	0.106	1	9.47	482	2.853	1
2612	3.551	7.251	1.935	3.952	0.005	0	0.545	1	1.836	495	2.042	1
2613	3.23	5.271	1.55	2.53	0.005	0	0.48	1	2.084	469	1.632	1
2614	1.531	4.342	0.199	0.564	0.005	0	0.13	1	7.719	492	2.836	1
2615	4.197	9.515	2.468	5.595	0.005	0	0.588	1	1.701	460	2.267	1
2616	1.692	3.247	0.294	0.565	0.005	0	0.174	1	5.751	492	1.919	1
2617	3.637	9.802	0.389	1.049	0.005	0	0.107	1	9.316	478	2.695	1
2618	2.16	3.912	0.702	1.271	0.005	0	0.325	1	3.078	494	1.811	1
2619	1.858	3.956	0.197	0.419	0.005	0	0.106	1	9.439	473	2.129	1
2620	4.878	12.395	2.454	6.235	0.005	0	0.503	1	1.988	491	2.541	1
2621	1.715	3.896	0.221	0.503	0.005	0	0.129	1	7.758	457	2.272	1
2622	3.812	10.14	1.014	2.697	0.005	0	0.266	1	3.764	469	2.66	1
2623	1.674	4.721	0.301	0.85	0.005	0	0.18	1	5.559	467	2.82	1
2624	3.434	8.509	0.494	1.225	0.005	0	0.144	1	6.961	499	2.478	1
2625	2.756	7.292	0.378	0.999	0.005	0	0.137	1	7.303	466	2.646	1
2626	4.455	7.591	1.083	1.845	0.005	0	0.243	1	4.11	498	1.704	1
2627	2.839	8.173	0.358	1.03	0.005	0	0.126	1	7.961	493	2.879	1
2628	4.289	12.082	0.493	1.389	0.005	0	0.115	1	8.724	467	2.817	1
2629	2.296	5.699	0.535	1.328	0.005	0	0.233	1	4.288	488	2.482	1
2630	3.423	8.4	0.76	1.865	0.005	0	0.222	1	4.505	490	2.454	1
2631	1.588	4.456	0.186	0.521	0.005	0	0.117	1	8.581	491	2.806	1
2632	3.323	9.866	0.552	1.638	0.005	0	0.166	1	6.032	461	2.969	1
2633	3.93	8.292	1.588	3.35	0.005	0	0.404	1	2.478	499	2.11	1
2634	1.074	2.717	0.245	0.619	0.005	0	0.228	1	4.379	466	2.53	1
2635	2.267	4.736	0.506	1.056	0.005	0	0.223	1	4.493	451	2.089	1
2636	2.626	5.063	0.289	0.557	0.005	0	0.11	1	9.057	494	1.928	1
2637	3.122	5.738	0.359	0.66	0.005	0	0.115	1	8.678	469	1.838	1
2638	1.838	5.11	0.467	1.298	0.005	0	0.254	1	3.943	470	2.78	1
2639	1.966	4.07	0.56	1.16	0.005	0	0.285	1	3.511	456	2.07	1
2640	4.849	10.702	0.529	1.167	0.005	0	0.109	1	9.158	484	2.207	1
2641	3.914	8.368	1.26	2.694	0.005	0	0.322	1	3.106	471	2.138	1
2642	3.074	4.725	0.756	1.162	0.005	0	0.246	1	4.068	472	1.537	1
2643	3.054	7.424	0.415	1.01	0.005	0	0.136	1	7.376	498	2.431	1
2644	2.827	6.768	0.334	0.799	0.005	0	0.118	1	8.443	451	2.394	1
2645	4.009	7.204	0.457	0.821	0.005	0	0.114	1	8.767	456	1.797	1
2646	3.674	5.838	0.669	1.063	0.005	0	0.182	1	5.505	495	1.589	1
2647	3.613	6.326	0.365	0.639	0.005	0	0.101	1	9.906	493	1.751	1
2648	1.061	1.806	0.257	0.437	0.005	0	0.242	1	4.139	498	1.702	1
2649	3.181	8.764	0.512	1.411	0.005	0	0.161	1	6.202	462	2.755	1
2650	4.854	14.179	0.505	1.475	0.005	0	0.104	1	9.649	481	2.921	1
2651	4.995	8.337	0.589	0.984	0.005	0	0.118	1	8.49	451	1.669	1
2652	1.246	3.617	1.022	2.966	0.005	0	0.82	1	1.22	477	2.903	1
2653	2.719	6.58	1.009	2.441	0.005	0	0.371	1	2.697	473	2.42	1
2654	3.625	10.375	0.819	2.345	0.005	0	0.226	1	4.418	474	2.862	1
2655	1.187	2.575	0.271	0.587	0.005	0	0.228	1	4.393	462	2.169	1
2656	1.1	2.496	0.586	1.33	0.005	0	0.533	1	1.875	466	2.269	1
2657	4.683	8.846	0.496	0.938	0.005	0	0.106	1	9.437	454	1.889	1
2658	2.658	6.323	0.311	0.74	0.005	0	0.117	1	8.521	481	2.379	1
2659	2.156	3.754	0.513	0.893	0.005	0	0.238	1	4.208	455	1.741	1
2660	4.625	11.946	0.68	1.756	0.005	0	0.147	1	6.819	459	2.583	1
2661	4.539	7.439	1.153	1.89	0.005	0	0.254	1	3.939	481	1.639	1
2662	2.879	8.45	0.32	0.938	0.005	0	0.111	1	8.983	488	2.935	1
2663	3.929	9.017	0.491	1.127	0.005	0	0.125	1	7.975	495	2.295	1
2664	4.23	11.061	0.838	2.19	0.005	0	0.198	1	5.05	459	2.615	1
2665	3.411	6.989	0.351	0.72	0.005	0	0.103	1	9.688	488	2.049	1
2666	3.519	10.131	0.422	1.216	0.005	0	0.12	1	8.368	460	2.879	1
2667	1.627	3.633	0.226	0.505	0.005	0	0.139	1	7.199	456	2.233	1
2668	3.711	8.814	0.954	2.265	0.005	0	0.257	1	3.887	496	2.375	1
2669	1.567	4.457	0.199	0.566	0.005	0	0.127	1	7.867	461	2.844	1
2670	2.297	5.667	0.255	0.629	0.005	0	0.111	1	9.015	477	2.467	1
2671	1.447	2.437	0.313	0.526	0.005	0	0.216	1	4.629	473	1.684	1
2672	4.891	14.605	0.724	2.162	0.005	0	0.148	1	6.775	490	2.986	1
2673	1.207	2.182	0.495	0.895	0.005	0	0.41	1	2.439	478	1.808	1
2674	2.27	5.941	0.386	1.01	0.005	0	0.17	1	5.874	475	2.617	1
2675	3.394	8.264	2.145	5.223	0.005	0	0.632	1	1.582	474	2.435	1
2676	4.291	10.38	0.532	1.287	0.005	0	0.124	1	8.077	460	2.419	1
2677	3.168	6.957	0.573	1.259	0.005	0	0.181	1	5.519	485	2.196	1
2678	3.221	6.497	1.053	2.125	0.005	0	0.327	1	3.055	482	2.017	1
2679	2.157	4.474	0.373	0.774	0.005	0	0.173	1	5.782	478	2.074	1
2680	4.956	13.01	3.38	8.873	0.005	0	0.682	1	1.467	463	2.625	1
2681	4.279	9.487	1.519	3.368	0.005	0	0.355	1	2.818	478	2.217	1
2682	3.758	9.756	2.24	5.815	0.005	0	0.596	1	1.677	496	2.596	1
2683	3.511	9.346	0.685	1.822	0.005	0	0.195	1	5.127	498	2.662	1
2684	1.524	3.764	0.341	0.843	0.005	0	0.224	1	4.467	483	2.47	1
2685	1.723	2.647	0.436	0.67	0.005	0	0.253	1	3.946	469	1.536	1
2686	3.602	10.277	0.548	1.562	0.005	0	0.152	1	6.561	481	2.853	1
2687	1.355	3.577	0.152	0.401	0.005	0	0.112	1	8.961	484	2.64	1
2688	4.724	9.16	0.737	1.429	0.005	0	0.156	1	6.395	474	1.939	1
2689	4.321	12.514	1.093	3.166	0.005	0	0.253	1	3.955	485	2.896	1
2690	3.974	10.034	0.469	1.184	0.005	0	0.118	1	8.464	477	2.525	1
2691	3.5	6.552	0.528	0.989	0.005	0	0.151	1	6.629	467	1.872	1
2692	1.235	3.604	0.148	0.432	0.005	0	0.12	1	8.351	490	2.918	1
2693	4.688	10.014	0.586	1.252	0.005	0	0.125	1	8.023	456	2.136	1
2694	4.25	11.356	1.101	2.941	0.005	0	0.259	1	3.865	469	2.672	1
2695	1.868	3.958	0.312	0.661	0.005	0	0.167	1	5.983	483	2.119	1
2696	4.427	12.28	0.691	1.916	0.005	0	0.156	1	6.394	454	2.774	1
2697	2.532	5.629	0.671	1.492	0.005	0	0.265	1	3.776	497	2.223	1
2698	1.099	2.761	0.166	0.417	0.005	0	0.151	1	6.632	450	2.512	1
2699	1.127	2.251	0.257	0.513	0.005	0	0.228	1	4.395	478	1.997	1
2700	3.995	11.482	0.459	1.32	0.005	0	0.115	1	8.697	452	2.874	1
2701	2.134	3.572	0.35	0.586	0.005	0	0.164	1	6.093	475	1.674	1
2702	1.553	3.451	0.307	0.683	0.005	0	0.198	1	5.056	494	2.222	1
2703	1.964	4.325	0.707	1.557	0.005	0	0.36	1	2.777	492	2.202	1
2704	1.357	3.715	0.505	1.382	0.005	0	0.372	1	2.688	491	2.738	1
2705	3.961	10.14	0.725	1.856	0.005	0	0.183	1	5.479	469	2.56	1
2706	3.517	10.386	0.911	2.69	0.005	0	0.259	1	3.86	471	2.953	1
2707	1.062	1.971	0.229	0.426	0.005	0	0.216	1	4.64	450	1.856	1
2708	1.848	4.247	0.225	0.518	0.005	0	0.122	1	8.224	490	2.298	1
2709	3.431	5.967	0.367	0.638	0.005	0	0.107	1	9.352	464	1.739	1
2710	3.974	10.066	0.727	1.842	0.005	0	0.183	1	5.452	495	2.533	1
2711	3.624	8.183	0.5	1.129	0.005	0	0.138	1	7.224	481	2.258	1
2712	3.743	8.085	1.512	3.266	0.005	0	0.404	1	2.473	499	2.16	1
2713	4.748	9.809	1.116	2.305	0.005	0	0.235	1	4.26	492	2.066	1
2714	3.448	9.068	0.355	0.934	0.005	0	0.103	1	9.748	455	2.63	1
2715	4.287	9.299	0.626	1.358	0.005	0	0.146	1	6.834	480	2.169	1
2716	2.16	4.4	0.633	1.289	0.005	0	0.293	1	3.408	463	2.037	1
2717	1.733	3.688	0.295	0.627	0.005	0	0.17	1	5.89	460	2.128	1
2718	1.924	4.621	0.198	0.476	0.005	0	0.103	1	9.746	462	2.402	1
2719	2.576	4.317	1.316	2.206	0.005	0	0.511	1	1.957	489	1.676	1
2720	4.565	7.131	0.708	1.105	0.005	0	0.155	1	6.462	453	1.562	1
2721	2.151	4.805	1.005	2.244	0.005	0	0.467	1	2.142	490	2.234	1
2722	1.431	2.53	0.152	0.268	0.005	0	0.106	1	9.464	469	1.768	1
2723	2.145	3.432	0.328	0.525	0.005	0	0.153	1	6.546	467	1.6	1
2724	1.434	3.406	0.291	0.691	0.005	0	0.203	1	4.922	462	2.375	1
2725	4.194	11.278	1.338	3.598	0.005	0	0.319	1	3.134	466	2.689	1
2726	2.983	7.857	0.43	1.131	0.005	0	0.144	1	6.953	458	2.634	1
2727	3.01	5.361	1.032	1.839	0.005	0	0.343	1	2.912	450	1.781	1
2728	4.036	9.154	0.456	1.034	0.005	0	0.113	1	8.814	461	2.268	1
2729	2.808	5.144	1.289	2.361	0.005	0	0.459	1	2.179	482	1.832	1
2730	1.891	4.397	1.227	2.854	0.005	0	0.649	1	1.54	457	2.325	1
2731	3.351	8.847	0.59	1.557	0.005	0	0.176	1	5.683	468	2.64	1
2732	3.407	9.662	0.562	1.594	0.005	0	0.165	1	6.073	484	2.836	1
2733	3.866	5.88	0.398	0.606	0.005	0	0.103	1	9.668	454	1.521	1
2734	2.256	5.949	0.972	2.564	0.005	0	0.431	1	2.319	479	2.637	1
2735	3.98	10.129	1.174	2.988	0.005	0	0.295	1	3.389	452	2.545	1
2736	4.205	8.191	0.584	1.139	0.005	0	0.139	1	7.211	465	1.948	1
2737	2.548	4.464	0.42	0.737	0.005	0	0.165	1	6.046	495	1.752	1
2738	3.498	9.231	2.326	6.139	0.005	0	0.665	1	1.504	480	2.639	1
2739	2.787	6.045	0.318	0.689	0.005	0	0.114	1	8.806	490	2.169	1
2740	4.5	7.672	0.711	1.212	0.005	0	0.158	1	6.335	470	1.705	1
2741	2.75	5.286	0.544	1.047	0.005	0	0.198	1	5.053	476	1.922	1
2742	2.617	6.508	0.581	1.445	0.005	0	0.222	1	4.509	473	2.487	1
2743	2.214	4.211	0.279	0.531	0.005	0	0.126	1	7.925	465	1.902	1
2744	1.776	3.447	0.289	0.562	0.005	0	0.163	1	6.149	475	1.941	1
2745	1.379	2.111	0.427	0.654	0.005	0	0.31	1	3.223	479	1.531	1
2746	1.948	5.39	0.306	0.846	0.005	0	0.157	1	6.384	460	2.767	1
2747	1.399	2.99	0.152	0.326	0.005	0	0.109	1	9.17	461	2.137	1
2748	3.779	6.651	1.818	3.199	0.005	0	0.481	1	2.079	454	1.76	1
2749	1.84	4.92	0.221	0.59	0.005	0	0.12	1	8.358	474	2.674	1
2750	4.29	8.58	1.197	2.394	0.005	0	0.279	1	3.584	455	2.0	1
2751	1.861	3.566	0.233	0.446	0.005	0	0.125	1	8.025	491	1.916	1
2752	4.04	8.383	0.444	0.922	0.005	0	0.11	1	9.066	484	2.075	1
2753	2.436	5.164	0.319	0.676	0.005	0	0.131	1	7.662	491	2.12	1
2754	4.964	11.551	0.645	1.502	0.005	0	0.13	1	7.718	486	2.327	1
2755	4.656	10.457	0.489	1.098	0.005	0	0.105	1	9.505	497	2.246	1
2756	3.885	9.351	2.529	6.088	0.005	0	0.651	1	1.535	490	2.407	1
2757	1.512	2.601	0.281	0.484	0.005	0	0.186	1	5.373	499	1.72	1
2758	3.612	7.957	1.026	2.26	0.005	0	0.284	1	3.515	478	2.203	1
2759	1.284	3.119	0.185	0.449	0.005	0	0.144	1	6.93	496	2.429	1
2760	1.325	2.16	0.294	0.48	0.005	0	0.222	1	4.508	458	1.63	1
2761	4.242	12.641	1.039	3.097	0.005	0	0.245	1	4.087	472	2.98	1
2762	3.501	6.799	0.385	0.748	0.005	0	0.11	1	9.122	497	1.942	1
2763	3.708	6.793	0.564	1.033	0.005	0	0.152	1	6.562	466	1.832	1
2764	1.746	2.848	0.199	0.325	0.005	0	0.114	1	8.791	463	1.631	1
2765	2.32	5.136	0.492	1.089	0.005	0	0.212	1	4.708	477	2.214	1
2766	2.606	7.524	1.548	4.469	0.005	0	0.594	1	1.683	491	2.887	1
2767	2.4	4.586	0.778	1.486	0.005	0	0.324	1	3.088	461	1.911	1
2768	3.526	9.63	0.92	2.513	0.005	0	0.261	1	3.829	453	2.731	1
2769	1.251	3.094	0.15	0.371	0.005	0	0.12	1	8.323	490	2.473	1
2770	1.377	3.606	0.673	1.763	0.005	0	0.489	1	2.047	467	2.619	1
2771	1.984	4.625	0.587	1.369	0.005	0	0.296	1	3.376	492	2.331	1
2772	3.496	9.635	0.479	1.32	0.005	0	0.137	1	7.3	499	2.756	1
2773	4.854	7.611	2.728	4.277	0.005	0	0.562	1	1.78	493	1.568	1
2774	4.735	9.295	2.491	4.889	0.005	0	0.526	1	1.901	463	1.963	1
2775	1.192	2.98	0.483	1.207	0.005	0	0.405	1	2.469	477	2.5	1
2776	3.244	8.898	0.337	0.925	0.005	0	0.104	1	9.66	467	2.743	1
2777	4.923	13.76	0.778	2.174	0.005	0	0.158	1	6.316	455	2.795	1
2778	1.846	4.201	0.316	0.718	0.005	0	0.171	1	5.84	491	2.276	1
2779	3.821	8.173	0.55	1.177	0.005	0	0.144	1	6.927	493	2.139	1
2780	1.389	3.921	0.854	2.411	0.005	0	0.615	1	1.625	465	2.823	1
2781	2.022	4.671	0.372	0.859	0.005	0	0.184	1	5.445	481	2.31	1
2782	4.353	12.807	0.679	1.998	0.005	0	0.156	1	6.401	498	2.942	1
2783	1.003	2.876	0.161	0.463	0.005	0	0.161	1	6.216	480	2.867	1
2784	4.186	7.208	0.933	1.607	0.005	0	0.223	1	4.478	489	1.722	1
2785	4.794	12.287	1.361	3.49	0.005	0	0.284	1	3.519	474	2.563	1
2786	3.861	11.243	1.664	4.846	0.005	0	0.431	1	2.321	497	2.912	1
2787	3.61	7.783	0.606	1.308	0.005	0	0.168	1	5.968	479	2.156	1
2788	1.171	2.04	0.272	0.473	0.005	0	0.232	1	4.31	457	1.742	1
2789	4.801	12.891	0.557	1.495	0.005	0	0.116	1	8.658	499	2.685	1
2790	2.187	4.538	0.621	1.289	0.005	0	0.284	1	3.52	454	2.075	1
2791	4.831	11.488	0.633	1.505	0.005	0	0.131	1	7.641	462	2.378	1
2792	4.764	7.341	1.477	2.276	0.005	0	0.31	1	3.231	499	1.541	1
2793	1.997	4.927	0.867	2.138	0.005	0	0.434	1	2.306	497	2.467	1
2794	4.072	8.767	1.124	2.42	0.005	0	0.276	1	3.62	451	2.153	1
2795	4.071	11.207	0.46	1.266	0.005	0	0.113	1	8.855	491	2.753	1
2796	3.94	7.62	0.492	0.952	0.005	0	0.125	1	8.01	497	1.934	1
2797	2.214	5.761	0.325	0.847	0.005	0	0.147	1	6.795	462	2.602	1
2798	3.701	6.447	0.559	0.973	0.005	0	0.151	1	6.609	468	1.742	1
2799	2.136	5.047	0.273	0.646	0.005	0	0.128	1	7.819	466	2.363	1
2800	3.461	10.12	0.786	2.297	0.005	0	0.227	1	4.406	496	2.924	1
2801	4.354	7.319	1.163	1.954	0.005	0	0.267	1	3.746	494	1.681	1
2802	3.192	7.594	0.926	2.202	0.005	0	0.29	1	3.444	457	2.379	1
2803	4.87	13.87	2.406	6.852	0.005	0	0.494	1	2.023	492	2.848	1
2804	1.546	2.469	0.165	0.264	0.005	0	0.107	1	9.304	456	1.597	1
2805	2.578	6.834	2.243	5.946	0.005	0	0.87	1	1.149	471	2.651	1
2806	1.218	3.146	0.334	0.862	0.005	0	0.274	1	3.643	487	2.583	1
2807	4.935	11.721	0.637	1.512	0.005	0	0.129	1	7.754	493	2.375	1
2808	1.868	2.918	0.517	0.808	0.005	0	0.277	1	3.616	459	1.562	1
2809	3.636	6.018	1.763	2.919	0.005	0	0.485	1	2.061	465	1.655	1
2810	1.412	2.965	0.15	0.314	0.005	0	0.106	1	9.46	456	2.1	1
2811	3.807	7.587	0.51	1.017	0.005	0	0.134	1	7.447	496	1.993	1
2812	4.741	8.368	2.105	3.715	0.005	0	0.444	1	2.254	452	1.765	1
2813	4.313	8.893	0.569	1.174	0.005	0	0.132	1	7.582	457	2.062	1
2814	4.102	11.806	0.751	2.16	0.005	0	0.183	1	5.479	450	2.878	1
2815	3.732	9.345	0.776	1.944	0.005	0	0.208	1	4.8	458	2.504	1
2816	4.913	12.091	0.619	1.523	0.005	0	0.126	1	7.927	473	2.461	1
2817	2.904	6.052	0.523	1.089	0.005	0	0.18	1	5.569	484	2.084	1
2818	3.097	6.569	0.443	0.939	0.005	0	0.143	1	7.0	454	2.121	1
2819	1.257	2.221	0.248	0.438	0.005	0	0.197	1	5.08	462	1.767	1
2820	4.814	8.381	1.266	2.204	0.005	0	0.263	1	3.801	495	1.741	1
2821	3.31	8.897	0.632	1.699	0.005	0	0.191	1	5.222	450	2.688	1
2822	1.155	2.33	0.137	0.277	0.005	0	0.119	1	8.39	478	2.017	1
2823	1.658	3.541	0.343	0.733	0.005	0	0.207	1	4.825	480	2.136	1
2824	2.54	6.477	0.48	1.224	0.005	0	0.189	1	5.3	496	2.55	1
2825	4.467	10.949	1.514	3.712	0.005	0	0.339	1	2.951	497	2.451	1
2826	1.378	2.563	0.288	0.536	0.005	0	0.209	1	4.79	467	1.86	1
2827	3.625	6.3	1.475	2.564	0.005	0	0.407	1	2.459	468	1.738	1
2828	2.599	4.184	0.369	0.594	0.005	0	0.142	1	7.026	456	1.61	1
2829	3.326	9.087	1.999	5.461	0.005	0	0.601	1	1.663	450	2.732	1
2830	2.823	7.043	0.565	1.409	0.005	0	0.2	1	5.005	450	2.495	1
2831	3.334	5.038	0.43	0.65	0.005	0	0.129	1	7.782	475	1.511	1
2832	2.074	6.004	0.454	1.315	0.005	0	0.219	1	4.576	457	2.895	1
2833	4.849	9.596	0.562	1.113	0.005	0	0.116	1	8.589	486	1.979	1
2834	4.281	11.546	0.664	1.79	0.005	0	0.155	1	6.457	461	2.697	1
2835	3.597	7.885	0.446	0.978	0.005	0	0.124	1	8.097	481	2.192	1
2836	3.234	8.851	0.359	0.982	0.005	0	0.111	1	8.983	486	2.737	1
2837	1.069	1.8	0.7	1.179	0.005	0	0.655	1	1.526	452	1.684	1
2838	4.649	9.921	0.674	1.439	0.005	0	0.145	1	6.888	452	2.134	1
2839	3.041	6.794	0.462	1.033	0.005	0	0.152	1	6.563	463	2.234	1
2840	4.358	9.161	0.593	1.246	0.005	0	0.136	1	7.334	463	2.102	1
2841	4.517	7.426	2.182	3.587	0.005	0	0.483	1	2.071	474	1.644	1
2842	1.988	3.435	0.378	0.653	0.005	0	0.19	1	5.263	491	1.728	1
2843	3.471	7.667	0.646	1.426	0.005	0	0.186	1	5.374	477	2.209	1
2844	2.725	8.156	0.409	1.223	0.005	0	0.15	1	6.656	463	2.993	1
2845	2.677	6.883	1.325	3.407	0.005	0	0.495	1	2.019	459	2.571	1
2846	4.357	11.141	0.571	1.459	0.005	0	0.131	1	7.606	450	2.557	1
2847	2.92	4.596	1.775	2.794	0.005	0	0.608	1	1.645	494	1.574	1
2848	3.403	7.109	0.385	0.803	0.005	0	0.113	1	8.866	480	2.089	1
2849	1.465	2.861	0.186	0.363	0.005	0	0.127	1	7.856	452	1.953	1
2850	1.715	2.663	0.763	1.185	0.005	0	0.445	1	2.249	468	1.553	1
2851	3.519	5.849	0.83	1.38	0.005	0	0.236	1	4.244	463	1.662	1
2852	2.744	8.155	1.465	4.355	0.005	0	0.534	1	1.874	492	2.972	1
2853	3.002	8.003	0.744	1.985	0.005	0	0.248	1	4.037	490	2.666	1
2854	1.484	3.326	0.568	1.274	0.005	0	0.383	1	2.609	479	2.241	1
2855	1.714	3.557	0.372	0.772	0.005	0	0.217	1	4.617	481	2.075	1
2856	4.548	10.679	0.578	1.356	0.005	0	0.127	1	7.896	466	2.348	1
2857	4.988	14.65	1.856	5.45	0.005	0	0.372	1	2.685	479	2.937	1
2858	4.478	10.08	0.649	1.462	0.005	0	0.145	1	6.907	478	2.251	1
2859	1.359	3.452	0.512	1.301	0.005	0	0.377	1	2.651	499	2.54	1
2860	3.478	8.152	0.588	1.378	0.005	0	0.169	1	5.929	471	2.344	1
2861	1.995	4.67	0.507	1.186	0.005	0	0.254	1	3.941	489	2.341	1
2862	1.677	4.105	0.513	1.256	0.005	0	0.306	1	3.263	470	2.448	1
2863	3.523	5.855	2.959	4.918	0.005	0	0.84	1	1.191	477	1.662	1
2864	2.317	6.471	1.395	3.896	0.005	0	0.602	1	1.661	479	2.793	1
2865	4.914	13.081	0.614	1.635	0.005	0	0.125	1	7.972	485	2.662	1
2866	4.726	8.46	0.529	0.948	0.005	0	0.112	1	8.909	476	1.79	1
2867	2.264	5.678	0.426	1.067	0.005	0	0.188	1	5.327	450	2.508	1
2868	2.372	6.198	0.662	1.729	0.005	0	0.279	1	3.579	485	2.613	1
2869	3.923	6.312	0.702	1.13	0.005	0	0.179	1	5.574	476	1.609	1
2870	3.715	9.492	2.671	6.825	0.005	0	0.719	1	1.391	485	2.555	1
2871	3.907	9.717	0.891	2.215	0.005	0	0.228	1	4.385	497	2.487	1
2872	2.299	6.014	0.368	0.962	0.005	0	0.16	1	6.25	470	2.616	1
2873	1.969	4.474	0.642	1.459	0.005	0	0.326	1	3.065	464	2.272	1
2874	2.845	8.342	0.495	1.452	0.005	0	0.174	1	5.752	476	2.932	1
2875	3.027	7.958	0.342	0.899	0.005	0	0.113	1	8.828	485	2.629	1
2876	3.63	9.823	0.951	2.574	0.005	0	0.262	1	3.813	481	2.706	1
2877	4.022	9.528	0.615	1.458	0.005	0	0.153	1	6.52	454	2.369	1
2878	4.109	9.249	0.538	1.212	0.005	0	0.131	1	7.606	483	2.251	1
2879	3.908	11.224	1.086	3.12	0.005	0	0.278	1	3.593	457	2.872	1
2880	4.548	7.759	0.901	1.536	0.005	0	0.198	1	5.04	488	1.706	1
2881	1.558	3.068	0.279	0.549	0.005	0	0.179	1	5.598	495	1.969	1
2882	3.511	9.406	0.358	0.959	0.005	0	0.102	1	9.852	459	2.679	1
2883	3.803	6.845	0.388	0.698	0.005	0	0.102	1	9.85	460	1.8	1
2884	1.864	3.599	0.196	0.378	0.005	0	0.105	1	9.498	486	1.931	1
2885	4.308	8.715	1.379	2.789	0.005	0	0.32	1	3.121	480	2.023	1
2886	1.435	3.834	1.33	3.554	0.005	0	0.927	1	1.079	462	2.672	1
2887	3.928	6.988	1.21	2.152	0.005	0	0.308	1	3.251	461	1.779	1
2888	2.771	5.567	0.355	0.713	0.005	0	0.128	1	7.787	498	2.009	1
2889	4.4	12.355	0.585	1.643	0.005	0	0.133	1	7.535	461	2.808	1
2890	2.408	3.899	0.282	0.456	0.005	0	0.117	1	8.576	483	1.619	1
2891	1.57	2.553	0.16	0.26	0.005	0	0.102	1	9.804	480	1.626	1
2892	2.153	5.979	0.564	1.566	0.005	0	0.262	1	3.816	472	2.777	1
2893	3.354	9.475	0.56	1.582	0.005	0	0.167	1	5.985	456	2.825	1
2894	4.732	11.745	0.786	1.95	0.005	0	0.166	1	6.019	470	2.482	1
2895	1.604	4.36	0.204	0.554	0.005	0	0.127	1	7.871	461	2.718	1
2896	4.522	10.613	0.606	1.422	0.005	0	0.134	1	7.453	498	2.347	1
2897	4.419	6.969	0.561	0.885	0.005	0	0.127	1	7.861	472	1.577	1
2898	3.063	6.95	0.331	0.751	0.005	0	0.108	1	9.222	485	2.269	1
2899	3.608	10.719	1.241	3.687	0.005	0	0.344	1	2.907	499	2.971	1
2900	2.586	7.037	2.552	6.946	0.005	0	0.987	1	1.013	460	2.721	1
2901	2.658	6.307	0.758	1.797	0.005	0	0.285	1	3.513	465	2.373	1
2902	3.57	8.011	0.585	1.314	0.005	0	0.164	1	6.091	461	2.244	1
2903	1.908	5.281	0.853	2.361	0.005	0	0.447	1	2.236	488	2.768	1
2904	2.587	6.245	0.277	0.668	0.005	0	0.107	1	9.322	486	2.414	1
2905	2.919	5.31	1.357	2.469	0.005	0	0.465	1	2.149	479	1.819	1
2906	4.198	9.576	2.288	5.219	0.005	0	0.545	1	1.834	491	2.281	1
2907	1.619	3.997	0.484	1.195	0.005	0	0.299	1	3.346	486	2.469	1
2908	2.759	4.845	0.781	1.371	0.005	0	0.283	1	3.539	481	1.756	1
2909	1.872	5.219	0.487	1.357	0.005	0	0.26	1	3.841	462	2.788	1
2910	1.275	3.713	0.138	0.401	0.005	0	0.108	1	9.26	464	2.912	1
2911	2.255	3.919	0.307	0.533	0.005	0	0.136	1	7.372	486	1.738	1
2912	1.082	1.967	0.251	0.456	0.005	0	0.232	1	4.316	470	1.818	1
2913	4.843	13.033	1.032	2.776	0.005	0	0.213	1	4.684	489	2.691	1
2914	2.82	6.647	0.823	1.941	0.005	0	0.292	1	3.427	468	2.357	1
2915	2.732	4.472	0.328	0.537	0.005	0	0.12	1	8.307	475	1.637	1
2916	3.539	8.54	0.531	1.281	0.005	0	0.15	1	6.666	477	2.413	1
2917	2.794	4.535	0.453	0.735	0.005	0	0.162	1	6.173	485	1.623	1
2918	3.545	6.594	0.39	0.725	0.005	0	0.11	1	9.097	459	1.86	1
2919	3.521	8.084	0.458	1.051	0.005	0	0.13	1	7.716	495	2.296	1
2920	3.078	8.532	1.659	4.599	0.005	0	0.539	1	1.854	480	2.772	1
2921	1.861	2.894	0.194	0.301	0.005	0	0.104	1	9.57	471	1.555	1
2922	3.395	9.689	0.581	1.657	0.005	0	0.171	1	5.853	474	2.854	1
2923	4.705	8.384	0.852	1.518	0.005	0	0.181	1	5.535	460	1.782	1
2924	1.644	4.337	0.575	1.518	0.005	0	0.35	1	2.857	497	2.638	1
2925	4.597	11.396	0.726	1.801	0.005	0	0.158	1	6.319	478	2.479	1
2926	4.32	9.992	0.782	1.809	0.005	0	0.181	1	5.532	490	2.313	1
2927	2.398	6.647	0.285	0.791	0.005	0	0.119	1	8.391	469	2.772	1
2928	3.224	8.679	0.393	1.059	0.005	0	0.122	1	8.213	497	2.692	1
2929	3.75	8.006	0.416	0.889	0.005	0	0.111	1	8.99	456	2.135	1
2930	4.292	9.03	0.777	1.634	0.005	0	0.181	1	5.521	456	2.104	1
2931	4.01	6.139	0.638	0.976	0.005	0	0.159	1	6.298	483	1.531	1
2932	1.074	2.896	0.141	0.379	0.005	0	0.131	1	7.613	478	2.696	1
2933	4.804	14.249	0.509	1.51	0.005	0	0.106	1	9.438	488	2.966	1
2934	1.106	2.291	0.138	0.286	0.005	0	0.125	1	7.994	457	2.071	1
2935	4.539	10.626	0.586	1.371	0.005	0	0.129	1	7.738	483	2.341	1
2936	2.792	5.146	0.949	1.75	0.005	0	0.34	1	2.943	473	1.843	1
2937	1.593	4.647	0.183	0.534	0.005	0	0.115	1	8.673	461	2.917	1
2938	3.926	10.573	0.483	1.3	0.005	0	0.123	1	8.122	470	2.693	1
2939	3.899	9.673	0.499	1.238	0.005	0	0.128	1	7.819	487	2.481	1
2940	3.525	7.931	0.642	1.443	0.005	0	0.182	1	5.488	469	2.25	1
2941	3.103	5.88	0.335	0.635	0.005	0	0.108	1	9.261	489	1.895	1
2942	1.425	3.424	0.294	0.705	0.005	0	0.206	1	4.863	459	2.403	1
2943	2.813	4.858	1.401	2.419	0.005	0	0.498	1	2.008	491	1.727	1
2944	1.611	2.816	0.205	0.358	0.005	0	0.127	1	7.867	461	1.748	1
2945	1.522	4.482	0.568	1.672	0.005	0	0.373	1	2.678	451	2.945	1
2946	2.411	4.21	1.058	1.848	0.005	0	0.439	1	2.278	477	1.746	1
2947	4.159	9.607	0.541	1.249	0.005	0	0.13	1	7.693	452	2.31	1
2948	4.462	12.721	1.196	3.409	0.005	0	0.268	1	3.726	478	2.851	1
2949	1.587	3.234	0.308	0.627	0.005	0	0.194	1	5.163	457	2.038	1
2950	3.952	7.248	1.699	3.117	0.005	0	0.43	1	2.324	498	1.834	1
2951	4.215	11.018	1.079	2.821	0.005	0	0.256	1	3.907	492	2.614	1
2952	2.228	3.667	0.762	1.254	0.005	0	0.342	1	2.924	472	1.646	1
2953	4.345	7.282	1.473	2.469	0.005	0	0.339	1	2.949	460	1.676	1
2954	1.611	3.422	0.179	0.38	0.005	0	0.111	1	9.042	465	2.124	1
2955	1.467	4.385	0.543	1.622	0.005	0	0.37	1	2.7	466	2.989	1
2956	1.656	3.481	0.2	0.421	0.005	0	0.121	1	8.261	481	2.102	1
2957	4.703	13.502	0.673	1.931	0.005	0	0.143	1	7.009	474	2.871	1
2958	3.456	9.148	1.6	4.236	0.005	0	0.463	1	2.162	490	2.647	1
2959	3.898	11.464	3.832	11.269	0.005	0	0.983	1	1.017	478	2.941	1
2960	3.809	6.898	0.781	1.414	0.005	0	0.205	1	4.882	464	1.811	1
2961	2.382	6.727	0.291	0.821	0.005	0	0.122	1	8.207	476	2.824	1
2962	2.573	5.071	0.401	0.791	0.005	0	0.156	1	6.397	451	1.971	1
2963	4.729	14.069	0.851	2.532	0.005	0	0.18	1	5.544	460	2.975	1
2964	2.694	4.475	0.7	1.164	0.005	0	0.26	1	3.851	489	1.661	1
2965	4.763	11.25	1.453	3.431	0.005	0	0.305	1	3.282	492	2.362	1
2966	3.297	9.301	0.844	2.381	0.005	0	0.256	1	3.907	467	2.821	1
2967	1.231	3.287	0.167	0.447	0.005	0	0.136	1	7.377	463	2.67	1
2968	3.127	4.928	0.826	1.301	0.005	0	0.264	1	3.783	498	1.576	1
2969	4.394	12.145	0.514	1.421	0.005	0	0.117	1	8.546	479	2.764	1
2970	4.017	6.423	0.619	0.989	0.005	0	0.154	1	6.507	487	1.599	1
2971	4.417	8.861	2.16	4.333	0.005	0	0.489	1	2.043	476	2.006	1
2972	2.207	5.701	0.236	0.61	0.005	0	0.107	1	9.371	471	2.583	1
2973	2.351	6.931	0.564	1.663	0.005	0	0.24	1	4.159	477	2.948	1
2974	3.379	9.167	0.531	1.439	0.005	0	0.157	1	6.378	462	2.713	1
2975	2.706	7.899	0.471	1.374	0.005	0	0.174	1	5.746	458	2.919	1
2976	1.084	1.944	0.159	0.286	0.005	0	0.147	1	6.808	484	1.793	1
2977	1.796	2.716	0.214	0.323	0.005	0	0.119	1	8.373	481	1.512	1
2978	3.975	11.647	0.461	1.351	0.005	0	0.116	1	8.646	466	2.93	1
2979	2.634	5.255	2.355	4.698	0.005	0	0.894	1	1.118	498	1.995	1
2980	2.883	5.016	0.591	1.028	0.005	0	0.205	1	4.88	496	1.74	1
2981	2.456	6.828	0.425	1.181	0.005	0	0.173	1	5.775	473	2.78	1
2982	4.134	10.963	0.761	2.017	0.005	0	0.184	1	5.432	464	2.652	1
2983	4.199	12.11	0.71	2.047	0.005	0	0.169	1	5.926	489	2.884	1
2984	2.235	6.696	0.384	1.152	0.005	0	0.172	1	5.818	466	2.996	1
2985	1.028	2.539	0.458	1.132	0.005	0	0.446	1	2.242	493	2.47	1
2986	2.773	6.871	0.541	1.34	0.005	0	0.195	1	5.14	489	2.478	1
2987	3.331	7.208	0.606	1.312	0.005	0	0.182	1	5.507	463	2.164	1
2988	3.214	7.395	0.521	1.198	0.005	0	0.162	1	6.191	464	2.301	1
2989	4.667	9.931	0.485	1.033	0.005	0	0.104	1	9.583	475	2.128	1
2990	4.03	11.018	0.822	2.248	0.005	0	0.204	1	4.911	459	2.734	1
2991	3.217	4.977	0.447	0.692	0.005	0	0.139	1	7.184	473	1.547	1
2992	2.75	4.543	2.04	3.371	0.005	0	0.742	1	1.348	487	1.652	1
2993	4.283	7.701	0.767	1.378	0.005	0	0.179	1	5.589	495	1.798	1
2994	3.104	8.511	1.493	4.094	0.005	0	0.481	1	2.08	493	2.742	1
2995	2.633	7.686	0.756	2.206	0.005	0	0.287	1	3.488	458	2.919	1
2996	1.597	3.533	0.454	1.003	0.005	0	0.284	1	3.522	498	2.212	1
2997	1.894	4.133	0.436	0.951	0.005	0	0.23	1	4.352	452	2.182	1
2998	4.873	10.555	3.694	8.001	0.005	0	0.758	1	1.319	461	2.166	1
2999	1.166	3.323	0.248	0.708	0.005	0	0.213	1	4.695	489	2.85	1
3000	2.085	4.919	0.234	0.551	0.005	0	0.112	1	8.933	456	2.359	1
3001	4.28	8.166	0.693	1.323	0.005	0	0.162	1	6.184	488	1.908	1
3002	3.367	8.943	0.865	2.298	0.005	0	0.257	1	3.892	460	2.656	1
3003	4.882	8.573	0.669	1.175	0.005	0	0.137	1	7.306	499	1.756	1
3004	3.262	4.903	0.551	0.829	0.005	0	0.169	1	5.927	492	1.503	1
3005	4.557	13.639	1.226	3.669	0.005	0	0.269	1	3.715	471	2.993	1
3006	4.687	12.974	0.759	2.102	0.005	0	0.162	1	6.166	453	2.768	1
3007	2.569	6.009	0.306	0.715	0.005	0	0.119	1	8.401	491	2.339	1
3008	2.546	4.377	0.611	1.05	0.005	0	0.24	1	4.17	480	1.719	1
3009	2.652	5.922	1.246	2.783	0.005	0	0.47	1	2.128	484	2.233	1
3010	3.047	6.411	2.288	4.815	0.005	0	0.751	1	1.331	461	2.104	1
3011	2.276	6.728	0.467	1.379	0.005	0	0.205	1	4.867	483	2.956	1
3012	4.301	8.529	1.445	2.866	0.005	0	0.336	1	2.972	497	1.983	1
3013	3.772	7.827	0.588	1.221	0.005	0	0.156	1	6.425	486	2.075	1
3014	4.121	11.057	0.54	1.448	0.005	0	0.131	1	7.644	492	2.683	1
3015	2.39	7.137	0.28	0.835	0.005	0	0.117	1	8.542	467	2.986	1
3016	4.255	12.127	0.502	1.431	0.005	0	0.118	1	8.458	472	2.85	1
3017	4.847	12.728	2.312	6.071	0.005	0	0.477	1	2.098	468	2.626	1
3018	1.973	4.601	0.199	0.465	0.005	0	0.101	1	9.91	458	2.332	1
3019	2.222	5.448	1.233	3.024	0.005	0	0.555	1	1.802	471	2.452	1
3020	3.325	8.549	0.795	2.043	0.005	0	0.239	1	4.179	457	2.571	1
3021	4.921	9.67	0.841	1.654	0.005	0	0.171	1	5.862	451	1.965	1
3022	1.123	2.057	0.385	0.706	0.005	0	0.343	1	2.913	476	1.832	1
3023	1.15	1.755	0.207	0.316	0.005	0	0.18	1	5.562	476	1.526	1
3024	1.551	2.872	0.161	0.299	0.005	0	0.104	1	9.622	461	1.852	1
3025	4.799	12.305	0.504	1.292	0.005	0	0.105	1	9.54	466	2.564	1
3026	3.155	8.162	0.565	1.461	0.005	0	0.179	1	5.593	490	2.587	1
3027	3.328	6.689	1.158	2.328	0.005	0	0.348	1	2.873	483	2.01	1
3028	2.236	5.134	1.219	2.798	0.005	0	0.545	1	1.834	466	2.296	1
3029	4.428	13.111	0.974	2.884	0.005	0	0.22	1	4.538	477	2.961	1
3030	4.04	10.072	2.533	6.315	0.005	0	0.627	1	1.594	491	2.493	1
3031	3.518	7.926	0.82	1.847	0.005	0	0.233	1	4.287	475	2.253	1
3032	4.578	9.504	1.442	2.994	0.005	0	0.315	1	3.176	458	2.076	1
3033	1.458	3.429	0.325	0.765	0.005	0	0.223	1	4.477	452	2.352	1
3034	4.937	14.066	0.597	1.702	0.005	0	0.121	1	8.284	453	2.849	1
3035	2.086	4.37	0.457	0.957	0.005	0	0.219	1	4.557	466	2.095	1
3036	2.845	5.869	0.41	0.845	0.005	0	0.144	1	6.96	474	2.063	1
3037	3.727	7.42	0.678	1.35	0.005	0	0.182	1	5.501	462	1.991	1
3038	3.668	9.449	0.451	1.162	0.005	0	0.123	1	8.148	496	2.576	1
3039	2.188	4.851	0.934	2.071	0.005	0	0.427	1	2.343	450	2.217	1
3040	2.912	7.507	2.298	5.923	0.005	0	0.789	1	1.268	491	2.578	1
3041	3.733	9.952	0.885	2.359	0.005	0	0.237	1	4.211	464	2.666	1
3042	3.836	8.389	0.472	1.032	0.005	0	0.123	1	8.163	484	2.187	1
3043	3.916	10.052	0.607	1.558	0.005	0	0.155	1	6.441	478	2.567	1
3044	3.085	8.934	0.432	1.251	0.005	0	0.14	1	7.147	497	2.896	1
3045	4.511	13.276	2.445	7.196	0.005	0	0.542	1	1.844	488	2.943	1
3046	4.649	8.052	0.47	0.813	0.005	0	0.101	1	9.917	469	1.732	1
3047	4.409	12.698	1.834	5.282	0.005	0	0.416	1	2.404	459	2.88	1
3048	4.203	6.758	0.95	1.527	0.005	0	0.226	1	4.419	470	1.608	1
3049	2.159	5.866	0.436	1.185	0.005	0	0.202	1	4.952	487	2.717	1
3050	2.214	5.632	0.232	0.591	0.005	0	0.105	1	9.558	496	2.544	1
3051	1.635	3.252	0.232	0.462	0.005	0	0.142	1	7.052	487	1.989	1
3052	2.164	5.475	0.27	0.684	0.005	0	0.125	1	8.012	468	2.53	1
3053	2.763	7.211	0.658	1.716	0.005	0	0.238	1	4.196	480	2.61	1
3054	4.758	11.738	0.566	1.397	0.005	0	0.119	1	8.423	466	2.467	1
3055	2.086	4.249	0.211	0.429	0.005	0	0.101	1	9.909	472	2.037	1
3056	2.569	5.844	0.321	0.73	0.005	0	0.125	1	7.984	452	2.275	1
3057	3.657	10.203	0.772	2.153	0.005	0	0.211	1	4.75	483	2.79	1
3058	4.809	14.259	1.457	4.32	0.005	0	0.303	1	3.297	469	2.965	1
3059	2.327	4.486	1.506	2.902	0.005	0	0.647	1	1.546	475	1.928	1
3060	1.301	2.04	0.58	0.91	0.005	0	0.446	1	2.24	453	1.568	1
3061	3.734	8.465	0.568	1.287	0.005	0	0.152	1	6.597	470	2.267	1
3062	4.072	8.274	2.968	6.032	0.005	0	0.729	1	1.371	489	2.032	1
3063	1.637	3.922	0.296	0.71	0.005	0	0.181	1	5.529	489	2.396	1
3064	3.046	5.33	3.006	5.261	0.005	0	0.987	1	1.013	483	1.75	1
3065	2.67	4.595	0.302	0.519	0.005	0	0.113	1	8.887	491	1.721	1
3066	2.027	3.158	0.598	0.932	0.005	0	0.295	1	3.392	480	1.558	1
3067	1.707	3.235	0.236	0.446	0.005	0	0.138	1	7.272	452	1.895	1
3068	2.041	3.733	0.267	0.489	0.005	0	0.131	1	7.606	475	1.829	1
3069	2.382	4.423	1.246	2.313	0.005	0	0.523	1	1.912	483	1.857	1
3070	1.02	1.776	0.128	0.222	0.005	0	0.125	1	7.997	479	1.741	1
3071	1.819	3.651	0.202	0.405	0.005	0	0.111	1	9.003	476	2.007	1
3072	4.927	14.411	0.774	2.263	0.005	0	0.157	1	6.356	452	2.925	1
3073	2.544	6.296	0.308	0.762	0.005	0	0.121	1	8.254	496	2.475	1
3074	3.267	6.639	0.634	1.288	0.005	0	0.194	1	5.142	480	2.032	1
3075	4.38	8.252	1.113	2.096	0.005	0	0.254	1	3.94	479	1.884	1
3076	1.465	3.141	0.407	0.873	0.005	0	0.278	1	3.597	496	2.144	1
3077	1.881	4.072	0.286	0.619	0.005	0	0.152	1	6.592	492	2.165	1
3078	4.808	13.525	0.779	2.191	0.005	0	0.162	1	6.183	477	2.813	1
3079	4.239	10.508	0.666	1.65	0.005	0	0.157	1	6.383	489	2.479	1
3080	2.054	5.168	0.339	0.853	0.005	0	0.165	1	6.068	492	2.516	1
3081	1.452	3.046	0.151	0.317	0.005	0	0.104	1	9.623	450	2.098	1
3082	3.917	10.878	1.371	3.807	0.005	0	0.35	1	2.859	476	2.777	1
3083	4.441	11.755	2.549	6.747	0.005	0	0.574	1	1.741	483	2.647	1
3084	1.85	2.775	1.018	1.526	0.005	0	0.55	1	1.819	487	1.5	1
3085	1.251	2.479	0.686	1.358	0.005	0	0.548	1	1.826	476	1.982	1
3086	2.23	6.215	0.328	0.914	0.005	0	0.147	1	6.795	453	2.787	1
3087	4.612	11.719	0.59	1.5	0.005	0	0.128	1	7.811	493	2.541	1
3088	2.517	3.911	0.38	0.591	0.005	0	0.151	1	6.642	469	1.554	1
3089	4.614	7.927	2.782	4.78	0.005	0	0.603	1	1.659	485	1.718	1
3090	4.251	7.631	0.438	0.786	0.005	0	0.103	1	9.666	451	1.795	1
3091	2.248	6.636	0.357	1.055	0.005	0	0.159	1	6.295	492	2.952	1
3092	1.098	1.844	0.138	0.232	0.005	0	0.126	1	7.906	461	1.679	1
3093	3.637	9.634	1.197	3.17	0.005	0	0.329	1	3.038	467	2.649	1
3094	2.329	5.678	0.333	0.812	0.005	0	0.143	1	6.97	468	2.438	1
3095	3.936	9.045	0.551	1.266	0.005	0	0.14	1	7.119	465	2.298	1
3096	3.823	5.926	0.463	0.717	0.005	0	0.121	1	8.269	493	1.55	1
3097	3.903	7.705	1.066	2.103	0.005	0	0.273	1	3.657	475	1.974	1
3098	3.887	7.218	0.498	0.924	0.005	0	0.128	1	7.843	475	1.857	1
3099	1.355	2.545	0.908	1.705	0.005	0	0.67	1	1.493	494	1.878	1
3100	2.241	3.729	0.318	0.53	0.005	0	0.142	1	7.05	462	1.664	1
3101	3.833	10.303	0.533	1.432	0.005	0	0.139	1	7.216	482	2.688	1
3102	1.907	4.823	1.339	3.386	0.005	0	0.702	1	1.424	493	2.529	1
3103	4.016	7.474	0.442	0.822	0.005	0	0.11	1	9.071	496	1.861	1
3104	1.319	3.527	0.36	0.963	0.005	0	0.273	1	3.664	454	2.674	1
3105	3.311	8.099	0.368	0.899	0.005	0	0.111	1	8.986	467	2.446	1
3106	4.804	14.345	2.171	6.484	0.005	0	0.452	1	2.21	452	2.986	1
3107	4.829	11.836	0.618	1.515	0.005	0	0.128	1	7.837	465	2.451	1
3108	4.283	8.103	2.266	4.286	0.005	0	0.529	1	1.89	461	1.892	1
3109	3.402	5.954	0.629	1.101	0.005	0	0.185	1	5.408	476	1.75	1
3110	1.796	4.375	0.284	0.691	0.005	0	0.158	1	6.317	488	2.436	1
3111	3.295	5.611	1.377	2.345	0.005	0	0.418	1	2.391	494	1.703	1
3112	3.444	6.158	0.83	1.484	0.005	0	0.241	1	4.157	482	1.788	1
3113	3.882	9.441	1.522	3.701	0.005	0	0.392	1	2.554	462	2.432	1
3114	1.049	1.747	0.204	0.339	0.005	0	0.194	1	5.142	452	1.665	1
3115	3.412	5.674	0.628	1.044	0.005	0	0.184	1	5.441	472	1.663	1
3116	4.182	11.3	1.51	4.079	0.005	0	0.361	1	2.771	482	2.702	1
3117	4.164	6.325	1.928	2.928	0.005	0	0.463	1	2.161	454	1.519	1
3118	3.643	7.06	1.118	2.167	0.005	0	0.307	1	3.253	494	1.938	1
3119	4.833	10.125	1.609	3.372	0.005	0	0.333	1	2.999	498	2.095	1
3120	2.182	5.865	0.81	2.176	0.005	0	0.371	1	2.695	465	2.688	1
3121	3.152	6.982	0.555	1.229	0.005	0	0.176	1	5.686	496	2.215	1
3122	2.81	5.85	0.419	0.872	0.005	0	0.149	1	6.713	495	2.082	1
3123	1.495	3.96	0.783	2.075	0.005	0	0.524	1	1.91	469	2.649	1
3124	1.1	1.868	0.124	0.211	0.005	0	0.113	1	8.829	471	1.698	1
3125	2.986	6.707	1.484	3.333	0.005	0	0.497	1	2.011	459	2.246	1
3126	2.176	5.799	0.392	1.044	0.005	0	0.18	1	5.566	497	2.665	1
3127	3.751	7.993	1.917	4.084	0.005	0	0.511	1	1.957	493	2.131	1
3128	3.838	5.926	0.745	1.15	0.005	0	0.194	1	5.161	455	1.544	1
3129	2.995	8.242	0.566	1.558	0.005	0	0.189	1	5.297	499	2.752	1
3130	2.869	4.952	0.427	0.738	0.005	0	0.149	1	6.715	483	1.726	1
3131	2.923	6.688	0.295	0.675	0.005	0	0.101	1	9.893	497	2.288	1
3132	2.525	7.269	0.348	1.003	0.005	0	0.138	1	7.234	463	2.879	1
3133	4.633	12.551	2.057	5.573	0.005	0	0.444	1	2.251	499	2.709	1
3134	2.102	6.216	1.719	5.085	0.005	0	0.818	1	1.222	493	2.957	1
3135	3.814	10.332	0.965	2.614	0.005	0	0.253	1	3.958	457	2.709	1
3136	3.049	5.875	0.573	1.104	0.005	0	0.188	1	5.319	478	1.927	1
3137	3.856	10.265	3.486	9.28	0.005	0	0.904	1	1.106	460	2.662	1
3138	1.032	2.606	0.194	0.49	0.005	0	0.188	1	5.328	482	2.525	1
3139	1.118	3.325	0.347	1.031	0.005	0	0.31	1	3.229	490	2.974	1
3140	1.595	2.716	0.247	0.421	0.005	0	0.155	1	6.438	450	1.703	1
3141	2.755	6.808	0.716	1.77	0.005	0	0.26	1	3.84	489	2.471	1
3142	2.656	6.664	0.433	1.086	0.005	0	0.163	1	6.125	472	2.509	1
3143	4.257	8.063	0.502	0.951	0.005	0	0.118	1	8.44	479	1.894	1
3144	1.224	3.242	0.526	1.394	0.005	0	0.43	1	2.328	477	2.649	1
3145	2.507	5.661	0.323	0.73	0.005	0	0.129	1	7.739	495	2.258	1
3146	3.004	8.688	0.397	1.147	0.005	0	0.132	1	7.579	471	2.892	1
3147	3.5	6.797	1.099	2.134	0.005	0	0.314	1	3.184	455	1.942	1
3148	4.561	7.936	0.67	1.167	0.005	0	0.147	1	6.782	472	1.74	1
3149	3.27	8.113	2.953	7.326	0.005	0	0.903	1	1.108	458	2.481	1
3150	3.756	10.126	0.477	1.286	0.005	0	0.127	1	7.894	497	2.696	1
3151	1.61	4.65	0.953	2.753	0.005	0	0.592	1	1.69	469	2.888	1
3152	1.012	1.82	0.117	0.211	0.005	0	0.116	1	8.649	457	1.798	1
3153	4.371	12.444	1.495	4.256	0.005	0	0.342	1	2.926	456	2.847	1
3154	2.057	3.517	0.232	0.397	0.005	0	0.113	1	8.817	486	1.71	1
3155	3.554	9.66	0.594	1.613	0.005	0	0.167	1	5.984	497	2.718	1
3156	2.137	4.372	0.511	1.045	0.005	0	0.239	1	4.178	450	2.046	1
3157	4.039	7.185	1.547	2.752	0.005	0	0.383	1	2.614	476	1.779	1
3158	3.072	6.826	0.697	1.55	0.005	0	0.227	1	4.407	459	2.222	1
3159	3.646	6.909	0.39	0.739	0.005	0	0.107	1	9.384	452	1.895	1
3160	4.461	12.892	0.888	2.566	0.005	0	0.199	1	5.021	496	2.89	1
3161	1.394	4.119	0.17	0.503	0.005	0	0.122	1	8.176	450	2.955	1
3162	4.562	12.372	1.063	2.883	0.005	0	0.233	1	4.297	477	2.712	1
3163	2.767	7.651	1.24	3.428	0.005	0	0.448	1	2.232	470	2.765	1
3164	4.048	7.93	1.971	3.862	0.005	0	0.487	1	2.053	456	1.959	1
3165	3.361	8.601	0.336	0.86	0.005	0	0.1	1	9.957	466	2.559	1
3166	3.055	7.066	0.712	1.646	0.005	0	0.233	1	4.288	494	2.313	1
3167	1.688	4.737	0.211	0.592	0.005	0	0.125	1	7.984	496	2.806	1
3168	2.324	5.252	1.357	3.067	0.005	0	0.584	1	1.713	470	2.26	1
3169	4.514	10.739	1.95	4.639	0.005	0	0.432	1	2.316	478	2.379	1
3170	1.827	4.589	0.234	0.587	0.005	0	0.128	1	7.838	481	2.512	1
3171	4.036	7.188	0.557	0.992	0.005	0	0.138	1	7.251	476	1.781	1
3172	1.955	3.949	0.239	0.482	0.005	0	0.122	1	8.207	475	2.02	1
3173	3.553	5.521	0.377	0.585	0.005	0	0.106	1	9.46	491	1.554	1
3174	2.191	6.534	0.276	0.823	0.005	0	0.126	1	7.951	486	2.982	1
3175	4.354	10.828	1.171	2.913	0.005	0	0.269	1	3.712	472	2.487	1
3176	3.561	8.194	0.659	1.516	0.005	0	0.185	1	5.393	496	2.301	1
3177	4.279	9.551	0.894	1.996	0.005	0	0.209	1	4.787	475	2.232	1
3178	3.048	6.294	0.332	0.686	0.005	0	0.109	1	9.168	461	2.065	1
3179	4.066	8.372	1.012	2.085	0.005	0	0.249	1	4.016	495	2.059	1
3180	1.106	3.258	0.215	0.632	0.005	0	0.194	1	5.159	462	2.946	1
3181	3.817	5.832	0.592	0.904	0.005	0	0.155	1	6.459	463	1.528	1
3182	1.143	3.133	0.973	2.666	0.005	0	0.851	1	1.175	466	2.741	1
3183	4.345	12.218	0.517	1.454	0.005	0	0.119	1	8.404	485	2.812	1
3184	2.219	4.644	0.224	0.469	0.005	0	0.101	1	9.87	488	2.093	1
3185	3.799	7.697	0.904	1.832	0.005	0	0.238	1	4.207	470	2.026	1
3186	3.207	7.248	0.904	2.044	0.005	0	0.282	1	3.544	454	2.26	1
3187	4.192	6.657	0.692	1.098	0.005	0	0.165	1	6.044	475	1.588	1
3188	2.708	4.113	0.376	0.572	0.005	0	0.139	1	7.214	461	1.519	1
3189	4.366	10.967	0.751	1.886	0.005	0	0.172	1	5.82	490	2.512	1
3190	2.925	6.608	1.176	2.656	0.005	0	0.402	1	2.488	455	2.259	1
3191	3.019	5.443	0.854	1.54	0.005	0	0.283	1	3.539	452	1.803	1
3192	1.372	3.492	0.235	0.597	0.005	0	0.171	1	5.858	467	2.545	1
3193	1.867	4.255	0.792	1.804	0.005	0	0.424	1	2.36	490	2.279	1
3194	2.865	7.913	0.424	1.171	0.005	0	0.148	1	6.745	494	2.762	1
3195	3.353	5.68	0.392	0.665	0.005	0	0.117	1	8.58	452	1.694	1
3196	2.718	5.368	0.631	1.245	0.005	0	0.232	1	4.302	499	1.975	1
3197	1.148	2.942	0.154	0.394	0.005	0	0.134	1	7.485	453	2.563	1
3198	2.79	5.463	0.589	1.153	0.005	0	0.211	1	4.743	489	1.958	1
3199	3.36	6.219	2.856	5.286	0.005	0	0.85	1	1.177	473	1.851	1
3200	3.198	9.578	0.87	2.605	0.005	0	0.272	1	3.681	492	2.995	1
3201	1.243	1.899	0.201	0.308	0.005	0	0.162	1	6.171	473	1.528	1
3202	3.299	8.36	1.287	3.26	0.005	0	0.39	1	2.565	453	2.534	1
3203	3.494	5.695	0.87	1.418	0.005	0	0.249	1	4.009	486	1.63	1
3204	4.314	8.46	0.436	0.854	0.005	0	0.101	1	9.927	451	1.961	1
3205	3.626	7.201	0.812	1.613	0.005	0	0.224	1	4.46	459	1.986	1
3206	1.32	2.355	0.19	0.339	0.005	0	0.144	1	6.952	499	1.784	1
3207	4.422	11.727	0.858	2.275	0.005	0	0.194	1	5.144	455	2.652	1
3208	2.729	6.994	0.404	1.035	0.005	0	0.148	1	6.776	488	2.563	1
3209	2.259	4.968	0.323	0.71	0.005	0	0.143	1	7.007	484	2.199	1
3210	3.582	5.663	0.559	0.883	0.005	0	0.156	1	6.395	461	1.581	1
3211	2.317	3.601	0.697	1.084	0.005	0	0.301	1	3.32	466	1.554	1
3212	4.25	6.732	0.714	1.131	0.005	0	0.168	1	5.95	483	1.584	1
3213	4.279	7.574	0.445	0.788	0.005	0	0.104	1	9.641	454	1.77	1
3214	1.17	2.476	0.27	0.572	0.005	0	0.231	1	4.326	486	2.116	1
3215	2.313	6.414	0.303	0.84	0.005	0	0.131	1	7.64	482	2.773	1
3216	3.903	8.239	2.697	5.693	0.005	0	0.691	1	1.447	495	2.111	1
3217	4.638	13.232	0.612	1.747	0.005	0	0.132	1	7.548	495	2.853	1
3218	1.913	3.434	0.595	1.068	0.005	0	0.311	1	3.217	455	1.795	1
3219	1.35	2.651	0.138	0.27	0.005	0	0.102	1	9.763	451	1.964	1
3220	4.264	9.372	1.156	2.54	0.005	0	0.271	1	3.69	464	2.198	1
3221	2.626	7.376	0.373	1.047	0.005	0	0.142	1	7.037	485	2.809	1
3222	2.593	4.934	0.275	0.523	0.005	0	0.106	1	9.395	458	1.903	1
3223	1.864	5.141	1.325	3.655	0.005	0	0.711	1	1.407	476	2.758	1
3224	1.528	3.423	0.344	0.77	0.005	0	0.225	1	4.451	469	2.24	1
3225	1.755	4.988	0.202	0.574	0.005	0	0.115	1	8.69	451	2.842	1
3226	4.029	10.439	0.818	2.119	0.005	0	0.203	1	4.923	483	2.591	1
3227	1.373	2.41	0.365	0.641	0.005	0	0.266	1	3.764	457	1.755	1
3228	4.583	7.305	3.355	5.347	0.005	0	0.732	1	1.366	499	1.594	1
3229	1.291	2.206	0.143	0.245	0.005	0	0.111	1	9.025	450	1.709	1
3230	3.383	7.219	1.059	2.26	0.005	0	0.313	1	3.19	462	2.134	1
3231	4.671	10.683	3.545	8.108	0.005	0	0.759	1	1.318	480	2.287	1
3232	1.566	2.772	0.251	0.444	0.005	0	0.16	1	6.236	452	1.77	1
3233	4.738	10.4	2.62	5.751	0.005	0	0.553	1	1.807	478	2.195	1
3234	2.391	4.089	0.476	0.814	0.005	0	0.199	1	5.02	476	1.71	1
3235	1.319	3.386	0.214	0.549	0.005	0	0.162	1	6.181	470	2.567	1
3236	4.682	8.783	4.57	8.572	0.005	0	0.976	1	1.025	457	1.876	1
3237	1.31	2.182	0.156	0.26	0.005	0	0.119	1	8.395	499	1.666	1
3238	4.656	7.617	0.829	1.356	0.005	0	0.178	1	5.604	464	1.636	1
3239	4.496	13.2	1.155	3.392	0.005	0	0.257	1	3.891	479	2.936	1
3240	1.939	3.535	0.314	0.573	0.005	0	0.162	1	6.188	473	1.823	1
3241	1.055	2.338	0.203	0.449	0.005	0	0.192	1	5.211	461	2.216	1
3242	2.718	5.936	0.47	1.027	0.005	0	0.173	1	5.783	460	2.184	1
3243	3.312	5.69	1.308	2.248	0.005	0	0.395	1	2.531	469	1.718	1
3244	4.59	8.427	1.34	2.461	0.005	0	0.292	1	3.419	478	1.836	1
3245	2.921	7.676	0.324	0.852	0.005	0	0.111	1	8.992	486	2.628	1
3246	4.669	12.527	0.588	1.578	0.005	0	0.126	1	7.942	490	2.683	1
3247	1.013	2.258	0.158	0.352	0.005	0	0.156	1	6.393	493	2.229	1
3248	4.617	13.334	1.63	4.707	0.005	0	0.353	1	2.834	485	2.888	1
3249	4.176	6.485	0.434	0.674	0.005	0	0.104	1	9.644	489	1.553	1
3250	4.543	13.361	1.113	3.273	0.005	0	0.245	1	4.081	473	2.941	1
3251	1.661	4.403	0.533	1.413	0.005	0	0.321	1	3.115	453	2.651	1
3252	2.052	3.868	0.271	0.511	0.005	0	0.132	1	7.566	474	1.885	1
3253	4.328	12.967	1.532	4.59	0.005	0	0.354	1	2.825	466	2.996	1
3254	4.767	8.905	2.422	4.524	0.005	0	0.508	1	1.97	499	1.868	1
3255	1.656	4.062	0.919	2.254	0.005	0	0.555	1	1.801	479	2.453	1
3256	1.503	3.466	0.494	1.14	0.005	0	0.329	1	3.042	483	2.306	1
3257	2.205	5.329	0.617	1.492	0.005	0	0.28	1	3.572	492	2.417	1
3258	4.725	11.619	1.091	2.684	0.005	0	0.231	1	4.323	483	2.459	1
3259	2.707	4.521	0.303	0.506	0.005	0	0.112	1	8.961	478	1.67	1
3260	3.574	6.794	0.447	0.849	0.005	0	0.125	1	8.03	476	1.901	1
3261	1.491	3.586	0.194	0.466	0.005	0	0.13	1	7.711	470	2.405	1
3262	3.138	5.404	0.333	0.573	0.005	0	0.106	1	9.469	489	1.722	1
3263	2.608	7.167	0.931	2.559	0.005	0	0.357	1	2.805	488	2.748	1
3264	3.748	9.411	0.581	1.459	0.005	0	0.155	1	6.46	488	2.511	1
3265	4.807	12.753	1.0	2.653	0.005	0	0.208	1	4.817	490	2.653	1
3266	1.658	4.312	0.206	0.535	0.005	0	0.124	1	8.09	450	2.601	1
3267	4.64	8.561	0.701	1.293	0.005	0	0.151	1	6.602	494	1.845	1
3268	2.97	5.545	1.613	3.011	0.005	0	0.543	1	1.843	482	1.867	1
3269	1.786	3.124	0.205	0.359	0.005	0	0.115	1	8.712	499	1.749	1
3270	3.164	7.246	0.785	1.797	0.005	0	0.248	1	4.027	458	2.29	1
3271	4.112	8.471	0.456	0.94	0.005	0	0.111	1	8.98	482	2.06	1
3272	3.2	5.498	0.778	1.336	0.005	0	0.243	1	4.123	494	1.718	1
3273	4.221	7.665	2.14	3.886	0.005	0	0.507	1	1.971	479	1.816	1
3274	2.538	6.776	2.348	6.268	0.005	0	0.925	1	1.081	468	2.67	1
3275	4.986	11.587	1.336	3.105	0.005	0	0.268	1	3.728	476	2.324	1
3276	2.046	4.01	0.225	0.441	0.005	0	0.11	1	9.069	473	1.96	1
3277	3.953	6.653	1.028	1.73	0.005	0	0.26	1	3.847	483	1.683	1
3278	1.851	2.906	0.32	0.503	0.005	0	0.173	1	5.786	453	1.57	1
3279	1.772	3.519	0.222	0.44	0.005	0	0.125	1	7.993	498	1.986	1
3280	2.316	4.486	0.574	1.113	0.005	0	0.248	1	4.037	470	1.937	1
3281	3.847	8.552	1.62	3.6	0.005	0	0.421	1	2.377	452	2.223	1
3282	3.367	6.418	0.919	1.752	0.005	0	0.273	1	3.663	487	1.906	1
3283	2.117	4.626	0.216	0.472	0.005	0	0.102	1	9.846	460	2.185	1
3284	2.971	5.865	0.692	1.367	0.005	0	0.233	1	4.296	468	1.974	1
3285	4.375	8.295	0.704	1.335	0.005	0	0.161	1	6.212	451	1.896	1
3286	2.58	4.995	0.297	0.574	0.005	0	0.115	1	8.708	490	1.936	1
3287	1.512	4.238	0.187	0.526	0.005	0	0.124	1	8.066	498	2.803	1
3288	4.311	8.152	0.651	1.231	0.005	0	0.151	1	6.627	488	1.891	1
3289	2.553	4.021	0.431	0.68	0.005	0	0.169	1	5.929	453	1.575	1
3290	1.941	3.626	0.417	0.78	0.005	0	0.215	1	4.641	460	1.868	1
3291	4.713	9.035	0.764	1.464	0.005	0	0.162	1	6.156	458	1.917	1
3292	2.894	6.558	1.302	2.951	0.005	0	0.45	1	2.221	486	2.266	1
3293	3.714	6.44	2.355	4.083	0.005	0	0.634	1	1.578	474	1.734	1
3294	2.47	4.861	0.262	0.515	0.005	0	0.106	1	9.452	471	1.968	1
3295	2.803	7.055	0.605	1.524	0.005	0	0.216	1	4.622	469	2.517	1
3296	3.676	8.227	0.485	1.086	0.005	0	0.132	1	7.559	460	2.238	1
3297	4.305	10.827	0.732	1.841	0.005	0	0.17	1	5.897	481	2.515	1
3298	1.625	2.444	0.827	1.244	0.005	0	0.509	1	1.965	461	1.504	1
3299	1.797	3.227	0.512	0.92	0.005	0	0.285	1	3.505	496	1.796	1
3300	4.069	10.067	0.96	2.376	0.005	0	0.236	1	4.233	473	2.474	1
3301	1.11	3.146	0.147	0.415	0.005	0	0.132	1	7.564	454	2.834	1
3302	3.002	7.937	0.306	0.81	0.005	0	0.102	1	9.785	452	2.644	1
3303	4.146	11.526	2.985	8.299	0.005	0	0.72	1	1.388	476	2.78	1
3304	1.985	5.3	0.357	0.954	0.005	0	0.18	1	5.541	470	2.67	1
3305	4.662	13.93	0.522	1.56	0.005	0	0.112	1	8.936	487	2.988	1
3306	3.822	8.42	0.455	1.002	0.005	0	0.119	1	8.418	456	2.203	1
3307	3.094	9.09	0.455	1.336	0.005	0	0.147	1	6.802	488	2.938	1
3308	1.96	3.867	0.543	1.071	0.005	0	0.277	1	3.609	471	1.973	1
3309	2.093	4.789	0.243	0.556	0.005	0	0.116	1	8.643	478	2.288	1
3310	4.99	9.731	0.669	1.304	0.005	0	0.134	1	7.454	496	1.95	1
3311	2.26	5.668	0.294	0.737	0.005	0	0.13	1	7.693	458	2.508	1
3312	4.893	7.623	0.519	0.808	0.005	0	0.106	1	9.474	461	1.558	1
3313	1.091	2.627	0.377	0.909	0.005	0	0.346	1	2.891	493	2.408	1
3314	2.103	3.745	0.24	0.427	0.005	0	0.114	1	8.773	486	1.781	1
3315	3.817	5.802	2.084	3.168	0.005	0	0.546	1	1.83	454	1.52	1
3316	4.435	9.26	0.608	1.269	0.005	0	0.137	1	7.317	499	2.088	1
3317	4.888	8.31	2.302	3.914	0.005	0	0.471	1	2.123	455	1.7	1
3318	4.131	10.423	0.545	1.376	0.005	0	0.132	1	7.559	450	2.523	1
3319	3.474	9.626	0.816	2.262	0.005	0	0.235	1	4.247	455	2.771	1
3320	2.186	5.913	1.333	3.607	0.005	0	0.61	1	1.64	451	2.705	1
3321	1.402	3.612	0.185	0.477	0.005	0	0.132	1	7.571	462	2.576	1
3322	1.545	2.404	0.173	0.269	0.005	0	0.112	1	8.896	461	1.556	1
3323	4.169	11.657	0.6	1.679	0.005	0	0.144	1	6.938	470	2.796	1
3324	3.253	5.566	0.342	0.584	0.005	0	0.105	1	9.482	496	1.711	1
3325	2.448	3.924	0.267	0.428	0.005	0	0.109	1	9.155	477	1.603	1
3326	1.12	2.84	0.18	0.457	0.005	0	0.161	1	6.205	456	2.536	1
3327	1.022	1.717	0.131	0.22	0.005	0	0.128	1	7.842	450	1.68	1
3328	2.794	4.705	0.319	0.536	0.005	0	0.114	1	8.759	454	1.684	1
3329	4.588	10.663	0.697	1.621	0.005	0	0.152	1	6.581	474	2.324	1
3330	3.368	9.639	0.768	2.198	0.005	0	0.228	1	4.391	457	2.862	1
3331	1.722	3.125	0.236	0.428	0.005	0	0.137	1	7.308	492	1.815	1
3332	4.619	8.698	2.905	5.471	0.005	0	0.629	1	1.589	493	1.883	1
3333	2.529	6.401	0.85	2.151	0.005	0	0.336	1	2.977	455	2.531	1
3334	3.494	8.214	0.402	0.945	0.005	0	0.115	1	8.665	477	2.351	1
3335	3.269	5.355	0.445	0.728	0.005	0	0.136	1	7.356	497	1.638	1
3336	4.745	11.839	0.83	2.072	0.005	0	0.175	1	5.728	478	2.495	1
3337	1.021	2.171	0.262	0.558	0.005	0	0.257	1	3.896	452	2.126	1
3338	1.303	3.224	0.653	1.615	0.005	0	0.501	1	1.995	498	2.474	1
3339	2.45	4.187	0.257	0.44	0.005	0	0.105	1	9.517	498	1.709	1
3340	2.817	6.631	0.434	1.021	0.005	0	0.154	1	6.514	479	2.354	1
3341	4.63	8.556	0.523	0.967	0.005	0	0.113	1	8.881	497	1.848	1
3342	4.937	7.539	1.358	2.073	0.005	0	0.275	1	3.636	472	1.527	1
3343	4.45	10.275	0.596	1.377	0.005	0	0.134	1	7.458	479	2.309	1
3344	3.912	11.689	1.451	4.337	0.005	0	0.371	1	2.698	457	2.988	1
3345	1.591	3.55	0.282	0.628	0.005	0	0.177	1	5.648	486	2.231	1
3346	2.513	5.536	1.151	2.535	0.005	0	0.458	1	2.183	464	2.203	1
3347	2.859	7.536	0.949	2.502	0.005	0	0.332	1	3.014	470	2.636	1
3348	3.214	5.573	0.511	0.886	0.005	0	0.159	1	6.293	481	1.734	1
3349	4.916	8.323	0.688	1.165	0.005	0	0.14	1	7.122	498	1.693	1
3350	2.317	6.437	0.266	0.74	0.005	0	0.115	1	8.687	465	2.778	1
3351	2.067	5.44	0.455	1.197	0.005	0	0.22	1	4.543	499	2.632	1
3352	4.634	7.007	0.602	0.911	0.005	0	0.13	1	7.686	479	1.512	1
3353	4.539	7.97	0.903	1.586	0.005	0	0.199	1	5.021	495	1.756	1
3354	3.383	7.977	0.45	1.061	0.005	0	0.133	1	7.493	487	2.358	1
3355	4.493	11.871	0.589	1.555	0.005	0	0.131	1	7.661	470	2.642	1
3356	2.581	5.139	0.457	0.91	0.005	0	0.177	1	5.662	464	1.991	1
3357	1.459	4.241	0.188	0.547	0.005	0	0.129	1	7.777	498	2.907	1
3358	3.26	6.869	0.678	1.429	0.005	0	0.208	1	4.8	469	2.107	1
3359	2.601	6.287	1.776	4.294	0.005	0	0.683	1	1.465	472	2.417	1
3360	1.3	2.092	0.243	0.391	0.005	0	0.187	1	5.343	472	1.609	1
3361	4.682	10.029	1.554	3.33	0.005	0	0.332	1	3.008	496	2.142	1
3362	2.723	6.045	0.536	1.191	0.005	0	0.197	1	5.074	473	2.22	1
3363	1.107	3.085	0.115	0.321	0.005	0	0.104	1	9.634	494	2.787	1
3364	1.009	1.554	0.257	0.396	0.005	0	0.255	1	3.917	492	1.54	1
3365	2.819	7.124	0.369	0.933	0.005	0	0.131	1	7.651	469	2.527	1
3366	2.714	5.311	0.315	0.616	0.005	0	0.116	1	8.651	486	1.957	1
3367	4.21	8.799	0.514	1.073	0.005	0	0.122	1	8.215	475	2.09	1
3368	2.957	7.469	0.807	2.039	0.005	0	0.273	1	3.657	452	2.526	1
3369	2.979	4.716	0.375	0.594	0.005	0	0.126	1	7.951	484	1.583	1
3370	1.918	3.661	0.905	1.728	0.005	0	0.472	1	2.12	484	1.909	1
3371	1.417	2.379	0.234	0.393	0.005	0	0.165	1	6.061	470	1.679	1
3372	1.97	4.878	0.343	0.849	0.005	0	0.174	1	5.741	497	2.476	1
3373	2.431	3.751	0.566	0.874	0.005	0	0.233	1	4.301	467	1.543	1
3374	1.751	3.376	0.187	0.361	0.005	0	0.107	1	9.354	468	1.928	1
3375	1.731	3.014	0.216	0.377	0.005	0	0.125	1	8.015	477	1.741	1
3376	1.211	2.837	0.27	0.633	0.005	0	0.223	1	4.475	454	2.343	1
3377	2.606	5.371	0.313	0.645	0.005	0	0.12	1	8.329	459	2.061	1
3378	3.47	6.524	1.385	2.603	0.005	0	0.399	1	2.509	491	1.88	1
3379	2.121	3.627	0.94	1.607	0.005	0	0.443	1	2.258	494	1.71	1
3380	1.922	3.934	0.208	0.425	0.005	0	0.108	1	9.22	461	2.047	1
3381	4.415	7.841	0.618	1.098	0.005	0	0.14	1	7.161	452	1.776	1
3382	3.719	9.591	0.398	1.026	0.005	0	0.107	1	9.325	496	2.579	1
3383	1.032	3.043	0.165	0.487	0.005	0	0.16	1	6.239	495	2.949	1
3384	4.373	8.694	2.379	4.73	0.005	0	0.544	1	1.838	457	1.988	1
3385	2.163	4.516	0.463	0.966	0.005	0	0.214	1	4.67	487	2.088	1
3386	1.521	3.211	0.163	0.344	0.005	0	0.107	1	9.337	483	2.111	1
3387	2.444	5.465	0.599	1.339	0.005	0	0.245	1	4.079	483	2.236	1
3388	3.355	6.864	0.678	1.387	0.005	0	0.202	1	4.956	499	2.046	1
3389	1.14	3.007	0.119	0.313	0.005	0	0.104	1	9.655	466	2.638	1
3390	1.166	2.054	0.215	0.378	0.005	0	0.184	1	5.448	457	1.762	1
3391	1.816	3.686	0.705	1.43	0.005	0	0.388	1	2.576	470	2.03	1
3392	2.168	3.937	1.173	2.13	0.005	0	0.541	1	1.848	457	1.816	1
3393	2.798	6.279	0.526	1.18	0.005	0	0.188	1	5.325	470	2.244	1
3394	1.943	4.432	0.746	1.702	0.005	0	0.384	1	2.607	464	2.281	1
3395	3.104	5.615	0.602	1.089	0.005	0	0.194	1	5.145	490	1.809	1
3396	3.042	5.08	0.411	0.686	0.005	0	0.135	1	7.395	485	1.67	1
3397	2.899	5.899	0.928	1.888	0.005	0	0.32	1	3.127	486	2.035	1
3398	3.982	8.45	0.534	1.132	0.005	0	0.134	1	7.469	475	2.122	1
3399	2.221	6.086	1.926	5.277	0.005	0	0.867	1	1.153	486	2.74	1
3400	4.739	13.809	0.621	1.809	0.005	0	0.131	1	7.653	489	2.914	1
3401	4.502	8.113	3.489	6.288	0.005	0	0.775	1	1.29	459	1.802	1
3402	2.303	6.234	0.753	2.039	0.005	0	0.327	1	3.059	489	2.707	1
3403	1.013	2.654	0.473	1.239	0.005	0	0.467	1	2.141	486	2.62	1
3404	1.141	3.371	0.139	0.411	0.005	0	0.122	1	8.222	473	2.954	1
3405	2.107	3.314	0.493	0.775	0.005	0	0.234	1	4.277	475	1.573	1
3406	2.16	5.264	0.432	1.053	0.005	0	0.2	1	4.995	456	2.437	1
3407	4.081	11.464	0.673	1.892	0.005	0	0.165	1	6.076	472	2.809	1
3408	4.675	8.083	0.533	0.921	0.005	0	0.114	1	8.792	467	1.729	1
3409	3.327	5.553	0.472	0.789	0.005	0	0.142	1	7.033	493	1.669	1
3410	3.366	7.489	2.521	5.609	0.005	0	0.749	1	1.335	482	2.225	1
3411	3.289	6.407	0.454	0.884	0.005	0	0.138	1	7.262	498	1.948	1
3412	1.248	2.551	0.165	0.337	0.005	0	0.132	1	7.58	479	2.044	1
3413	1.632	4.222	0.947	2.449	0.005	0	0.58	1	1.725	482	2.587	1
3414	2.784	6.061	0.437	0.952	0.005	0	0.157	1	6.361	462	2.177	1
3415	4.72	7.302	0.628	0.971	0.005	0	0.133	1	7.497	459	1.547	1
3416	2.642	5.72	0.449	0.972	0.005	0	0.17	1	5.873	483	2.165	1
3417	3.295	9.71	0.366	1.078	0.005	0	0.111	1	9.013	485	2.947	1
3418	1.93	4.26	0.345	0.763	0.005	0	0.179	1	5.599	482	2.207	1
3419	4.219	11.286	1.029	2.754	0.005	0	0.244	1	4.103	468	2.675	1
3420	2.704	4.481	0.676	1.12	0.005	0	0.25	1	4.0	499	1.657	1
3421	3.104	5.271	0.363	0.617	0.005	0	0.117	1	8.534	455	1.698	1
3422	3.137	8.285	0.373	0.986	0.005	0	0.119	1	8.384	469	2.641	1
3423	2.956	8.487	0.361	1.035	0.005	0	0.122	1	8.18	474	2.871	1
3424	2.63	6.449	0.718	1.761	0.005	0	0.273	1	3.668	484	2.452	1
3425	3.865	5.859	0.638	0.967	0.005	0	0.165	1	6.077	490	1.516	1
3426	1.864	3.12	0.229	0.384	0.005	0	0.123	1	8.102	481	1.674	1
3427	3.782	6.861	2.685	4.871	0.005	0	0.71	1	1.408	469	1.814	1
3428	1.514	3.803	0.174	0.437	0.005	0	0.115	1	8.662	493	2.512	1
3429	4.306	9.908	1.959	4.508	0.005	0	0.455	1	2.199	492	2.301	1
3430	2.113	3.174	0.279	0.419	0.005	0	0.132	1	7.563	465	1.502	1
3431	2.669	6.032	0.363	0.82	0.005	0	0.136	1	7.329	498	2.26	1
3432	2.524	7.072	0.941	2.638	0.005	0	0.373	1	2.683	455	2.802	1
3433	1.774	3.513	0.28	0.555	0.005	0	0.158	1	6.348	456	1.98	1
3434	4.227	6.805	1.107	1.783	0.005	0	0.262	1	3.815	467	1.61	1
3435	1.102	3.195	0.269	0.78	0.005	0	0.244	1	4.098	488	2.899	1
3436	4.113	7.12	1.131	1.958	0.005	0	0.275	1	3.633	479	1.731	1
3437	3.211	7.581	0.44	1.039	0.005	0	0.137	1	7.314	452	2.361	1
3438	2.009	3.391	0.251	0.424	0.005	0	0.125	1	7.975	497	1.688	1
3439	3.515	8.028	1.185	2.705	0.005	0	0.337	1	2.969	480	2.284	1
3440	1.393	2.68	0.265	0.509	0.005	0	0.19	1	5.273	476	1.924	1
3441	2.341	4.865	2.086	4.335	0.005	0	0.891	1	1.122	475	2.078	1
3442	1.352	3.253	0.208	0.501	0.005	0	0.154	1	6.491	499	2.406	1
3443	2.733	4.419	0.601	0.972	0.005	0	0.22	1	4.546	461	1.617	1
3444	4.473	13.271	2.648	7.856	0.005	0	0.592	1	1.688	455	2.967	1
3445	2.073	3.657	0.209	0.369	0.005	0	0.101	1	9.935	469	1.764	1
3446	2.725	5.837	1.499	3.21	0.005	0	0.55	1	1.819	464	2.142	1
3447	3.388	5.655	0.62	1.035	0.005	0	0.183	1	5.467	459	1.669	1
3448	2.179	4.171	1.876	3.591	0.005	0	0.861	1	1.162	468	1.914	1
3449	3.062	9.146	0.879	2.625	0.005	0	0.287	1	3.49	481	2.987	1
3450	4.175	10.358	0.551	1.367	0.005	0	0.132	1	7.561	452	2.481	1
3451	2.438	5.958	0.251	0.614	0.005	0	0.103	1	9.743	496	2.444	1
3452	2.815	7.302	1.126	2.921	0.005	0	0.4	1	2.502	454	2.594	1
3453	1.508	2.613	0.195	0.337	0.005	0	0.129	1	7.78	479	1.733	1
3454	1.048	1.956	0.124	0.231	0.005	0	0.118	1	8.479	452	1.866	1
3455	2.526	6.287	1.101	2.741	0.005	0	0.436	1	2.292	471	2.489	1
3456	1.583	4.105	0.746	1.933	0.005	0	0.471	1	2.122	457	2.593	1
3457	4.551	12.975	0.974	2.777	0.005	0	0.214	1	4.668	490	2.851	1
3458	3.257	4.967	2.622	3.998	0.005	0	0.805	1	1.243	481	1.525	1
3459	4.037	7.743	1.809	3.469	0.005	0	0.448	1	2.232	485	1.918	1
3460	1.899	2.854	0.828	1.244	0.005	0	0.436	1	2.294	469	1.503	1
3461	3.731	7.421	0.634	1.262	0.005	0	0.17	1	5.89	484	1.989	1
3462	2.324	6.754	0.381	1.108	0.005	0	0.164	1	6.108	462	2.906	1
3463	3.041	9.053	0.49	1.458	0.005	0	0.161	1	6.216	477	2.977	1
3464	2.148	5.516	0.311	0.8	0.005	0	0.145	1	6.877	456	2.568	1
3465	4.943	12.427	0.806	2.026	0.005	0	0.163	1	6.151	468	2.514	1
3466	3.957	10.261	0.408	1.057	0.005	0	0.103	1	9.73	482	2.593	1
3467	1.413	3.162	0.165	0.37	0.005	0	0.117	1	8.52	454	2.238	1
3468	1.545	3.323	0.514	1.107	0.005	0	0.333	1	3.004	457	2.151	1
3469	4.736	9.548	0.606	1.222	0.005	0	0.128	1	7.823	499	2.016	1
3470	1.183	2.727	0.763	1.759	0.005	0	0.645	1	1.55	485	2.305	1
3471	4.609	9.329	1.894	3.834	0.005	0	0.411	1	2.436	480	2.024	1
3472	4.374	11.062	1.592	4.027	0.005	0	0.364	1	2.751	495	2.529	1
3473	1.884	5.369	0.861	2.454	0.005	0	0.457	1	2.186	485	2.85	1
3474	1.551	2.812	0.472	0.855	0.005	0	0.304	1	3.29	452	1.813	1
3475	3.591	6.026	0.711	1.193	0.005	0	0.198	1	5.048	460	1.678	1
3476	3.369	8.803	1.226	3.204	0.005	0	0.364	1	2.75	489	2.613	1
3477	4.274	8.052	1.06	1.997	0.005	0	0.248	1	4.036	497	1.884	1
3478	3.586	7.624	1.101	2.341	0.005	0	0.307	1	3.259	476	2.126	1
3479	4.254	7.925	0.596	1.11	0.005	0	0.14	1	7.156	487	1.863	1
3480	3.182	7.341	0.375	0.866	0.005	0	0.118	1	8.446	457	2.307	1
3481	1.17	1.871	0.129	0.206	0.005	0	0.11	1	9.078	484	1.599	1
3482	4.453	8.078	2.204	3.999	0.005	0	0.495	1	2.022	475	1.814	1
3483	4.224	7.379	0.448	0.782	0.005	0	0.106	1	9.465	472	1.747	1
3484	2.816	4.452	0.453	0.717	0.005	0	0.161	1	6.197	456	1.581	1
3485	1.356	3.785	0.221	0.617	0.005	0	0.163	1	6.129	498	2.791	1
3486	1.175	2.724	0.126	0.291	0.005	0	0.107	1	9.348	496	2.318	1
3487	4.152	8.387	0.428	0.864	0.005	0	0.103	1	9.708	453	2.02	1
3488	4.442	11.651	1.186	3.111	0.005	0	0.267	1	3.744	479	2.623	1
3489	2.746	6.203	0.665	1.501	0.005	0	0.242	1	4.138	489	2.259	1
3490	2.385	4.248	0.568	1.011	0.005	0	0.238	1	4.206	463	1.781	1
3491	1.034	1.801	0.116	0.202	0.005	0	0.112	1	8.89	482	1.742	1
3492	4.784	12.261	0.861	2.207	0.005	0	0.18	1	5.551	454	2.563	1
3493	4.771	8.898	1.198	2.233	0.005	0	0.251	1	3.99	480	1.865	1
3494	2.227	3.343	0.414	0.622	0.005	0	0.186	1	5.379	458	1.501	1
3495	4.129	8.712	0.892	1.882	0.005	0	0.216	1	4.619	478	2.11	1
3496	4.185	7.805	0.452	0.843	0.005	0	0.108	1	9.25	458	1.865	1
3497	3.001	4.622	0.519	0.8	0.005	0	0.173	1	5.796	465	1.54	1
3498	3.207	5.814	1.129	2.047	0.005	0	0.352	1	2.838	483	1.813	1
3499	2.144	4.929	0.319	0.734	0.005	0	0.149	1	6.72	468	2.299	1
3500	4.144	6.606	2.072	3.303	0.005	0	0.5	1	2.0	499	1.594	1
3501	3.868	10.123	0.82	2.146	0.005	0	0.212	1	4.721	459	2.617	1
3502	1.343	2.497	0.47	0.874	0.005	0	0.35	1	2.86	459	1.859	1
3503	3.119	6.201	0.415	0.825	0.005	0	0.133	1	7.495	450	1.988	1
3504	3.85	9.771	2.033	5.159	0.005	0	0.528	1	1.895	454	2.538	1
3505	2.883	4.751	1.263	2.081	0.005	0	0.438	1	2.285	498	1.648	1
3506	4.024	7.223	2.209	3.965	0.005	0	0.549	1	1.821	495	1.795	1
3507	4.049	9.406	0.453	1.053	0.005	0	0.112	1	8.933	475	2.323	1
3508	2.158	4.223	0.257	0.503	0.005	0	0.119	1	8.388	467	1.957	1
3509	2.822	6.048	0.44	0.943	0.005	0	0.156	1	6.397	487	2.143	1
3510	2.577	4.092	0.317	0.503	0.005	0	0.123	1	8.158	461	1.588	1
3511	4.301	7.329	0.619	1.055	0.005	0	0.144	1	6.925	452	1.704	1
3512	1.013	2.878	0.815	2.317	0.005	0	0.805	1	1.242	468	2.841	1
3513	2.305	3.78	0.788	1.293	0.005	0	0.342	1	2.926	488	1.64	1
3514	2.173	4.298	0.352	0.696	0.005	0	0.162	1	6.185	462	1.978	1
3515	1.213	2.204	0.294	0.533	0.005	0	0.242	1	4.137	451	1.817	1
3516	3.647	7.509	0.376	0.773	0.005	0	0.103	1	9.755	462	2.059	1
3517	4.681	12.934	0.473	1.306	0.005	0	0.101	1	9.916	475	2.763	1
3518	1.589	4.618	0.205	0.596	0.005	0	0.129	1	7.762	460	2.906	1
3519	4.853	12.176	0.796	1.997	0.005	0	0.164	1	6.106	451	2.509	1
3520	4.841	12.383	3.379	8.643	0.005	0	0.698	1	1.433	491	2.558	1
3521	2.653	6.123	0.565	1.304	0.005	0	0.213	1	4.704	458	2.308	1
3522	2.151	3.328	1.869	2.892	0.005	0	0.869	1	1.151	462	1.547	1
3523	3.204	5.841	0.34	0.619	0.005	0	0.106	1	9.468	481	1.823	1
3524	3.522	5.818	0.416	0.687	0.005	0	0.118	1	8.498	469	1.652	1
3525	2.719	7.045	0.639	1.656	0.005	0	0.235	1	4.26	469	2.591	1
3526	2.153	5.107	0.28	0.664	0.005	0	0.13	1	7.677	458	2.372	1
3527	2.58	6.896	0.351	0.938	0.005	0	0.136	1	7.361	456	2.673	1
3528	4.194	10.154	0.788	1.909	0.005	0	0.188	1	5.307	497	2.421	1
3529	1.411	3.544	0.171	0.429	0.005	0	0.121	1	8.264	455	2.512	1
3530	1.871	4.67	0.344	0.859	0.005	0	0.184	1	5.43	490	2.496	1
3531	4.161	10.303	1.54	3.812	0.005	0	0.37	1	2.7	499	2.476	1
3532	1.652	3.953	0.205	0.49	0.005	0	0.124	1	8.036	452	2.393	1
3533	2.45	7.286	0.882	2.623	0.005	0	0.36	1	2.779	481	2.974	1
3534	2.539	5.068	0.267	0.532	0.005	0	0.105	1	9.482	464	1.996	1
3535	3.423	8.927	0.582	1.518	0.005	0	0.17	1	5.894	499	2.608	1
3536	3.919	11.259	0.411	1.182	0.005	0	0.105	1	9.502	478	2.873	1
3537	3.912	7.3	1.001	1.869	0.005	0	0.256	1	3.902	497	1.866	1
3538	3.999	7.57	0.66	1.249	0.005	0	0.165	1	6.056	490	1.893	1
3539	3.664	7.511	0.813	1.667	0.005	0	0.222	1	4.505	450	2.05	1
3540	4.004	9.834	0.5	1.229	0.005	0	0.125	1	8.009	484	2.456	1
3541	1.4	2.848	0.162	0.33	0.005	0	0.116	1	8.585	473	2.034	1
3542	1.192	3.149	0.443	1.171	0.005	0	0.372	1	2.685	473	2.642	1
3543	4.61	13.106	2.093	5.95	0.005	0	0.454	1	2.202	453	2.843	1
3544	2.994	6.844	0.308	0.705	0.005	0	0.103	1	9.72	457	2.286	1
3545	4.987	14.587	0.514	1.502	0.005	0	0.103	1	9.672	479	2.925	1
3546	1.392	2.447	0.167	0.294	0.005	0	0.12	1	8.344	476	1.758	1
3547	4.908	11.391	0.53	1.23	0.005	0	0.108	1	9.276	475	2.321	1
3548	2.243	5.282	0.532	1.252	0.005	0	0.237	1	4.215	473	2.355	1
3549	4.393	6.721	0.567	0.867	0.005	0	0.129	1	7.771	484	1.53	1
3550	4.177	8.588	1.616	3.324	0.005	0	0.387	1	2.584	459	2.056	1
3551	1.56	2.746	0.223	0.393	0.005	0	0.143	1	7.012	464	1.76	1
3552	3.877	8.064	0.768	1.597	0.005	0	0.198	1	5.053	484	2.08	1
3553	3.1	8.581	0.496	1.373	0.005	0	0.16	1	6.265	459	2.768	1
3554	3.792	8.578	1.418	3.208	0.005	0	0.374	1	2.673	455	2.262	1
3555	2.382	5.81	0.276	0.674	0.005	0	0.116	1	8.653	491	2.439	1
3556	3.064	5.396	0.567	0.998	0.005	0	0.185	1	5.403	450	1.761	1
3557	2.481	4.297	0.318	0.55	0.005	0	0.128	1	7.843	461	1.732	1
3558	1.283	2.625	0.857	1.754	0.005	0	0.668	1	1.496	491	2.046	1
3559	2.065	3.147	0.57	0.869	0.005	0	0.276	1	3.624	489	1.524	1
3560	1.91	3.314	0.39	0.676	0.005	0	0.204	1	4.905	479	1.735	1
3561	4.448	7.014	1.366	2.153	0.005	0	0.307	1	3.261	494	1.577	1
3562	4.886	10.725	4.681	10.275	0.005	0	0.958	1	1.044	482	2.195	1
3563	3.12	4.714	0.546	0.825	0.005	0	0.175	1	5.714	456	1.511	1
3564	3.956	10.088	0.902	2.3	0.005	0	0.228	1	4.382	487	2.55	1
3565	2.984	5.717	0.454	0.869	0.005	0	0.152	1	6.578	471	1.916	1
3566	1.288	2.38	0.138	0.255	0.005	0	0.107	1	9.377	454	1.848	1
3567	2.74	7.151	0.438	1.144	0.005	0	0.16	1	6.245	474	2.61	1
3568	2.387	6.022	0.248	0.626	0.005	0	0.104	1	9.655	469	2.523	1
3569	4.011	7.894	0.674	1.326	0.005	0	0.168	1	5.964	492	1.968	1
3570	1.913	4.199	0.457	1.004	0.005	0	0.239	1	4.182	473	2.195	1
3571	1.61	2.708	0.229	0.385	0.005	0	0.142	1	7.048	460	1.682	1
3572	2.173	4.157	1.215	2.324	0.005	0	0.559	1	1.788	472	1.913	1
3573	1.205	2.633	0.408	0.893	0.005	0	0.339	1	2.952	464	2.185	1
3574	2.032	5.033	0.209	0.518	0.005	0	0.103	1	9.665	458	2.477	1
3575	1.999	4.416	0.414	0.914	0.005	0	0.207	1	4.836	467	2.209	1
3576	2.199	3.444	0.323	0.506	0.005	0	0.147	1	6.789	475	1.566	1
3577	2.489	4.201	1.035	1.748	0.005	0	0.416	1	2.404	478	1.688	1
3578	2.905	4.581	0.349	0.55	0.005	0	0.12	1	8.344	499	1.577	1
3579	2.13	4.049	0.317	0.603	0.005	0	0.149	1	6.695	474	1.901	1
3580	4.354	10.289	1.115	2.634	0.005	0	0.256	1	3.904	450	2.363	1
3581	1.219	3.219	0.368	0.972	0.005	0	0.302	1	3.315	492	2.641	1
3582	4.535	13.478	0.698	2.076	0.005	0	0.154	1	6.494	471	2.972	1
3583	2.381	5.033	1.271	2.688	0.005	0	0.534	1	1.872	498	2.114	1
3584	2.506	4.02	0.283	0.454	0.005	0	0.113	1	8.818	466	1.604	1
3585	3.918	9.297	3.475	8.246	0.005	0	0.887	1	1.127	459	2.373	1
3586	3.107	7.183	0.805	1.86	0.005	0	0.259	1	3.855	482	2.312	1
3587	3.155	6.786	2.237	4.811	0.005	0	0.709	1	1.411	457	2.151	1
3588	1.714	2.765	0.322	0.52	0.005	0	0.188	1	5.317	476	1.613	1
3589	1.675	4.698	0.742	2.081	0.005	0	0.443	1	2.255	458	2.805	1
3590	4.449	6.869	0.458	0.708	0.005	0	0.103	1	9.717	496	1.544	1
3591	4.694	7.083	1.68	2.536	0.005	0	0.358	1	2.795	466	1.509	1
3592	2.863	7.487	0.475	1.243	0.005	0	0.166	1	6.015	472	2.615	1
3593	2.35	5.79	0.799	1.969	0.005	0	0.34	1	2.944	486	2.464	1
3594	2.792	8.158	0.43	1.256	0.005	0	0.154	1	6.508	497	2.922	1
3595	1.508	3.218	0.152	0.325	0.005	0	0.101	1	9.91	457	2.134	1
3596	3.669	9.98	0.378	1.028	0.005	0	0.103	1	9.705	450	2.72	1
3597	3.447	8.893	0.758	1.956	0.005	0	0.22	1	4.537	492	2.58	1
3598	3.637	7.572	0.593	1.234	0.005	0	0.163	1	6.137	492	2.082	1
3599	3.512	8.713	0.78	1.934	0.005	0	0.222	1	4.514	461	2.481	1
3600	4.154	8.449	0.793	1.614	0.005	0	0.191	1	5.234	468	2.034	1
3601	3.509	7.555	0.79	1.7	0.005	0	0.225	1	4.45	452	2.153	1
3602	1.017	2.944	0.187	0.542	0.005	0	0.184	1	5.431	482	2.895	1
3603	4.241	7.71	3.724	6.769	0.005	0	0.878	1	1.139	481	1.818	1
3604	3.408	6.898	0.538	1.09	0.005	0	0.158	1	6.325	471	2.024	1
3605	1.163	2.148	0.352	0.651	0.005	0	0.303	1	3.298	497	1.847	1
3606	3.16	4.775	0.414	0.626	0.005	0	0.131	1	7.631	491	1.511	1
3607	4.844	8.598	0.823	1.462	0.005	0	0.17	1	5.872	483	1.775	1
3608	2.854	6.616	0.514	1.191	0.005	0	0.18	1	5.542	472	2.318	1
3609	2.685	5.367	0.832	1.664	0.005	0	0.31	1	3.228	456	1.999	1
3610	2.001	5.417	0.318	0.861	0.005	0	0.159	1	6.301	493	2.707	1
3611	4.328	7.301	0.658	1.11	0.005	0	0.152	1	6.584	491	1.687	1
3612	4.867	7.359	0.599	0.905	0.005	0	0.123	1	8.151	452	1.512	1
3613	4.2	11.84	0.504	1.421	0.005	0	0.12	1	8.347	482	2.819	1
3614	3.107	8.858	0.482	1.373	0.005	0	0.155	1	6.444	464	2.851	1
3615	3.924	9.673	0.604	1.49	0.005	0	0.154	1	6.489	473	2.465	1
3616	3.606	9.181	0.995	2.534	0.005	0	0.276	1	3.626	463	2.546	1
3617	1.305	2.43	0.863	1.606	0.005	0	0.661	1	1.513	491	1.862	1
3618	4.258	9.776	1.316	3.021	0.005	0	0.309	1	3.239	470	2.296	1
3619	4.569	11.948	0.868	2.27	0.005	0	0.19	1	5.253	482	2.615	1
3620	3.866	8.273	1.577	3.375	0.005	0	0.408	1	2.45	483	2.14	1
3621	2.779	5.675	0.3	0.613	0.005	0	0.108	1	9.256	473	2.042	1
3622	4.223	8.792	0.431	0.897	0.005	0	0.102	1	9.766	455	2.082	1
3623	3.802	7.273	0.411	0.785	0.005	0	0.108	1	9.239	473	1.913	1
3624	4.59	9.382	0.555	1.135	0.005	0	0.121	1	8.253	479	2.044	1
3625	4.429	11.719	0.611	1.617	0.005	0	0.138	1	7.23	468	2.646	1
3626	4.792	11.779	0.714	1.755	0.005	0	0.149	1	6.698	488	2.458	1
3627	2.454	4.633	0.385	0.727	0.005	0	0.157	1	6.361	488	1.888	1
3628	4.186	6.765	0.728	1.177	0.005	0	0.174	1	5.747	465	1.616	1
3629	1.725	4.649	0.254	0.683	0.005	0	0.147	1	6.797	472	2.695	1
3630	2.377	4.849	0.314	0.64	0.005	0	0.132	1	7.58	483	2.04	1
3631	3.57	6.887	3.491	6.735	0.005	0	0.978	1	1.022	478	1.929	1
3632	1.303	2.202	0.25	0.423	0.005	0	0.192	1	5.209	476	1.69	1
3633	1.16	3.241	0.415	1.16	0.005	0	0.358	1	2.796	475	2.794	1
3634	3.116	8.416	0.461	1.246	0.005	0	0.148	1	6.749	482	2.701	1
3635	2.183	4.196	1.535	2.95	0.005	0	0.703	1	1.423	458	1.922	1
3636	3.165	5.631	0.832	1.481	0.005	0	0.263	1	3.804	497	1.779	1
3637	2.603	7.754	0.432	1.287	0.005	0	0.166	1	6.013	484	2.979	1
3638	4.766	13.597	0.682	1.944	0.005	0	0.143	1	7.014	450	2.853	1
3639	1.556	3.493	0.173	0.388	0.005	0	0.111	1	9.014	486	2.245	1
3640	2.489	4.435	0.787	1.401	0.005	0	0.316	1	3.163	493	1.782	1
3641	4.533	10.993	0.793	1.924	0.005	0	0.175	1	5.729	475	2.425	1
3642	1.431	3.848	0.189	0.508	0.005	0	0.132	1	7.592	484	2.689	1
3643	3.116	7.818	0.988	2.478	0.005	0	0.317	1	3.157	477	2.509	1
3644	2.28	6.343	0.463	1.288	0.005	0	0.203	1	4.927	482	2.782	1
3645	4.509	11.115	1.006	2.479	0.005	0	0.223	1	4.491	460	2.465	1
3646	2.527	3.902	0.318	0.492	0.005	0	0.126	1	7.933	452	1.544	1
3647	2.714	6.28	0.366	0.848	0.005	0	0.135	1	7.422	471	2.314	1
3648	3.677	10.601	0.846	2.438	0.005	0	0.23	1	4.343	473	2.883	1
3649	1.19	3.151	0.176	0.466	0.005	0	0.148	1	6.766	465	2.648	1
3650	2.881	8.003	0.424	1.176	0.005	0	0.147	1	6.795	462	2.778	1
3651	4.769	8.513	1.846	3.295	0.005	0	0.387	1	2.584	478	1.785	1
3652	2.624	5.684	0.417	0.904	0.005	0	0.159	1	6.305	491	2.166	1
3653	1.431	4.22	1.222	3.604	0.005	0	0.854	1	1.171	481	2.949	1
3654	2.803	5.295	0.793	1.498	0.005	0	0.283	1	3.532	484	1.889	1
3655	1.968	4.115	0.38	0.794	0.005	0	0.193	1	5.177	462	2.091	1
3656	4.759	8.899	0.804	1.504	0.005	0	0.169	1	5.905	474	1.87	1
3657	2.518	6.282	0.335	0.836	0.005	0	0.133	1	7.502	468	2.495	1
3658	1.894	5.493	0.652	1.89	0.005	0	0.344	1	2.907	477	2.9	1
3659	3.066	6.662	0.35	0.759	0.005	0	0.114	1	8.748	452	2.173	1
3660	3.3	6.633	2.188	4.398	0.005	0	0.663	1	1.509	481	2.01	1
3661	2.072	3.993	1.641	3.162	0.005	0	0.792	1	1.262	486	1.927	1
3662	1.242	3.062	0.289	0.713	0.005	0	0.233	1	4.292	467	2.465	1
3663	3.161	5.633	0.686	1.222	0.005	0	0.217	1	4.611	489	1.782	1
3664	1.116	2.272	0.15	0.304	0.005	0	0.134	1	7.454	465	2.036	1
3665	3.256	5.258	1.009	1.63	0.005	0	0.31	1	3.221	482	1.615	1
3666	3.795	9.909	1.188	3.102	0.005	0	0.313	1	3.199	480	2.611	1
3667	1.958	4.64	0.388	0.919	0.005	0	0.198	1	5.045	470	2.37	1
3668	3.063	5.428	0.309	0.548	0.005	0	0.101	1	9.903	496	1.772	1
3669	1.484	2.481	0.166	0.278	0.005	0	0.112	1	8.931	471	1.672	1
3670	4.662	9.967	1.203	2.571	0.005	0	0.258	1	3.876	480	2.138	1
3671	3.729	10.042	0.395	1.064	0.005	0	0.106	1	9.453	465	2.693	1
3672	3.015	5.475	0.359	0.652	0.005	0	0.119	1	8.429	483	1.816	1
3673	2.633	4.818	0.908	1.662	0.005	0	0.345	1	2.895	456	1.83	1
3674	3.278	9.188	0.377	1.057	0.005	0	0.115	1	8.702	486	2.803	1
3675	4.507	10.019	2.263	5.03	0.005	0	0.502	1	1.993	464	2.223	1
3676	4.121	6.313	0.643	0.985	0.005	0	0.156	1	6.426	459	1.532	1
3677	3.481	9.461	0.808	2.195	0.005	0	0.232	1	4.314	478	2.718	1
3678	4.559	8.179	0.976	1.75	0.005	0	0.214	1	4.679	488	1.794	1
3679	1.55	4.025	0.267	0.692	0.005	0	0.172	1	5.809	473	2.597	1
3680	4.512	12.913	2.012	5.759	0.005	0	0.446	1	2.242	475	2.862	1
3681	4.712	10.131	2.983	6.413	0.005	0	0.633	1	1.579	497	2.15	1
3682	4.415	9.62	3.086	6.724	0.005	0	0.699	1	1.43	491	2.179	1
3683	2.619	5.584	0.485	1.033	0.005	0	0.185	1	5.413	469	2.132	1
3684	3.336	8.443	3.159	7.996	0.005	0	0.947	1	1.056	462	2.531	1
3685	1.912	3.692	0.604	1.167	0.005	0	0.316	1	3.169	488	1.931	1
3686	2.461	5.926	0.913	2.199	0.005	0	0.371	1	2.695	457	2.408	1
3687	3.888	9.732	0.653	1.635	0.005	0	0.168	1	5.946	495	2.503	1
3688	2.596	6.303	0.395	0.958	0.005	0	0.152	1	6.569	459	2.428	1
3689	2.066	3.134	0.444	0.674	0.005	0	0.215	1	4.659	466	1.517	1
3690	2.439	6.68	0.368	1.009	0.005	0	0.151	1	6.627	471	2.739	1
3691	1.504	4.141	0.202	0.555	0.005	0	0.134	1	7.482	462	2.753	1
3692	2.797	7.731	0.414	1.144	0.005	0	0.148	1	6.737	465	2.764	1
3693	3.389	7.388	0.441	0.96	0.005	0	0.13	1	7.722	465	2.18	1
3694	3.532	7.152	1.36	2.754	0.005	0	0.385	1	2.6	485	2.025	1
3695	3.7	8.273	0.633	1.415	0.005	0	0.171	1	5.859	474	2.236	1
3696	3.311	8.675	0.583	1.527	0.005	0	0.176	1	5.695	499	2.62	1
3697	3.327	6.092	0.635	1.164	0.005	0	0.191	1	5.242	473	1.831	1
3698	4.934	10.287	0.528	1.101	0.005	0	0.107	1	9.359	455	2.085	1
3699	4.826	10.429	0.536	1.158	0.005	0	0.111	1	9.023	479	2.161	1
3700	4.421	8.037	0.482	0.876	0.005	0	0.109	1	9.17	477	1.818	1
3701	4.082	8.18	3.241	6.495	0.005	0	0.794	1	1.26	498	2.004	1
3702	2.723	4.833	0.436	0.773	0.005	0	0.16	1	6.246	455	1.775	1
3703	1.336	2.056	0.152	0.234	0.005	0	0.114	1	8.803	490	1.539	1
3704	2.582	4.903	0.328	0.623	0.005	0	0.127	1	7.882	484	1.899	1
3705	4.705	13.55	0.55	1.585	0.005	0	0.117	1	8.526	479	2.88	1
3706	3.825	6.472	0.899	1.521	0.005	0	0.235	1	4.249	489	1.692	1
3707	3.012	6.934	0.527	1.213	0.005	0	0.175	1	5.722	470	2.302	1
3708	4.948	13.647	0.658	1.815	0.005	0	0.133	1	7.542	475	2.758	1
3709	3.12	4.889	0.49	0.768	0.005	0	0.157	1	6.362	460	1.567	1
3710	3.366	5.551	0.532	0.877	0.005	0	0.158	1	6.33	455	1.649	1
3711	4.389	7.167	0.584	0.953	0.005	0	0.133	1	7.518	480	1.633	1
3712	4.156	12.115	1.625	4.737	0.005	0	0.391	1	2.56	458	2.915	1
3713	4.003	7.414	0.56	1.038	0.005	0	0.14	1	7.123	469	1.852	1
3714	3.077	6.551	0.597	1.271	0.005	0	0.194	1	5.143	464	2.129	1
3715	4.087	7.017	1.557	2.673	0.005	0	0.381	1	2.628	452	1.717	1
3716	2.647	3.973	0.897	1.347	0.005	0	0.339	1	2.95	471	1.501	1
3717	2.753	4.702	1.368	2.337	0.005	0	0.497	1	2.011	493	1.708	1
3718	1.228	2.761	0.339	0.762	0.005	0	0.276	1	3.621	460	2.248	1
3719	3.097	5.804	0.468	0.876	0.005	0	0.151	1	6.629	490	1.874	1
3720	2.581	7.565	0.434	1.271	0.005	0	0.168	1	5.954	461	2.931	1
3721	4.04	8.771	1.669	3.622	0.005	0	0.413	1	2.42	460	2.171	1
3722	3.715	8.37	0.42	0.946	0.005	0	0.113	1	8.858	493	2.253	1
3723	3.345	6.409	0.468	0.897	0.005	0	0.14	1	7.161	488	1.916	1
3724	2.149	4.236	0.346	0.682	0.005	0	0.161	1	6.21	467	1.971	1
3725	4.917	10.045	1.195	2.441	0.005	0	0.243	1	4.109	479	2.043	1
3726	1.846	4.168	0.216	0.488	0.005	0	0.117	1	8.518	472	2.258	1
3727	2.444	4.861	0.411	0.817	0.005	0	0.168	1	5.936	455	1.989	1
3728	4.272	8.262	1.124	2.173	0.005	0	0.263	1	3.806	450	1.934	1
3729	2.626	4.553	0.551	0.956	0.005	0	0.21	1	4.773	461	1.734	1
3730	2.403	6.301	0.473	1.241	0.005	0	0.197	1	5.067	473	2.622	1
3731	2.058	4.159	0.319	0.645	0.005	0	0.155	1	6.441	456	2.021	1
3732	2.272	5.848	1.436	3.696	0.005	0	0.632	1	1.582	456	2.574	1
3733	2.36	5.534	0.304	0.714	0.005	0	0.129	1	7.768	489	2.345	1
3734	3.474	8.647	0.4	0.994	0.005	0	0.115	1	8.667	454	2.489	1
3735	2.243	6.357	1.113	3.153	0.005	0	0.496	1	2.016	465	2.834	1
3736	1.76	3.606	0.236	0.483	0.005	0	0.134	1	7.47	495	2.049	1
3737	1.455	3.559	0.207	0.505	0.005	0	0.142	1	7.03	459	2.446	1
3738	2.265	5.529	0.378	0.923	0.005	0	0.167	1	5.976	480	2.441	1
3739	2.909	7.031	0.66	1.596	0.005	0	0.227	1	4.403	464	2.417	1
3740	3.094	6.002	0.455	0.882	0.005	0	0.147	1	6.817	499	1.94	1
3741	1.76	3.976	0.264	0.596	0.005	0	0.15	1	6.677	494	2.259	1
3742	4.997	13.822	0.8	2.212	0.005	0	0.16	1	6.233	495	2.766	1
3743	2.202	3.715	0.953	1.609	0.005	0	0.433	1	2.311	493	1.687	1
3744	3.316	9.252	0.521	1.453	0.005	0	0.157	1	6.364	486	2.79	1
3745	4.285	12.576	2.751	8.074	0.005	0	0.642	1	1.557	475	2.935	1
3746	1.062	1.854	0.107	0.187	0.005	0	0.101	1	9.931	498	1.746	1
3747	4.738	11.684	1.606	3.961	0.005	0	0.339	1	2.947	470	2.466	1
3748	3.437	7.403	0.684	1.473	0.005	0	0.199	1	5.028	494	2.154	1
3749	3.368	9.609	0.485	1.384	0.005	0	0.144	1	6.935	481	2.853	1
3750	2.681	7.737	1.024	2.956	0.005	0	0.382	1	2.619	473	2.886	1
3751	2.474	6.799	0.257	0.707	0.005	0	0.104	1	9.619	475	2.748	1
3752	2.341	5.956	0.26	0.661	0.005	0	0.111	1	9.017	464	2.544	1
3753	1.662	4.546	0.57	1.559	0.005	0	0.343	1	2.915	472	2.735	1
3754	3.199	5.182	0.713	1.156	0.005	0	0.223	1	4.478	479	1.62	1
3755	2.499	6.745	0.377	1.018	0.005	0	0.151	1	6.603	481	2.699	1
3756	4.992	13.833	0.724	2.006	0.005	0	0.145	1	6.874	464	2.771	1
3757	2.5	6.072	0.335	0.814	0.005	0	0.134	1	7.47	460	2.429	1
3758	4.847	11.933	2.244	5.525	0.005	0	0.463	1	2.16	470	2.462	1
3759	4.494	11.397	1.389	3.522	0.005	0	0.309	1	3.232	490	2.536	1
3760	1.955	3.37	0.297	0.512	0.005	0	0.152	1	6.598	450	1.724	1
3761	4.017	10.97	0.695	1.898	0.005	0	0.173	1	5.787	454	2.731	1
3762	3.625	6.184	0.388	0.662	0.005	0	0.107	1	9.36	484	1.706	1
3763	2.509	6.978	1.154	3.21	0.005	0	0.46	1	2.176	483	2.781	1
3764	2.103	5.453	0.429	1.112	0.005	0	0.204	1	4.899	461	2.593	1
3765	2.06	5.964	0.222	0.644	0.005	0	0.108	1	9.259	490	2.895	1
3766	4.011	7.509	0.469	0.879	0.005	0	0.117	1	8.529	450	1.872	1
3767	2.374	3.673	0.755	1.168	0.005	0	0.318	1	3.149	461	1.547	1
3768	1.565	3.21	0.324	0.664	0.005	0	0.207	1	4.828	490	2.051	1
3769	4.52	9.429	0.466	0.971	0.005	0	0.103	1	9.745	462	2.086	1
3770	3.808	6.378	0.861	1.441	0.005	0	0.226	1	4.422	491	1.675	1
3771	2.372	6.383	0.375	1.009	0.005	0	0.158	1	6.312	454	2.691	1
3772	1.362	3.285	0.191	0.46	0.005	0	0.14	1	7.121	456	2.412	1
3773	1.405	3.236	0.218	0.502	0.005	0	0.155	1	6.455	499	2.303	1
3774	1.257	3.454	0.17	0.466	0.005	0	0.135	1	7.385	453	2.748	1
3775	4.508	11.815	1.402	3.674	0.005	0	0.311	1	3.218	458	2.621	1
3776	3.648	6.165	0.569	0.962	0.005	0	0.156	1	6.396	459	1.69	1
3777	3.252	7.06	0.589	1.278	0.005	0	0.181	1	5.523	497	2.171	1
3778	2.214	5.052	0.314	0.717	0.005	0	0.142	1	7.025	452	2.282	1
3779	4.269	11.701	0.879	2.41	0.005	0	0.206	1	4.844	457	2.741	1
3780	2.265	6.43	1.368	3.884	0.005	0	0.604	1	1.655	498	2.839	1
3781	1.631	2.686	0.305	0.502	0.005	0	0.187	1	5.359	488	1.647	1
3782	2.323	4.618	0.609	1.21	0.005	0	0.262	1	3.817	469	1.988	1
3783	3.805	9.851	0.479	1.241	0.005	0	0.126	1	7.959	456	2.589	1
3784	3.833	7.708	0.464	0.933	0.005	0	0.121	1	8.291	461	2.011	1
3785	2.558	7.631	0.739	2.205	0.005	0	0.289	1	3.463	462	2.983	1
3786	2.959	7.634	0.361	0.931	0.005	0	0.122	1	8.216	498	2.58	1
3787	2.704	4.632	0.292	0.5	0.005	0	0.108	1	9.221	483	1.713	1
3788	1.894	5.279	0.676	1.885	0.005	0	0.357	1	2.805	450	2.787	1
3789	3.075	5.184	0.369	0.622	0.005	0	0.12	1	8.327	466	1.686	1
3790	1.64	4.895	0.169	0.504	0.005	0	0.103	1	9.748	475	2.985	1
3791	3.648	9.459	0.981	2.544	0.005	0	0.269	1	3.711	479	2.593	1
3792	1.038	1.591	0.116	0.178	0.005	0	0.112	1	8.925	467	1.533	1
3793	2.557	3.879	0.437	0.663	0.005	0	0.171	1	5.859	459	1.517	1
3794	2.318	6.78	0.586	1.715	0.005	0	0.253	1	3.949	472	2.925	1
3795	1.068	1.675	0.707	1.109	0.005	0	0.662	1	1.511	490	1.568	1
3796	1.221	2.26	0.729	1.349	0.005	0	0.597	1	1.676	469	1.851	1
3797	1.606	2.849	0.226	0.402	0.005	0	0.141	1	7.082	456	1.774	1
3798	2.963	5.733	0.501	0.969	0.005	0	0.169	1	5.908	461	1.935	1
3799	2.568	4.738	0.467	0.862	0.005	0	0.182	1	5.501	462	1.845	1
3800	2.498	6.09	0.595	1.449	0.005	0	0.238	1	4.2	486	2.438	1
3801	3.345	9.145	2.522	6.895	0.005	0	0.754	1	1.327	480	2.734	1
3802	2.667	7.212	2.032	5.496	0.005	0	0.762	1	1.313	473	2.704	1
3803	1.399	3.464	0.169	0.419	0.005	0	0.121	1	8.262	455	2.476	1
3804	3.277	5.676	0.331	0.573	0.005	0	0.101	1	9.857	454	1.732	1
3805	4.757	8.867	0.652	1.215	0.005	0	0.137	1	7.322	456	1.864	1
3806	4.184	12.058	1.176	3.388	0.005	0	0.281	1	3.564	462	2.882	1
3807	3.525	9.042	1.244	3.192	0.005	0	0.353	1	2.834	488	2.565	1
3808	4.308	11.83	0.689	1.893	0.005	0	0.16	1	6.243	494	2.746	1
3809	3.096	7.542	0.334	0.815	0.005	0	0.108	1	9.271	454	2.436	1
3810	4.376	11.92	0.516	1.407	0.005	0	0.118	1	8.451	483	2.724	1
3811	4.671	11.201	1.256	3.013	0.005	0	0.269	1	3.724	479	2.398	1
3812	1.716	3.271	0.338	0.644	0.005	0	0.197	1	5.068	483	1.906	1
3813	1.119	1.873	0.163	0.273	0.005	0	0.146	1	6.836	469	1.674	1
3814	4.848	14.471	2.904	8.668	0.005	0	0.599	1	1.67	453	2.985	1
3815	1.706	3.035	0.377	0.671	0.005	0	0.221	1	4.519	487	1.779	1
3816	4.939	8.446	3.546	6.064	0.005	0	0.718	1	1.393	453	1.71	1
3817	2.363	5.867	0.853	2.118	0.005	0	0.361	1	2.772	491	2.483	1
3818	4.604	9.811	3.098	6.603	0.005	0	0.673	1	1.485	472	2.131	1
3819	1.807	3.502	0.231	0.448	0.005	0	0.128	1	7.803	474	1.938	1
3820	1.192	2.885	0.159	0.384	0.005	0	0.133	1	7.502	494	2.42	1
3821	3.731	10.238	0.44	1.208	0.005	0	0.118	1	8.471	476	2.744	1
3822	1.319	2.434	0.154	0.285	0.005	0	0.117	1	8.54	450	1.845	1
3823	1.537	4.207	0.606	1.658	0.005	0	0.394	1	2.539	482	2.737	1
3824	1.458	4.101	0.385	1.083	0.005	0	0.264	1	3.784	486	2.813	1
3825	3.781	7.864	0.65	1.353	0.005	0	0.172	1	5.818	456	2.08	1
3826	3.932	8.383	0.79	1.685	0.005	0	0.201	1	4.969	465	2.132	1
3827	1.958	3.473	0.726	1.288	0.005	0	0.371	1	2.698	473	1.774	1
3828	3.824	7.197	3.442	6.477	0.005	0	0.9	1	1.111	470	1.882	1
3829	3.544	5.961	0.783	1.317	0.005	0	0.221	1	4.53	474	1.682	1
3830	3.858	7.724	0.575	1.151	0.005	0	0.149	1	6.694	486	2.002	1
3831	1.299	3.19	0.153	0.376	0.005	0	0.118	1	8.471	490	2.456	1
3832	2.4	3.998	0.41	0.684	0.005	0	0.171	1	5.859	460	1.666	1
3833	1.062	2.433	0.41	0.939	0.005	0	0.386	1	2.593	475	2.291	1
3834	4.417	10.68	1.824	4.411	0.005	0	0.413	1	2.421	480	2.418	1
3835	4.177	7.936	0.677	1.286	0.005	0	0.162	1	6.189	453	1.9	1
3836	4.507	11.2	0.672	1.669	0.005	0	0.149	1	6.722	477	2.485	1
3837	3.372	7.219	0.685	1.465	0.005	0	0.203	1	4.922	478	2.141	1
3838	1.766	2.755	0.178	0.278	0.005	0	0.101	1	9.935	477	1.56	1
3839	3.666	10.283	0.499	1.398	0.005	0	0.136	1	7.35	462	2.805	1
3840	1.461	4.295	0.286	0.842	0.005	0	0.196	1	5.098	499	2.94	1
3841	2.114	4.974	0.317	0.746	0.005	0	0.15	1	6.646	471	2.353	1
3842	1.66	3.054	0.456	0.84	0.005	0	0.275	1	3.636	481	1.84	1
3843	1.589	2.773	0.205	0.358	0.005	0	0.129	1	7.745	458	1.745	1
3844	3.651	9.978	0.511	1.397	0.005	0	0.14	1	7.163	485	2.733	1
3845	3.297	6.597	0.373	0.745	0.005	0	0.113	1	8.835	485	2.001	1
3846	3.923	8.897	2.817	6.388	0.005	0	0.718	1	1.393	467	2.268	1
3847	4.198	6.364	2.464	3.736	0.005	0	0.587	1	1.704	467	1.516	1
3848	1.38	2.87	0.215	0.448	0.005	0	0.156	1	6.4	492	2.08	1
3849	2.263	5.972	1.283	3.386	0.005	0	0.567	1	1.763	495	2.639	1
3850	3.552	9.313	0.433	1.136	0.005	0	0.122	1	8.203	464	2.622	1
3851	2.085	4.591	1.03	2.268	0.005	0	0.494	1	2.023	482	2.202	1
3852	1.389	3.796	0.253	0.691	0.005	0	0.182	1	5.492	450	2.733	1
3853	4.084	6.265	1.05	1.61	0.005	0	0.257	1	3.888	483	1.534	1
3854	1.892	3.434	0.274	0.498	0.005	0	0.145	1	6.888	461	1.815	1
3855	2.853	7.943	0.32	0.89	0.005	0	0.112	1	8.965	456	2.784	1
3856	1.287	2.825	0.494	1.085	0.005	0	0.384	1	2.604	473	2.195	1
3857	3.123	9.191	0.468	1.379	0.005	0	0.15	1	6.668	497	2.943	1
3858	2.83	6.622	0.914	2.139	0.005	0	0.323	1	3.093	489	2.34	1
3859	1.738	4.752	0.207	0.565	0.005	0	0.119	1	8.424	495	2.734	1
3860	3.584	9.892	0.47	1.296	0.005	0	0.131	1	7.662	499	2.76	1
3861	2.926	7.043	0.799	1.923	0.005	0	0.273	1	3.661	486	2.407	1
3862	3.949	9.063	0.75	1.722	0.005	0	0.19	1	5.27	455	2.295	1
3863	2.018	3.979	0.236	0.466	0.005	0	0.117	1	8.512	481	1.972	1
3864	2.252	5.677	1.275	3.213	0.005	0	0.566	1	1.766	477	2.521	1
3865	3.248	8.747	1.247	3.359	0.005	0	0.384	1	2.604	476	2.693	1
3866	1.646	2.68	0.191	0.311	0.005	0	0.116	1	8.645	468	1.628	1
3867	3.068	5.599	0.331	0.605	0.005	0	0.108	1	9.266	480	1.825	1
3868	4.954	11.072	1.63	3.643	0.005	0	0.329	1	3.039	489	2.235	1
3869	1.738	3.716	0.341	0.728	0.005	0	0.196	1	5.094	468	2.138	1
3870	4.284	11.708	1.401	3.829	0.005	0	0.327	1	3.06	498	2.733	1
3871	3.496	9.156	0.36	0.943	0.005	0	0.103	1	9.665	478	2.619	1
3872	1.259	3.574	1.036	2.941	0.005	0	0.823	1	1.215	479	2.839	1
3873	1.357	3.718	0.174	0.476	0.005	0	0.128	1	7.808	485	2.74	1
3874	1.929	3.54	0.224	0.411	0.005	0	0.116	1	8.655	493	1.835	1
3875	4.626	6.958	1.305	1.962	0.005	0	0.282	1	3.551	494	1.504	1
3876	1.957	5.411	0.254	0.703	0.005	0	0.13	1	7.673	481	2.765	1
3877	4.128	11.389	0.594	1.64	0.005	0	0.144	1	6.925	461	2.759	1
3878	1.428	3.619	0.244	0.619	0.005	0	0.171	1	5.837	465	2.534	1
3879	4.2	9.437	0.701	1.576	0.005	0	0.167	1	5.987	493	2.247	1
3880	4.117	6.69	2.075	3.372	0.005	0	0.504	1	1.983	455	1.625	1
3881	2.507	6.423	0.311	0.796	0.005	0	0.124	1	8.033	485	2.562	1
3882	1.634	3.493	0.582	1.244	0.005	0	0.356	1	2.808	471	2.138	1
3883	3.278	7.002	1.331	2.843	0.005	0	0.406	1	2.463	476	2.136	1
3884	2.9	7.839	0.473	1.278	0.005	0	0.163	1	6.125	495	2.703	1
3885	2.987	7.202	0.872	2.103	0.005	0	0.292	1	3.419	482	2.411	1
3886	2.171	4.453	0.339	0.695	0.005	0	0.156	1	6.398	481	2.051	1
3887	4.246	10.398	0.543	1.331	0.005	0	0.128	1	7.815	483	2.449	1
3888	2.745	6.382	0.541	1.257	0.005	0	0.197	1	5.084	485	2.325	1
3889	2.327	6.518	0.796	2.229	0.005	0	0.342	1	2.926	481	2.801	1
3890	1.32	3.487	0.494	1.304	0.005	0	0.374	1	2.672	466	2.642	1
3891	2.158	6.267	0.462	1.341	0.005	0	0.214	1	4.663	463	2.904	1
3892	4.511	10.267	0.866	1.971	0.005	0	0.192	1	5.199	460	2.276	1
3893	4.099	12.252	0.926	2.769	0.005	0	0.226	1	4.419	451	2.989	1
3894	4.709	12.465	2.105	5.572	0.005	0	0.447	1	2.236	486	2.647	1
3895	2.109	6.087	0.702	2.027	0.005	0	0.333	1	3.003	492	2.886	1
3896	3.062	8.237	0.545	1.466	0.005	0	0.178	1	5.625	497	2.69	1
3897	1.776	4.488	0.272	0.687	0.005	0	0.153	1	6.554	490	2.527	1
3898	2.199	4.721	0.515	1.105	0.005	0	0.234	1	4.268	475	2.147	1
3899	4.925	14.76	0.537	1.609	0.005	0	0.109	1	9.134	477	2.997	1
3900	3.797	5.988	0.585	0.922	0.005	0	0.154	1	6.513	494	1.577	1
3901	3.725	10.814	1.296	3.763	0.005	0	0.348	1	2.875	475	2.903	1
3902	4.37	6.918	2.294	3.632	0.005	0	0.525	1	1.903	451	1.583	1
3903	1.565	2.743	0.182	0.318	0.005	0	0.116	1	8.636	484	1.753	1
3904	4.262	7.305	1.019	1.746	0.005	0	0.239	1	4.191	475	1.714	1
3905	1.659	4.456	0.186	0.499	0.005	0	0.112	1	8.908	496	2.686	1
3906	4.727	12.905	0.756	2.065	0.005	0	0.16	1	6.251	470	2.73	1
3907	2.58	5.79	0.286	0.643	0.005	0	0.111	1	8.976	476	2.244	1
3908	2.334	5.38	0.53	1.221	0.005	0	0.227	1	4.411	478	2.305	1
3909	1.553	2.598	0.843	1.411	0.005	0	0.543	1	1.843	450	1.673	1
3910	2.823	5.739	0.375	0.763	0.005	0	0.133	1	7.536	451	2.033	1
3911	4.766	10.342	1.244	2.699	0.005	0	0.261	1	3.833	465	2.17	1
3912	3.15	4.955	0.375	0.59	0.005	0	0.119	1	8.387	461	1.573	1
3913	4.425	12.408	0.491	1.377	0.005	0	0.111	1	8.991	495	2.804	1
3914	3.886	7.694	1.057	2.093	0.005	0	0.272	1	3.683	477	1.98	1
3915	2.037	4.734	0.501	1.165	0.005	0	0.246	1	4.062	492	2.324	1
3916	3.683	8.504	0.379	0.876	0.005	0	0.103	1	9.724	464	2.309	1
3917	1.088	2.624	0.217	0.522	0.005	0	0.199	1	5.026	483	2.412	1
3918	3.354	6.758	0.362	0.73	0.005	0	0.108	1	9.251	462	2.015	1
3919	1.692	3.837	0.195	0.441	0.005	0	0.115	1	8.728	455	2.268	1
3920	4.331	9.251	0.923	1.97	0.005	0	0.213	1	4.69	450	2.136	1
3921	4.262	8.362	1.019	1.999	0.005	0	0.239	1	4.182	454	1.962	1
3922	4.187	7.767	0.482	0.893	0.005	0	0.115	1	8.66	484	1.855	1
3923	4.044	7.437	0.518	0.952	0.005	0	0.128	1	7.793	484	1.839	1
3924	2.111	3.869	0.363	0.665	0.005	0	0.172	1	5.808	474	1.833	1
3925	2.48	5.999	0.317	0.768	0.005	0	0.128	1	7.801	480	2.419	1
3926	1.232	2.592	0.147	0.308	0.005	0	0.119	1	8.424	496	2.104	1
3927	3.352	8.983	0.59	1.581	0.005	0	0.176	1	5.672	457	2.68	1
3928	4.1	8.073	0.472	0.928	0.005	0	0.115	1	8.722	498	1.969	1
3929	1.386	4.073	0.248	0.729	0.005	0	0.179	1	5.6	478	2.939	1
3930	4.167	6.796	0.525	0.856	0.005	0	0.126	1	7.91	461	1.631	1
3931	4.234	10.577	2.938	7.34	0.005	0	0.694	1	1.44	475	2.498	1
3932	4.303	9.759	1.149	2.606	0.005	0	0.267	1	3.74	472	2.268	1
3933	2.46	3.742	2.0	3.042	0.005	0	0.813	1	1.23	459	1.521	1
3934	4.565	12.768	0.498	1.392	0.005	0	0.109	1	9.214	457	2.797	1
3935	1.219	2.862	0.339	0.796	0.005	0	0.278	1	3.592	471	2.348	1
3936	4.058	7.917	0.491	0.958	0.005	0	0.121	1	8.275	481	1.951	1
3937	1.802	3.114	0.279	0.483	0.005	0	0.155	1	6.441	454	1.728	1
3938	4.768	8.416	2.527	4.46	0.005	0	0.53	1	1.886	493	1.765	1
3939	4.586	9.383	0.72	1.473	0.005	0	0.157	1	6.385	487	2.046	1
3940	1.339	2.732	0.166	0.339	0.005	0	0.124	1	8.051	496	2.04	1
3941	4.24	8.374	0.734	1.449	0.005	0	0.173	1	5.782	489	1.975	1
3942	2.846	4.582	0.581	0.935	0.005	0	0.204	1	4.908	454	1.61	1
3943	3.788	7.565	2.152	4.297	0.005	0	0.568	1	1.761	465	1.997	1
3944	4.547	7.884	0.65	1.127	0.005	0	0.143	1	6.972	483	1.734	1
3945	4.025	9.789	2.979	7.244	0.005	0	0.74	1	1.351	476	2.432	1
3946	4.579	7.711	0.962	1.619	0.005	0	0.21	1	4.768	454	1.684	1
3947	3.243	9.097	1.602	4.494	0.005	0	0.494	1	2.025	451	2.805	1
3948	3.199	7.473	2.383	5.567	0.005	0	0.745	1	1.343	472	2.336	1
3949	3.621	9.418	0.568	1.479	0.005	0	0.157	1	6.379	474	2.601	1
3950	4.664	11.515	0.536	1.324	0.005	0	0.115	1	8.7	459	2.469	1
3951	3.523	9.861	0.747	2.091	0.005	0	0.212	1	4.726	475	2.799	1
3952	3.198	5.916	0.358	0.663	0.005	0	0.112	1	8.934	468	1.85	1
3953	2.922	5.876	0.307	0.617	0.005	0	0.105	1	9.551	492	2.011	1
3954	2.074	6.174	0.216	0.642	0.005	0	0.104	1	9.608	464	2.977	1
3955	4.114	7.167	0.461	0.803	0.005	0	0.112	1	8.931	482	1.742	1
3956	1.605	3.98	1.213	3.009	0.005	0	0.756	1	1.323	469	2.48	1
3957	1.675	3.918	0.193	0.451	0.005	0	0.115	1	8.722	459	2.339	1
3958	4.06	6.098	0.507	0.762	0.005	0	0.125	1	7.992	475	1.502	1
3959	3.938	6.391	0.402	0.652	0.005	0	0.102	1	9.763	456	1.623	1
3960	1.216	2.504	0.23	0.473	0.005	0	0.189	1	5.297	473	2.059	1
3961	2.836	4.319	0.522	0.795	0.005	0	0.184	1	5.444	490	1.523	1
3962	2.882	7.317	0.821	2.085	0.005	0	0.285	1	3.509	476	2.539	1
3963	1.542	3.815	0.205	0.507	0.005	0	0.133	1	7.506	460	2.474	1
3964	3.391	6.507	1.37	2.629	0.005	0	0.404	1	2.476	454	1.919	1
3965	2.229	5.216	0.239	0.558	0.005	0	0.107	1	9.311	489	2.34	1
3966	2.271	4.703	0.252	0.522	0.005	0	0.111	1	9.029	467	2.071	1
3967	2.552	7.015	0.503	1.382	0.005	0	0.197	1	5.085	467	2.749	1
3968	3.034	5.889	1.107	2.149	0.005	0	0.365	1	2.739	478	1.941	1
3969	4.428	11.991	1.014	2.746	0.005	0	0.229	1	4.371	459	2.708	1
3970	1.266	2.966	0.172	0.403	0.005	0	0.136	1	7.352	479	2.343	1
3971	2.669	7.668	1.847	5.306	0.005	0	0.692	1	1.445	490	2.873	1
3972	3.718	8.856	0.699	1.665	0.005	0	0.188	1	5.323	471	2.382	1
3973	3.085	6.105	1.033	2.045	0.005	0	0.335	1	2.988	491	1.979	1
3974	1.891	5.565	0.571	1.681	0.005	0	0.302	1	3.316	477	2.943	1
3975	1.512	3.831	0.832	2.107	0.005	0	0.55	1	1.818	491	2.534	1
3976	3.531	8.178	0.823	1.905	0.005	0	0.233	1	4.288	477	2.316	1
3977	1.891	5.622	0.301	0.894	0.005	0	0.159	1	6.288	462	2.973	1
3978	2.264	4.886	0.258	0.557	0.005	0	0.114	1	8.772	453	2.158	1
3979	2.68	7.399	0.614	1.694	0.005	0	0.229	1	4.367	482	2.761	1
3980	1.145	3.248	0.49	1.39	0.005	0	0.428	1	2.334	467	2.837	1
3981	3.598	7.261	1.45	2.926	0.005	0	0.403	1	2.479	466	2.018	1
3982	3.688	5.72	0.594	0.921	0.005	0	0.161	1	6.214	462	1.551	1
3983	4.115	7.979	0.86	1.668	0.005	0	0.209	1	4.777	479	1.939	1
3984	3.795	9.393	0.801	1.982	0.005	0	0.211	1	4.737	465	2.475	1
3985	2.482	4.904	0.3	0.593	0.005	0	0.121	1	8.298	488	1.976	1
3986	2.855	4.582	0.343	0.55	0.005	0	0.12	1	8.325	453	1.605	1
3987	2.033	4.08	1.025	2.056	0.005	0	0.504	1	1.983	484	2.007	1
3988	2.574	7.001	0.324	0.882	0.005	0	0.126	1	7.923	465	2.72	1
3989	1.399	2.24	0.152	0.244	0.005	0	0.109	1	9.191	454	1.601	1
3990	1.776	4.472	0.215	0.541	0.005	0	0.121	1	8.278	486	2.518	1
3991	3.182	4.881	1.642	2.519	0.005	0	0.516	1	1.939	471	1.534	1
3992	2.351	5.762	1.357	3.325	0.005	0	0.577	1	1.734	452	2.451	1
3993	4.667	9.292	0.481	0.957	0.005	0	0.103	1	9.698	460	1.991	1
3994	1.512	2.871	0.154	0.293	0.005	0	0.102	1	9.771	478	1.899	1
3995	2.336	4.209	0.995	1.793	0.005	0	0.426	1	2.349	475	1.802	1
3996	1.622	3.92	0.25	0.604	0.005	0	0.154	1	6.507	467	2.417	1
3997	2.916	7.424	1.621	4.128	0.005	0	0.556	1	1.8	467	2.546	1
3998	1.027	2.289	0.6	1.337	0.005	0	0.584	1	1.712	456	2.229	1
3999	4.763	12.751	1.2	3.213	0.005	0	0.252	1	3.961	451	2.677	1
4000	4.5	7.727	1.057	1.816	0.005	0	0.235	1	4.26	486	1.717	1
4001	3.839	10.534	0.503	1.38	0.005	0	0.131	1	7.613	491	2.744	1
4002	1.667	3.747	0.412	0.926	0.005	0	0.247	1	4.041	495	2.248	1
4003	4.087	8.456	0.425	0.879	0.005	0	0.104	1	9.57	496	2.069	1
4004	3.863	6.061	0.44	0.691	0.005	0	0.114	1	8.792	462	1.569	1
4005	3.815	5.89	0.916	1.414	0.005	0	0.24	1	4.162	487	1.544	1
4006	3.708	9.845	2.173	5.769	0.005	0	0.586	1	1.707	493	2.655	1
4007	3.537	8.602	0.587	1.428	0.005	0	0.166	1	6.03	480	2.432	1
4008	3.385	6.631	0.636	1.247	0.005	0	0.188	1	5.319	475	1.959	1
4009	4.337	7.585	0.612	1.069	0.005	0	0.141	1	7.081	484	1.749	1
4010	1.746	4.15	0.627	1.49	0.005	0	0.359	1	2.787	467	2.377	1
4011	1.1	2.917	0.123	0.327	0.005	0	0.112	1	8.935	465	2.652	1
4012	4.548	8.036	0.537	0.948	0.005	0	0.118	1	8.5	473	1.767	1
4013	1.031	2.36	0.16	0.366	0.005	0	0.155	1	6.436	479	2.289	1
4014	2.947	4.426	0.298	0.447	0.005	0	0.101	1	9.916	469	1.502	1
4015	2.258	5.419	0.318	0.764	0.005	0	0.141	1	7.076	482	2.4	1
4016	1.02	2.027	0.353	0.701	0.005	0	0.346	1	2.892	467	1.987	1
4017	1.07	2.17	0.296	0.601	0.005	0	0.277	1	3.614	451	2.028	1
4018	1.445	4.24	0.556	1.632	0.005	0	0.385	1	2.6	466	2.934	1
4019	3.418	5.288	0.649	1.005	0.005	0	0.19	1	5.254	477	1.547	1
4020	3.794	8.039	0.895	1.897	0.005	0	0.236	1	4.242	463	2.119	1
4021	2.494	5.065	0.354	0.719	0.005	0	0.142	1	7.032	462	2.031	1
4022	4.813	13.062	0.486	1.319	0.005	0	0.101	1	9.925	452	2.714	1
4023	3.602	6.466	0.4	0.718	0.005	0	0.111	1	9.035	480	1.795	1
4024	4.707	9.268	0.475	0.936	0.005	0	0.101	1	9.863	454	1.969	1
4025	1.897	4.913	0.579	1.498	0.005	0	0.305	1	3.279	483	2.59	1
4026	2.287	5.214	0.38	0.866	0.005	0	0.166	1	6.041	453	2.28	1
4027	1.2	2.214	0.388	0.715	0.005	0	0.323	1	3.094	459	1.845	1
4028	2.839	6.51	0.749	1.719	0.005	0	0.264	1	3.791	498	2.293	1
4029	4.764	12.787	1.696	4.552	0.005	0	0.356	1	2.81	480	2.684	1
4030	4.263	10.559	0.631	1.563	0.005	0	0.148	1	6.757	485	2.477	1
4031	3.355	7.502	0.56	1.253	0.005	0	0.167	1	5.979	499	2.236	1
4032	4.325	7.742	1.276	2.284	0.005	0	0.295	1	3.388	491	1.79	1
4033	3.714	9.006	0.461	1.117	0.005	0	0.124	1	8.08	455	2.425	1
4034	2.539	7.102	2.046	5.724	0.005	0	0.806	1	1.241	480	2.797	1
4035	3.197	8.191	0.668	1.712	0.005	0	0.209	1	4.788	496	2.562	1
4036	4.112	9.305	1.012	2.289	0.005	0	0.246	1	4.063	456	2.263	1
4037	1.769	4.665	0.768	2.025	0.005	0	0.434	1	2.302	480	2.637	1
4038	4.523	11.561	1.244	3.179	0.005	0	0.275	1	3.635	455	2.556	1
4039	2.929	6.789	0.469	1.086	0.005	0	0.16	1	6.254	492	2.318	1
4040	2.724	7.586	0.411	1.145	0.005	0	0.151	1	6.605	478	2.785	1
4041	2.317	5.199	1.64	3.681	0.005	0	0.708	1	1.413	491	2.244	1
4042	4.615	7.269	2.755	4.34	0.005	0	0.597	1	1.675	491	1.575	1
4043	1.649	3.371	0.94	1.921	0.005	0	0.57	1	1.755	453	2.044	1
4044	2.617	7.105	0.434	1.179	0.005	0	0.166	1	6.032	459	2.715	1
4045	2.332	4.972	1.451	3.093	0.005	0	0.622	1	1.607	484	2.132	1
4046	3.787	10.221	0.386	1.043	0.005	0	0.102	1	9.811	483	2.699	1
4047	4.936	13.604	0.568	1.564	0.005	0	0.115	1	8.697	468	2.756	1
4048	2.772	5.483	0.449	0.888	0.005	0	0.162	1	6.164	477	1.978	1
4049	2.53	4.84	0.911	1.742	0.005	0	0.36	1	2.776	484	1.913	1
4050	4.85	8.347	0.572	0.985	0.005	0	0.118	1	8.471	465	1.721	1
4051	3.95	6.296	0.928	1.48	0.005	0	0.235	1	4.262	450	1.594	1
4052	4.797	11.945	2.298	5.722	0.005	0	0.479	1	2.086	471	2.49	1
4053	2.353	3.755	0.275	0.439	0.005	0	0.117	1	8.533	452	1.596	1
4054	3.844	8.445	0.692	1.52	0.005	0	0.18	1	5.562	490	2.197	1
4055	1.444	2.699	0.417	0.78	0.005	0	0.289	1	3.457	482	1.869	1
4056	2.775	5.63	2.353	4.774	0.005	0	0.848	1	1.179	461	2.029	1
4057	2.332	5.655	0.986	2.392	0.005	0	0.423	1	2.363	470	2.425	1
4058	2.959	5.874	0.314	0.623	0.005	0	0.106	1	9.391	470	1.985	1
4059	1.479	2.899	0.353	0.693	0.005	0	0.239	1	4.19	499	1.96	1
4060	3.35	6.315	0.978	1.844	0.005	0	0.292	1	3.421	494	1.885	1
4061	2.558	4.251	0.335	0.557	0.005	0	0.131	1	7.606	472	1.662	1
4062	4.342	11.385	2.922	7.662	0.005	0	0.673	1	1.486	451	2.622	1
4063	3.009	5.564	0.388	0.718	0.005	0	0.129	1	7.748	492	1.849	1
4064	4.917	14.426	2.65	7.776	0.005	0	0.539	1	1.854	482	2.934	1
4065	1.053	2.71	0.482	1.241	0.005	0	0.458	1	2.184	453	2.574	1
4066	2.445	6.584	0.489	1.317	0.005	0	0.2	1	5.002	470	2.693	1
4067	4.827	9.997	0.816	1.689	0.005	0	0.169	1	5.91	460	2.071	1
4068	1.687	2.578	0.223	0.34	0.005	0	0.132	1	7.579	464	1.528	1
4069	3.753	7.149	1.111	2.116	0.005	0	0.296	1	3.382	482	1.905	1
4070	4.453	8.844	0.663	1.318	0.005	0	0.149	1	6.698	487	1.986	1
4071	2.13	3.644	1.144	1.957	0.005	0	0.537	1	1.861	483	1.711	1
4072	1.981	5.79	0.23	0.672	0.005	0	0.116	1	8.656	467	2.923	1
4073	1.891	3.496	0.567	1.049	0.005	0	0.3	1	3.329	487	1.849	1
4074	4.186	8.59	0.724	1.486	0.005	0	0.173	1	5.776	483	2.052	1
4075	3.412	8.172	0.686	1.643	0.005	0	0.201	1	4.973	484	2.395	1
4076	3.71	9.175	1.447	3.578	0.005	0	0.39	1	2.562	486	2.473	1
4077	4.564	9.393	1.031	2.123	0.005	0	0.226	1	4.424	489	2.058	1
4078	3.379	6.657	0.679	1.338	0.005	0	0.201	1	4.969	476	1.97	1
4079	2.641	6.399	0.919	2.227	0.005	0	0.348	1	2.87	464	2.423	1
4080	4.926	11.65	0.995	2.353	0.005	0	0.202	1	4.953	488	2.365	1
4081	1.389	4.039	0.267	0.775	0.005	0	0.192	1	5.214	464	2.908	1
4082	4.761	11.617	2.271	5.541	0.005	0	0.477	1	2.096	459	2.44	1
4083	4.695	7.395	4.282	6.744	0.005	0	0.912	1	1.097	471	1.575	1
4084	4.29	10.871	0.498	1.261	0.005	0	0.116	1	8.63	452	2.534	1
4085	1.234	2.263	0.178	0.326	0.005	0	0.144	1	6.965	474	1.834	1
4086	1.516	3.735	0.215	0.53	0.005	0	0.142	1	7.025	450	2.464	1
4087	1.258	3.363	0.348	0.932	0.005	0	0.277	1	3.615	465	2.673	1
4088	4.406	11.839	1.079	2.901	0.005	0	0.245	1	4.074	455	2.687	1
4089	1.177	2.498	0.23	0.487	0.005	0	0.195	1	5.126	467	2.122	1
4090	4.304	7.45	0.981	1.699	0.005	0	0.228	1	4.384	486	1.731	1
4091	4.153	7.534	0.444	0.806	0.005	0	0.107	1	9.355	460	1.814	1
4092	1.298	2.626	0.235	0.475	0.005	0	0.181	1	5.537	489	2.023	1
4093	1.187	3.397	0.12	0.343	0.005	0	0.101	1	9.871	479	2.862	1
4094	1.115	2.746	0.157	0.387	0.005	0	0.141	1	7.087	469	2.463	1
4095	2.938	8.682	0.937	2.77	0.005	0	0.319	1	3.131	454	2.955	1
4096	4.528	10.632	0.552	1.297	0.005	0	0.122	1	8.165	486	2.348	1
4097	2.072	4.708	0.932	2.119	0.005	0	0.45	1	2.22	497	2.272	1
4098	3.008	7.676	0.761	1.942	0.005	0	0.253	1	3.946	466	2.552	1
4099	1.556	2.426	0.171	0.267	0.005	0	0.11	1	9.064	492	1.559	1
4100	3.286	4.995	0.549	0.834	0.005	0	0.167	1	5.981	477	1.52	1
4101	2.437	4.959	0.244	0.496	0.005	0	0.1	1	9.971	466	2.035	1
4102	1.874	5.362	0.35	1.003	0.005	0	0.187	1	5.359	473	2.861	1
4103	1.485	3.867	1.078	2.807	0.005	0	0.726	1	1.377	488	2.604	1
4104	2.96	4.523	0.607	0.927	0.005	0	0.205	1	4.88	480	1.528	1
4105	4.665	9.069	0.816	1.587	0.005	0	0.175	1	5.73	470	1.944	1
4106	3.472	8.465	0.924	2.252	0.005	0	0.266	1	3.755	455	2.438	1
4107	1.52	3.358	0.289	0.638	0.005	0	0.19	1	5.276	477	2.209	1
4108	3.025	8.243	1.286	3.503	0.005	0	0.425	1	2.355	462	2.725	1
4109	3.741	5.877	0.539	0.846	0.005	0	0.144	1	6.955	456	1.571	1
4110	4.57	7.723	1.188	2.008	0.005	0	0.26	1	3.85	481	1.69	1
4111	4.313	11.947	0.664	1.84	0.005	0	0.154	1	6.49	460	2.77	1
4112	4.062	11.678	0.617	1.775	0.005	0	0.152	1	6.599	456	2.875	1
4113	2.835	7.612	0.337	0.906	0.005	0	0.119	1	8.371	457	2.685	1
4114	4.028	10.952	2.332	6.341	0.005	0	0.579	1	1.726	475	2.719	1
4115	3.095	5.562	0.313	0.562	0.005	0	0.101	1	9.935	485	1.797	1
4116	3.363	5.778	1.634	2.808	0.005	0	0.486	1	2.059	480	1.718	1
4117	3.283	7.928	2.597	6.271	0.005	0	0.791	1	1.264	498	2.415	1
4118	3.053	4.589	0.733	1.101	0.005	0	0.24	1	4.162	488	1.503	1
4119	4.613	9.512	0.586	1.208	0.005	0	0.127	1	7.897	478	2.062	1
4120	3.718	8.339	2.164	4.853	0.005	0	0.582	1	1.717	495	2.243	1
4121	2.342	4.124	0.251	0.441	0.005	0	0.107	1	9.335	475	1.761	1
4122	2.816	7.102	0.394	0.994	0.005	0	0.14	1	7.14	473	2.522	1
4123	4.134	11.24	2.447	6.654	0.005	0	0.592	1	1.689	475	2.719	1
4124	4.987	10.951	1.232	2.705	0.005	0	0.247	1	4.041	455	2.196	1
4125	3.555	7.124	2.929	5.87	0.005	0	0.824	1	1.214	495	2.004	1
4126	3.963	10.708	1.775	4.797	0.005	0	0.448	1	2.231	479	2.702	1
4127	4.143	10.619	0.497	1.274	0.005	0	0.12	1	8.3	489	2.563	1
4128	2.15	6.237	0.374	1.085	0.005	0	0.174	1	5.746	456	2.901	1
4129	2.933	5.552	0.311	0.589	0.005	0	0.106	1	9.433	490	1.893	1
4130	2.305	3.704	0.523	0.841	0.005	0	0.227	1	4.406	492	1.607	1
4131	3.835	6.113	0.963	1.534	0.005	0	0.251	1	3.983	471	1.594	1
4132	4.058	8.915	0.682	1.498	0.005	0	0.168	1	5.945	459	2.197	1
4133	1.979	3.792	0.883	1.691	0.005	0	0.446	1	2.24	470	1.916	1
4134	3.646	6.559	2.99	5.378	0.005	0	0.82	1	1.219	459	1.799	1
4135	2.074	4.144	0.498	0.995	0.005	0	0.24	1	4.174	472	1.998	1
4136	1.892	3.574	0.291	0.55	0.005	0	0.154	1	6.497	469	1.889	1
4137	4.56	12.289	0.483	1.303	0.005	0	0.106	1	9.421	495	2.695	1
4138	3.291	8.586	1.303	3.4	0.005	0	0.396	1	2.526	470	2.609	1
4139	4.724	9.92	1.304	2.738	0.005	0	0.276	1	3.621	465	2.1	1
4140	3.054	8.053	1.5	3.954	0.005	0	0.491	1	2.037	472	2.637	1
4141	1.222	2.718	1.14	2.536	0.005	0	0.933	1	1.072	478	2.224	1
4142	2.655	5.544	0.701	1.464	0.005	0	0.264	1	3.794	489	2.088	1
4143	1.043	2.243	0.259	0.556	0.005	0	0.248	1	4.029	475	2.151	1
4144	3.429	9.443	0.586	1.615	0.005	0	0.171	1	5.846	485	2.754	1
4145	2.147	5.554	0.26	0.672	0.005	0	0.121	1	8.269	476	2.587	1
4146	1.972	5.035	0.982	2.507	0.005	0	0.498	1	2.008	476	2.553	1
4147	3.337	6.924	1.095	2.271	0.005	0	0.328	1	3.047	490	2.075	1
4148	4.811	12.321	1.01	2.587	0.005	0	0.21	1	4.772	498	2.561	1
4149	4.618	8.285	2.605	4.673	0.005	0	0.564	1	1.772	478	1.794	1
4150	4.58	9.792	0.627	1.342	0.005	0	0.137	1	7.273	494	2.138	1
4151	4.923	12.445	3.638	9.197	0.005	0	0.739	1	1.354	452	2.528	1
4152	1.916	3.93	0.383	0.786	0.005	0	0.2	1	5.007	465	2.051	1
4153	2.514	6.22	0.349	0.865	0.005	0	0.139	1	7.194	465	2.474	1
4154	1.947	5.045	0.195	0.505	0.005	0	0.1	1	9.963	454	2.591	1
4155	2.549	4.965	0.986	1.921	0.005	0	0.387	1	2.585	478	1.948	1
4156	1.558	4.496	0.22	0.634	0.005	0	0.141	1	7.081	452	2.886	1
4157	2.124	5.142	0.272	0.658	0.005	0	0.128	1	7.783	489	2.421	1
4158	1.786	5.179	0.334	0.968	0.005	0	0.187	1	5.354	453	2.9	1
4159	4.036	8.209	0.504	1.026	0.005	0	0.125	1	8.011	482	2.034	1
4160	3.326	6.166	0.512	0.95	0.005	0	0.154	1	6.498	480	1.854	1
4161	4.367	10.638	2.293	5.585	0.005	0	0.525	1	1.904	474	2.436	1
4162	4.85	13.308	0.538	1.477	0.005	0	0.111	1	9.047	473	2.744	1
4163	3.351	9.892	1.585	4.679	0.005	0	0.473	1	2.114	465	2.952	1
4164	2.594	7.437	0.547	1.569	0.005	0	0.211	1	4.739	481	2.867	1
4165	1.565	3.764	0.283	0.681	0.005	0	0.181	1	5.525	471	2.405	1
4166	3.065	7.01	0.524	1.199	0.005	0	0.171	1	5.857	480	2.287	1
4167	1.387	3.498	0.485	1.224	0.005	0	0.35	1	2.86	477	2.522	1
4168	2.296	5.448	1.387	3.291	0.005	0	0.604	1	1.655	474	2.373	1
4169	1.894	4.994	0.566	1.493	0.005	0	0.299	1	3.348	490	2.637	1
4170	3.79	9.339	1.171	2.886	0.005	0	0.309	1	3.238	497	2.464	1
4171	4.945	10.513	1.736	3.69	0.005	0	0.351	1	2.848	496	2.126	1
4172	2.399	5.508	0.324	0.744	0.005	0	0.135	1	7.403	468	2.296	1
4173	3.101	4.655	0.31	0.466	0.005	0	0.1	1	9.969	483	1.501	1
4174	1.805	3.431	1.415	2.69	0.005	0	0.784	1	1.276	485	1.901	1
4175	2.074	5.351	1.943	5.014	0.005	0	0.937	1	1.067	477	2.58	1
4176	2.089	6.16	0.907	2.673	0.005	0	0.434	1	2.306	483	2.949	1
4177	3.296	9.427	0.761	2.178	0.005	0	0.231	1	4.33	480	2.86	1
4178	1.194	3.055	0.244	0.623	0.005	0	0.204	1	4.897	473	2.559	1
4179	3.543	10.161	0.383	1.097	0.005	0	0.108	1	9.264	480	2.868	1
4180	2.099	5.917	0.512	1.444	0.005	0	0.244	1	4.096	477	2.819	1
4181	3.514	9.558	2.091	5.687	0.005	0	0.595	1	1.681	461	2.72	1
4182	2.351	4.371	0.404	0.752	0.005	0	0.172	1	5.824	485	1.859	1
4183	2.805	6.752	0.325	0.783	0.005	0	0.116	1	8.587	488	2.407	1
4184	1.701	2.956	1.184	2.057	0.005	0	0.696	1	1.437	472	1.738	1
4185	3.299	9.791	0.369	1.097	0.005	0	0.112	1	8.899	454	2.968	1
4186	4.412	9.949	0.569	1.283	0.005	0	0.129	1	7.741	485	2.255	1
4187	4.36	8.729	0.541	1.082	0.005	0	0.124	1	8.069	491	2.002	1
4188	2.543	7.138	0.455	1.278	0.005	0	0.179	1	5.576	463	2.807	1
4189	2.509	4.313	1.079	1.855	0.005	0	0.43	1	2.324	490	1.719	1
4190	2.984	5.637	0.686	1.297	0.005	0	0.23	1	4.357	477	1.889	1
4191	3.794	6.283	0.535	0.886	0.005	0	0.141	1	7.077	469	1.656	1
4192	3.203	6.368	0.682	1.356	0.005	0	0.213	1	4.687	490	1.988	1
4193	1.462	2.902	0.471	0.934	0.005	0	0.322	1	3.103	479	1.985	1
4194	4.86	9.89	1.706	3.471	0.005	0	0.351	1	2.846	470	2.035	1
4195	2.369	4.864	0.384	0.788	0.005	0	0.162	1	6.186	470	2.053	1
4196	4.48	11.554	0.538	1.386	0.005	0	0.12	1	8.319	462	2.579	1
4197	3.367	6.04	0.455	0.815	0.005	0	0.135	1	7.404	487	1.794	1
4198	3.665	7.297	0.425	0.846	0.005	0	0.116	1	8.656	484	1.991	1
4199	2.395	4.879	0.881	1.795	0.005	0	0.368	1	2.717	479	2.037	1
4200	3.914	7.116	1.386	2.519	0.005	0	0.354	1	2.822	479	1.818	1
4201	3.351	7.027	1.444	3.029	0.005	0	0.431	1	2.319	469	2.097	1
4202	1.394	3.718	0.187	0.498	0.005	0	0.134	1	7.471	489	2.667	1
4203	4.176	9.358	1.942	4.351	0.005	0	0.465	1	2.151	463	2.241	1
4204	2.635	6.35	0.522	1.257	0.005	0	0.198	1	5.046	463	2.41	1
4205	3.428	9.475	0.446	1.232	0.005	0	0.13	1	7.689	492	2.764	1
4206	4.468	12.747	0.478	1.364	0.005	0	0.107	1	9.357	490	2.853	1
4207	1.6	4.52	0.363	1.026	0.005	0	0.227	1	4.408	450	2.825	1
4208	2.579	5.318	0.307	0.633	0.005	0	0.119	1	8.38	464	2.062	1
4209	3.887	9.605	0.393	0.97	0.005	0	0.101	1	9.902	499	2.471	1
4210	3.243	4.936	1.313	1.999	0.005	0	0.405	1	2.469	477	1.522	1
4211	2.683	4.918	0.529	0.969	0.005	0	0.197	1	5.074	495	1.833	1
4212	1.825	4.767	0.622	1.626	0.005	0	0.341	1	2.929	470	2.612	1
4213	4.122	6.439	0.561	0.876	0.005	0	0.136	1	7.357	466	1.562	1
4214	1.433	3.233	0.514	1.161	0.005	0	0.359	1	2.784	493	2.256	1
4215	2.602	5.977	0.768	1.763	0.005	0	0.295	1	3.388	494	2.297	1
4216	4.31	8.417	2.508	4.899	0.005	0	0.582	1	1.719	451	1.953	1
4217	3.009	5.741	0.785	1.498	0.005	0	0.261	1	3.838	464	1.908	1
4218	3.268	4.915	0.703	1.057	0.005	0	0.215	1	4.651	462	1.504	1
4219	3.828	5.926	0.429	0.664	0.005	0	0.112	1	8.941	486	1.548	1
4220	4.868	14.443	1.236	3.669	0.005	0	0.254	1	3.931	454	2.967	1
4221	4.54	6.887	1.503	2.28	0.005	0	0.331	1	3.02	475	1.517	1
4222	4.275	9.713	0.547	1.243	0.005	0	0.128	1	7.838	452	2.272	1
4223	2.146	4.846	0.388	0.877	0.005	0	0.181	1	5.512	455	2.258	1
4224	3.813	7.931	0.587	1.221	0.005	0	0.154	1	6.495	480	2.08	1
4225	3.578	6.0	0.63	1.056	0.005	0	0.176	1	5.695	490	1.677	1
4226	2.678	6.015	0.308	0.692	0.005	0	0.115	1	8.684	458	2.246	1
4227	2.704	7.479	0.36	0.995	0.005	0	0.133	1	7.53	469	2.766	1
4228	2.03	4.882	0.57	1.372	0.005	0	0.281	1	3.562	450	2.405	1
4229	2.436	3.666	0.292	0.44	0.005	0	0.12	1	8.322	488	1.505	1
4230	2.777	5.271	0.397	0.754	0.005	0	0.143	1	7.009	474	1.898	1
4231	2.636	6.701	0.269	0.684	0.005	0	0.102	1	9.793	463	2.542	1
4232	3.709	6.194	0.404	0.675	0.005	0	0.109	1	9.161	473	1.67	1
4233	1.774	3.541	0.573	1.144	0.005	0	0.323	1	3.095	462	1.996	1
4234	3.567	7.016	0.446	0.877	0.005	0	0.125	1	7.988	460	1.967	1
4235	2.015	5.038	0.544	1.36	0.005	0	0.27	1	3.702	471	2.5	1
4236	1.727	5.062	0.188	0.552	0.005	0	0.109	1	9.194	495	2.931	1
4237	1.937	4.705	0.221	0.536	0.005	0	0.114	1	8.753	453	2.429	1
4238	3.651	9.562	1.625	4.255	0.005	0	0.445	1	2.248	479	2.619	1
4239	2.622	6.663	0.438	1.113	0.005	0	0.167	1	6.005	471	2.541	1
4240	3.23	9.454	0.465	1.361	0.005	0	0.144	1	6.921	461	2.927	1
4241	1.151	2.029	0.189	0.333	0.005	0	0.164	1	6.082	483	1.763	1
4242	1.545	3.373	0.411	0.897	0.005	0	0.266	1	3.763	491	2.183	1
4243	2.855	8.379	1.348	3.955	0.005	0	0.472	1	2.119	462	2.935	1
4244	3.307	6.832	2.179	4.502	0.005	0	0.659	1	1.518	484	2.066	1
4245	2.512	6.976	0.5	1.388	0.005	0	0.199	1	5.017	452	2.777	1
4246	4.962	10.847	0.571	1.247	0.005	0	0.115	1	8.716	492	2.186	1
4247	3.52	5.988	0.401	0.683	0.005	0	0.114	1	8.802	491	1.701	1
4248	2.493	4.425	2.112	3.748	0.005	0	0.847	1	1.18	479	1.775	1
4249	4.864	8.6	0.876	1.548	0.005	0	0.18	1	5.541	497	1.768	1
4250	2.11	6.307	0.608	1.816	0.005	0	0.288	1	3.47	478	2.989	1
4251	1.546	3.628	0.19	0.446	0.005	0	0.123	1	8.155	463	2.347	1
4252	4.341	12.789	1.194	3.517	0.005	0	0.275	1	3.633	460	2.946	1
4253	4.612	12.047	2.371	6.192	0.005	0	0.514	1	1.947	489	2.612	1
4254	4.135	8.915	0.653	1.409	0.005	0	0.158	1	6.338	457	2.156	1
4255	2.101	4.731	0.319	0.719	0.005	0	0.152	1	6.57	481	2.252	1
4256	3.275	6.465	0.39	0.769	0.005	0	0.119	1	8.386	485	1.974	1
4257	1.321	2.785	0.339	0.716	0.005	0	0.257	1	3.884	462	2.108	1
4258	1.681	3.024	0.385	0.692	0.005	0	0.229	1	4.361	471	1.799	1
4259	3.121	5.58	1.442	2.578	0.005	0	0.462	1	2.164	469	1.788	1
4260	1.6	2.981	0.902	1.681	0.005	0	0.564	1	1.774	473	1.863	1
4261	2.014	3.599	0.632	1.13	0.005	0	0.314	1	3.183	460	1.787	1
4262	4.681	8.777	0.594	1.115	0.005	0	0.127	1	7.875	480	1.875	1
4263	2.093	5.747	1.833	5.034	0.005	0	0.876	1	1.141	488	2.746	1
4264	1.007	2.262	0.327	0.735	0.005	0	0.325	1	3.075	465	2.246	1
4265	1.241	3.722	0.163	0.488	0.005	0	0.131	1	7.622	480	2.999	1
4266	3.75	9.731	0.431	1.119	0.005	0	0.115	1	8.721	496	2.595	1
4267	1.806	4.676	0.517	1.337	0.005	0	0.286	1	3.491	497	2.589	1
4268	1.041	2.252	0.168	0.363	0.005	0	0.161	1	6.194	499	2.163	1
4269	1.934	3.487	0.286	0.516	0.005	0	0.148	1	6.773	476	1.803	1
4270	1.143	2.941	0.114	0.294	0.005	0	0.1	1	9.983	482	2.573	1
4271	4.163	8.588	0.425	0.876	0.005	0	0.102	1	9.784	493	2.063	1
4272	2.877	7.877	0.713	1.953	0.005	0	0.248	1	4.039	456	2.738	1
4273	4.08	7.091	1.13	1.964	0.005	0	0.277	1	3.607	479	1.738	1
4274	4.029	11.801	1.209	3.54	0.005	0	0.3	1	3.338	499	2.929	1
4275	1.233	2.277	0.191	0.353	0.005	0	0.155	1	6.47	450	1.847	1
4276	2.617	5.15	0.471	0.927	0.005	0	0.18	1	5.559	498	1.968	1
4277	4.201	8.599	1.71	3.5	0.005	0	0.407	1	2.457	462	2.047	1
4278	1.725	3.767	0.743	1.624	0.005	0	0.431	1	2.32	453	2.184	1
4279	2.676	6.115	0.88	2.012	0.005	0	0.329	1	3.038	468	2.285	1
4280	2.61	4.382	0.452	0.758	0.005	0	0.173	1	5.771	486	1.679	1
4281	2.631	4.694	0.947	1.69	0.005	0	0.36	1	2.778	482	1.784	1
4282	3.736	9.116	0.807	1.969	0.005	0	0.216	1	4.627	463	2.44	1
4283	1.644	4.572	0.63	1.751	0.005	0	0.383	1	2.612	458	2.781	1
4284	3.822	8.611	1.192	2.687	0.005	0	0.312	1	3.204	450	2.253	1
4285	4.221	9.117	1.515	3.273	0.005	0	0.359	1	2.785	482	2.16	1
4286	4.365	7.517	0.563	0.97	0.005	0	0.129	1	7.762	472	1.722	1
4287	3.842	9.255	0.888	2.138	0.005	0	0.231	1	4.333	484	2.409	1
4288	3.887	9.236	0.408	0.97	0.005	0	0.105	1	9.528	482	2.376	1
4289	3.023	6.224	2.43	5.004	0.005	0	0.804	1	1.244	486	2.059	1
4290	4.928	12.488	1.863	4.72	0.005	0	0.378	1	2.647	498	2.534	1
4291	3.23	9.448	0.51	1.493	0.005	0	0.158	1	6.32	489	2.925	1
4292	1.181	2.264	0.131	0.251	0.005	0	0.111	1	8.977	480	1.917	1
4293	2.877	7.543	1.824	4.782	0.005	0	0.634	1	1.577	497	2.622	1
4294	1.596	4.001	0.254	0.636	0.005	0	0.159	1	6.292	473	2.507	1
4295	3.472	7.805	1.045	2.349	0.005	0	0.301	1	3.327	465	2.248	1
4296	4.165	8.501	1.858	3.791	0.005	0	0.446	1	2.241	482	2.041	1
4297	4.202	9.778	2.307	5.368	0.005	0	0.549	1	1.822	468	2.327	1
4298	3.867	7.788	0.8	1.612	0.005	0	0.207	1	4.827	467	2.014	1
4299	3.604	7.233	1.006	2.018	0.005	0	0.279	1	3.59	471	2.007	1
4300	3.99	6.759	0.543	0.919	0.005	0	0.136	1	7.336	466	1.694	1
4301	4.35	10.858	0.644	1.607	0.005	0	0.148	1	6.777	486	2.496	1
4302	4.577	12.729	1.524	4.239	0.005	0	0.333	1	3.004	496	2.781	1
4303	2.875	6.216	0.354	0.765	0.005	0	0.123	1	8.125	496	2.162	1
4304	3.846	5.815	1.369	2.07	0.005	0	0.356	1	2.81	450	1.512	1
4305	1.218	1.995	0.267	0.437	0.005	0	0.219	1	4.563	455	1.638	1
4306	1.014	1.682	0.222	0.368	0.005	0	0.219	1	4.573	457	1.659	1
4307	3.635	10.316	0.491	1.393	0.005	0	0.135	1	7.385	455	2.838	1
4308	3.326	6.665	0.336	0.673	0.005	0	0.101	1	9.882	499	2.004	1
4309	3.099	8.048	0.384	0.998	0.005	0	0.124	1	8.084	481	2.597	1
4310	2.301	5.343	0.23	0.534	0.005	0	0.1	1	9.952	493	2.322	1
4311	3.658	10.835	0.984	2.915	0.005	0	0.269	1	3.718	468	2.962	1
4312	2.831	4.493	0.849	1.348	0.005	0	0.3	1	3.337	454	1.587	1
4313	1.803	4.188	1.619	3.761	0.005	0	0.898	1	1.113	484	2.323	1
4314	1.705	4.65	0.372	1.014	0.005	0	0.218	1	4.595	488	2.727	1
4315	1.572	3.784	0.203	0.488	0.005	0	0.129	1	7.764	467	2.407	1
4316	4.353	10.356	3.361	7.995	0.005	0	0.772	1	1.295	487	2.379	1
4317	3.418	9.338	1.131	3.091	0.005	0	0.331	1	3.023	485	2.732	1
4318	3.385	6.763	1.384	2.766	0.005	0	0.409	1	2.447	482	1.998	1
4319	4.505	10.298	0.478	1.092	0.005	0	0.106	1	9.409	469	2.286	1
4320	3.792	8.615	0.387	0.879	0.005	0	0.102	1	9.833	460	2.272	1
4321	2.034	3.767	0.297	0.55	0.005	0	0.146	1	6.855	451	1.852	1
4322	2.344	6.434	1.81	4.967	0.005	0	0.772	1	1.295	490	2.745	1
4323	3.963	10.478	0.436	1.153	0.005	0	0.11	1	9.065	460	2.644	1
4324	3.793	10.985	3.3	9.557	0.005	0	0.87	1	1.149	459	2.896	1
4325	1.573	3.811	0.875	2.119	0.005	0	0.556	1	1.8	472	2.423	1
4326	4.382	7.169	2.967	4.853	0.005	0	0.677	1	1.478	466	1.636	1
4327	4.567	10.422	3.142	7.17	0.005	0	0.688	1	1.453	471	2.282	1
4328	3.793	9.046	1.381	3.293	0.005	0	0.364	1	2.751	451	2.385	1
4329	1.138	3.069	0.674	1.817	0.005	0	0.592	1	1.69	452	2.697	1
4330	3.972	6.458	0.481	0.781	0.005	0	0.121	1	8.297	452	1.626	1
4331	3.255	6.754	0.446	0.925	0.005	0	0.137	1	7.287	478	2.075	1
4332	1.151	2.354	0.473	0.967	0.005	0	0.411	1	2.432	469	2.045	1
4333	2.435	5.282	0.852	1.849	0.005	0	0.35	1	2.854	481	2.169	1
4334	1.799	3.521	0.291	0.57	0.005	0	0.162	1	6.182	474	1.957	1
4335	4.58	13.323	0.733	2.132	0.005	0	0.16	1	6.246	465	2.909	1
4336	4.597	10.054	0.864	1.89	0.005	0	0.188	1	5.307	489	2.187	1
4337	2.041	4.084	0.282	0.564	0.005	0	0.138	1	7.244	485	2.001	1
4338	4.901	12.233	0.495	1.236	0.005	0	0.101	1	9.918	461	2.496	1
4339	3.966	8.666	0.678	1.482	0.005	0	0.171	1	5.864	489	2.185	1
4340	3.73	9.795	1.436	3.771	0.005	0	0.385	1	2.595	491	2.626	1
4341	2.805	5.245	0.295	0.551	0.005	0	0.105	1	9.564	468	1.87	1
4342	2.624	6.531	0.517	1.287	0.005	0	0.197	1	5.068	484	2.489	1
4343	4.521	9.919	2.726	5.981	0.005	0	0.603	1	1.658	459	2.194	1
4344	1.11	3.249	0.13	0.38	0.005	0	0.117	1	8.532	471	2.927	1
4345	4.071	10.222	0.594	1.492	0.005	0	0.146	1	6.836	482	2.511	1
4346	4.746	13.82	4.086	11.899	0.005	0	0.861	1	1.162	466	2.912	1
4347	3.16	5.685	0.733	1.319	0.005	0	0.232	1	4.304	480	1.799	1
4348	4.115	9.304	0.745	1.684	0.005	0	0.181	1	5.511	481	2.261	1
4349	2.998	5.447	0.612	1.111	0.005	0	0.204	1	4.904	476	1.817	1
4350	4.281	7.856	0.548	1.006	0.005	0	0.128	1	7.836	483	1.835	1
4351	4.766	9.074	0.524	0.998	0.005	0	0.11	1	9.122	480	1.904	1
4352	3.748	5.963	0.693	1.103	0.005	0	0.185	1	5.419	467	1.591	1
4353	4.79	13.982	0.484	1.412	0.005	0	0.101	1	9.942	494	2.919	1
4354	3.645	5.715	0.383	0.6	0.005	0	0.105	1	9.517	453	1.568	1
4355	2.635	6.298	0.274	0.655	0.005	0	0.104	1	9.651	452	2.39	1
4356	4.138	8.044	0.43	0.837	0.005	0	0.104	1	9.625	477	1.944	1
4357	2.768	6.103	0.551	1.214	0.005	0	0.199	1	5.02	488	2.205	1
4358	1.162	3.247	0.199	0.555	0.005	0	0.171	1	5.836	454	2.794	1
4359	1.681	3.38	0.287	0.578	0.005	0	0.171	1	5.863	471	2.011	1
4360	2.566	6.564	0.493	1.26	0.005	0	0.192	1	5.209	492	2.558	1
4361	3.854	10.83	0.385	1.083	0.005	0	0.1	1	9.998	463	2.81	1
4362	3.51	8.508	0.491	1.191	0.005	0	0.14	1	7.158	486	2.424	1
4363	1.918	5.597	0.677	1.976	0.005	0	0.353	1	2.833	478	2.918	1
4364	1.37	4.068	0.185	0.549	0.005	0	0.135	1	7.386	491	2.969	1
4365	3.309	7.346	0.407	0.904	0.005	0	0.123	1	8.104	475	2.22	1
4366	3.4	5.406	0.374	0.595	0.005	0	0.11	1	9.125	469	1.59	1
4367	2.807	5.625	0.328	0.658	0.005	0	0.117	1	8.515	474	2.004	1
4368	1.655	3.629	0.66	1.448	0.005	0	0.399	1	2.507	476	2.193	1
4369	4.639	11.333	0.543	1.326	0.005	0	0.117	1	8.535	495	2.443	1
4370	3.917	6.056	1.445	2.235	0.005	0	0.369	1	2.709	493	1.546	1
4371	2.363	5.827	0.633	1.562	0.005	0	0.268	1	3.735	452	2.466	1
4372	4.523	11.24	0.556	1.383	0.005	0	0.123	1	8.125	464	2.485	1
4373	4.112	7.212	0.506	0.887	0.005	0	0.123	1	8.155	461	1.754	1
4374	2.34	4.486	0.517	0.991	0.005	0	0.221	1	4.525	479	1.917	1
4375	1.442	3.18	0.555	1.224	0.005	0	0.385	1	2.6	476	2.205	1
4376	1.801	3.334	0.33	0.61	0.005	0	0.183	1	5.471	488	1.851	1
4377	2.619	6.534	0.566	1.411	0.005	0	0.216	1	4.628	488	2.495	1
4378	1.37	3.158	0.271	0.625	0.005	0	0.198	1	5.05	454	2.305	1
4379	2.309	4.286	0.256	0.476	0.005	0	0.111	1	9.025	455	1.856	1
4380	2.78	6.805	0.795	1.946	0.005	0	0.286	1	3.502	459	2.448	1
4381	4.292	8.494	0.648	1.283	0.005	0	0.151	1	6.621	471	1.979	1
4382	3.056	5.877	0.44	0.846	0.005	0	0.144	1	6.932	478	1.923	1
4383	4.281	8.412	0.835	1.64	0.005	0	0.195	1	5.117	462	1.965	1
4384	1.948	5.355	0.228	0.627	0.005	0	0.117	1	8.533	497	2.749	1
4385	4.572	11.558	1.861	4.704	0.005	0	0.407	1	2.455	497	2.528	1
4386	3.231	7.073	0.598	1.309	0.005	0	0.185	1	5.413	465	2.189	1
4387	1.985	3.555	0.258	0.462	0.005	0	0.13	1	7.696	498	1.791	1
4388	3.207	5.122	0.475	0.758	0.005	0	0.148	1	6.74	473	1.597	1
4389	2.058	3.91	0.28	0.532	0.005	0	0.136	1	7.371	473	1.9	1
4390	3.142	8.339	1.084	2.877	0.005	0	0.345	1	2.895	476	2.654	1
4391	1.316	2.095	0.265	0.421	0.005	0	0.201	1	4.975	482	1.592	1
4392	4.902	9.98	1.333	2.715	0.005	0	0.272	1	3.67	472	2.036	1
4393	4.894	13.914	0.514	1.461	0.005	0	0.105	1	9.567	490	2.843	1
4394	1.79	3.913	0.226	0.493	0.005	0	0.126	1	7.955	451	2.186	1
4395	1.362	3.436	0.259	0.653	0.005	0	0.19	1	5.27	475	2.523	1
4396	4.545	9.663	0.473	1.005	0.005	0	0.104	1	9.602	479	2.126	1
4397	4.571	12.122	1.504	3.988	0.005	0	0.329	1	3.04	476	2.652	1
4398	2.884	5.794	0.983	1.976	0.005	0	0.341	1	2.929	459	2.009	1
4399	1.738	2.796	0.186	0.299	0.005	0	0.107	1	9.385	493	1.609	1
4400	4.78	10.181	0.703	1.497	0.005	0	0.147	1	6.821	473	2.13	1
4401	4.724	12.604	2.891	7.714	0.005	0	0.612	1	1.633	498	2.668	1
4402	3.961	11.863	0.705	2.112	0.005	0	0.178	1	5.606	499	2.995	1
4403	2.434	4.97	0.677	1.382	0.005	0	0.278	1	3.599	487	2.042	1
4404	4.959	14.004	0.724	2.045	0.005	0	0.146	1	6.832	474	2.824	1
4405	4.157	8.052	0.948	1.836	0.005	0	0.228	1	4.387	479	1.937	1
4406	2.669	6.648	0.542	1.35	0.005	0	0.203	1	4.936	471	2.491	1
4407	3.955	7.748	2.084	4.083	0.005	0	0.527	1	1.899	455	1.959	1
4408	2.564	5.084	1.005	1.993	0.005	0	0.392	1	2.554	464	1.983	1
4409	3.523	7.025	1.053	2.1	0.005	0	0.299	1	3.34	491	1.994	1
4410	4.038	8.637	1.425	3.049	0.005	0	0.353	1	2.832	455	2.139	1
4411	2.499	6.527	0.305	0.796	0.005	0	0.122	1	8.17	457	2.612	1
4412	3.846	11.238	1.238	3.619	0.005	0	0.322	1	3.107	486	2.922	1
4413	1.959	4.666	0.535	1.274	0.005	0	0.273	1	3.659	454	2.382	1
4414	3.75	10.339	0.671	1.851	0.005	0	0.179	1	5.588	460	2.757	1
4415	1.455	3.226	0.236	0.523	0.005	0	0.162	1	6.189	455	2.217	1
4416	2.901	8.088	0.566	1.577	0.005	0	0.195	1	5.126	463	2.788	1
4417	2.445	6.597	0.555	1.498	0.005	0	0.227	1	4.399	469	2.698	1
4418	2.826	5.386	0.331	0.63	0.005	0	0.117	1	8.525	497	1.906	1
4419	1.737	2.725	0.188	0.294	0.005	0	0.108	1	9.242	465	1.569	1
4420	3.045	9.004	1.355	4.007	0.005	0	0.445	1	2.246	452	2.957	1
4421	4.147	10.944	0.448	1.182	0.005	0	0.108	1	9.218	498	2.639	1
4422	3.173	6.67	0.879	1.848	0.005	0	0.277	1	3.609	494	2.102	1
4423	2.891	4.501	0.387	0.603	0.005	0	0.134	1	7.465	476	1.557	1
4424	3.595	10.001	0.626	1.74	0.005	0	0.174	1	5.745	463	2.782	1
4425	2.663	6.05	0.735	1.67	0.005	0	0.276	1	3.628	483	2.272	1
4426	4.956	11.25	0.654	1.485	0.005	0	0.132	1	7.588	487	2.27	1
4427	2.427	4.793	1.031	2.037	0.005	0	0.425	1	2.355	471	1.975	1
4428	4.524	7.885	1.52	2.649	0.005	0	0.336	1	2.972	458	1.743	1
4429	1.361	3.162	0.265	0.617	0.005	0	0.195	1	5.12	471	2.323	1
4430	1.158	2.632	0.142	0.324	0.005	0	0.123	1	8.135	479	2.273	1
4431	2.917	5.959	0.379	0.775	0.005	0	0.13	1	7.71	452	2.043	1
4432	4.1	7.667	0.463	0.866	0.005	0	0.113	1	8.832	479	1.87	1
4433	2.468	6.037	0.299	0.73	0.005	0	0.121	1	8.248	482	2.446	1
4434	4.545	12.208	1.354	3.638	0.005	0	0.298	1	3.351	497	2.686	1
4435	2.111	5.083	0.315	0.757	0.005	0	0.149	1	6.697	470	2.408	1
4436	4.841	11.463	1.452	3.439	0.005	0	0.3	1	3.338	498	2.368	1
4437	3.6	7.963	0.475	1.051	0.005	0	0.132	1	7.596	479	2.212	1
4438	4.247	9.267	0.446	0.973	0.005	0	0.105	1	9.505	460	2.182	1
4439	3.088	5.957	1.099	2.121	0.005	0	0.356	1	2.806	493	1.929	1
4440	4.953	7.479	0.713	1.077	0.005	0	0.144	1	6.966	476	1.51	1
4441	3.74	9.612	0.438	1.125	0.005	0	0.117	1	8.518	496	2.57	1
4442	1.468	3.849	0.195	0.512	0.005	0	0.133	1	7.509	477	2.622	1
4443	1.773	4.413	0.296	0.737	0.005	0	0.167	1	5.976	484	2.489	1
4444	1.246	3.08	0.199	0.493	0.005	0	0.16	1	6.252	493	2.472	1
4445	2.645	5.639	0.63	1.342	0.005	0	0.238	1	4.198	482	2.132	1
4446	4.349	8.989	2.335	4.827	0.005	0	0.537	1	1.862	488	2.067	1
4447	4.025	6.223	0.564	0.871	0.005	0	0.14	1	7.145	459	1.546	1
4448	1.154	1.995	0.126	0.217	0.005	0	0.109	1	9.213	466	1.729	1
4449	2.583	7.201	0.344	0.958	0.005	0	0.133	1	7.507	450	2.788	1
4450	2.156	3.674	0.711	1.212	0.005	0	0.33	1	3.027	499	1.704	1
4451	2.991	5.085	0.846	1.439	0.005	0	0.283	1	3.531	476	1.7	1
4452	3.177	6.503	0.572	1.171	0.005	0	0.18	1	5.563	455	2.047	1
4453	3.49	8.868	1.532	3.893	0.005	0	0.439	1	2.276	499	2.541	1
4454	1.045	2.953	0.122	0.346	0.005	0	0.117	1	8.538	476	2.826	1
4455	3.296	5.102	1.773	2.745	0.005	0	0.538	1	1.86	462	1.548	1
4456	4.872	14.45	1.252	3.714	0.005	0	0.257	1	3.894	463	2.966	1
4457	4.887	14.187	2.566	7.448	0.005	0	0.525	1	1.905	465	2.903	1
4458	3.155	8.137	0.846	2.181	0.005	0	0.268	1	3.733	490	2.579	1
4459	2.899	8.329	0.386	1.108	0.005	0	0.133	1	7.514	464	2.873	1
4460	1.411	3.031	0.255	0.549	0.005	0	0.181	1	5.512	477	2.148	1
4461	4.127	8.869	0.454	0.976	0.005	0	0.11	1	9.071	452	2.149	1
4462	4.118	9.035	0.741	1.626	0.005	0	0.18	1	5.557	493	2.194	1
4463	3.35	8.211	0.355	0.87	0.005	0	0.106	1	9.417	455	2.451	1
4464	3.003	6.051	0.474	0.956	0.005	0	0.158	1	6.336	495	2.015	1
4465	4.329	12.658	1.623	4.747	0.005	0	0.375	1	2.669	470	2.924	1
4466	1.952	3.373	0.289	0.499	0.005	0	0.148	1	6.756	482	1.728	1
4467	1.568	3.838	0.16	0.391	0.005	0	0.102	1	9.804	462	2.448	1
4468	3.36	8.151	2.651	6.431	0.005	0	0.789	1	1.267	463	2.426	1
4469	1.692	2.817	0.447	0.744	0.005	0	0.264	1	3.793	481	1.665	1
4470	4.84	11.442	2.052	4.851	0.005	0	0.424	1	2.359	483	2.364	1
4471	2.386	4.309	1.408	2.542	0.005	0	0.59	1	1.696	463	1.806	1
4472	3.663	9.403	0.454	1.166	0.005	0	0.124	1	8.042	471	2.567	1
4473	4.119	11.554	0.98	2.75	0.005	0	0.238	1	4.206	485	2.805	1
4474	3.322	9.202	1.269	3.515	0.005	0	0.382	1	2.619	473	2.77	1
4475	1.026	3.028	0.134	0.397	0.005	0	0.131	1	7.617	494	2.951	1
4476	4.463	9.02	3.129	6.323	0.005	0	0.701	1	1.427	494	2.021	1
4477	3.885	6.193	0.765	1.22	0.005	0	0.197	1	5.065	466	1.594	1
4478	3.427	5.565	1.093	1.775	0.005	0	0.319	1	3.138	464	1.624	1
4479	2.756	7.017	0.38	0.968	0.005	0	0.138	1	7.229	488	2.546	1
4480	2.021	4.123	0.287	0.585	0.005	0	0.142	1	7.044	484	2.04	1
4481	3.358	5.715	1.867	3.178	0.005	0	0.556	1	1.798	487	1.702	1
4482	4.732	12.379	0.8	2.092	0.005	0	0.169	1	5.9	493	2.616	1
4483	1.613	3.699	0.211	0.485	0.005	0	0.131	1	7.605	481	2.293	1
4484	3.473	6.56	0.382	0.722	0.005	0	0.11	1	9.102	488	1.889	1
4485	4.254	7.542	0.468	0.83	0.005	0	0.11	1	9.121	450	1.773	1
4486	2.291	5.512	0.298	0.717	0.005	0	0.13	1	7.675	496	2.406	1
4487	2.3	3.931	0.251	0.428	0.005	0	0.109	1	9.134	483	1.709	1
4488	2.555	5.876	0.312	0.717	0.005	0	0.122	1	8.195	490	2.3	1
4489	1.59	4.571	0.178	0.512	0.005	0	0.112	1	8.931	470	2.875	1
4490	4.39	9.913	0.562	1.269	0.005	0	0.128	1	7.837	468	2.258	1
4491	4.381	11.658	0.683	1.819	0.005	0	0.156	1	6.419	472	2.661	1
4492	1.459	4.218	0.883	2.552	0.005	0	0.605	1	1.654	452	2.891	1
4493	2.937	5.154	1.04	1.825	0.005	0	0.354	1	2.826	471	1.755	1
4494	2.005	3.469	0.483	0.836	0.005	0	0.241	1	4.151	479	1.73	1
4495	1.129	3.058	0.224	0.605	0.005	0	0.198	1	5.057	454	2.709	1
4496	1.104	1.939	0.178	0.312	0.005	0	0.161	1	6.215	488	1.756	1
4497	2.205	5.347	1.228	2.978	0.005	0	0.557	1	1.795	473	2.425	1
4498	4.333	11.214	0.438	1.133	0.005	0	0.101	1	9.858	494	2.588	1
4499	3.428	8.412	2.475	6.073	0.005	0	0.722	1	1.386	488	2.454	1
4500	4.721	10.665	1.18	2.666	0.005	0	0.25	1	4.003	453	2.259	1
4501	2.117	6.144	0.478	1.389	0.005	0	0.226	1	4.426	465	2.902	1
4502	3.975	7.708	1.391	2.698	0.005	0	0.35	1	2.86	452	1.939	1
4503	1.856	4.078	1.496	3.287	0.005	0	0.806	1	1.241	459	2.197	1
4504	1.058	3.062	0.201	0.582	0.005	0	0.19	1	5.26	491	2.894	1
4505	2.589	7.682	0.476	1.413	0.005	0	0.184	1	5.432	472	2.967	1
4506	1.326	2.58	0.8	1.556	0.005	0	0.603	1	1.659	490	1.946	1
4507	1.936	4.606	1.185	2.819	0.005	0	0.612	1	1.634	479	2.379	1
4508	1.195	1.851	0.263	0.407	0.005	0	0.22	1	4.537	491	1.549	1
4509	1.608	3.481	1.232	2.666	0.005	0	0.766	1	1.306	453	2.165	1
4510	2.248	4.031	1.526	2.737	0.005	0	0.679	1	1.473	451	1.793	1
4511	1.797	3.332	0.219	0.407	0.005	0	0.122	1	8.18	497	1.854	1
4512	3.658	5.666	0.691	1.071	0.005	0	0.189	1	5.289	471	1.549	1
4513	2.796	5.413	1.071	2.073	0.005	0	0.383	1	2.611	488	1.936	1
4514	3.132	5.976	0.454	0.867	0.005	0	0.145	1	6.913	465	1.908	1
4515	1.731	4.753	0.819	2.248	0.005	0	0.473	1	2.112	458	2.746	1
4516	3.679	6.306	0.909	1.558	0.005	0	0.247	1	4.041	462	1.714	1
4517	2.382	5.162	0.374	0.81	0.005	0	0.157	1	6.381	466	2.167	1
4518	1.672	4.453	0.485	1.291	0.005	0	0.29	1	3.443	459	2.663	1
4519	2.553	6.377	0.419	1.046	0.005	0	0.164	1	6.108	458	2.498	1
4520	3.576	6.047	0.393	0.665	0.005	0	0.11	1	9.097	458	1.691	1
4521	1.57	2.52	0.694	1.114	0.005	0	0.442	1	2.265	476	1.605	1
4522	2.807	7.526	0.662	1.776	0.005	0	0.236	1	4.246	492	2.681	1
4523	1.364	3.533	0.139	0.36	0.005	0	0.102	1	9.8	493	2.59	1
4524	1.926	5.173	0.364	0.978	0.005	0	0.189	1	5.297	466	2.686	1
4525	2.821	7.899	0.621	1.738	0.005	0	0.22	1	4.553	485	2.8	1
4526	4.623	10.596	0.874	2.003	0.005	0	0.189	1	5.289	472	2.292	1
4527	1.765	4.229	0.314	0.753	0.005	0	0.178	1	5.603	479	2.396	1
4528	3.848	9.674	0.427	1.074	0.005	0	0.111	1	8.986	480	2.514	1
4529	3.747	8.42	0.873	1.962	0.005	0	0.233	1	4.291	482	2.247	1
4530	2.547	7.002	0.26	0.714	0.005	0	0.102	1	9.791	454	2.749	1
4531	1.053	2.714	0.613	1.58	0.005	0	0.582	1	1.718	483	2.577	1
4532	1.375	2.507	0.575	1.048	0.005	0	0.418	1	2.393	497	1.823	1
4533	1.694	2.993	1.42	2.508	0.005	0	0.838	1	1.193	457	1.767	1
4534	4.232	10.339	0.487	1.189	0.005	0	0.115	1	8.7	475	2.443	1
4535	1.746	4.178	0.36	0.861	0.005	0	0.206	1	4.843	484	2.393	1
4536	3.518	8.028	0.454	1.036	0.005	0	0.129	1	7.723	480	2.282	1
4537	3.246	7.859	0.461	1.116	0.005	0	0.142	1	7.061	485	2.421	1
4538	4.085	6.471	0.413	0.654	0.005	0	0.101	1	9.937	488	1.584	1
4539	1.231	2.122	0.391	0.675	0.005	0	0.318	1	3.141	461	1.724	1
4540	2.015	4.939	0.504	1.235	0.005	0	0.25	1	4.001	474	2.451	1
4541	1.171	2.788	0.193	0.46	0.005	0	0.165	1	6.051	464	2.381	1
4542	2.242	6.224	0.466	1.295	0.005	0	0.208	1	4.812	464	2.776	1
4543	1.137	2.226	0.194	0.381	0.005	0	0.171	1	5.84	492	1.958	1
4544	2.531	6.654	0.835	2.196	0.005	0	0.33	1	3.026	458	2.629	1
4545	2.038	5.25	0.259	0.667	0.005	0	0.127	1	7.896	462	2.576	1
4546	4.871	11.539	1.184	2.804	0.005	0	0.243	1	4.119	451	2.369	1
4547	4.311	10.993	0.591	1.506	0.005	0	0.137	1	7.281	452	2.55	1
4548	3.222	7.755	0.738	1.776	0.005	0	0.229	1	4.366	463	2.407	1
4549	3.911	10.771	0.446	1.228	0.005	0	0.114	1	8.775	495	2.754	1
4550	4.476	9.896	0.949	2.098	0.005	0	0.212	1	4.711	477	2.211	1
4551	4.561	10.208	0.684	1.531	0.005	0	0.15	1	6.653	494	2.238	1
4552	3.941	9.588	3.039	7.392	0.005	0	0.771	1	1.297	475	2.433	1
4553	4.042	6.706	3.399	5.64	0.005	0	0.841	1	1.189	470	1.659	1
4554	1.126	2.88	0.744	1.904	0.005	0	0.661	1	1.513	473	2.558	1
4555	4.088	10.106	3.303	8.166	0.005	0	0.808	1	1.237	488	2.472	1
4556	1.774	3.674	0.346	0.716	0.005	0	0.195	1	5.132	481	2.071	1
4557	3.226	7.894	0.658	1.61	0.005	0	0.204	1	4.904	468	2.447	1
4558	1.681	4.582	0.264	0.719	0.005	0	0.157	1	6.373	450	2.726	1
4559	4.677	8.11	1.202	2.084	0.005	0	0.257	1	3.895	499	1.734	1
4560	2.747	5.417	0.659	1.3	0.005	0	0.24	1	4.16	475	1.972	1
4561	1.192	2.066	0.946	1.64	0.005	0	0.794	1	1.259	453	1.733	1
4562	2.007	4.357	0.211	0.457	0.005	0	0.105	1	9.487	471	2.171	1
4563	1.063	3.129	0.225	0.663	0.005	0	0.212	1	4.716	458	2.944	1
4564	2.225	5.271	0.578	1.37	0.005	0	0.26	1	3.841	468	2.369	1
4565	1.199	1.898	0.135	0.214	0.005	0	0.113	1	8.888	458	1.583	1
4566	4.334	11.923	1.053	2.897	0.005	0	0.243	1	4.122	493	2.751	1
4567	2.849	5.786	0.325	0.66	0.005	0	0.114	1	8.779	494	2.031	1
4568	1.416	3.958	0.169	0.471	0.005	0	0.119	1	8.436	486	2.795	1
4569	2.199	4.07	0.688	1.274	0.005	0	0.313	1	3.192	468	1.851	1
4570	3.275	6.982	0.707	1.508	0.005	0	0.216	1	4.636	485	2.132	1
4571	2.1	5.025	0.554	1.327	0.005	0	0.264	1	3.789	469	2.393	1
4572	3.407	9.008	0.385	1.018	0.005	0	0.113	1	8.825	456	2.644	1
4573	3.703	7.736	0.715	1.493	0.005	0	0.193	1	5.183	470	2.089	1
4574	3.434	7.112	0.354	0.733	0.005	0	0.103	1	9.752	452	2.071	1
4575	1.415	3.945	0.852	2.375	0.005	0	0.602	1	1.662	476	2.788	1
4576	2.022	4.042	0.396	0.792	0.005	0	0.196	1	5.099	474	1.999	1
4577	1.953	4.439	0.561	1.274	0.005	0	0.287	1	3.485	468	2.273	1
4578	2.96	6.139	0.5	1.037	0.005	0	0.169	1	5.918	466	2.074	1
4579	3.073	4.769	0.492	0.763	0.005	0	0.16	1	6.259	478	1.552	1
4580	3.364	5.403	2.886	4.636	0.005	0	0.858	1	1.165	496	1.606	1
4581	2.728	4.542	2.308	3.843	0.005	0	0.846	1	1.182	458	1.665	1
4582	1.666	2.93	0.358	0.63	0.005	0	0.215	1	4.645	488	1.759	1
4583	3.243	6.781	0.837	1.749	0.005	0	0.258	1	3.873	488	2.091	1
4584	4.348	7.718	0.796	1.412	0.005	0	0.183	1	5.478	462	1.775	1
4585	2.004	4.363	1.154	2.513	0.005	0	0.576	1	1.735	452	2.177	1
4586	2.416	6.917	2.23	6.384	0.005	0	0.923	1	1.083	456	2.863	1
4587	4.096	11.768	1.72	4.943	0.005	0	0.42	1	2.383	474	2.873	1
4588	2.507	3.876	0.694	1.074	0.005	0	0.277	1	3.614	461	1.546	1
4589	4.237	7.309	1.72	2.967	0.005	0	0.406	1	2.465	494	1.725	1
4590	2.121	3.275	0.238	0.367	0.005	0	0.112	1	8.893	466	1.544	1
4591	2.437	4.94	1.328	2.692	0.005	0	0.545	1	1.835	474	2.027	1
4592	3.195	8.988	0.754	2.121	0.005	0	0.236	1	4.235	457	2.813	1
4593	2.191	6.433	0.771	2.264	0.005	0	0.352	1	2.839	482	2.936	1
4594	2.958	5.937	0.636	1.276	0.005	0	0.215	1	4.66	488	2.007	1
4595	2.113	4.201	1.004	1.995	0.005	0	0.475	1	2.107	463	1.988	1
4596	4.492	12.542	0.553	1.543	0.005	0	0.123	1	8.112	494	2.792	1
4597	2.036	5.713	0.375	1.051	0.005	0	0.184	1	5.429	485	2.806	1
4598	3.629	8.329	2.718	6.238	0.005	0	0.749	1	1.335	489	2.295	1
4599	1.039	1.702	0.105	0.172	0.005	0	0.101	1	9.912	483	1.638	1
4600	2.792	5.112	0.394	0.721	0.005	0	0.141	1	7.098	456	1.831	1
4601	2.094	3.461	0.346	0.571	0.005	0	0.165	1	6.046	461	1.653	1
4602	4.585	9.459	1.018	2.1	0.005	0	0.222	1	4.509	494	2.063	1
4603	4.384	12.486	2.459	7.005	0.005	0	0.561	1	1.784	497	2.848	1
4604	1.867	4.498	0.34	0.819	0.005	0	0.182	1	5.501	467	2.409	1
4605	3.243	9.447	0.795	2.315	0.005	0	0.245	1	4.085	459	2.913	1
4606	4.091	11.148	2.782	7.581	0.005	0	0.68	1	1.47	455	2.725	1
4607	3.799	10.204	1.816	4.878	0.005	0	0.478	1	2.092	497	2.686	1
4608	2.236	4.602	0.291	0.598	0.005	0	0.13	1	7.69	478	2.058	1
4609	2.357	4.287	0.372	0.677	0.005	0	0.158	1	6.313	481	1.819	1
4610	2.848	6.941	0.362	0.882	0.005	0	0.127	1	7.871	450	2.437	1
4611	2.93	7.094	0.56	1.355	0.005	0	0.191	1	5.222	492	2.421	1
4612	2.685	7.048	0.274	0.719	0.005	0	0.102	1	9.827	480	2.625	1
4613	2.878	8.127	0.501	1.414	0.005	0	0.174	1	5.733	453	2.824	1
4614	1.61	3.473	0.209	0.451	0.005	0	0.13	1	7.688	451	2.157	1
4615	3.472	10.097	0.611	1.777	0.005	0	0.176	1	5.695	457	2.908	1
4616	4.56	7.483	0.465	0.763	0.005	0	0.102	1	9.843	450	1.641	1
4617	4.83	7.346	0.778	1.183	0.005	0	0.161	1	6.203	475	1.521	1
4618	3.53	6.714	2.362	4.492	0.005	0	0.669	1	1.495	455	1.902	1
4619	4.851	11.361	1.387	3.249	0.005	0	0.286	1	3.498	464	2.342	1
4620	4.34	12.478	0.525	1.51	0.005	0	0.121	1	8.25	491	2.875	1
4621	3.432	9.424	0.36	0.99	0.005	0	0.105	1	9.486	468	2.746	1
4622	4.716	12.818	1.377	3.743	0.005	0	0.292	1	3.419	478	2.718	1
4623	1.125	3.166	0.166	0.469	0.005	0	0.148	1	6.744	471	2.814	1
4624	2.798	8.274	0.397	1.175	0.005	0	0.142	1	7.056	457	2.957	1
4625	1.768	2.882	0.269	0.438	0.005	0	0.152	1	6.588	461	1.63	1
4626	3.232	5.197	0.604	0.972	0.005	0	0.187	1	5.359	489	1.608	1
4627	2.698	5.337	0.753	1.489	0.005	0	0.279	1	3.58	453	1.978	1
4628	3.708	8.666	0.53	1.239	0.005	0	0.143	1	7.004	458	2.337	1
4629	4.294	9.082	2.692	5.694	0.005	0	0.627	1	1.596	483	2.115	1
4630	4.109	7.215	0.715	1.255	0.005	0	0.174	1	5.744	490	1.756	1
4631	3.444	7.663	0.42	0.935	0.005	0	0.122	1	8.227	491	2.225	1
4632	2.368	4.12	1.447	2.517	0.005	0	0.611	1	1.638	464	1.74	1
4633	3.849	9.811	1.047	2.669	0.005	0	0.272	1	3.674	482	2.549	1
4634	4.232	9.446	0.601	1.341	0.005	0	0.142	1	7.047	474	2.232	1
4635	2.08	3.759	0.245	0.444	0.005	0	0.118	1	8.48	451	1.807	1
4636	3.502	7.533	0.69	1.484	0.005	0	0.197	1	5.079	473	2.151	1
4637	2.848	5.343	0.325	0.609	0.005	0	0.114	1	8.749	460	1.876	1
4638	4.183	11.62	0.46	1.278	0.005	0	0.11	1	9.122	483	2.778	1
4639	1.35	2.78	0.458	0.942	0.005	0	0.339	1	2.951	453	2.059	1
4640	3.241	9.12	0.357	1.003	0.005	0	0.11	1	9.113	488	2.814	1
4641	2.866	6.514	0.41	0.932	0.005	0	0.143	1	7.011	494	2.273	1
4642	3.251	6.713	0.51	1.054	0.005	0	0.157	1	6.361	455	2.065	1
4643	3.694	9.582	0.694	1.801	0.005	0	0.188	1	5.33	489	2.594	1
4644	2.131	4.556	0.23	0.492	0.005	0	0.108	1	9.234	487	2.138	1
4645	1.036	2.985	0.19	0.546	0.005	0	0.183	1	5.462	488	2.881	1
4646	3.614	6.292	0.524	0.912	0.005	0	0.145	1	6.906	460	1.741	1
4647	4.661	13.694	0.625	1.835	0.005	0	0.134	1	7.475	488	2.938	1
4648	1.13	3.163	0.568	1.591	0.005	0	0.503	1	1.988	495	2.799	1
4649	3.7	10.904	1.528	4.503	0.005	0	0.413	1	2.422	474	2.947	1
4650	1.026	2.87	0.132	0.37	0.005	0	0.129	1	7.735	461	2.797	1
4651	4.794	7.608	1.486	2.358	0.005	0	0.31	1	3.224	471	1.587	1
4652	3.219	9.342	0.444	1.289	0.005	0	0.138	1	7.24	469	2.902	1
4653	1.322	3.526	0.524	1.396	0.005	0	0.396	1	2.526	471	2.667	1
4654	2.234	4.216	0.246	0.464	0.005	0	0.11	1	9.109	481	1.887	1
4655	4.156	7.772	0.499	0.933	0.005	0	0.12	1	8.341	461	1.87	1
4656	2.667	6.126	0.312	0.717	0.005	0	0.117	1	8.526	469	2.297	1
4657	4.84	10.295	0.707	1.503	0.005	0	0.146	1	6.845	476	2.127	1
4658	3.124	7.148	0.55	1.258	0.005	0	0.176	1	5.668	480	2.288	1
4659	2.837	6.102	0.289	0.622	0.005	0	0.102	1	9.841	482	2.151	1
4660	2.814	7.001	0.301	0.749	0.005	0	0.107	1	9.312	453	2.488	1
4661	1.696	2.99	0.202	0.356	0.005	0	0.119	1	8.384	477	1.763	1
4662	3.574	6.83	0.407	0.779	0.005	0	0.114	1	8.75	466	1.911	1
4663	1.544	3.128	0.459	0.929	0.005	0	0.297	1	3.368	460	2.026	1
4664	3.969	6.446	1.461	2.372	0.005	0	0.368	1	2.717	479	1.624	1
4665	4.231	9.702	0.423	0.97	0.005	0	0.1	1	9.985	491	2.293	1
4666	4.74	8.167	0.915	1.576	0.005	0	0.193	1	5.185	460	1.723	1
4667	3.688	9.209	0.642	1.602	0.005	0	0.174	1	5.745	466	2.497	1
4668	3.097	7.021	0.53	1.201	0.005	0	0.171	1	5.831	474	2.267	1
4669	3.286	8.248	0.427	1.072	0.005	0	0.13	1	7.71	466	2.51	1
4670	3.089	5.242	0.454	0.771	0.005	0	0.147	1	6.799	483	1.697	1
4671	3.998	6.057	0.632	0.957	0.005	0	0.158	1	6.341	455	1.515	1
4672	3.761	6.777	0.402	0.725	0.005	0	0.107	1	9.326	470	1.802	1
4673	2.297	4.819	0.413	0.867	0.005	0	0.18	1	5.545	486	2.098	1
4674	4.773	8.324	2.301	4.012	0.005	0	0.482	1	2.073	493	1.744	1
4675	4.778	10.717	0.497	1.115	0.005	0	0.104	1	9.586	479	2.243	1
4676	1.425	2.879	0.248	0.501	0.005	0	0.174	1	5.752	499	2.02	1
4677	2.928	5.856	0.507	1.013	0.005	0	0.173	1	5.797	470	2.0	1
4678	4.823	9.525	0.502	0.991	0.005	0	0.104	1	9.589	487	1.975	1
4679	1.993	5.857	0.219	0.644	0.005	0	0.11	1	9.059	476	2.939	1
4680	4.563	8.683	3.349	6.373	0.005	0	0.734	1	1.363	481	1.903	1
4681	3.1	7.158	0.688	1.589	0.005	0	0.222	1	4.51	463	2.309	1
4682	1.543	2.904	0.697	1.313	0.005	0	0.452	1	2.213	460	1.882	1
4683	4.364	10.312	0.449	1.062	0.005	0	0.103	1	9.667	458	2.363	1
4684	2.632	7.096	0.271	0.731	0.005	0	0.103	1	9.755	453	2.696	1
4685	1.733	4.584	0.27	0.715	0.005	0	0.156	1	6.408	479	2.645	1
4686	2.524	7.15	0.268	0.758	0.005	0	0.106	1	9.448	456	2.833	1
4687	4.914	10.147	0.595	1.228	0.005	0	0.121	1	8.281	462	2.065	1
4688	3.788	6.989	0.958	1.768	0.005	0	0.253	1	3.955	456	1.845	1
4689	2.344	6.931	0.534	1.58	0.005	0	0.228	1	4.384	471	2.957	1
4690	3.255	6.862	1.175	2.477	0.005	0	0.361	1	2.768	482	2.108	1
4691	1.674	3.604	0.226	0.487	0.005	0	0.135	1	7.382	474	2.153	1
4692	2.948	4.437	0.498	0.75	0.005	0	0.169	1	5.904	457	1.505	1
4693	3.77	10.718	1.798	5.112	0.005	0	0.477	1	2.096	465	2.843	1
4694	1.645	2.5	0.362	0.55	0.005	0	0.22	1	4.545	481	1.52	1
4695	4.004	9.005	0.537	1.207	0.005	0	0.134	1	7.489	495	2.249	1
4696	1.622	2.723	0.185	0.31	0.005	0	0.114	1	8.799	473	1.679	1
4697	1.642	2.563	0.778	1.215	0.005	0	0.474	1	2.11	461	1.561	1
4698	3.855	9.271	0.443	1.066	0.005	0	0.115	1	8.713	450	2.405	1
4699	4.082	10.229	0.461	1.156	0.005	0	0.113	1	8.838	458	2.506	1
4700	4.357	12.548	1.839	5.295	0.005	0	0.422	1	2.371	454	2.88	1
4701	2.77	4.496	0.36	0.584	0.005	0	0.13	1	7.686	484	1.623	1
4702	4.873	8.903	1.788	3.267	0.005	0	0.367	1	2.728	467	1.827	1
4703	1.422	3.898	0.235	0.643	0.005	0	0.165	1	6.055	467	2.741	1
4704	4.539	13.54	0.735	2.193	0.005	0	0.162	1	6.171	477	2.983	1
4705	3.947	10.175	0.533	1.374	0.005	0	0.135	1	7.421	486	2.578	1
4706	4.437	8.972	0.555	1.122	0.005	0	0.125	1	8.005	479	2.022	1
4707	4.529	9.674	0.607	1.296	0.005	0	0.134	1	7.453	457	2.136	1
4708	2.227	4.062	0.597	1.089	0.005	0	0.268	1	3.733	476	1.824	1
4709	2.988	4.894	0.872	1.429	0.005	0	0.292	1	3.419	460	1.638	1
4710	4.498	10.444	0.67	1.556	0.005	0	0.149	1	6.716	468	2.322	1
4711	2.662	5.835	0.716	1.57	0.005	0	0.269	1	3.711	457	2.192	1
4712	1.053	2.081	0.117	0.231	0.005	0	0.111	1	9.017	455	1.976	1
4713	4.945	7.729	0.722	1.128	0.005	0	0.146	1	6.84	459	1.563	1
4714	1.521	3.062	0.186	0.374	0.005	0	0.122	1	8.222	487	2.013	1
4715	3.45	9.736	0.842	2.376	0.005	0	0.244	1	4.097	457	2.822	1
4716	4.125	11.492	2.211	6.16	0.005	0	0.536	1	1.866	461	2.786	1
4717	1.375	2.984	0.186	0.403	0.005	0	0.135	1	7.415	487	2.17	1
4718	3.016	6.53	1.399	3.03	0.005	0	0.464	1	2.155	497	2.165	1
4719	3.083	5.096	1.138	1.88	0.005	0	0.369	1	2.713	472	1.653	1
4720	3.229	5.473	0.362	0.613	0.005	0	0.112	1	8.93	473	1.695	1
4721	3.271	8.861	0.471	1.276	0.005	0	0.144	1	6.931	487	2.709	1
4722	2.472	4.526	0.289	0.53	0.005	0	0.117	1	8.575	484	1.831	1
4723	2.428	6.762	2.316	6.451	0.005	0	0.954	1	1.048	482	2.785	1
4724	4.65	12.834	0.47	1.296	0.005	0	0.101	1	9.865	452	2.76	1
4725	3.183	6.353	0.452	0.902	0.005	0	0.142	1	7.06	462	1.996	1
4726	1.114	2.432	0.209	0.457	0.005	0	0.188	1	5.313	482	2.183	1
4727	2.168	4.98	0.828	1.902	0.005	0	0.382	1	2.615	452	2.297	1
4728	4.226	8.456	0.452	0.905	0.005	0	0.107	1	9.383	486	2.001	1
4729	2.333	5.902	0.296	0.75	0.005	0	0.127	1	7.882	472	2.53	1
4730	4.957	7.5	2.429	3.675	0.005	0	0.49	1	2.04	462	1.513	1
4731	2.848	6.639	0.481	1.122	0.005	0	0.169	1	5.904	491	2.331	1
4732	1.699	4.016	0.209	0.494	0.005	0	0.123	1	8.157	467	2.364	1
4733	2.347	3.626	0.35	0.54	0.005	0	0.149	1	6.721	480	1.545	1
4734	4.733	11.373	0.563	1.353	0.005	0	0.119	1	8.371	491	2.403	1
4735	1.854	2.926	0.955	1.507	0.005	0	0.515	1	1.943	496	1.578	1
4736	1.218	3.527	0.135	0.391	0.005	0	0.111	1	9.009	481	2.896	1
4737	2.365	5.153	0.293	0.639	0.005	0	0.124	1	8.054	478	2.179	1
4738	1.196	2.759	0.776	1.791	0.005	0	0.649	1	1.542	498	2.307	1
4739	4.922	9.75	0.664	1.316	0.005	0	0.135	1	7.415	457	1.981	1
4740	1.273	3.017	0.253	0.6	0.005	0	0.199	1	5.022	494	2.37	1
4741	3.033	5.414	0.707	1.261	0.005	0	0.233	1	4.301	459	1.785	1
4742	3.119	8.34	0.315	0.842	0.005	0	0.101	1	9.873	460	2.674	1
4743	4.927	8.011	0.823	1.338	0.005	0	0.167	1	5.999	475	1.626	1
4744	4.616	9.163	0.771	1.53	0.005	0	0.167	1	6.001	479	1.985	1
4745	3.115	7.579	0.505	1.228	0.005	0	0.162	1	6.175	465	2.433	1
4746	4.3	9.357	4.111	8.945	0.005	0	0.956	1	1.046	478	2.176	1
4747	4.318	7.185	0.492	0.819	0.005	0	0.114	1	8.803	454	1.664	1
4748	4.717	10.642	0.599	1.352	0.005	0	0.127	1	7.866	486	2.256	1
4749	3.654	8.474	0.409	0.949	0.005	0	0.112	1	8.956	462	2.319	1
4750	3.296	6.058	0.409	0.751	0.005	0	0.124	1	8.085	457	1.838	1
4751	3.024	6.281	0.562	1.168	0.005	0	0.186	1	5.384	468	2.077	1
4752	3.49	9.531	0.625	1.706	0.005	0	0.179	1	5.572	486	2.731	1
4753	3.904	11.259	0.433	1.25	0.005	0	0.111	1	8.976	482	2.884	1
4754	1.307	3.315	0.886	2.248	0.005	0	0.678	1	1.476	460	2.536	1
4755	2.334	4.675	0.569	1.141	0.005	0	0.244	1	4.103	491	2.003	1
4756	2.873	8.478	0.572	1.687	0.005	0	0.199	1	5.031	466	2.951	1
4757	1.063	2.663	0.115	0.288	0.005	0	0.108	1	9.224	470	2.505	1
4758	4.171	11.199	1.347	3.617	0.005	0	0.323	1	3.096	457	2.685	1
4759	4.249	8.247	0.727	1.41	0.005	0	0.171	1	5.85	450	1.941	1
4760	3.555	10.523	0.594	1.757	0.005	0	0.167	1	5.973	485	2.96	1
4761	4.121	6.301	0.433	0.662	0.005	0	0.105	1	9.555	459	1.529	1
4762	3.702	9.814	0.418	1.109	0.005	0	0.113	1	8.832	486	2.651	1
4763	1.214	2.299	0.522	0.989	0.005	0	0.43	1	2.325	468	1.894	1
4764	4.813	12.167	1.55	3.918	0.005	0	0.322	1	3.105	481	2.528	1
4765	1.211	3.357	0.151	0.42	0.005	0	0.125	1	7.97	491	2.772	1
4766	4.939	12.348	0.593	1.482	0.005	0	0.12	1	8.327	450	2.5	1
4767	4.111	11.202	1.57	4.279	0.005	0	0.382	1	2.617	457	2.725	1
4768	3.91	9.083	0.403	0.936	0.005	0	0.103	1	9.733	472	2.323	1
4769	2.223	4.397	0.674	1.332	0.005	0	0.303	1	3.305	479	1.978	1
4770	2.686	7.8	1.088	3.159	0.005	0	0.405	1	2.472	471	2.904	1
4771	4.986	9.523	1.351	2.581	0.005	0	0.271	1	3.692	497	1.91	1
4772	2.202	3.939	0.377	0.674	0.005	0	0.171	1	5.849	478	1.789	1
4773	3.17	9.298	0.586	1.72	0.005	0	0.185	1	5.415	459	2.933	1
4774	1.815	4.57	0.298	0.749	0.005	0	0.164	1	6.108	498	2.518	1
4775	2.33	3.523	0.494	0.747	0.005	0	0.212	1	4.715	456	1.512	1
4776	3.218	6.989	0.483	1.048	0.005	0	0.15	1	6.677	455	2.172	1
4777	4.127	7.041	0.541	0.922	0.005	0	0.131	1	7.631	487	1.706	1
4778	1.326	3.408	0.387	0.995	0.005	0	0.292	1	3.422	499	2.57	1
4779	3.18	5.524	2.175	3.778	0.005	0	0.684	1	1.461	451	1.737	1
4780	3.15	6.139	0.999	1.946	0.005	0	0.317	1	3.157	467	1.949	1
4781	2.728	6.173	2.021	4.574	0.005	0	0.741	1	1.349	484	2.263	1
4782	2.945	8.529	2.008	5.817	0.005	0	0.682	1	1.466	494	2.896	1
4783	4.512	8.298	2.991	5.502	0.005	0	0.663	1	1.508	478	1.839	1
4784	4.123	12.117	0.722	2.12	0.005	0	0.175	1	5.706	452	2.939	1
4785	4.402	9.174	1.043	2.174	0.005	0	0.237	1	4.226	467	2.084	1
4786	4.996	9.577	0.874	1.676	0.005	0	0.175	1	5.712	458	1.917	1
4787	1.227	2.866	0.479	1.118	0.005	0	0.39	1	2.563	496	2.336	1
4788	3.418	10.032	1.063	3.12	0.005	0	0.311	1	3.216	491	2.935	1
4789	1.03	2.105	0.142	0.29	0.005	0	0.138	1	7.222	486	2.044	1
4790	1.961	3.72	0.833	1.581	0.005	0	0.425	1	2.352	476	1.897	1
4791	4.026	8.036	1.441	2.877	0.005	0	0.358	1	2.794	479	1.996	1
4792	1.734	4.448	1.486	3.812	0.005	0	0.857	1	1.167	471	2.565	1
4793	3.408	9.948	0.498	1.452	0.005	0	0.146	1	6.87	491	2.919	1
4794	4.569	9.462	0.589	1.221	0.005	0	0.129	1	7.739	493	2.071	1
4795	1.927	4.898	0.251	0.637	0.005	0	0.13	1	7.672	492	2.542	1
4796	3.512	9.553	0.706	1.92	0.005	0	0.201	1	4.974	468	2.72	1
4797	3.011	7.811	0.509	1.32	0.005	0	0.169	1	5.901	473	2.594	1
4798	3.782	9.697	0.669	1.716	0.005	0	0.177	1	5.646	455	2.564	1
4799	4.751	7.602	0.584	0.935	0.005	0	0.123	1	8.112	497	1.6	1
4800	2.71	7.756	0.683	1.955	0.005	0	0.252	1	3.961	489	2.862	1
4801	2.52	4.972	0.323	0.636	0.005	0	0.128	1	7.808	463	1.973	1
4802	1.715	3.25	0.305	0.578	0.005	0	0.178	1	5.616	455	1.895	1
4803	4.752	11.828	3.54	8.812	0.005	0	0.745	1	1.343	454	2.489	1
4804	3.718	7.075	0.387	0.736	0.005	0	0.104	1	9.572	489	1.903	1
4805	2.187	6.491	0.252	0.746	0.005	0	0.115	1	8.694	476	2.968	1
4806	3.667	10.0	0.532	1.45	0.005	0	0.145	1	6.889	454	2.727	1
4807	3.885	6.173	0.715	1.136	0.005	0	0.184	1	5.432	496	1.589	1
4808	3.921	8.45	0.894	1.927	0.005	0	0.228	1	4.393	469	2.155	1
4809	2.506	6.455	1.581	4.073	0.005	0	0.631	1	1.586	484	2.576	1
4810	1.434	2.692	0.736	1.381	0.005	0	0.513	1	1.948	478	1.877	1
4811	2.611	5.363	0.7	1.437	0.005	0	0.268	1	3.736	469	2.054	1
4812	4.731	13.034	0.97	2.672	0.005	0	0.205	1	4.876	456	2.755	1
4813	1.197	2.76	0.244	0.563	0.005	0	0.204	1	4.896	471	2.306	1
4814	3.68	9.855	0.924	2.474	0.005	0	0.251	1	3.98	486	2.678	1
4815	1.468	2.87	1.009	1.972	0.005	0	0.687	1	1.455	497	1.955	1
4816	2.047	4.847	0.727	1.721	0.005	0	0.355	1	2.815	455	2.368	1
4817	2.266	5.287	0.551	1.285	0.005	0	0.243	1	4.107	498	2.333	1
4818	2.769	7.003	0.687	1.737	0.005	0	0.248	1	4.027	466	2.529	1
4819	2.506	6.922	2.135	5.898	0.005	0	0.852	1	1.174	463	2.762	1
4820	1.905	4.239	0.253	0.564	0.005	0	0.133	1	7.524	499	2.225	1
4821	1.547	3.212	0.651	1.352	0.005	0	0.421	1	2.375	452	2.076	1
4822	3.74	7.166	0.512	0.982	0.005	0	0.137	1	7.297	499	1.916	1
4823	2.718	4.74	0.394	0.687	0.005	0	0.145	1	6.909	467	1.744	1
4824	1.575	2.988	0.28	0.532	0.005	0	0.178	1	5.616	489	1.897	1
4825	1.647	4.022	0.756	1.846	0.005	0	0.459	1	2.178	472	2.442	1
4826	1.227	3.226	0.534	1.403	0.005	0	0.435	1	2.299	467	2.629	1
4827	3.1	6.067	0.369	0.722	0.005	0	0.119	1	8.431	498	1.957	1
4828	4.312	7.615	0.828	1.462	0.005	0	0.192	1	5.214	460	1.766	1
4829	1.77	2.933	0.195	0.323	0.005	0	0.11	1	9.082	481	1.657	1
4830	4.116	8.026	0.844	1.645	0.005	0	0.205	1	4.876	471	1.95	1
4831	4.172	8.16	1.965	3.843	0.005	0	0.471	1	2.121	475	1.956	1
4832	2.366	5.603	0.284	0.672	0.005	0	0.12	1	8.333	478	2.368	1
4833	1.038	2.333	0.153	0.343	0.005	0	0.147	1	6.809	476	2.248	1
4834	4.659	13.171	0.634	1.791	0.005	0	0.136	1	7.347	483	2.827	1
4835	2.819	7.84	0.476	1.325	0.005	0	0.169	1	5.916	455	2.781	1
4836	4.542	10.383	2.825	6.458	0.005	0	0.622	1	1.607	474	2.286	1
4837	4.017	6.937	0.462	0.798	0.005	0	0.115	1	8.673	481	1.727	1
4838	4.252	6.608	0.663	1.031	0.005	0	0.156	1	6.412	473	1.554	1
4839	4.003	11.957	0.909	2.714	0.005	0	0.227	1	4.398	450	2.987	1
4840	3.724	8.934	1.337	3.207	0.005	0	0.359	1	2.784	495	2.399	1
4841	4.59	10.791	1.019	2.396	0.005	0	0.222	1	4.505	489	2.351	1
4842	4.888	11.912	1.432	3.49	0.005	0	0.293	1	3.409	476	2.437	1
4843	4.963	13.832	1.588	4.426	0.005	0	0.32	1	3.122	482	2.787	1
4844	4.322	7.36	0.458	0.78	0.005	0	0.106	1	9.468	499	1.703	1
4845	1.745	4.551	0.276	0.719	0.005	0	0.158	1	6.336	496	2.608	1
4846	3.177	5.09	0.629	1.008	0.005	0	0.198	1	5.042	467	1.602	1
4847	1.702	3.959	0.221	0.515	0.005	0	0.13	1	7.692	466	2.326	1
4848	1.586	4.485	0.462	1.305	0.005	0	0.291	1	3.438	454	2.828	1
4849	3.157	6.371	0.732	1.478	0.005	0	0.232	1	4.315	460	2.018	1
4850	1.446	3.287	0.272	0.618	0.005	0	0.188	1	5.328	454	2.273	1
4851	4.621	11.026	2.592	6.186	0.005	0	0.561	1	1.781	486	2.386	1
4852	3.719	6.917	0.893	1.66	0.005	0	0.24	1	4.163	469	1.86	1
4853	4.192	7.508	0.759	1.359	0.005	0	0.181	1	5.531	497	1.791	1
4854	2.892	5.275	0.359	0.654	0.005	0	0.124	1	8.033	454	1.824	1
4855	1.128	1.906	0.139	0.234	0.005	0	0.123	1	8.105	474	1.69	1
4856	1.14	1.88	0.154	0.254	0.005	0	0.135	1	7.395	473	1.649	1
4857	1.482	2.804	0.605	1.144	0.005	0	0.408	1	2.449	497	1.892	1
4858	1.13	2.164	0.211	0.405	0.005	0	0.187	1	5.34	455	1.915	1
4859	2.432	6.71	0.314	0.866	0.005	0	0.129	1	7.742	461	2.759	1
4860	5.0	13.555	1.245	3.375	0.005	0	0.249	1	4.009	456	2.711	1
4861	2.4	4.354	0.679	1.232	0.005	0	0.283	1	3.534	482	1.814	1
4862	2.795	7.941	1.126	3.2	0.005	0	0.403	1	2.484	472	2.841	1
4863	2.255	6.109	0.404	1.094	0.005	0	0.179	1	5.591	487	2.709	1
4864	2.868	7.987	0.519	1.446	0.005	0	0.181	1	5.519	464	2.785	1
4865	4.844	10.666	1.555	3.424	0.005	0	0.321	1	3.114	451	2.202	1
4866	3.125	9.062	0.825	2.392	0.005	0	0.264	1	3.795	453	2.9	1
4867	3.663	6.96	0.52	0.988	0.005	0	0.142	1	7.031	462	1.9	1
4868	1.534	2.901	0.327	0.618	0.005	0	0.213	1	4.703	460	1.891	1
4869	1.725	5.044	0.3	0.878	0.005	0	0.174	1	5.755	463	2.924	1
4870	4.232	9.031	1.46	3.116	0.005	0	0.345	1	2.9	494	2.134	1
4871	3.119	8.234	0.54	1.424	0.005	0	0.173	1	5.77	483	2.64	1
4872	3.724	7.243	2.577	5.012	0.005	0	0.692	1	1.445	466	1.945	1
4873	4.159	9.578	2.608	6.005	0.005	0	0.627	1	1.595	489	2.303	1
4874	1.894	5.413	0.216	0.617	0.005	0	0.114	1	8.808	467	2.858	1
4875	3.412	8.782	0.43	1.107	0.005	0	0.126	1	7.966	457	2.574	1
4876	2.291	6.222	0.543	1.475	0.005	0	0.237	1	4.224	469	2.716	1
4877	3.22	7.828	0.724	1.761	0.005	0	0.225	1	4.438	464	2.431	1
4878	4.545	11.999	2.286	6.035	0.005	0	0.503	1	1.989	454	2.64	1
4879	1.811	5.022	0.563	1.562	0.005	0	0.311	1	3.217	470	2.773	1
4880	4.877	14.46	2.921	8.662	0.005	0	0.599	1	1.67	480	2.965	1
4881	4.208	8.946	0.614	1.306	0.005	0	0.146	1	6.853	491	2.126	1
4882	4.174	10.047	0.864	2.08	0.005	0	0.207	1	4.831	459	2.407	1
4883	4.52	9.845	0.484	1.053	0.005	0	0.107	1	9.353	476	2.178	1
4884	3.829	8.408	0.387	0.849	0.005	0	0.101	1	9.87	496	2.196	1
4885	4.856	9.29	1.049	2.007	0.005	0	0.216	1	4.625	485	1.913	1
4886	2.463	7.022	0.424	1.208	0.005	0	0.172	1	5.827	490	2.851	1
4887	2.751	6.058	0.402	0.884	0.005	0	0.146	1	6.853	476	2.202	1
4888	4.678	7.761	0.739	1.226	0.005	0	0.158	1	6.314	477	1.659	1
4889	2.96	6.595	0.58	1.293	0.005	0	0.196	1	5.094	477	2.228	1
4890	3.535	6.126	1.789	3.1	0.005	0	0.506	1	1.978	474	1.733	1
4891	1.488	3.287	0.21	0.463	0.005	0	0.141	1	7.101	479	2.209	1
4892	2.062	4.833	0.433	1.015	0.005	0	0.21	1	4.769	477	2.344	1
4893	1.787	3.858	0.37	0.799	0.005	0	0.207	1	4.829	462	2.159	1
4894	3.769	6.784	0.912	1.642	0.005	0	0.242	1	4.14	473	1.8	1
4895	2.599	7.573	0.322	0.939	0.005	0	0.124	1	8.091	489	2.914	1
4896	2.517	4.616	1.483	2.719	0.005	0	0.589	1	1.697	494	1.834	1
4897	1.088	2.877	0.125	0.331	0.005	0	0.115	1	8.669	472	2.644	1
4898	3.555	6.769	2.126	4.048	0.005	0	0.598	1	1.673	481	1.904	1
4899	1.396	3.282	0.179	0.42	0.005	0	0.128	1	7.813	496	2.351	1
4900	3.014	7.008	0.494	1.149	0.005	0	0.164	1	6.099	491	2.325	1
4901	4.989	10.851	0.599	1.302	0.005	0	0.12	1	8.364	497	2.175	1
4902	2.866	5.176	0.705	1.273	0.005	0	0.246	1	4.06	451	1.806	1
4903	1.857	2.934	1.539	2.432	0.005	0	0.829	1	1.207	493	1.58	1
4904	1.642	4.612	0.169	0.475	0.005	0	0.103	1	9.734	487	2.809	1
4905	3.386	8.038	2.326	5.522	0.005	0	0.687	1	1.455	491	2.374	1
4906	1.74	4.399	0.811	2.05	0.005	0	0.466	1	2.145	464	2.528	1
4907	2.467	6.498	0.338	0.89	0.005	0	0.137	1	7.308	475	2.634	1
4908	3.172	6.02	0.343	0.65	0.005	0	0.108	1	9.257	499	1.898	1
4909	4.252	10.162	0.442	1.057	0.005	0	0.104	1	9.653	490	2.39	1
4910	3.299	5.018	0.97	1.475	0.005	0	0.294	1	3.399	485	1.521	1
4911	2.706	7.696	0.869	2.47	0.005	0	0.321	1	3.119	486	2.844	1
4912	4.222	11.539	1.212	3.312	0.005	0	0.287	1	3.484	470	2.733	1
4913	1.854	3.506	0.532	1.006	0.005	0	0.287	1	3.483	459	1.891	1
4914	4.506	10.891	0.942	2.276	0.005	0	0.209	1	4.781	472	2.417	1
4915	3.975	8.789	0.7	1.547	0.005	0	0.176	1	5.673	458	2.211	1
4916	1.591	3.007	0.442	0.836	0.005	0	0.278	1	3.596	493	1.89	1
4917	4.424	10.33	0.615	1.436	0.005	0	0.139	1	7.174	498	2.335	1
4918	2.476	6.524	0.255	0.672	0.005	0	0.103	1	9.74	492	2.635	1
4919	3.125	4.784	0.8	1.225	0.005	0	0.256	1	3.902	465	1.531	1
4920	4.131	12.319	0.467	1.392	0.005	0	0.113	1	8.865	498	2.982	1
4921	1.47	2.336	0.291	0.463	0.005	0	0.198	1	5.053	465	1.589	1
4922	2.951	7.788	0.41	1.083	0.005	0	0.139	1	7.188	487	2.639	1
4923	3.581	8.68	0.537	1.302	0.005	0	0.15	1	6.674	465	2.424	1
4924	2.138	5.627	0.487	1.283	0.005	0	0.228	1	4.389	496	2.632	1
4925	2.733	5.972	0.568	1.242	0.005	0	0.208	1	4.805	494	2.185	1
4926	1.746	4.192	0.26	0.625	0.005	0	0.149	1	6.691	461	2.401	1
4927	4.835	11.942	0.682	1.684	0.005	0	0.141	1	7.096	497	2.47	1
4928	4.012	7.242	0.871	1.572	0.005	0	0.217	1	4.617	498	1.805	1
4929	4.819	8.698	0.593	1.07	0.005	0	0.123	1	8.161	480	1.805	1
4930	4.591	11.638	2.493	6.319	0.005	0	0.543	1	1.842	490	2.535	1
4931	3.912	7.679	1.4	2.749	0.005	0	0.358	1	2.796	483	1.963	1
4932	1.712	5.037	0.178	0.524	0.005	0	0.104	1	9.646	494	2.942	1
4933	3.593	5.853	0.543	0.884	0.005	0	0.151	1	6.633	454	1.629	1
4934	4.009	10.997	0.457	1.254	0.005	0	0.114	1	8.79	487	2.743	1
4935	3.656	10.01	1.546	4.234	0.005	0	0.423	1	2.366	498	2.738	1
4936	4.752	10.198	0.879	1.887	0.005	0	0.185	1	5.4	454	2.146	1
4937	3.202	7.64	0.532	1.268	0.005	0	0.166	1	6.011	470	2.386	1
4938	3.762	6.753	0.624	1.121	0.005	0	0.166	1	6.024	460	1.795	1
4939	3.982	6.984	1.007	1.767	0.005	0	0.253	1	3.959	466	1.754	1
4940	2.749	6.43	0.349	0.817	0.005	0	0.127	1	7.896	477	2.339	1
4941	4.998	11.86	0.505	1.198	0.005	0	0.101	1	9.927	471	2.373	1
4942	1.56	3.201	0.549	1.127	0.005	0	0.352	1	2.843	496	2.052	1
4943	1.457	2.631	0.712	1.287	0.005	0	0.489	1	2.044	497	1.806	1
4944	4.45	12.976	0.445	1.298	0.005	0	0.1	1	9.967	498	2.916	1
4945	1.909	3.507	0.193	0.354	0.005	0	0.101	1	9.865	469	1.837	1
4946	4.506	13.266	0.662	1.95	0.005	0	0.147	1	6.809	494	2.944	1
4947	1.178	2.877	0.56	1.367	0.005	0	0.475	1	2.107	489	2.442	1
4948	1.064	3.107	0.16	0.466	0.005	0	0.15	1	6.676	488	2.92	1
4949	1.954	3.847	0.317	0.623	0.005	0	0.162	1	6.16	464	1.969	1
4950	3.681	7.557	0.556	1.141	0.005	0	0.151	1	6.636	494	2.053	1
4951	3.778	8.202	0.544	1.181	0.005	0	0.144	1	6.948	454	2.171	1
4952	4.023	7.33	0.772	1.407	0.005	0	0.192	1	5.213	465	1.822	1
4953	4.287	10.743	0.802	2.009	0.005	0	0.187	1	5.337	487	2.506	1
4954	2.417	5.38	0.771	1.716	0.005	0	0.319	1	3.132	478	2.226	1
4955	2.301	4.86	0.41	0.865	0.005	0	0.178	1	5.605	498	2.112	1
4956	3.083	5.71	0.379	0.702	0.005	0	0.123	1	8.15	481	1.852	1
4957	3.193	6.041	1.022	1.933	0.005	0	0.32	1	3.124	454	1.892	1
4958	1.208	3.034	0.846	2.124	0.005	0	0.7	1	1.428	488	2.512	1
4959	2.648	7.894	0.281	0.837	0.005	0	0.106	1	9.413	489	2.981	1
4960	4.631	12.156	0.759	1.994	0.005	0	0.164	1	6.101	453	2.625	1
4961	3.359	5.7	0.48	0.815	0.005	0	0.143	1	6.977	460	1.697	1
4962	2.456	6.314	0.26	0.669	0.005	0	0.106	1	9.391	462	2.571	1
4963	1.554	2.912	0.172	0.323	0.005	0	0.111	1	9.032	489	1.874	1
4964	3.15	6.379	0.498	1.008	0.005	0	0.158	1	6.343	478	2.025	1
4965	3.105	7.359	0.342	0.809	0.005	0	0.11	1	9.097	462	2.37	1
4966	4.609	9.518	1.798	3.712	0.005	0	0.39	1	2.561	486	2.065	1
4967	3.402	5.889	0.83	1.437	0.005	0	0.244	1	4.093	454	1.731	1
4968	2.657	7.519	0.465	1.316	0.005	0	0.175	1	5.703	486	2.83	1
4969	4.119	9.622	0.77	1.799	0.005	0	0.187	1	5.335	457	2.336	1
4970	4.096	11.993	0.676	1.979	0.005	0	0.165	1	6.064	457	2.928	1
4971	1.189	3.181	0.963	2.577	0.005	0	0.81	1	1.235	489	2.675	1
4972	3.065	5.005	0.368	0.601	0.005	0	0.12	1	8.319	474	1.633	1
4973	3.905	9.228	0.433	1.024	0.005	0	0.111	1	8.973	486	2.363	1
4974	2.222	5.819	0.282	0.739	0.005	0	0.127	1	7.902	491	2.619	1
4975	3.182	6.062	0.331	0.63	0.005	0	0.104	1	9.633	472	1.905	1
4976	3.479	5.34	0.431	0.662	0.005	0	0.124	1	8.034	470	1.535	1
4977	3.067	6.582	0.414	0.889	0.005	0	0.135	1	7.426	479	2.146	1
4978	1.104	3.113	0.318	0.897	0.005	0	0.288	1	3.469	485	2.82	1
4979	4.325	12.08	2.214	6.185	0.005	0	0.512	1	1.955	457	2.793	1
4980	3.794	8.844	0.539	1.256	0.005	0	0.142	1	7.04	487	2.331	1
4981	3.131	6.165	0.592	1.165	0.005	0	0.189	1	5.287	465	1.969	1
4982	4.063	7.89	0.601	1.168	0.005	0	0.148	1	6.752	464	1.942	1
4983	4.192	9.168	0.428	0.935	0.005	0	0.102	1	9.79	461	2.187	1
4984	2.006	5.994	0.299	0.893	0.005	0	0.149	1	6.695	451	2.988	1
4985	4.738	8.306	0.526	0.922	0.005	0	0.111	1	9.024	467	1.753	1
4986	4.0	6.948	0.764	1.327	0.005	0	0.191	1	5.222	450	1.737	1
4987	4.356	11.225	0.601	1.549	0.005	0	0.138	1	7.262	492	2.577	1
4988	2.22	5.426	0.868	2.122	0.005	0	0.391	1	2.56	496	2.444	1
4989	4.339	8.387	0.438	0.847	0.005	0	0.101	1	9.904	497	1.933	1
4990	1.283	3.367	0.196	0.515	0.005	0	0.153	1	6.557	461	2.624	1
4991	4.129	10.797	1.131	2.958	0.005	0	0.274	1	3.649	451	2.615	1
4992	2.071	4.438	0.358	0.768	0.005	0	0.173	1	5.771	495	2.143	1
4993	1.094	3.138	0.881	2.526	0.005	0	0.805	1	1.243	472	2.868	1
4994	2.341	6.688	0.625	1.786	0.005	0	0.267	1	3.74	481	2.857	1
4995	1.183	1.938	0.27	0.442	0.005	0	0.228	1	4.383	486	1.638	1
4996	3.006	7.816	0.376	0.977	0.005	0	0.125	1	8.013	468	2.6	1
4997	1.388	4.089	0.246	0.724	0.005	0	0.177	1	5.645	473	2.946	1
4998	2.55	5.006	0.286	0.561	0.005	0	0.112	1	8.948	492	1.963	1
4999	2.779	5.083	1.184	2.165	0.005	0	0.426	1	2.345	491	1.829	1
5000	4.861	13.922	0.875	2.506	0.005	0	0.18	1	5.561	468	2.864	1
5001	2.308	4.508	0.399	0.78	0.005	0	0.173	1	5.795	492	1.953	1
5002	3.907	8.295	0.484	1.029	0.005	0	0.124	1	8.085	450	2.123	1
5003	4.383	11.409	0.78	2.031	0.005	0	0.178	1	5.622	466	2.603	1
5004	2.007	4.343	0.287	0.621	0.005	0	0.143	1	6.991	460	2.164	1
5005	3.488	7.325	1.134	2.381	0.005	0	0.325	1	3.074	455	2.1	1
5006	2.408	5.307	0.535	1.178	0.005	0	0.222	1	4.5	472	2.204	1
5007	4.809	8.642	0.558	1.002	0.005	0	0.116	1	8.598	498	1.797	1
5008	2.128	4.337	0.283	0.577	0.005	0	0.133	1	7.525	469	2.038	1
5009	4.15	7.391	0.614	1.094	0.005	0	0.148	1	6.736	469	1.781	1
5010	4.671	11.024	0.504	1.191	0.005	0	0.108	1	9.278	484	2.36	1
5011	3.969	9.577	1.488	3.591	0.005	0	0.375	1	2.666	493	2.413	1
5012	2.475	6.519	0.295	0.776	0.005	0	0.119	1	8.393	456	2.634	1
5013	4.898	7.455	0.573	0.872	0.005	0	0.117	1	8.547	475	1.522	1
5014	3.727	6.481	0.548	0.953	0.005	0	0.147	1	6.781	459	1.739	1
5015	1.009	1.751	0.483	0.839	0.005	0	0.479	1	2.089	450	1.735	1
5016	1.977	3.017	0.967	1.475	0.005	0	0.489	1	2.045	465	1.526	1
5017	1.518	4.123	0.373	1.014	0.005	0	0.246	1	4.065	490	2.716	1
5018	4.619	12.476	1.275	3.443	0.005	0	0.276	1	3.619	488	2.701	1
5019	3.853	9.37	0.478	1.162	0.005	0	0.124	1	8.07	453	2.432	1
5020	4.031	9.07	0.464	1.043	0.005	0	0.115	1	8.703	460	2.25	1
5021	3.279	7.043	1.266	2.719	0.005	0	0.386	1	2.588	456	2.148	1
5022	4.437	8.945	0.479	0.966	0.005	0	0.108	1	9.276	469	2.016	1
5023	2.749	6.361	1.757	4.065	0.005	0	0.639	1	1.566	492	2.314	1
5024	4.724	11.116	3.028	7.125	0.005	0	0.641	1	1.56	483	2.353	1
5025	1.295	3.345	0.139	0.358	0.005	0	0.107	1	9.35	469	2.583	1
5026	3.317	9.191	0.511	1.415	0.005	0	0.154	1	6.475	498	2.771	1
5027	4.093	7.728	0.524	0.989	0.005	0	0.128	1	7.839	466	1.888	1
5028	1.636	4.774	0.363	1.06	0.005	0	0.222	1	4.509	471	2.918	1
5029	4.455	7.823	1.599	2.808	0.005	0	0.359	1	2.786	492	1.756	1
5030	2.672	7.789	0.313	0.911	0.005	0	0.117	1	8.57	469	2.915	1
5031	4.512	8.812	1.178	2.3	0.005	0	0.261	1	3.835	497	1.953	1
5032	2.002	3.856	0.21	0.405	0.005	0	0.105	1	9.512	496	1.926	1
5033	3.104	6.937	0.621	1.387	0.005	0	0.2	1	4.995	483	2.235	1
5034	1.215	3.21	0.434	1.146	0.005	0	0.357	1	2.804	492	2.642	1
5035	3.508	8.77	1.172	2.929	0.005	0	0.334	1	2.993	465	2.5	1
5036	3.676	7.256	0.445	0.878	0.005	0	0.121	1	8.282	452	1.974	1
5037	1.317	2.892	0.166	0.364	0.005	0	0.126	1	7.916	475	2.196	1
5038	1.874	2.835	0.206	0.312	0.005	0	0.11	1	9.088	475	1.513	1
5039	3.006	8.904	1.431	4.238	0.005	0	0.476	1	2.101	492	2.962	1
5040	3.037	7.726	1.385	3.523	0.005	0	0.456	1	2.194	493	2.544	1
5041	4.905	10.207	0.8	1.664	0.005	0	0.163	1	6.13	470	2.081	1
5042	2.224	3.974	0.707	1.264	0.005	0	0.318	1	3.144	456	1.787	1
5043	4.635	13.187	0.621	1.767	0.005	0	0.134	1	7.439	465	2.845	1
5044	1.823	3.779	0.21	0.435	0.005	0	0.115	1	8.663	484	2.073	1
5045	2.793	5.6	0.687	1.378	0.005	0	0.246	1	4.059	484	2.005	1
5046	4.915	13.978	0.885	2.516	0.005	0	0.18	1	5.57	452	2.844	1
5047	1.674	4.009	1.118	2.678	0.005	0	0.668	1	1.496	475	2.395	1
5048	3.876	9.558	0.752	1.854	0.005	0	0.194	1	5.149	491	2.466	1
5049	3.855	7.178	0.532	0.991	0.005	0	0.138	1	7.254	456	1.862	1
5050	2.826	5.839	1.195	2.47	0.005	0	0.423	1	2.366	468	2.066	1
5051	4.742	13.757	0.488	1.417	0.005	0	0.103	1	9.687	454	2.901	1
5052	3.088	6.531	0.707	1.496	0.005	0	0.229	1	4.358	477	2.115	1
5053	3.767	5.786	0.61	0.937	0.005	0	0.162	1	6.179	460	1.536	1
5054	4.43	10.415	0.775	1.823	0.005	0	0.175	1	5.702	495	2.351	1
5055	4.627	12.951	0.467	1.308	0.005	0	0.101	1	9.892	476	2.799	1
5056	1.138	2.74	0.481	1.159	0.005	0	0.423	1	2.366	467	2.408	1
5057	2.673	5.587	0.628	1.313	0.005	0	0.235	1	4.262	463	2.09	1
5058	4.505	10.884	1.581	3.82	0.005	0	0.351	1	2.851	491	2.416	1
5059	2.588	5.647	0.349	0.762	0.005	0	0.135	1	7.397	472	2.182	1
5060	2.968	8.094	2.021	5.512	0.005	0	0.681	1	1.469	470	2.727	1
5061	4.629	12.077	1.528	3.985	0.005	0	0.33	1	3.027	453	2.609	1
5062	1.357	2.185	0.227	0.365	0.005	0	0.167	1	6.003	459	1.61	1
5063	3.462	9.434	1.222	3.33	0.005	0	0.353	1	2.835	499	2.725	1
5064	4.557	13.594	0.624	1.862	0.005	0	0.137	1	7.307	462	2.983	1
5065	3.695	6.651	0.373	0.672	0.005	0	0.101	1	9.915	477	1.8	1
5066	4.455	9.623	0.539	1.164	0.005	0	0.121	1	8.297	490	2.16	1
5067	3.487	5.572	0.544	0.869	0.005	0	0.156	1	6.428	471	1.598	1
5068	1.672	2.866	1.012	1.734	0.005	0	0.605	1	1.652	457	1.714	1
5069	3.715	10.818	0.446	1.298	0.005	0	0.12	1	8.347	489	2.912	1
5070	4.034	9.5	0.613	1.444	0.005	0	0.152	1	6.573	452	2.355	1
5071	2.598	4.643	0.527	0.943	0.005	0	0.203	1	4.925	476	1.787	1
5072	4.249	7.461	2.668	4.686	0.005	0	0.628	1	1.592	469	1.756	1
5073	2.745	7.099	1.087	2.811	0.005	0	0.396	1	2.524	465	2.586	1
5074	4.913	13.496	0.526	1.444	0.005	0	0.107	1	9.384	471	2.747	1
5075	1.819	5.071	0.233	0.649	0.005	0	0.128	1	7.838	478	2.788	1
5076	2.628	7.424	0.746	2.108	0.005	0	0.284	1	3.519	478	2.825	1
5077	4.126	9.56	0.586	1.358	0.005	0	0.142	1	7.025	479	2.317	1
5078	1.358	4.041	0.255	0.76	0.005	0	0.188	1	5.327	451	2.976	1
5079	2.304	3.804	0.26	0.43	0.005	0	0.113	1	8.886	488	1.651	1
5080	3.004	5.401	0.595	1.069	0.005	0	0.198	1	5.053	471	1.798	1
5081	4.29	7.692	0.433	0.777	0.005	0	0.101	1	9.901	490	1.793	1
5082	1.182	2.054	0.125	0.218	0.005	0	0.106	1	9.415	466	1.738	1
5083	1.991	3.251	0.426	0.696	0.005	0	0.214	1	4.68	495	1.633	1
5084	3.063	8.38	0.377	1.031	0.005	0	0.123	1	8.142	489	2.736	1
5085	2.393	4.37	0.242	0.441	0.005	0	0.101	1	9.877	479	1.826	1
5086	1.609	3.982	0.471	1.167	0.005	0	0.293	1	3.417	474	2.475	1
5087	4.077	10.482	0.554	1.426	0.005	0	0.136	1	7.331	460	2.571	1
5088	2.453	4.057	0.721	1.193	0.005	0	0.294	1	3.403	475	1.654	1
5089	1.571	2.46	0.17	0.266	0.005	0	0.108	1	9.281	490	1.566	1
5090	1.7	4.85	0.194	0.553	0.005	0	0.114	1	8.767	477	2.853	1
5091	4.607	12.895	0.631	1.767	0.005	0	0.137	1	7.313	481	2.799	1
5092	1.607	3.574	0.36	0.801	0.005	0	0.224	1	4.467	469	2.224	1
5093	3.89	7.974	0.451	0.925	0.005	0	0.116	1	8.584	480	2.05	1
5094	4.213	8.375	1.02	2.027	0.005	0	0.242	1	4.126	480	1.988	1
5095	1.867	5.375	1.217	3.504	0.005	0	0.652	1	1.533	486	2.879	1
5096	3.479	7.678	1.858	4.1	0.005	0	0.534	1	1.871	489	2.207	1
5097	3.276	5.451	0.328	0.545	0.005	0	0.1	1	9.97	452	1.664	1
5098	1.57	4.523	0.198	0.57	0.005	0	0.126	1	7.913	461	2.881	1
5099	2.788	8.292	0.719	2.139	0.005	0	0.258	1	3.872	492	2.974	1
5100	4.525	8.195	2.339	4.237	0.005	0	0.517	1	1.936	481	1.811	1
5101	2.191	6.551	0.3	0.897	0.005	0	0.137	1	7.319	463	2.99	1
5102	1.038	2.832	0.142	0.388	0.005	0	0.137	1	7.311	469	2.728	1
5103	2.822	7.93	0.545	1.53	0.005	0	0.193	1	5.173	475	2.81	1
5104	2.462	4.087	0.716	1.189	0.005	0	0.291	1	3.434	450	1.66	1
5105	3.823	9.431	0.535	1.32	0.005	0	0.14	1	7.135	456	2.467	1
5106	2.428	6.908	0.376	1.071	0.005	0	0.155	1	6.433	481	2.845	1
5107	4.135	8.473	0.773	1.584	0.005	0	0.187	1	5.335	466	2.049	1
5108	2.78	7.234	0.311	0.81	0.005	0	0.112	1	8.903	491	2.602	1
5109	3.168	4.79	0.491	0.742	0.005	0	0.155	1	6.436	484	1.512	1
5110	2.717	7.61	1.6	4.482	0.005	0	0.589	1	1.699	485	2.801	1
5111	4.851	12.04	2.299	5.707	0.005	0	0.474	1	2.109	493	2.482	1
5112	3.827	5.771	0.501	0.756	0.005	0	0.131	1	7.642	456	1.508	1
5113	4.889	10.995	1.706	3.837	0.005	0	0.349	1	2.862	461	2.249	1
5114	2.617	5.121	1.154	2.258	0.005	0	0.441	1	2.268	494	1.957	1
5115	4.344	7.441	1.955	3.348	0.005	0	0.45	1	2.223	491	1.713	1
5116	1.462	3.079	0.222	0.468	0.005	0	0.152	1	6.578	468	2.106	1
5117	4.897	7.835	3.447	5.516	0.005	0	0.704	1	1.421	498	1.6	1
5118	3.742	9.441	0.382	0.963	0.005	0	0.102	1	9.809	466	2.523	1
5119	2.964	7.182	0.963	2.334	0.005	0	0.325	1	3.073	474	2.423	1
5120	2.382	4.302	0.805	1.454	0.005	0	0.338	1	2.957	465	1.806	1
5121	4.679	11.618	1.366	3.392	0.005	0	0.292	1	3.423	489	2.483	1
5122	4.712	7.633	0.471	0.763	0.005	0	0.1	1	9.999	450	1.62	1
5123	3.865	10.903	1.778	5.015	0.005	0	0.46	1	2.176	451	2.821	1
5124	3.183	8.874	1.324	3.692	0.005	0	0.416	1	2.403	487	2.788	1
5125	3.971	6.532	0.905	1.489	0.005	0	0.228	1	4.388	465	1.645	1
5126	3.705	6.161	0.4	0.665	0.005	0	0.108	1	9.254	496	1.663	1
5127	4.315	11.832	0.885	2.426	0.005	0	0.205	1	4.878	474	2.742	1
5128	2.052	5.945	0.763	2.212	0.005	0	0.372	1	2.688	468	2.897	1
5129	2.084	4.293	1.511	3.112	0.005	0	0.725	1	1.379	493	2.06	1
5130	2.968	6.135	0.315	0.65	0.005	0	0.106	1	9.427	453	2.067	1
5131	3.106	5.053	0.475	0.773	0.005	0	0.153	1	6.535	481	1.627	1
5132	1.069	2.288	0.139	0.297	0.005	0	0.13	1	7.719	454	2.14	1
5133	3.688	7.723	0.786	1.645	0.005	0	0.213	1	4.696	450	2.094	1
5134	2.302	6.457	0.242	0.678	0.005	0	0.105	1	9.48	472	2.805	1
5135	4.777	9.941	1.041	2.167	0.005	0	0.218	1	4.582	485	2.081	1
5136	2.832	7.765	0.295	0.808	0.005	0	0.104	1	9.602	457	2.742	1
5137	3.447	9.203	0.7	1.868	0.005	0	0.203	1	4.937	465	2.67	1
5138	2.775	6.352	1.551	3.551	0.005	0	0.559	1	1.79	460	2.289	1
5139	4.38	7.998	1.607	2.935	0.005	0	0.367	1	2.726	498	1.826	1
5140	2.892	6.597	2.259	5.152	0.005	0	0.781	1	1.281	471	2.281	1
5141	1.894	3.752	1.784	3.534	0.005	0	0.942	1	1.062	483	1.981	1
5142	2.652	6.725	0.326	0.827	0.005	0	0.123	1	8.126	460	2.536	1
5143	1.659	3.651	0.368	0.811	0.005	0	0.222	1	4.498	454	2.201	1
5144	4.628	9.205	1.217	2.421	0.005	0	0.263	1	3.796	466	1.989	1
5145	1.667	2.806	0.46	0.774	0.005	0	0.276	1	3.626	458	1.683	1
5146	4.258	6.523	0.843	1.292	0.005	0	0.198	1	5.061	453	1.532	1
5147	1.125	3.139	0.18	0.502	0.005	0	0.16	1	6.255	457	2.79	1
5148	4.367	8.171	2.694	5.042	0.005	0	0.617	1	1.622	454	1.871	1
5149	2.328	4.824	0.44	0.912	0.005	0	0.189	1	5.29	470	2.072	1
5150	4.564	10.693	0.653	1.529	0.005	0	0.143	1	6.999	462	2.343	1
5151	4.147	7.485	1.041	1.879	0.005	0	0.251	1	3.979	492	1.805	1
5152	4.772	9.501	0.826	1.644	0.005	0	0.173	1	5.797	457	1.991	1
5153	1.664	3.832	0.564	1.299	0.005	0	0.339	1	2.946	459	2.303	1
5154	2.881	5.967	0.674	1.396	0.005	0	0.234	1	4.275	481	2.071	1
5155	4.433	11.282	0.443	1.128	0.005	0	0.1	1	9.971	474	2.545	1
5156	3.593	6.543	0.377	0.687	0.005	0	0.105	1	9.546	487	1.821	1
5157	2.978	6.864	0.36	0.831	0.005	0	0.121	1	8.288	478	2.305	1
5158	3.187	8.089	1.938	4.918	0.005	0	0.608	1	1.646	457	2.538	1
5159	4.739	10.942	1.403	3.239	0.005	0	0.296	1	3.381	457	2.309	1
5160	4.847	10.62	0.63	1.381	0.005	0	0.13	1	7.703	488	2.191	1
5161	4.629	11.364	1.977	4.852	0.005	0	0.427	1	2.343	481	2.455	1
5162	3.504	9.384	0.648	1.736	0.005	0	0.185	1	5.393	468	2.678	1
5163	4.69	7.743	0.769	1.27	0.005	0	0.164	1	6.083	498	1.651	1
5164	4.578	7.288	0.824	1.312	0.005	0	0.18	1	5.551	450	1.592	1
5165	1.783	4.046	0.936	2.124	0.005	0	0.525	1	1.904	451	2.269	1
5166	1.516	3.688	0.23	0.561	0.005	0	0.152	1	6.598	466	2.433	1
5167	1.887	3.88	0.491	1.009	0.005	0	0.26	1	3.849	491	2.056	1
5168	1.944	4.102	0.226	0.476	0.005	0	0.116	1	8.633	455	2.11	1
5169	2.489	4.254	1.04	1.778	0.005	0	0.418	1	2.39	453	1.709	1
5170	3.774	10.269	0.494	1.345	0.005	0	0.131	1	7.634	462	2.721	1
5171	3.123	7.067	0.578	1.307	0.005	0	0.185	1	5.408	468	2.263	1
5172	2.79	5.281	0.335	0.634	0.005	0	0.12	1	8.363	479	1.893	1
5173	2.244	6.276	0.592	1.657	0.005	0	0.264	1	3.784	491	2.797	1
5174	3.036	6.527	0.759	1.632	0.005	0	0.25	1	4.001	452	2.15	1
5175	2.152	5.995	0.263	0.731	0.005	0	0.122	1	8.202	476	2.786	1
5176	4.03	9.462	2.418	5.677	0.005	0	0.6	1	1.668	492	2.348	1
5177	1.389	2.113	0.222	0.338	0.005	0	0.16	1	6.259	497	1.521	1
5178	3.061	5.972	0.514	1.003	0.005	0	0.168	1	5.945	481	1.951	1
5179	2.323	4.026	0.374	0.648	0.005	0	0.161	1	6.203	450	1.733	1
5180	4.591	9.903	1.12	2.416	0.005	0	0.244	1	4.098	456	2.157	1
5181	1.11	2.986	0.246	0.663	0.005	0	0.222	1	4.514	479	2.69	1
5182	1.413	4.153	0.404	1.188	0.005	0	0.286	1	3.494	459	2.939	1
5183	1.608	4.509	0.444	1.244	0.005	0	0.276	1	3.624	456	2.804	1
5184	4.098	6.315	0.43	0.663	0.005	0	0.105	1	9.55	475	1.541	1
5185	1.752	3.891	1.184	2.63	0.005	0	0.676	1	1.479	471	2.221	1
5186	2.686	5.654	1.265	2.663	0.005	0	0.471	1	2.123	450	2.105	1
5187	2.661	5.905	1.131	2.51	0.005	0	0.425	1	2.355	493	2.219	1
5188	2.745	6.794	0.291	0.72	0.005	0	0.106	1	9.441	472	2.475	1
5189	2.775	5.88	1.182	2.505	0.005	0	0.426	1	2.348	498	2.119	1
5190	3.661	6.919	0.6	1.135	0.005	0	0.164	1	6.086	485	1.89	1
5191	2.838	6.326	0.304	0.677	0.005	0	0.107	1	9.36	482	2.229	1
5192	1.382	4.134	0.253	0.757	0.005	0	0.183	1	5.464	465	2.991	1
5193	4.16	7.916	2.242	4.267	0.005	0	0.539	1	1.855	464	1.903	1
5194	1.681	2.98	0.393	0.697	0.005	0	0.234	1	4.274	471	1.773	1
5195	1.555	3.614	0.264	0.614	0.005	0	0.17	1	5.872	471	2.324	1
5196	3.832	6.399	0.502	0.838	0.005	0	0.131	1	7.607	496	1.67	1
5197	4.973	11.209	0.93	2.096	0.005	0	0.187	1	5.36	466	2.254	1
5198	1.369	3.711	0.226	0.612	0.005	0	0.165	1	6.079	487	2.711	1
5199	2.904	6.037	1.295	2.693	0.005	0	0.446	1	2.242	487	2.079	1
5200	2.164	6.464	0.738	2.204	0.005	0	0.341	1	2.932	461	2.987	1
5201	3.647	9.077	1.586	3.948	0.005	0	0.435	1	2.298	465	2.489	1
5202	4.896	9.64	2.13	4.193	0.005	0	0.435	1	2.299	481	1.969	1
5203	3.22	6.07	1.311	2.47	0.005	0	0.407	1	2.457	493	1.885	1
5204	4.066	11.95	0.899	2.641	0.005	0	0.221	1	4.519	478	2.939	1
5205	3.914	8.893	0.708	1.61	0.005	0	0.181	1	5.535	474	2.272	1
5206	1.53	3.008	0.659	1.296	0.005	0	0.431	1	2.321	474	1.966	1
5207	3.998	9.659	1.411	3.41	0.005	0	0.353	1	2.83	495	2.416	1
5208	1.829	5.11	0.821	2.294	0.005	0	0.449	1	2.225	483	2.794	1
5209	4.377	8.745	0.547	1.093	0.005	0	0.125	1	8.032	471	1.998	1
5210	4.554	8.133	0.647	1.155	0.005	0	0.142	1	7.042	467	1.786	1
5211	3.992	8.83	1.521	3.364	0.005	0	0.381	1	2.628	487	2.212	1
5212	2.728	7.488	0.554	1.52	0.005	0	0.203	1	4.923	469	2.745	1
5213	1.636	4.615	0.551	1.555	0.005	0	0.337	1	2.969	485	2.821	1
5214	3.566	5.887	0.371	0.612	0.005	0	0.104	1	9.597	467	1.651	1
5215	1.655	3.586	0.238	0.516	0.005	0	0.144	1	6.948	476	2.167	1
5216	2.767	6.179	0.551	1.23	0.005	0	0.199	1	5.036	493	2.233	1
5217	2.517	4.103	0.274	0.447	0.005	0	0.109	1	9.14	458	1.63	1
5218	2.156	5.052	0.373	0.874	0.005	0	0.173	1	5.769	468	2.343	1
5219	1.27	2.614	0.133	0.274	0.005	0	0.105	1	9.487	452	2.058	1
5220	2.959	7.664	1.222	3.165	0.005	0	0.413	1	2.419	494	2.59	1
5221	1.399	3.402	0.176	0.429	0.005	0	0.126	1	7.956	468	2.432	1
5222	3.993	6.297	2.18	3.438	0.005	0	0.546	1	1.832	461	1.577	1
5223	1.473	4.11	0.187	0.522	0.005	0	0.127	1	7.876	493	2.79	1
5224	4.095	6.175	1.605	2.421	0.005	0	0.392	1	2.551	499	1.508	1
5225	1.566	3.005	0.171	0.328	0.005	0	0.109	1	9.189	461	1.919	1
5226	1.055	1.74	0.11	0.181	0.005	0	0.104	1	9.628	479	1.649	1
5227	3.881	8.208	0.396	0.837	0.005	0	0.102	1	9.764	463	2.115	1
5228	1.863	4.685	0.22	0.553	0.005	0	0.118	1	8.504	455	2.515	1
5229	3.673	6.666	1.219	2.213	0.005	0	0.332	1	3.014	488	1.815	1
5230	4.567	13.573	0.804	2.389	0.005	0	0.176	1	5.683	498	2.972	1
5231	4.175	7.052	0.438	0.74	0.005	0	0.105	1	9.565	458	1.689	1
5232	3.944	9.059	0.698	1.603	0.005	0	0.177	1	5.658	460	2.297	1
5233	3.84	7.004	2.619	4.777	0.005	0	0.682	1	1.466	496	1.824	1
5234	3.458	6.539	0.768	1.452	0.005	0	0.222	1	4.501	476	1.891	1
5235	3.813	10.623	0.969	2.698	0.005	0	0.254	1	3.938	468	2.786	1
5236	4.705	13.061	0.663	1.842	0.005	0	0.141	1	7.077	455	2.776	1
5237	1.266	3.423	0.294	0.794	0.005	0	0.232	1	4.304	458	2.704	1
5238	4.349	8.876	1.413	2.885	0.005	0	0.325	1	3.077	489	2.041	1
5239	1.327	2.846	0.133	0.285	0.005	0	0.1	1	9.962	472	2.145	1
5240	2.045	4.135	0.462	0.935	0.005	0	0.226	1	4.42	498	2.022	1
5241	3.245	4.91	1.489	2.254	0.005	0	0.459	1	2.18	487	1.513	1
5242	4.744	12.894	1.229	3.34	0.005	0	0.259	1	3.863	482	2.718	1
5243	3.639	7.009	0.688	1.325	0.005	0	0.189	1	5.305	458	1.926	1
5244	1.335	3.495	0.134	0.35	0.005	0	0.1	1	9.965	458	2.618	1
5245	1.66	3.181	0.189	0.363	0.005	0	0.114	1	8.77	472	1.916	1
5246	3.144	6.863	0.393	0.858	0.005	0	0.125	1	7.976	468	2.183	1
5247	4.479	9.375	0.461	0.966	0.005	0	0.103	1	9.698	479	2.093	1
5248	1.386	2.108	0.78	1.187	0.005	0	0.563	1	1.776	452	1.521	1
5249	4.698	11.956	0.761	1.937	0.005	0	0.162	1	6.165	490	2.545	1
5250	3.848	6.138	0.412	0.657	0.005	0	0.107	1	9.304	453	1.595	1
5251	1.89	4.646	0.274	0.674	0.005	0	0.145	1	6.876	472	2.458	1
5252	1.699	2.805	0.189	0.311	0.005	0	0.111	1	9.0	480	1.651	1
5253	1.68	2.997	0.307	0.548	0.005	0	0.183	1	5.47	488	1.784	1
5254	2.205	6.52	0.432	1.278	0.005	0	0.196	1	5.113	458	2.957	1
5255	2.807	6.908	0.312	0.767	0.005	0	0.111	1	9.011	494	2.461	1
5256	4.811	8.126	0.698	1.178	0.005	0	0.145	1	6.904	464	1.689	1
5257	4.038	7.656	0.909	1.723	0.005	0	0.225	1	4.44	491	1.896	1
5258	1.952	3.842	0.412	0.811	0.005	0	0.211	1	4.739	492	1.968	1
5259	4.756	8.014	0.98	1.651	0.005	0	0.206	1	4.858	468	1.685	1
5260	4.482	12.254	0.578	1.581	0.005	0	0.129	1	7.742	467	2.734	1
5261	4.651	13.423	0.595	1.718	0.005	0	0.128	1	7.806	499	2.886	1
5262	2.7	4.604	0.316	0.539	0.005	0	0.117	1	8.555	488	1.705	1
5263	2.775	7.945	0.369	1.057	0.005	0	0.133	1	7.539	473	2.863	1
5264	1.507	3.358	0.359	0.799	0.005	0	0.238	1	4.205	468	2.228	1
5265	3.257	8.077	3.068	7.609	0.005	0	0.942	1	1.062	464	2.48	1
5266	4.136	11.37	0.562	1.546	0.005	0	0.136	1	7.372	454	2.749	1
5267	2.371	3.689	0.325	0.505	0.005	0	0.137	1	7.322	465	1.556	1
5268	3.779	8.514	0.529	1.192	0.005	0	0.14	1	7.156	465	2.253	1
5269	2.243	4.939	0.336	0.741	0.005	0	0.15	1	6.672	457	2.202	1
5270	2.183	6.44	0.234	0.689	0.005	0	0.107	1	9.303	459	2.95	1
5271	4.773	14.295	0.515	1.544	0.005	0	0.108	1	9.219	467	2.995	1
5272	4.743	12.166	2.002	5.134	0.005	0	0.422	1	2.372	478	2.565	1
5273	4.196	9.97	0.646	1.535	0.005	0	0.154	1	6.484	463	2.376	1
5274	4.789	7.792	0.972	1.582	0.005	0	0.203	1	4.928	463	1.627	1
5275	1.392	2.337	0.643	1.08	0.005	0	0.462	1	2.163	486	1.679	1
5276	3.373	9.788	0.678	1.967	0.005	0	0.201	1	4.985	455	2.902	1
5277	3.947	7.744	0.45	0.883	0.005	0	0.114	1	8.783	470	1.962	1
5278	2.051	5.985	0.332	0.97	0.005	0	0.162	1	6.191	450	2.918	1
5279	4.25	12.627	2.427	7.21	0.005	0	0.571	1	1.75	455	2.971	1
5280	2.892	8.442	0.68	1.984	0.005	0	0.235	1	4.258	497	2.919	1
5281	3.119	8.225	0.842	2.221	0.005	0	0.27	1	3.698	498	2.637	1
5282	1.972	5.531	0.467	1.311	0.005	0	0.237	1	4.223	455	2.805	1
5283	1.578	3.031	0.189	0.364	0.005	0	0.12	1	8.365	451	1.921	1
5284	1.704	4.562	0.204	0.547	0.005	0	0.12	1	8.356	478	2.677	1
5285	3.769	7.96	1.134	2.396	0.005	0	0.301	1	3.318	470	2.112	1
5286	1.687	4.987	0.398	1.177	0.005	0	0.236	1	4.231	467	2.956	1
5287	1.433	3.171	0.149	0.33	0.005	0	0.104	1	9.63	489	2.213	1
5288	1.649	3.892	0.226	0.533	0.005	0	0.137	1	7.287	488	2.36	1
5289	2.489	5.956	0.622	1.489	0.005	0	0.25	1	3.994	451	2.393	1
5290	4.066	7.803	0.484	0.929	0.005	0	0.119	1	8.415	458	1.919	1
5291	4.553	7.676	0.651	1.098	0.005	0	0.143	1	6.989	464	1.686	1
5292	4.596	9.403	0.574	1.175	0.005	0	0.125	1	8.014	455	2.046	1
5293	4.832	13.51	2.368	6.62	0.005	0	0.49	1	2.041	450	2.796	1
5294	1.112	2.339	0.149	0.313	0.005	0	0.134	1	7.46	465	2.103	1
5295	2.398	5.005	0.259	0.541	0.005	0	0.108	1	9.262	461	2.087	1
5296	2.349	4.515	1.788	3.436	0.005	0	0.761	1	1.314	478	1.922	1
5297	1.495	3.667	0.472	1.159	0.005	0	0.316	1	3.163	497	2.453	1
5298	2.545	6.401	1.069	2.688	0.005	0	0.42	1	2.379	475	2.515	1
5299	2.06	3.957	0.249	0.479	0.005	0	0.121	1	8.277	452	1.921	1
5300	3.077	4.748	0.523	0.807	0.005	0	0.17	1	5.893	481	1.543	1
5301	2.631	4.191	0.484	0.771	0.005	0	0.184	1	5.443	496	1.593	1
5302	3.15	7.91	0.523	1.313	0.005	0	0.166	1	6.011	482	2.511	1
5303	2.325	6.464	0.339	0.944	0.005	0	0.146	1	6.866	463	2.78	1
5304	3.311	5.533	0.47	0.786	0.005	0	0.142	1	7.019	487	1.671	1
5305	1.595	2.7	0.206	0.348	0.005	0	0.129	1	7.77	474	1.693	1
5306	3.812	9.667	0.385	0.976	0.005	0	0.101	1	9.89	450	2.536	1
5307	4.892	10.865	0.646	1.434	0.005	0	0.132	1	7.569	457	2.221	1
5308	2.038	4.799	0.322	0.758	0.005	0	0.158	1	6.328	452	2.355	1
5309	4.089	7.07	0.421	0.728	0.005	0	0.103	1	9.677	486	1.729	1
5310	3.678	8.691	0.467	1.104	0.005	0	0.127	1	7.86	468	2.363	1
5311	4.073	6.818	0.501	0.839	0.005	0	0.123	1	8.132	465	1.674	1
5312	3.389	6.178	0.512	0.933	0.005	0	0.151	1	6.606	494	1.823	1
5313	3.449	8.612	0.524	1.309	0.005	0	0.152	1	6.563	494	2.497	1
5314	2.093	5.245	0.28	0.703	0.005	0	0.134	1	7.47	486	2.506	1
5315	2.366	3.854	0.62	1.01	0.005	0	0.262	1	3.822	472	1.629	1
5316	2.946	7.992	0.33	0.895	0.005	0	0.112	1	8.916	492	2.713	1
5317	3.082	5.298	0.416	0.715	0.005	0	0.135	1	7.399	450	1.719	1
5318	4.499	12.732	0.729	2.063	0.005	0	0.162	1	6.174	495	2.83	1
5319	2.624	4.277	0.276	0.449	0.005	0	0.105	1	9.526	488	1.63	1
5320	1.492	4.057	0.237	0.645	0.005	0	0.159	1	6.282	490	2.719	1
5321	2.854	5.2	0.348	0.634	0.005	0	0.122	1	8.18	488	1.822	1
5322	4.106	10.232	0.875	2.179	0.005	0	0.213	1	4.691	450	2.492	1
5323	1.113	2.574	0.259	0.6	0.005	0	0.233	1	4.285	458	2.313	1
5324	1.242	3.271	1.088	2.865	0.005	0	0.876	1	1.142	461	2.634	1
5325	4.407	8.479	0.621	1.196	0.005	0	0.141	1	7.101	485	1.924	1
5326	2.096	4.592	0.748	1.639	0.005	0	0.357	1	2.798	474	2.191	1
5327	3.993	10.841	0.523	1.42	0.005	0	0.131	1	7.608	467	2.715	1
5328	3.582	5.778	0.559	0.901	0.005	0	0.156	1	6.411	487	1.613	1
5329	3.034	8.692	1.62	4.642	0.005	0	0.534	1	1.874	482	2.865	1
5330	3.678	10.24	0.383	1.065	0.005	0	0.104	1	9.582	484	2.784	1
5331	4.281	11.61	1.049	2.844	0.005	0	0.245	1	4.077	483	2.712	1
5332	3.937	5.929	0.457	0.688	0.005	0	0.116	1	8.618	462	1.506	1
5333	1.66	3.488	0.251	0.527	0.005	0	0.151	1	6.632	457	2.101	1
5334	2.808	5.554	0.376	0.744	0.005	0	0.134	1	7.463	478	1.978	1
5335	1.272	2.581	0.623	1.265	0.005	0	0.49	1	2.039	466	2.029	1
5336	1.645	4.664	0.78	2.211	0.005	0	0.474	1	2.109	470	2.835	1
5337	2.32	4.471	1.139	2.195	0.005	0	0.491	1	2.037	482	1.927	1
5338	4.698	11.289	0.62	1.49	0.005	0	0.132	1	7.604	473	2.403	1
5339	1.205	3.47	0.182	0.524	0.005	0	0.151	1	6.631	457	2.88	1
5340	3.155	6.597	0.562	1.174	0.005	0	0.178	1	5.609	488	2.091	1
5341	2.894	5.51	0.822	1.565	0.005	0	0.284	1	3.523	485	1.904	1
5342	3.095	8.196	0.882	2.336	0.005	0	0.285	1	3.512	487	2.648	1
5343	3.587	9.857	1.808	4.968	0.005	0	0.504	1	1.985	452	2.748	1
5344	2.859	7.788	0.392	1.067	0.005	0	0.137	1	7.293	492	2.724	1
5345	1.708	3.65	0.997	2.132	0.005	0	0.584	1	1.712	472	2.137	1
5346	1.698	4.795	0.883	2.493	0.005	0	0.52	1	1.924	493	2.824	1
5347	1.343	2.995	0.436	0.973	0.005	0	0.325	1	3.077	453	2.23	1
5348	1.387	3.311	0.226	0.54	0.005	0	0.163	1	6.126	462	2.387	1
5349	3.109	8.233	1.825	4.833	0.005	0	0.587	1	1.705	491	2.648	1
5350	2.402	4.919	0.593	1.215	0.005	0	0.247	1	4.055	476	2.048	1
5351	3.334	6.091	0.453	0.828	0.005	0	0.136	1	7.332	488	1.827	1
5352	3.921	7.368	1.149	2.159	0.005	0	0.293	1	3.409	498	1.879	1
5353	4.708	11.318	1.073	2.581	0.005	0	0.228	1	4.393	495	2.404	1
5354	2.489	7.467	0.261	0.784	0.005	0	0.105	1	9.479	455	3.0	1
5355	4.423	6.909	4.366	6.819	0.005	0	0.987	1	1.013	476	1.562	1
5356	1.928	4.365	0.384	0.869	0.005	0	0.199	1	5.015	462	2.264	1
5357	2.494	7.29	0.334	0.977	0.005	0	0.134	1	7.468	480	2.923	1
5358	2.866	6.322	0.315	0.695	0.005	0	0.11	1	9.064	489	2.206	1
5359	2.261	5.899	0.904	2.36	0.005	0	0.4	1	2.502	486	2.609	1
5360	1.165	3.218	0.12	0.331	0.005	0	0.103	1	9.714	475	2.762	1
5361	3.214	7.27	1.755	3.969	0.005	0	0.546	1	1.831	484	2.262	1
5362	3.219	7.24	0.341	0.767	0.005	0	0.106	1	9.426	484	2.249	1
5363	4.263	10.287	3.321	8.014	0.005	0	0.779	1	1.283	498	2.413	1
5364	1.723	2.969	0.527	0.909	0.005	0	0.306	1	3.271	452	1.723	1
5365	3.389	5.941	0.417	0.731	0.005	0	0.123	1	8.139	490	1.753	1
5366	2.679	7.924	0.305	0.903	0.005	0	0.114	1	8.792	476	2.958	1
5367	3.017	7.31	0.335	0.811	0.005	0	0.111	1	9.025	474	2.423	1
5368	4.97	9.796	2.048	4.036	0.005	0	0.412	1	2.43	496	1.971	1
5369	3.923	7.034	1.02	1.829	0.005	0	0.26	1	3.853	480	1.793	1
5370	4.783	10.58	1.086	2.402	0.005	0	0.227	1	4.407	483	2.212	1
5371	4.533	8.771	0.576	1.114	0.005	0	0.127	1	7.887	453	1.935	1
5372	3.42	6.416	0.53	0.994	0.005	0	0.155	1	6.461	493	1.876	1
5373	4.984	12.774	1.246	3.194	0.005	0	0.25	1	4.004	484	2.563	1
5374	1.918	5.276	0.623	1.715	0.005	0	0.325	1	3.075	453	2.751	1
5375	1.877	4.974	0.595	1.577	0.005	0	0.317	1	3.152	485	2.65	1
5376	4.051	12.011	0.98	2.907	0.005	0	0.242	1	4.125	499	2.965	1
5377	1.974	4.55	0.231	0.532	0.005	0	0.117	1	8.53	471	2.305	1
5378	3.704	7.971	0.393	0.845	0.005	0	0.106	1	9.43	455	2.152	1
5379	1.618	4.021	0.579	1.44	0.005	0	0.358	1	2.79	496	2.485	1
5380	2.251	3.514	0.828	1.293	0.005	0	0.368	1	2.717	452	1.561	1
5381	3.978	10.601	0.812	2.163	0.005	0	0.204	1	4.906	496	2.665	1
5382	1.862	3.264	0.238	0.418	0.005	0	0.128	1	7.839	487	1.753	1
5383	1.594	3.448	0.236	0.51	0.005	0	0.148	1	6.767	487	2.163	1
5384	2.854	6.173	0.594	1.284	0.005	0	0.208	1	4.807	475	2.163	1
5385	4.808	13.472	0.75	2.102	0.005	0	0.156	1	6.392	466	2.802	1
5386	2.796	6.758	1.622	3.92	0.005	0	0.58	1	1.724	453	2.417	1
5387	3.697	7.228	0.444	0.867	0.005	0	0.12	1	8.317	454	1.955	1
5388	4.893	7.423	1.507	2.286	0.005	0	0.308	1	3.252	484	1.517	1
5389	2.501	6.39	0.315	0.805	0.005	0	0.126	1	7.917	491	2.555	1
5390	4.156	7.797	0.557	1.045	0.005	0	0.134	1	7.449	476	1.876	1
5391	1.41	2.944	0.347	0.724	0.005	0	0.246	1	4.066	452	2.088	1
5392	4.607	8.928	0.544	1.054	0.005	0	0.118	1	8.448	486	1.938	1
5393	2.286	5.665	0.251	0.623	0.005	0	0.11	1	9.072	483	2.478	1
5394	2.235	6.495	0.619	1.799	0.005	0	0.277	1	3.609	499	2.906	1
5395	1.463	2.689	0.579	1.065	0.005	0	0.396	1	2.526	466	1.838	1
5396	4.28	10.041	0.74	1.737	0.005	0	0.173	1	5.789	480	2.346	1
5397	4.259	7.291	1.563	2.676	0.005	0	0.367	1	2.727	477	1.712	1
5398	4.029	9.013	0.532	1.19	0.005	0	0.132	1	7.569	495	2.237	1
5399	1.138	1.89	0.172	0.285	0.005	0	0.151	1	6.643	455	1.661	1
5400	2.091	4.615	1.085	2.395	0.005	0	0.519	1	1.928	489	2.207	1
5401	1.481	2.414	0.332	0.541	0.005	0	0.224	1	4.466	478	1.63	1
5402	2.351	6.087	0.423	1.096	0.005	0	0.18	1	5.55	472	2.589	1
5403	2.859	4.437	0.572	0.887	0.005	0	0.2	1	5.005	477	1.552	1
5404	1.841	3.135	0.479	0.815	0.005	0	0.26	1	3.843	450	1.703	1
5405	3.87	11.227	0.406	1.179	0.005	0	0.105	1	9.536	479	2.901	1
5406	3.72	6.529	1.35	2.37	0.005	0	0.363	1	2.753	456	1.755	1
5407	3.328	5.901	0.556	0.985	0.005	0	0.167	1	5.99	485	1.773	1
5408	2.576	4.096	0.332	0.528	0.005	0	0.129	1	7.773	487	1.59	1
5409	3.088	8.449	0.701	1.918	0.005	0	0.227	1	4.404	466	2.736	1
5410	1.308	3.503	0.167	0.448	0.005	0	0.128	1	7.803	456	2.678	1
5411	1.48	2.862	0.175	0.338	0.005	0	0.118	1	8.466	451	1.934	1
5412	1.035	2.575	0.38	0.945	0.005	0	0.367	1	2.728	486	2.488	1
5413	3.296	8.886	2.548	6.869	0.005	0	0.773	1	1.294	467	2.696	1
5414	4.606	9.078	0.963	1.897	0.005	0	0.209	1	4.774	450	1.971	1
5415	4.535	9.95	0.744	1.632	0.005	0	0.164	1	6.115	497	2.194	1
5416	3.229	9.645	0.365	1.09	0.005	0	0.113	1	8.847	496	2.987	1
5417	3.787	10.641	2.874	8.077	0.005	0	0.759	1	1.317	459	2.81	1
5418	2.825	4.43	0.305	0.478	0.005	0	0.108	1	9.221	498	1.568	1
5419	3.991	6.637	1.449	2.409	0.005	0	0.363	1	2.755	462	1.663	1
5420	3.593	7.556	0.374	0.786	0.005	0	0.104	1	9.625	490	2.103	1
5421	3.374	9.235	0.547	1.496	0.005	0	0.162	1	6.189	464	2.737	1
5422	2.184	5.665	0.419	1.088	0.005	0	0.192	1	5.197	492	2.594	1
5423	3.25	8.655	0.751	1.999	0.005	0	0.231	1	4.329	473	2.663	1
5424	2.238	5.067	0.235	0.532	0.005	0	0.105	1	9.532	472	2.264	1
5425	4.922	12.113	0.975	2.398	0.005	0	0.198	1	5.038	453	2.461	1
5426	3.372	9.711	0.701	2.02	0.005	0	0.208	1	4.816	472	2.88	1
5427	1.42	3.902	0.486	1.334	0.005	0	0.342	1	2.922	467	2.748	1
5428	3.659	10.282	0.721	2.026	0.005	0	0.197	1	5.087	495	2.81	1
5429	3.26	5.695	0.577	1.008	0.005	0	0.177	1	5.634	474	1.747	1
5430	4.947	9.721	1.687	3.315	0.005	0	0.341	1	2.929	478	1.965	1
5431	4.095	12.084	1.826	5.389	0.005	0	0.446	1	2.24	493	2.951	1
5432	2.705	5.994	0.308	0.683	0.005	0	0.114	1	8.801	457	2.216	1
5433	4.248	11.516	0.867	2.349	0.005	0	0.204	1	4.914	475	2.711	1
5434	4.293	8.53	0.902	1.791	0.005	0	0.21	1	4.762	493	1.987	1
5435	1.61	2.6	0.341	0.551	0.005	0	0.212	1	4.722	493	1.615	1
5436	4.32	10.852	1.089	2.735	0.005	0	0.252	1	3.97	460	2.512	1
5437	3.181	7.965	0.461	1.155	0.005	0	0.145	1	6.904	497	2.504	1
5438	2.86	5.503	0.297	0.572	0.005	0	0.104	1	9.596	473	1.924	1
5439	1.209	2.77	0.196	0.449	0.005	0	0.162	1	6.187	462	2.291	1
5440	3.644	9.587	2.019	5.311	0.005	0	0.554	1	1.806	456	2.631	1
5441	2.026	3.72	0.559	1.027	0.005	0	0.276	1	3.627	463	1.836	1
5442	3.739	5.979	0.535	0.855	0.005	0	0.143	1	6.997	493	1.599	1
5443	1.614	3.78	0.268	0.627	0.005	0	0.166	1	6.012	470	2.342	1
5444	3.864	6.77	0.773	1.354	0.005	0	0.2	1	4.993	489	1.752	1
5445	2.236	5.863	0.615	1.612	0.005	0	0.275	1	3.631	460	2.622	1
5446	2.445	4.501	1.139	2.097	0.005	0	0.466	1	2.144	457	1.841	1
5447	3.035	6.65	0.68	1.49	0.005	0	0.224	1	4.468	467	2.191	1
5448	2.78	7.756	0.403	1.125	0.005	0	0.145	1	6.92	451	2.79	1
5449	1.319	2.75	0.26	0.542	0.005	0	0.197	1	5.075	470	2.085	1
5450	4.274	10.959	0.547	1.403	0.005	0	0.128	1	7.791	487	2.564	1
5451	3.329	9.634	0.393	1.137	0.005	0	0.118	1	8.498	492	2.894	1
5452	4.581	13.097	3.143	8.985	0.005	0	0.686	1	1.457	496	2.859	1
5453	4.662	10.009	1.291	2.772	0.005	0	0.277	1	3.605	482	2.147	1
5454	3.795	5.996	0.748	1.181	0.005	0	0.197	1	5.085	486	1.58	1
5455	3.792	8.27	0.652	1.422	0.005	0	0.172	1	5.812	494	2.181	1
5456	1.263	2.732	0.633	1.369	0.005	0	0.501	1	1.996	497	2.163	1
5457	4.187	12.343	0.444	1.308	0.005	0	0.106	1	9.408	484	2.948	1
5458	3.446	8.408	0.541	1.32	0.005	0	0.157	1	6.389	453	2.44	1
5459	2.333	4.02	0.422	0.728	0.005	0	0.181	1	5.511	494	1.723	1
5460	4.128	11.657	0.615	1.737	0.005	0	0.149	1	6.734	486	2.824	1
5461	1.958	3.209	0.435	0.712	0.005	0	0.222	1	4.504	498	1.639	1
5462	1.365	3.814	0.951	2.658	0.005	0	0.697	1	1.434	482	2.794	1
5463	4.802	10.281	2.295	4.914	0.005	0	0.478	1	2.092	458	2.141	1
5464	3.041	7.089	0.313	0.73	0.005	0	0.103	1	9.73	467	2.331	1
5465	4.57	10.662	1.17	2.729	0.005	0	0.256	1	3.909	475	2.333	1
5466	3.04	8.892	0.52	1.521	0.005	0	0.171	1	5.851	455	2.925	1
5467	3.146	6.67	1.133	2.401	0.005	0	0.36	1	2.775	495	2.12	1
5468	3.531	7.299	1.059	2.19	0.005	0	0.3	1	3.328	464	2.067	1
5469	1.911	4.548	0.22	0.523	0.005	0	0.115	1	8.711	476	2.38	1
5470	1.535	3.463	0.213	0.481	0.005	0	0.139	1	7.219	458	2.256	1
5471	2.994	5.97	0.778	1.552	0.005	0	0.26	1	3.84	471	1.994	1
5472	1.504	4.332	0.541	1.56	0.005	0	0.36	1	2.781	489	2.88	1
5473	4.842	12.531	0.712	1.842	0.005	0	0.147	1	6.789	494	2.588	1
5474	2.564	5.961	0.467	1.085	0.005	0	0.182	1	5.481	479	2.325	1
5475	3.393	8.242	0.431	1.047	0.005	0	0.127	1	7.867	483	2.429	1
5476	2.707	7.466	0.273	0.754	0.005	0	0.101	1	9.939	477	2.758	1
5477	1.089	3.149	0.203	0.586	0.005	0	0.186	1	5.377	479	2.892	1
5478	2.954	8.316	0.502	1.414	0.005	0	0.17	1	5.867	479	2.815	1
5479	4.004	9.477	0.861	2.038	0.005	0	0.215	1	4.657	494	2.367	1
5480	1.855	4.862	1.797	4.711	0.005	0	0.969	1	1.032	475	2.621	1
5481	3.804	6.748	1.065	1.889	0.005	0	0.28	1	3.577	488	1.774	1
5482	2.39	6.451	0.253	0.684	0.005	0	0.106	1	9.394	491	2.699	1
5483	3.225	6.669	0.729	1.507	0.005	0	0.226	1	4.433	484	2.068	1
5484	4.401	10.84	0.955	2.352	0.005	0	0.217	1	4.602	464	2.463	1
5485	1.094	2.469	0.303	0.684	0.005	0	0.277	1	3.609	456	2.257	1
5486	2.718	4.748	0.291	0.508	0.005	0	0.107	1	9.357	470	1.747	1
5487	1.004	2.823	0.305	0.858	0.005	0	0.304	1	3.289	476	2.812	1
5488	4.972	8.89	0.522	0.933	0.005	0	0.105	1	9.501	470	1.788	1
5489	1.938	5.169	0.341	0.91	0.005	0	0.176	1	5.673	479	2.667	1
5490	1.497	3.846	0.229	0.588	0.005	0	0.153	1	6.52	490	2.569	1
5491	2.738	4.915	0.389	0.698	0.005	0	0.142	1	7.024	464	1.795	1
5492	2.424	5.609	0.448	1.038	0.005	0	0.185	1	5.403	493	2.314	1
5493	1.681	3.992	0.217	0.515	0.005	0	0.129	1	7.734	495	2.375	1
5494	3.443	6.731	2.142	4.187	0.005	0	0.622	1	1.609	495	1.955	1
5495	3.836	6.579	0.583	1.0	0.005	0	0.152	1	6.569	461	1.715	1
5496	2.512	6.456	0.372	0.955	0.005	0	0.148	1	6.77	477	2.57	1
5497	2.137	5.193	0.415	1.007	0.005	0	0.194	1	5.163	473	2.43	1
5498	1.687	3.885	0.184	0.423	0.005	0	0.109	1	9.215	472	2.303	1
5499	2.865	4.435	0.745	1.153	0.005	0	0.26	1	3.85	491	1.548	1
5500	3.892	7.885	0.537	1.088	0.005	0	0.138	1	7.264	459	2.026	1
5501	3.524	8.729	0.55	1.362	0.005	0	0.156	1	6.405	461	2.477	1
5502	2.445	4.418	0.279	0.504	0.005	0	0.114	1	8.767	456	1.807	1
5503	1.446	4.193	0.249	0.721	0.005	0	0.172	1	5.828	487	2.9	1
5504	4.21	11.106	1.777	4.687	0.005	0	0.422	1	2.369	464	2.638	1
5505	3.613	10.265	1.156	3.285	0.005	0	0.32	1	3.123	491	2.841	1
5506	1.313	2.94	0.189	0.423	0.005	0	0.144	1	6.957	451	2.239	1
5507	3.839	7.682	0.438	0.876	0.005	0	0.114	1	8.809	484	2.001	1
5508	2.943	5.759	2.811	5.5	0.005	0	0.955	1	1.047	465	1.957	1
5509	2.711	6.116	0.529	1.193	0.005	0	0.195	1	5.13	484	2.256	1
5510	3.497	6.952	0.675	1.342	0.005	0	0.193	1	5.194	479	1.988	1
5511	1.957	4.012	0.587	1.204	0.005	0	0.3	1	3.329	496	2.05	1
5512	2.526	4.64	0.298	0.548	0.005	0	0.118	1	8.471	468	1.837	1
5513	4.182	8.364	0.539	1.079	0.005	0	0.129	1	7.777	461	2.0	1
5514	3.568	8.271	0.51	1.183	0.005	0	0.143	1	6.982	482	2.318	1
5515	4.152	7.835	0.544	1.026	0.005	0	0.131	1	7.617	457	1.887	1
5516	2.67	7.316	0.438	1.2	0.005	0	0.164	1	6.094	455	2.74	1
5517	1.02	2.146	0.594	1.249	0.005	0	0.582	1	1.719	495	2.104	1
5518	2.072	3.96	0.215	0.412	0.005	0	0.104	1	9.572	485	1.911	1
5519	4.124	11.155	2.062	5.578	0.005	0	0.5	1	2.002	467	2.705	1
5520	2.01	4.549	0.213	0.482	0.005	0	0.106	1	9.411	481	2.263	1
5521	1.989	5.651	0.261	0.74	0.005	0	0.131	1	7.607	451	2.841	1
5522	3.89	10.635	1.151	3.148	0.005	0	0.296	1	3.378	496	2.734	1
5523	4.566	9.625	1.009	2.127	0.005	0	0.221	1	4.516	492	2.108	1
5524	3.725	8.933	0.596	1.429	0.005	0	0.16	1	6.259	494	2.398	1
5525	3.721	9.771	0.953	2.501	0.005	0	0.256	1	3.911	489	2.626	1
5526	3.601	8.196	1.682	3.828	0.005	0	0.467	1	2.142	461	2.276	1
5527	2.392	5.31	0.246	0.547	0.005	0	0.103	1	9.665	492	2.22	1
5528	3.598	6.178	0.435	0.748	0.005	0	0.121	1	8.263	480	1.717	1
5529	1.566	4.227	0.354	0.955	0.005	0	0.226	1	4.416	461	2.699	1
5530	1.083	2.385	0.417	0.918	0.005	0	0.385	1	2.595	462	2.202	1
5531	4.066	10.555	0.581	1.509	0.005	0	0.143	1	6.975	461	2.596	1
5532	1.67	3.332	0.628	1.253	0.005	0	0.376	1	2.661	471	1.995	1
5533	4.877	10.729	0.663	1.459	0.005	0	0.136	1	7.333	473	2.2	1
5534	2.998	8.307	0.408	1.13	0.005	0	0.136	1	7.327	456	2.771	1
5535	4.663	12.553	0.546	1.469	0.005	0	0.117	1	8.576	469	2.692	1
5536	1.385	2.161	0.173	0.27	0.005	0	0.125	1	7.971	499	1.56	1
5537	4.014	7.037	0.694	1.217	0.005	0	0.173	1	5.771	483	1.753	1
5538	1.71	3.771	0.776	1.712	0.005	0	0.454	1	2.202	495	2.205	1
5539	2.08	3.515	0.728	1.23	0.005	0	0.35	1	2.857	451	1.69	1
5540	4.162	11.733	0.612	1.725	0.005	0	0.147	1	6.804	480	2.819	1
5541	1.285	3.513	0.131	0.358	0.005	0	0.102	1	9.837	462	2.734	1
5542	1.264	2.821	0.216	0.482	0.005	0	0.171	1	5.832	492	2.232	1
5543	4.465	13.051	0.755	2.206	0.005	0	0.169	1	5.923	497	2.923	1
5544	1.958	4.936	0.499	1.259	0.005	0	0.255	1	3.917	463	2.521	1
5545	2.794	4.635	0.324	0.538	0.005	0	0.116	1	8.615	451	1.659	1
5546	1.619	2.757	0.646	1.1	0.005	0	0.399	1	2.508	473	1.703	1
5547	2.006	4.658	0.383	0.89	0.005	0	0.191	1	5.224	461	2.322	1
5548	1.308	3.8	0.182	0.528	0.005	0	0.139	1	7.219	452	2.905	1
5549	4.081	6.521	0.861	1.376	0.005	0	0.211	1	4.749	474	1.598	1
5550	4.441	11.333	1.199	3.06	0.005	0	0.27	1	3.701	480	2.552	1
5551	3.023	6.424	1.681	3.572	0.005	0	0.556	1	1.8	465	2.125	1
5552	2.4	4.075	0.257	0.436	0.005	0	0.107	1	9.361	456	1.698	1
5553	3.19	7.953	0.478	1.193	0.005	0	0.15	1	6.683	453	2.493	1
5554	1.312	3.569	0.312	0.849	0.005	0	0.238	1	4.197	482	2.72	1
5555	3.642	8.078	0.364	0.808	0.005	0	0.1	1	9.962	476	2.218	1
5556	2.619	3.978	0.731	1.11	0.005	0	0.279	1	3.581	487	1.519	1
5557	4.771	10.444	0.749	1.64	0.005	0	0.157	1	6.385	458	2.189	1
5558	1.601	2.421	0.49	0.741	0.005	0	0.306	1	3.268	483	1.512	1
5559	3.867	8.097	1.025	2.146	0.005	0	0.265	1	3.776	488	2.094	1
5560	3.981	8.328	0.673	1.407	0.005	0	0.169	1	5.922	481	2.092	1
5561	3.428	5.396	0.487	0.766	0.005	0	0.142	1	7.033	456	1.574	1
5562	4.16	9.06	0.495	1.078	0.005	0	0.119	1	8.409	494	2.178	1
5563	2.735	6.84	1.679	4.2	0.005	0	0.614	1	1.629	457	2.501	1
5564	1.893	5.251	0.7	1.943	0.005	0	0.37	1	2.702	491	2.774	1
5565	2.136	6.15	0.244	0.701	0.005	0	0.114	1	8.763	481	2.879	1
5566	3.12	8.614	0.58	1.602	0.005	0	0.186	1	5.385	475	2.761	1
5567	3.314	7.503	0.368	0.833	0.005	0	0.111	1	8.994	460	2.264	1
5568	3.376	9.362	0.365	1.011	0.005	0	0.108	1	9.256	470	2.773	1
5569	1.01	2.494	0.125	0.309	0.005	0	0.124	1	8.067	458	2.469	1
5570	3.493	9.096	0.975	2.538	0.005	0	0.279	1	3.581	479	2.604	1
5571	1.783	5.107	0.207	0.592	0.005	0	0.116	1	8.623	451	2.864	1
5572	3.845	9.216	0.5	1.198	0.005	0	0.13	1	7.67	486	2.397	1
5573	3.665	7.213	2.038	4.01	0.005	0	0.556	1	1.799	476	1.968	1
5574	2.291	5.7	0.85	2.115	0.005	0	0.371	1	2.697	478	2.488	1
5575	3.532	8.65	0.378	0.926	0.005	0	0.107	1	9.317	458	2.449	1
5576	1.652	3.439	0.36	0.75	0.005	0	0.218	1	4.582	496	2.082	1
5577	1.399	3.408	0.143	0.348	0.005	0	0.102	1	9.771	450	2.436	1
5578	4.03	11.872	1.749	5.152	0.005	0	0.434	1	2.306	451	2.946	1
5579	2.934	8.245	0.305	0.857	0.005	0	0.104	1	9.581	458	2.81	1
5580	2.884	7.963	0.588	1.624	0.005	0	0.204	1	4.895	466	2.761	1
5581	1.027	2.147	0.106	0.221	0.005	0	0.103	1	9.753	486	2.091	1
5582	2.425	6.996	0.247	0.714	0.005	0	0.102	1	9.766	497	2.885	1
5583	2.872	5.262	0.784	1.437	0.005	0	0.273	1	3.66	477	1.832	1
5584	4.035	11.318	0.646	1.811	0.005	0	0.16	1	6.238	499	2.805	1
5585	2.858	6.093	0.306	0.652	0.005	0	0.107	1	9.362	487	2.132	1
5586	2.08	6.026	1.223	3.543	0.005	0	0.588	1	1.7	456	2.897	1
5587	2.516	5.291	0.264	0.556	0.005	0	0.105	1	9.516	481	2.103	1
5588	4.886	8.179	0.811	1.358	0.005	0	0.166	1	6.04	460	1.674	1
5589	1.09	1.719	0.177	0.278	0.005	0	0.162	1	6.175	494	1.577	1
5590	1.692	3.44	0.751	1.527	0.005	0	0.444	1	2.251	472	2.033	1
5591	1.196	3.108	0.189	0.491	0.005	0	0.158	1	6.345	484	2.599	1
5592	4.445	12.437	0.476	1.331	0.005	0	0.107	1	9.368	498	2.798	1
5593	4.523	11.905	0.597	1.571	0.005	0	0.132	1	7.555	450	2.632	1
5594	1.931	5.474	0.935	2.649	0.005	0	0.484	1	2.064	483	2.835	1
5595	3.146	8.991	0.33	0.944	0.005	0	0.105	1	9.501	480	2.858	1
5596	2.562	6.128	1.225	2.929	0.005	0	0.478	1	2.092	475	2.392	1
5597	4.486	11.803	0.619	1.629	0.005	0	0.138	1	7.263	475	2.631	1
5598	1.664	4.222	0.211	0.536	0.005	0	0.127	1	7.904	451	2.537	1
5599	3.618	8.506	0.601	1.412	0.005	0	0.166	1	6.03	478	2.351	1
5600	2.17	5.64	0.224	0.581	0.005	0	0.103	1	9.706	469	2.599	1
5601	3.803	10.492	0.418	1.154	0.005	0	0.11	1	9.108	451	2.759	1
5602	1.923	4.233	1.129	2.485	0.005	0	0.587	1	1.704	499	2.201	1
5603	4.388	7.381	0.535	0.9	0.005	0	0.122	1	8.196	454	1.682	1
5604	2.591	7.478	1.972	5.691	0.005	0	0.761	1	1.314	454	2.886	1
5605	3.556	9.313	0.395	1.034	0.005	0	0.111	1	9.012	468	2.619	1
5606	4.233	10.532	0.538	1.338	0.005	0	0.127	1	7.903	480	2.488	1
5607	4.497	9.66	0.472	1.014	0.005	0	0.105	1	9.564	481	2.148	1
5608	3.556	8.79	0.398	0.984	0.005	0	0.112	1	8.968	473	2.472	1
5609	2.336	6.158	0.776	2.044	0.005	0	0.332	1	3.013	466	2.636	1
5610	3.822	9.532	0.856	2.135	0.005	0	0.224	1	4.474	476	2.494	1
5611	1.612	3.111	0.231	0.445	0.005	0	0.143	1	6.977	460	1.93	1
5612	1.148	3.1	0.161	0.434	0.005	0	0.14	1	7.121	496	2.7	1
5613	2.836	6.96	1.123	2.756	0.005	0	0.396	1	2.526	458	2.454	1
5614	4.61	11.912	2.148	5.551	0.005	0	0.466	1	2.145	467	2.584	1
5615	3.373	5.832	0.438	0.758	0.005	0	0.13	1	7.677	497	1.729	1
5616	4.201	12.074	1.101	3.163	0.005	0	0.262	1	3.813	472	2.874	1
5617	3.128	6.309	0.366	0.738	0.005	0	0.117	1	8.578	464	2.017	1
5618	1.411	2.201	0.374	0.583	0.005	0	0.265	1	3.767	451	1.56	1
5619	3.647	9.953	1.514	4.13	0.005	0	0.415	1	2.412	464	2.729	1
5620	3.711	8.955	0.605	1.46	0.005	0	0.163	1	6.127	480	2.413	1
5621	1.685	2.629	0.258	0.402	0.005	0	0.153	1	6.517	456	1.56	1
5622	4.366	10.448	1.078	2.581	0.005	0	0.247	1	4.044	488	2.393	1
5623	4.586	7.549	1.38	2.272	0.005	0	0.301	1	3.317	470	1.646	1
5624	3.112	5.384	1.363	2.358	0.005	0	0.438	1	2.281	473	1.73	1
5625	3.557	9.39	0.63	1.662	0.005	0	0.177	1	5.653	473	2.64	1
5626	4.602	13.212	1.468	4.215	0.005	0	0.319	1	3.13	479	2.871	1
5627	1.416	2.903	0.183	0.374	0.005	0	0.129	1	7.73	454	2.05	1
5628	1.268	3.374	0.17	0.452	0.005	0	0.134	1	7.459	494	2.661	1
5629	3.39	7.19	3.176	6.737	0.005	0	0.937	1	1.067	480	2.121	1
5630	3.784	8.177	1.975	4.268	0.005	0	0.522	1	1.914	485	2.161	1
5631	4.096	11.039	0.647	1.744	0.005	0	0.158	1	6.331	465	2.695	1
5632	1.183	3.052	0.368	0.949	0.005	0	0.311	1	3.217	454	2.58	1
5633	3.824	6.856	1.797	3.222	0.005	0	0.47	1	2.127	468	1.793	1
5634	2.303	5.191	0.382	0.862	0.005	0	0.166	1	6.031	482	2.254	1
5635	3.946	11.179	0.777	2.202	0.005	0	0.197	1	5.08	459	2.833	1
5636	3.152	8.955	0.908	2.579	0.005	0	0.288	1	3.47	497	2.841	1
5637	1.149	2.778	0.558	1.35	0.005	0	0.486	1	2.058	495	2.418	1
5638	3.571	9.12	0.525	1.341	0.005	0	0.147	1	6.823	472	2.554	1
5639	3.422	9.773	2.074	5.922	0.005	0	0.606	1	1.651	455	2.856	1
5640	4.632	8.05	3.238	5.627	0.005	0	0.699	1	1.431	472	1.738	1
5641	3.676	9.197	0.64	1.6	0.005	0	0.174	1	5.734	493	2.502	1
5642	1.569	4.224	0.162	0.435	0.005	0	0.103	1	9.73	493	2.692	1
5643	3.815	10.693	0.797	2.235	0.005	0	0.209	1	4.777	478	2.803	1
5644	2.893	5.066	0.599	1.049	0.005	0	0.207	1	4.84	471	1.751	1
5645	1.8	4.907	0.22	0.599	0.005	0	0.122	1	8.18	469	2.726	1
5646	4.235	8.745	1.813	3.743	0.005	0	0.428	1	2.335	453	2.065	1
5647	3.566	5.463	0.396	0.606	0.005	0	0.111	1	9.028	460	1.532	1
5648	3.657	10.561	2.743	7.921	0.005	0	0.75	1	1.333	487	2.888	1
5649	3.741	7.089	0.389	0.737	0.005	0	0.104	1	9.574	454	1.895	1
5650	2.973	5.494	0.348	0.643	0.005	0	0.117	1	8.567	453	1.848	1
5651	4.997	9.624	2.279	4.389	0.005	0	0.456	1	2.195	491	1.926	1
5652	4.07	10.965	0.696	1.875	0.005	0	0.171	1	5.831	490	2.694	1
5653	2.63	4.463	0.676	1.147	0.005	0	0.257	1	3.895	472	1.697	1
5654	2.624	4.432	0.501	0.847	0.005	0	0.191	1	5.235	488	1.689	1
5655	2.077	3.548	0.228	0.39	0.005	0	0.11	1	9.076	473	1.708	1
5656	1.158	2.587	0.133	0.298	0.005	0	0.115	1	8.671	457	2.234	1
5657	2.881	5.543	0.346	0.665	0.005	0	0.12	1	8.315	494	1.924	1
5658	2.432	3.886	0.878	1.403	0.005	0	0.361	1	2.773	496	1.598	1
5659	4.3	8.075	0.632	1.187	0.005	0	0.147	1	6.825	484	1.878	1
5660	4.499	9.061	1.147	2.311	0.005	0	0.255	1	3.927	492	2.014	1
5661	4.784	8.157	0.483	0.824	0.005	0	0.101	1	9.923	490	1.705	1
5662	3.923	7.701	0.898	1.764	0.005	0	0.229	1	4.36	452	1.963	1
5663	2.374	5.46	0.266	0.612	0.005	0	0.112	1	8.932	476	2.3	1
5664	1.793	3.201	1.445	2.58	0.005	0	0.806	1	1.24	454	1.785	1
5665	2.17	4.566	0.243	0.511	0.005	0	0.112	1	8.923	496	2.104	1
5666	3.448	7.789	0.393	0.888	0.005	0	0.114	1	8.748	491	2.259	1
5667	1.457	3.648	1.088	2.725	0.005	0	0.747	1	1.339	466	2.504	1
5668	1.508	4.084	0.296	0.8	0.005	0	0.196	1	5.091	497	2.708	1
5669	2.074	5.096	0.591	1.452	0.005	0	0.285	1	3.513	479	2.457	1
5670	2.574	6.592	0.595	1.523	0.005	0	0.231	1	4.325	493	2.561	1
5671	2.4	5.801	0.691	1.671	0.005	0	0.288	1	3.476	498	2.417	1
5672	1.954	4.492	0.737	1.693	0.005	0	0.377	1	2.651	478	2.299	1
5673	3.957	5.991	1.444	2.187	0.005	0	0.365	1	2.738	485	1.514	1
5674	4.928	9.654	0.577	1.13	0.005	0	0.117	1	8.55	485	1.959	1
5675	4.951	13.779	1.114	3.1	0.005	0	0.225	1	4.436	458	2.783	1
5676	4.718	13.531	0.712	2.043	0.005	0	0.151	1	6.642	484	2.868	1
5677	1.144	2.938	0.225	0.579	0.005	0	0.197	1	5.079	459	2.568	1
5678	2.686	7.056	0.516	1.355	0.005	0	0.192	1	5.208	485	2.627	1
5679	1.772	3.193	0.385	0.693	0.005	0	0.217	1	4.613	451	1.802	1
5680	4.909	10.898	0.776	1.722	0.005	0	0.158	1	6.344	497	2.22	1
5681	1.273	2.154	0.433	0.732	0.005	0	0.34	1	2.941	495	1.692	1
5682	3.098	4.858	1.084	1.7	0.005	0	0.35	1	2.859	493	1.568	1
5683	4.344	9.37	1.325	2.858	0.005	0	0.305	1	3.278	499	2.157	1
5684	3.581	5.568	0.362	0.562	0.005	0	0.101	1	9.903	469	1.555	1
5685	2.432	6.464	0.465	1.235	0.005	0	0.191	1	5.244	477	2.658	1
5686	1.086	3.12	0.386	1.108	0.005	0	0.355	1	2.813	466	2.873	1
5687	3.718	10.039	0.387	1.044	0.005	0	0.104	1	9.659	479	2.7	1
5688	1.374	3.443	0.617	1.546	0.005	0	0.449	1	2.229	451	2.506	1
5689	3.943	10.331	1.1	2.882	0.005	0	0.279	1	3.582	476	2.62	1
5690	2.582	7.248	0.323	0.906	0.005	0	0.125	1	7.997	472	2.807	1
5691	1.861	4.725	0.568	1.441	0.005	0	0.305	1	3.278	480	2.539	1
5692	2.033	4.347	0.642	1.374	0.005	0	0.316	1	3.164	469	2.138	1
5693	1.587	2.469	0.167	0.259	0.005	0	0.105	1	9.55	450	1.556	1
5694	3.667	8.075	0.554	1.219	0.005	0	0.151	1	6.617	479	2.202	1
5695	1.789	3.626	1.501	3.042	0.005	0	0.839	1	1.192	479	2.027	1
5696	1.822	3.757	0.408	0.842	0.005	0	0.224	1	4.461	450	2.062	1
5697	1.791	5.248	0.358	1.05	0.005	0	0.2	1	4.995	497	2.93	1
5698	2.712	7.979	0.439	1.293	0.005	0	0.162	1	6.177	495	2.942	1
5699	3.91	9.001	0.481	1.107	0.005	0	0.123	1	8.137	470	2.302	1
5700	3.111	7.902	0.681	1.731	0.005	0	0.219	1	4.56	475	2.54	1
5701	4.307	12.839	1.65	4.917	0.005	0	0.383	1	2.613	495	2.981	1
5702	2.289	4.548	2.033	4.039	0.005	0	0.888	1	1.126	493	1.987	1
5703	3.142	8.697	1.018	2.818	0.005	0	0.324	1	3.089	457	2.768	1
5704	2.135	6.076	0.508	1.446	0.005	0	0.238	1	4.2	487	2.846	1
5705	2.269	6.58	0.424	1.23	0.005	0	0.187	1	5.353	482	2.9	1
5706	4.434	10.482	0.479	1.132	0.005	0	0.108	1	9.235	479	2.364	1
5707	2.049	3.76	0.49	0.899	0.005	0	0.239	1	4.179	456	1.835	1
5708	4.091	12.208	1.845	5.506	0.005	0	0.451	1	2.216	497	2.984	1
5709	2.371	6.674	0.605	1.702	0.005	0	0.255	1	3.917	463	2.815	1
5710	1.005	2.749	0.109	0.297	0.005	0	0.108	1	9.255	473	2.735	1
5711	2.712	8.131	0.382	1.146	0.005	0	0.141	1	7.095	477	2.998	1
5712	4.83	12.278	2.033	5.169	0.005	0	0.421	1	2.374	489	2.542	1
5713	3.496	7.478	1.724	3.687	0.005	0	0.493	1	2.027	457	2.139	1
5714	1.327	3.467	0.195	0.51	0.005	0	0.147	1	6.798	451	2.613	1
5715	4.456	6.969	0.468	0.732	0.005	0	0.105	1	9.518	498	1.564	1
5716	3.335	5.81	0.757	1.319	0.005	0	0.227	1	4.397	489	1.742	1
5717	4.706	9.652	0.974	1.998	0.005	0	0.207	1	4.834	495	2.051	1
5718	1.32	3.48	0.145	0.383	0.005	0	0.11	1	9.124	464	2.636	1
5719	3.648	5.643	1.656	2.562	0.005	0	0.454	1	2.201	467	1.547	1
5720	4.949	10.042	1.351	2.741	0.005	0	0.273	1	3.669	490	2.029	1
5721	2.578	6.827	0.49	1.297	0.005	0	0.19	1	5.274	453	2.648	1
5722	1.441	3.368	0.202	0.472	0.005	0	0.14	1	7.142	472	2.337	1
5723	3.522	9.647	0.356	0.974	0.005	0	0.101	1	9.868	488	2.739	1
5724	4.274	12.813	1.855	5.561	0.005	0	0.434	1	2.303	477	2.998	1
5725	2.971	6.979	1.061	2.492	0.005	0	0.357	1	2.801	494	2.349	1
5726	1.536	2.656	0.215	0.372	0.005	0	0.14	1	7.121	481	1.729	1
5727	4.945	12.634	2.507	6.405	0.005	0	0.507	1	1.973	492	2.555	1
5728	3.475	8.399	0.507	1.226	0.005	0	0.146	1	6.848	472	2.417	1
5729	3.752	5.981	1.895	3.02	0.005	0	0.505	1	1.979	469	1.594	1
5730	3.18	5.47	1.024	1.761	0.005	0	0.322	1	3.103	471	1.72	1
5731	1.962	3.388	0.477	0.823	0.005	0	0.243	1	4.118	464	1.727	1
5732	3.273	7.361	0.425	0.957	0.005	0	0.13	1	7.667	452	2.249	1
5733	4.273	6.82	0.547	0.873	0.005	0	0.128	1	7.83	487	1.596	1
5734	1.85	4.098	0.433	0.959	0.005	0	0.234	1	4.277	452	2.215	1
5735	1.236	2.975	0.127	0.306	0.005	0	0.103	1	9.732	483	2.407	1
5736	3.316	8.764	1.101	2.91	0.005	0	0.332	1	3.013	482	2.643	1
5737	4.032	6.471	0.439	0.705	0.005	0	0.109	1	9.19	488	1.605	1
5738	2.193	3.39	0.311	0.481	0.005	0	0.142	1	7.05	482	1.546	1
5739	3.384	6.548	1.543	2.986	0.005	0	0.456	1	2.193	496	1.935	1
5740	3.571	9.352	0.668	1.749	0.005	0	0.187	1	5.344	474	2.619	1
5741	1.293	2.161	0.213	0.357	0.005	0	0.165	1	6.043	482	1.671	1
5742	4.309	10.428	0.694	1.679	0.005	0	0.161	1	6.22	483	2.42	1
5743	1.224	3.623	0.532	1.576	0.005	0	0.435	1	2.301	451	2.96	1
5744	2.978	6.444	0.301	0.651	0.005	0	0.101	1	9.939	451	2.164	1
5745	2.39	5.55	0.337	0.783	0.005	0	0.141	1	7.074	469	2.322	1
5746	3.168	9.494	2.585	7.747	0.005	0	0.816	1	1.225	499	2.997	1
5747	1.903	5.38	0.415	1.173	0.005	0	0.218	1	4.592	452	2.827	1
5748	1.928	3.378	0.253	0.443	0.005	0	0.131	1	7.623	484	1.752	1
5749	4.953	11.199	0.688	1.557	0.005	0	0.139	1	7.17	471	2.261	1
5750	2.493	6.729	0.406	1.097	0.005	0	0.163	1	6.131	495	2.699	1
5751	4.726	8.256	0.543	0.949	0.005	0	0.115	1	8.692	455	1.747	1
5752	2.801	7.358	0.291	0.765	0.005	0	0.104	1	9.615	483	2.627	1
5753	1.637	4.269	0.188	0.491	0.005	0	0.115	1	8.707	493	2.608	1
5754	4.409	10.207	0.569	1.317	0.005	0	0.129	1	7.78	484	2.315	1
5755	2.474	3.726	1.086	1.636	0.005	0	0.439	1	2.277	457	1.506	1
5756	3.649	5.649	2.43	3.762	0.005	0	0.666	1	1.502	454	1.548	1
5757	3.097	5.587	0.548	0.989	0.005	0	0.177	1	5.659	499	1.804	1
5758	2.36	6.575	0.42	1.17	0.005	0	0.178	1	5.633	472	2.786	1
5759	1.79	3.925	0.245	0.538	0.005	0	0.137	1	7.296	464	2.193	1
5760	2.807	7.983	0.289	0.822	0.005	0	0.103	1	9.746	493	2.844	1
5761	4.225	12.464	3.718	10.968	0.005	0	0.88	1	1.137	496	2.95	1
5762	1.911	4.309	0.233	0.526	0.005	0	0.122	1	8.2	457	2.255	1
5763	2.287	5.514	2.003	4.83	0.005	0	0.876	1	1.142	493	2.411	1
5764	1.72	2.754	0.187	0.3	0.005	0	0.109	1	9.204	457	1.601	1
5765	4.335	10.877	0.486	1.218	0.005	0	0.112	1	8.904	499	2.509	1
5766	4.493	9.134	1.258	2.558	0.005	0	0.28	1	3.568	456	2.033	1
5767	3.609	8.185	0.628	1.424	0.005	0	0.174	1	5.753	496	2.268	1
5768	1.237	3.378	0.139	0.378	0.005	0	0.112	1	8.962	458	2.731	1
5769	4.443	7.94	0.604	1.08	0.005	0	0.136	1	7.33	489	1.787	1
5770	1.271	3.613	0.15	0.426	0.005	0	0.118	1	8.496	482	2.843	1
5771	1.703	2.587	0.359	0.546	0.005	0	0.211	1	4.745	458	1.519	1
5772	1.842	4.563	0.363	0.899	0.005	0	0.197	1	5.077	487	2.477	1
5773	1.22	3.623	0.543	1.612	0.005	0	0.445	1	2.249	487	2.97	1
5774	1.778	3.512	0.254	0.502	0.005	0	0.143	1	6.987	482	1.975	1
5775	3.797	9.751	1.735	4.456	0.005	0	0.457	1	2.188	466	2.568	1
5776	4.007	8.122	0.849	1.722	0.005	0	0.212	1	4.728	485	2.027	1
5777	4.641	11.227	0.566	1.37	0.005	0	0.122	1	8.221	452	2.419	1
5778	4.107	8.341	0.431	0.876	0.005	0	0.105	1	9.529	465	2.031	1
5779	2.992	8.689	2.471	7.177	0.005	0	0.826	1	1.21	488	2.904	1
5780	4.237	6.796	0.614	0.985	0.005	0	0.145	1	6.898	454	1.604	1
5781	3.75	8.929	0.416	0.991	0.005	0	0.111	1	9.025	479	2.381	1
5782	4.174	7.092	1.369	2.326	0.005	0	0.328	1	3.047	461	1.699	1
5783	4.198	7.334	1.264	2.208	0.005	0	0.301	1	3.326	459	1.747	1
5784	3.706	9.206	0.489	1.215	0.005	0	0.132	1	7.587	480	2.484	1
5785	2.07	3.19	0.259	0.399	0.005	0	0.125	1	8.031	492	1.541	1
5786	4.953	9.232	1.02	1.902	0.005	0	0.206	1	4.857	454	1.864	1
5787	4.563	10.239	0.475	1.065	0.005	0	0.104	1	9.65	474	2.244	1
5788	2.501	4.994	0.4	0.799	0.005	0	0.16	1	6.253	494	1.997	1
5789	2.766	6.03	0.877	1.912	0.005	0	0.317	1	3.155	497	2.18	1
5790	4.111	8.876	0.892	1.926	0.005	0	0.217	1	4.613	491	2.159	1
5791	2.718	6.118	0.361	0.814	0.005	0	0.133	1	7.522	489	2.251	1
5792	1.761	3.739	0.623	1.324	0.005	0	0.354	1	2.825	454	2.123	1
5793	1.654	3.779	0.195	0.446	0.005	0	0.118	1	8.453	451	2.285	1
5794	2.38	6.112	0.769	1.974	0.005	0	0.323	1	3.092	475	2.568	1
5795	2.791	7.248	0.301	0.783	0.005	0	0.108	1	9.245	468	2.597	1
5796	2.959	5.655	0.408	0.78	0.005	0	0.138	1	7.231	483	1.911	1
5797	2.946	7.462	0.854	2.164	0.005	0	0.29	1	3.446	478	2.533	1
5798	2.463	5.855	0.429	1.019	0.005	0	0.174	1	5.739	493	2.377	1
5799	1.153	3.145	0.18	0.491	0.005	0	0.156	1	6.424	468	2.728	1
5800	4.297	7.898	0.464	0.853	0.005	0	0.108	1	9.245	484	1.838	1
5801	3.705	10.441	1.141	3.216	0.005	0	0.308	1	3.252	493	2.818	1
5802	1.073	1.868	0.232	0.403	0.005	0	0.216	1	4.62	483	1.741	1
5803	2.718	6.898	0.391	0.993	0.005	0	0.144	1	6.927	473	2.538	1
5804	2.89	5.517	0.618	1.181	0.005	0	0.214	1	4.674	473	1.909	1
5805	2.179	4.905	0.349	0.785	0.005	0	0.16	1	6.244	457	2.251	1
5806	3.953	9.076	1.621	3.721	0.005	0	0.41	1	2.437	495	2.296	1
5807	1.271	2.392	0.585	1.1	0.005	0	0.46	1	2.174	498	1.882	1
5808	1.781	3.737	0.525	1.102	0.005	0	0.295	1	3.393	484	2.098	1
5809	4.11	6.625	2.388	3.849	0.005	0	0.581	1	1.722	479	1.612	1
5810	4.843	14.243	3.535	10.397	0.005	0	0.73	1	1.37	488	2.941	1
5811	4.377	8.57	1.471	2.88	0.005	0	0.336	1	2.98	462	1.958	1
5812	2.254	5.924	0.27	0.711	0.005	0	0.12	1	8.344	484	2.628	1
5813	3.073	5.16	0.83	1.393	0.005	0	0.27	1	3.698	471	1.679	1
5814	3.038	8.342	0.598	1.643	0.005	0	0.197	1	5.084	491	2.746	1
5815	4.817	14.157	0.65	1.911	0.005	0	0.135	1	7.402	477	2.939	1
5816	4.859	10.112	1.448	3.013	0.005	0	0.298	1	3.36	484	2.081	1
5817	2.077	5.165	0.301	0.749	0.005	0	0.145	1	6.884	450	2.487	1
5818	3.683	8.574	2.118	4.93	0.005	0	0.575	1	1.738	464	2.328	1
5819	2.246	6.264	0.389	1.084	0.005	0	0.173	1	5.792	460	2.789	1
5820	1.16	3.354	0.22	0.637	0.005	0	0.19	1	5.27	462	2.891	1
5821	4.885	13.444	0.738	2.03	0.005	0	0.151	1	6.605	476	2.752	1
5822	4.617	7.396	0.577	0.924	0.005	0	0.125	1	8.016	460	1.602	1
5823	2.26	4.929	0.454	0.991	0.005	0	0.201	1	4.983	473	2.181	1
5824	2.526	6.537	0.258	0.667	0.005	0	0.102	1	9.806	495	2.588	1
5825	3.735	5.629	2.234	3.366	0.005	0	0.598	1	1.671	494	1.507	1
5826	1.622	2.658	0.224	0.367	0.005	0	0.138	1	7.252	477	1.639	1
5827	4.604	7.9	1.395	2.394	0.005	0	0.303	1	3.305	488	1.716	1
5828	1.833	5.299	0.524	1.516	0.005	0	0.286	1	3.493	471	2.891	1
5829	4.1	11.566	0.812	2.29	0.005	0	0.198	1	5.063	484	2.821	1
5830	3.346	8.198	0.669	1.64	0.005	0	0.2	1	4.996	463	2.45	1
5831	4.128	6.481	0.57	0.894	0.005	0	0.138	1	7.252	478	1.57	1
5832	2.864	6.069	1.091	2.312	0.005	0	0.381	1	2.627	483	2.119	1
5833	2.541	5.43	0.379	0.809	0.005	0	0.149	1	6.726	474	2.137	1
5834	2.69	5.942	0.412	0.909	0.005	0	0.153	1	6.524	457	2.209	1
5835	3.306	9.66	0.397	1.159	0.005	0	0.12	1	8.34	469	2.922	1
5836	1.146	2.334	0.808	1.645	0.005	0	0.705	1	1.419	491	2.037	1
5837	1.085	3.091	0.476	1.357	0.005	0	0.439	1	2.278	484	2.849	1
5838	3.48	5.725	0.748	1.231	0.005	0	0.215	1	4.645	467	1.645	1
5839	3.275	5.459	0.531	0.884	0.005	0	0.162	1	6.155	454	1.667	1
5840	2.877	6.56	0.495	1.128	0.005	0	0.172	1	5.822	465	2.28	1
5841	1.816	2.9	0.628	1.003	0.005	0	0.346	1	2.894	496	1.597	1
5842	4.274	8.168	0.671	1.282	0.005	0	0.157	1	6.382	468	1.911	1
5843	4.502	12.817	0.851	2.422	0.005	0	0.189	1	5.286	458	2.847	1
5844	2.377	5.203	0.62	1.358	0.005	0	0.261	1	3.834	460	2.189	1
5845	1.437	2.408	0.145	0.243	0.005	0	0.101	1	9.933	486	1.676	1
5846	1.432	2.795	0.165	0.321	0.005	0	0.115	1	8.675	465	1.952	1
5847	1.603	4.201	0.273	0.714	0.005	0	0.17	1	5.897	477	2.621	1
5848	2.848	7.086	2.461	6.122	0.005	0	0.864	1	1.157	454	2.488	1
5849	3.605	5.891	0.433	0.707	0.005	0	0.12	1	8.314	486	1.634	1
5850	1.051	1.903	0.318	0.577	0.005	0	0.303	1	3.302	480	1.811	1
5851	3.682	7.438	1.425	2.879	0.005	0	0.387	1	2.583	478	2.02	1
5852	4.42	8.089	0.583	1.068	0.005	0	0.132	1	7.557	455	1.83	1
5853	3.981	10.458	1.565	4.11	0.005	0	0.393	1	2.545	466	2.627	1
5854	3.824	7.541	0.501	0.988	0.005	0	0.131	1	7.619	463	1.972	1
5855	4.489	7.102	1.908	3.018	0.005	0	0.425	1	2.355	471	1.582	1
5856	4.139	8.179	1.068	2.11	0.005	0	0.258	1	3.875	452	1.976	1
5857	1.485	4.146	0.195	0.543	0.005	0	0.131	1	7.638	483	2.792	1
5858	1.534	3.775	0.278	0.683	0.005	0	0.181	1	5.516	477	2.461	1
5859	2.912	7.536	0.414	1.07	0.005	0	0.142	1	7.067	497	2.588	1
5860	2.19	5.992	0.333	0.911	0.005	0	0.152	1	6.56	450	2.736	1
5861	3.564	7.057	3.404	6.739	0.005	0	0.955	1	1.047	496	1.98	1
5862	1.712	3.953	0.241	0.557	0.005	0	0.141	1	7.085	471	2.309	1
5863	3.16	7.208	0.468	1.067	0.005	0	0.148	1	6.76	480	2.281	1
5864	4.036	10.768	0.755	2.014	0.005	0	0.187	1	5.346	483	2.668	1
5865	3.719	9.007	0.617	1.495	0.005	0	0.166	1	6.025	485	2.422	1
5866	3.753	6.185	1.242	2.047	0.005	0	0.331	1	3.018	465	1.648	1
5867	1.737	3.523	0.203	0.412	0.005	0	0.117	1	8.522	464	2.028	1
5868	4.82	13.559	0.598	1.681	0.005	0	0.124	1	8.058	464	2.813	1
5869	3.37	9.524	0.735	2.076	0.005	0	0.218	1	4.595	484	2.826	1
5870	4.301	9.978	0.525	1.217	0.005	0	0.122	1	8.177	493	2.32	1
5871	2.651	6.62	0.382	0.953	0.005	0	0.144	1	6.945	474	2.497	1
5872	1.013	2.11	0.326	0.679	0.005	0	0.322	1	3.104	496	2.083	1
5873	2.927	7.833	0.53	1.418	0.005	0	0.181	1	5.52	497	2.676	1
5874	1.845	4.98	0.255	0.687	0.005	0	0.138	1	7.25	473	2.699	1
5875	2.159	4.383	0.257	0.522	0.005	0	0.119	1	8.421	478	2.03	1
5876	2.295	5.627	0.409	1.002	0.005	0	0.178	1	5.626	468	2.452	1
5877	4.528	7.24	0.774	1.238	0.005	0	0.171	1	5.832	477	1.599	1
5878	3.475	7.179	0.448	0.926	0.005	0	0.129	1	7.735	495	2.066	1
5879	1.185	1.84	0.192	0.298	0.005	0	0.162	1	6.178	481	1.553	1
5880	1.014	2.681	0.366	0.968	0.005	0	0.361	1	2.768	488	2.644	1
5881	4.31	10.12	0.612	1.437	0.005	0	0.142	1	7.035	452	2.348	1
5882	3.344	5.916	0.809	1.432	0.005	0	0.242	1	4.125	463	1.769	1
5883	3.648	8.861	0.886	2.153	0.005	0	0.243	1	4.108	471	2.429	1
5884	2.2	4.453	0.389	0.788	0.005	0	0.177	1	5.638	460	2.024	1
5885	2.106	3.239	1.367	2.102	0.005	0	0.649	1	1.541	496	1.538	1
5886	4.99	8.498	0.734	1.249	0.005	0	0.147	1	6.824	491	1.703	1
5887	4.804	13.47	2.604	7.301	0.005	0	0.542	1	1.845	473	2.804	1
5888	3.152	7.76	0.772	1.901	0.005	0	0.245	1	4.084	468	2.462	1
5889	4.063	9.877	0.646	1.57	0.005	0	0.159	1	6.299	468	2.431	1
5890	2.966	6.57	0.593	1.314	0.005	0	0.2	1	5.004	469	2.215	1
5891	1.004	2.904	0.105	0.305	0.005	0	0.105	1	9.547	453	2.892	1
5892	1.49	3.288	0.197	0.434	0.005	0	0.132	1	7.555	470	2.207	1
5893	4.537	10.762	0.667	1.582	0.005	0	0.147	1	6.784	496	2.372	1
5894	2.212	5.234	0.383	0.905	0.005	0	0.173	1	5.791	472	2.366	1
5895	3.255	6.699	0.423	0.871	0.005	0	0.13	1	7.664	494	2.058	1
5896	1.493	2.659	0.172	0.306	0.005	0	0.115	1	8.683	456	1.781	1
5897	2.799	4.831	1.078	1.86	0.005	0	0.385	1	2.595	494	1.726	1
5898	2.583	4.487	0.279	0.485	0.005	0	0.108	1	9.255	455	1.737	1
5899	1.583	4.225	0.174	0.465	0.005	0	0.11	1	9.073	459	2.669	1
5900	2.221	6.63	0.224	0.67	0.005	0	0.101	1	9.94	496	2.985	1
5901	3.678	9.169	0.577	1.44	0.005	0	0.157	1	6.361	492	2.493	1
5902	4.178	12.521	0.485	1.452	0.005	0	0.116	1	8.64	462	2.997	1
5903	2.125	5.07	1.311	3.128	0.005	0	0.617	1	1.62	454	2.386	1
5904	1.755	5.219	0.27	0.804	0.005	0	0.154	1	6.475	467	2.974	1
5905	4.578	8.817	2.339	4.505	0.005	0	0.511	1	1.956	450	1.926	1
5906	3.624	7.034	2.834	5.501	0.005	0	0.782	1	1.278	482	1.941	1
5907	3.027	7.207	0.502	1.196	0.005	0	0.166	1	6.012	466	2.381	1
5908	3.207	5.773	0.635	1.143	0.005	0	0.198	1	5.04	489	1.8	1
5909	3.916	11.431	1.065	3.109	0.005	0	0.272	1	3.681	465	2.919	1
5910	4.148	7.956	0.958	1.838	0.005	0	0.231	1	4.32	467	1.918	1
5911	3.76	9.517	0.534	1.351	0.005	0	0.142	1	7.026	460	2.531	1
5912	3.098	5.803	0.874	1.636	0.005	0	0.282	1	3.54	482	1.873	1
5913	2.286	4.348	1.077	2.048	0.005	0	0.471	1	2.123	468	1.902	1
5914	4.289	6.742	1.042	1.638	0.005	0	0.243	1	4.113	474	1.572	1
5915	3.424	8.817	0.407	1.049	0.005	0	0.119	1	8.372	465	2.575	1
5916	3.461	8.576	0.35	0.866	0.005	0	0.101	1	9.883	452	2.478	1
5917	1.431	3.683	0.156	0.401	0.005	0	0.109	1	9.183	462	2.574	1
5918	1.452	3.489	0.399	0.959	0.005	0	0.275	1	3.636	450	2.403	1
5919	4.98	7.734	2.166	3.364	0.005	0	0.435	1	2.3	492	1.553	1
5920	3.214	6.875	0.466	0.997	0.005	0	0.145	1	6.894	450	2.139	1
5921	3.0	6.501	0.309	0.67	0.005	0	0.103	1	9.722	491	2.167	1
5922	1.223	1.882	0.143	0.22	0.005	0	0.117	1	8.533	484	1.539	1
5923	2.769	7.72	0.33	0.919	0.005	0	0.119	1	8.432	474	2.788	1
5924	1.313	2.739	0.204	0.425	0.005	0	0.155	1	6.446	454	2.086	1
5925	4.547	8.794	0.496	0.959	0.005	0	0.109	1	9.184	461	1.934	1
5926	4.927	13.416	0.882	2.401	0.005	0	0.179	1	5.59	463	2.723	1
5927	1.114	1.751	0.749	1.177	0.005	0	0.672	1	1.487	477	1.572	1
5928	2.229	5.833	0.265	0.694	0.005	0	0.119	1	8.414	457	2.617	1
5929	1.998	3.72	0.444	0.826	0.005	0	0.222	1	4.502	460	1.862	1
5930	4.819	8.645	0.651	1.167	0.005	0	0.135	1	7.397	489	1.794	1
5931	3.465	9.231	3.15	8.391	0.005	0	0.909	1	1.1	489	2.664	1
5932	1.467	3.144	0.211	0.453	0.005	0	0.144	1	6.947	455	2.143	1
5933	3.023	8.54	0.792	2.237	0.005	0	0.262	1	3.819	462	2.825	1
5934	1.82	3.931	1.225	2.646	0.005	0	0.673	1	1.486	482	2.16	1
5935	3.889	7.451	0.517	0.991	0.005	0	0.133	1	7.547	471	1.916	1
5936	4.211	8.687	1.794	3.701	0.005	0	0.426	1	2.345	487	2.063	1
5937	1.366	2.833	0.206	0.428	0.005	0	0.151	1	6.62	453	2.074	1
5938	2.837	6.922	0.533	1.301	0.005	0	0.188	1	5.32	462	2.44	1
5939	2.827	5.052	0.599	1.071	0.005	0	0.212	1	4.709	491	1.787	1
5940	1.865	4.252	0.218	0.497	0.005	0	0.117	1	8.573	489	2.28	1
5941	1.135	2.028	0.92	1.645	0.005	0	0.811	1	1.233	484	1.787	1
5942	2.712	6.628	1.429	3.493	0.005	0	0.527	1	1.897	452	2.444	1
5943	3.06	7.075	0.655	1.514	0.005	0	0.214	1	4.672	493	2.312	1
5944	2.462	7.179	0.325	0.948	0.005	0	0.132	1	7.562	484	2.916	1
5945	2.242	4.988	0.285	0.633	0.005	0	0.127	1	7.849	489	2.225	1
5946	4.651	10.679	0.991	2.275	0.005	0	0.213	1	4.695	470	2.296	1
5947	3.412	7.912	0.461	1.068	0.005	0	0.135	1	7.43	489	2.319	1
5948	1.421	4.009	0.354	0.998	0.005	0	0.249	1	4.018	471	2.821	1
5949	3.688	6.214	0.509	0.858	0.005	0	0.138	1	7.223	481	1.685	1
5950	3.721	6.698	0.424	0.764	0.005	0	0.114	1	8.799	490	1.8	1
5951	3.777	9.454	1.484	3.715	0.005	0	0.393	1	2.544	477	2.503	1
5952	4.648	7.586	0.627	1.024	0.005	0	0.135	1	7.431	499	1.632	1
5953	4.425	13.111	2.482	7.355	0.005	0	0.561	1	1.783	451	2.963	1
5954	4.578	9.01	2.825	5.559	0.005	0	0.617	1	1.62	452	1.968	1
5955	1.808	5.249	0.674	1.958	0.005	0	0.373	1	2.684	466	2.903	1
5956	1.447	2.181	0.781	1.178	0.005	0	0.54	1	1.853	465	1.507	1
5957	3.921	7.285	0.431	0.801	0.005	0	0.11	1	9.114	480	1.858	1
5958	2.845	7.394	1.184	3.076	0.005	0	0.416	1	2.406	471	2.599	1
5959	1.805	3.614	0.386	0.773	0.005	0	0.214	1	4.68	489	2.002	1
5960	1.993	3.536	0.494	0.877	0.005	0	0.248	1	4.039	459	1.774	1
5961	4.867	10.24	0.779	1.638	0.005	0	0.16	1	6.25	482	2.104	1
5962	4.652	7.787	1.075	1.799	0.005	0	0.231	1	4.335	453	1.674	1
5963	2.033	4.637	0.207	0.473	0.005	0	0.102	1	9.823	491	2.281	1
5964	4.771	9.685	1.093	2.218	0.005	0	0.229	1	4.359	453	2.03	1
5965	1.715	3.334	0.314	0.61	0.005	0	0.183	1	5.45	470	1.944	1
5966	2.762	5.618	0.442	0.899	0.005	0	0.16	1	6.233	497	2.034	1
5967	3.109	7.94	0.432	1.104	0.005	0	0.139	1	7.187	450	2.554	1
5968	1.894	3.068	0.22	0.356	0.005	0	0.116	1	8.631	480	1.62	1
5969	4.89	9.496	1.002	1.947	0.005	0	0.205	1	4.888	493	1.942	1
5970	4.85	9.884	0.897	1.829	0.005	0	0.185	1	5.413	489	2.038	1
5971	3.506	9.564	1.027	2.802	0.005	0	0.293	1	3.413	485	2.728	1
5972	2.476	4.323	0.371	0.648	0.005	0	0.15	1	6.653	487	1.746	1
5973	4.265	12.778	0.542	1.623	0.005	0	0.127	1	7.864	458	2.996	1
5974	3.956	9.981	1.163	2.934	0.005	0	0.294	1	3.399	462	2.523	1
5975	4.877	12.388	2.614	6.64	0.005	0	0.536	1	1.866	493	2.54	1
5976	2.976	7.991	0.705	1.894	0.005	0	0.237	1	4.225	484	2.685	1
5977	1.178	1.815	0.231	0.356	0.005	0	0.196	1	5.109	488	1.541	1
5978	3.318	5.77	1.447	2.516	0.005	0	0.436	1	2.294	492	1.739	1
5979	4.74	9.314	3.602	7.079	0.005	0	0.76	1	1.315	486	1.965	1
5980	4.321	9.282	0.501	1.077	0.005	0	0.116	1	8.618	470	2.148	1
5981	2.155	3.601	0.778	1.3	0.005	0	0.361	1	2.772	493	1.671	1
5982	3.849	7.636	0.781	1.55	0.005	0	0.203	1	4.917	497	1.984	1
5983	1.256	2.764	0.749	1.647	0.005	0	0.596	1	1.679	462	2.201	1
5984	2.478	3.933	0.79	1.255	0.005	0	0.319	1	3.135	457	1.587	1
5985	3.498	5.614	0.64	1.027	0.005	0	0.183	1	5.458	499	1.605	1
5986	2.478	5.61	0.268	0.606	0.005	0	0.108	1	9.256	494	2.264	1
5987	1.446	2.251	0.354	0.551	0.005	0	0.245	1	4.088	456	1.557	1
5988	2.875	4.465	0.31	0.482	0.005	0	0.108	1	9.28	494	1.553	1
5989	1.397	2.235	0.179	0.286	0.005	0	0.128	1	7.829	456	1.6	1
5990	3.74	7.824	0.4	0.837	0.005	0	0.107	1	9.378	468	2.092	1
5991	2.534	4.151	0.372	0.61	0.005	0	0.147	1	6.783	474	1.638	1
5992	2.706	4.825	1.242	2.215	0.005	0	0.459	1	2.177	475	1.783	1
5993	3.513	8.726	0.931	2.312	0.005	0	0.265	1	3.77	463	2.484	1
5994	3.707	5.913	1.905	3.039	0.005	0	0.514	1	1.945	479	1.595	1
5995	4.838	13.155	1.466	3.986	0.005	0	0.303	1	3.301	489	2.719	1
5996	1.665	4.917	0.265	0.782	0.005	0	0.159	1	6.28	484	2.953	1
5997	4.614	10.303	0.66	1.473	0.005	0	0.143	1	6.972	465	2.233	1
5998	4.027	6.794	1.236	2.086	0.005	0	0.307	1	3.257	457	1.687	1
5999	4.469	7.789	1.162	2.025	0.005	0	0.26	1	3.851	467	1.743	1
6000	1.916	3.184	1.722	2.862	0.005	0	0.899	1	1.112	494	1.662	1
6001	1.963	5.019	0.224	0.572	0.005	0	0.114	1	8.746	483	2.557	1
6002	4.419	10.451	1.065	2.519	0.005	0	0.241	1	4.144	476	2.365	1
6003	4.75	10.308	0.945	2.051	0.005	0	0.199	1	5.017	464	2.17	1
6004	3.005	7.314	0.319	0.775	0.005	0	0.106	1	9.411	481	2.434	1
6005	3.211	5.931	0.78	1.441	0.005	0	0.243	1	4.109	477	1.847	1
6006	1.164	3.274	0.148	0.416	0.005	0	0.127	1	7.863	464	2.813	1
6007	1.41	2.159	0.182	0.279	0.005	0	0.129	1	7.764	494	1.531	1
6008	4.202	7.883	0.966	1.813	0.005	0	0.23	1	4.344	478	1.876	1
6009	4.22	7.934	2.443	4.594	0.005	0	0.579	1	1.726	458	1.88	1
6010	1.171	1.797	0.237	0.363	0.005	0	0.202	1	4.956	454	1.535	1
6011	1.51	4.435	0.254	0.745	0.005	0	0.168	1	5.941	493	2.937	1
6012	2.432	6.693	0.367	1.011	0.005	0	0.151	1	6.624	454	2.752	1
6013	3.264	8.516	0.346	0.903	0.005	0	0.106	1	9.452	469	2.609	1
6014	2.245	5.161	0.272	0.624	0.005	0	0.121	1	8.275	454	2.299	1
6015	1.157	2.547	0.189	0.415	0.005	0	0.163	1	6.144	469	2.201	1
6016	2.586	6.25	0.949	2.294	0.005	0	0.367	1	2.727	482	2.417	1
6017	4.624	8.998	0.67	1.305	0.005	0	0.145	1	6.891	488	1.946	1
6018	3.357	7.738	1.245	2.871	0.005	0	0.371	1	2.698	484	2.305	1
6019	2.398	4.117	0.307	0.527	0.005	0	0.128	1	7.797	465	1.717	1
6020	1.733	4.485	0.468	1.211	0.005	0	0.27	1	3.706	499	2.588	1
6021	2.334	5.966	1.877	4.797	0.005	0	0.804	1	1.244	483	2.556	1
6022	4.104	8.196	0.464	0.926	0.005	0	0.113	1	8.849	457	1.997	1
6023	2.906	5.516	0.346	0.656	0.005	0	0.119	1	8.372	480	1.898	1
6024	1.019	2.549	0.19	0.474	0.005	0	0.186	1	5.379	462	2.501	1
6025	4.565	10.636	1.876	4.371	0.005	0	0.411	1	2.434	476	2.33	1
6026	4.075	10.546	0.88	2.278	0.005	0	0.216	1	4.629	458	2.588	1
6027	2.175	4.472	0.546	1.122	0.005	0	0.251	1	3.988	453	2.056	1
6028	2.686	5.939	0.419	0.926	0.005	0	0.156	1	6.401	494	2.211	1
6029	1.462	3.484	0.579	1.38	0.005	0	0.396	1	2.528	452	2.383	1
6030	2.707	7.071	0.352	0.919	0.005	0	0.13	1	7.682	499	2.612	1
6031	1.564	4.296	0.242	0.666	0.005	0	0.155	1	6.454	496	2.747	1
6032	2.946	5.503	0.383	0.715	0.005	0	0.13	1	7.71	492	1.868	1
6033	4.278	7.14	1.253	2.092	0.005	0	0.293	1	3.408	485	1.669	1
6034	4.251	10.296	2.147	5.199	0.005	0	0.505	1	1.981	488	2.422	1
6035	3.405	8.792	0.97	2.506	0.005	0	0.285	1	3.506	491	2.582	1
6036	2.215	4.233	0.877	1.676	0.005	0	0.396	1	2.527	485	1.911	1
6037	2.362	6.07	0.89	2.288	0.005	0	0.377	1	2.65	463	2.57	1
6038	1.903	4.168	0.805	1.763	0.005	0	0.423	1	2.364	470	2.19	1
6039	2.169	5.232	0.362	0.874	0.005	0	0.167	1	5.987	496	2.412	1
6040	1.12	2.154	0.302	0.582	0.005	0	0.27	1	3.705	464	1.923	1
6041	4.415	8.923	0.936	1.892	0.005	0	0.212	1	4.723	495	2.021	1
6042	2.065	6.154	1.078	3.212	0.005	0	0.522	1	1.915	487	2.98	1
6043	1.097	1.678	0.116	0.178	0.005	0	0.106	1	9.449	488	1.53	1
6044	3.765	10.169	0.508	1.373	0.005	0	0.135	1	7.413	479	2.701	1
6045	4.985	9.207	0.738	1.363	0.005	0	0.148	1	6.757	454	1.847	1
6046	2.327	3.651	0.961	1.508	0.005	0	0.413	1	2.42	477	1.569	1
6047	4.023	9.309	0.837	1.936	0.005	0	0.208	1	4.806	463	2.314	1
6048	1.003	2.407	0.194	0.465	0.005	0	0.193	1	5.171	490	2.4	1
6049	1.682	2.626	0.444	0.693	0.005	0	0.264	1	3.793	499	1.561	1
6050	3.647	6.266	1.222	2.099	0.005	0	0.335	1	2.984	471	1.718	1
6051	1.113	3.155	0.125	0.353	0.005	0	0.112	1	8.953	452	2.835	1
6052	3.588	7.309	1.647	3.355	0.005	0	0.459	1	2.177	454	2.037	1
6053	4.57	12.942	0.58	1.644	0.005	0	0.127	1	7.88	491	2.832	1
6054	2.914	5.816	0.434	0.867	0.005	0	0.149	1	6.728	461	1.996	1
6055	3.455	9.311	1.962	5.289	0.005	0	0.568	1	1.76	450	2.695	1
6056	1.16	1.895	0.184	0.301	0.005	0	0.159	1	6.273	497	1.634	1
6057	2.256	4.789	0.271	0.575	0.005	0	0.12	1	8.345	451	2.123	1
6058	3.514	8.658	0.425	1.048	0.005	0	0.121	1	8.248	469	2.464	1
6059	2.775	6.721	1.179	2.856	0.005	0	0.425	1	2.353	461	2.422	1
6060	1.021	2.495	0.412	1.008	0.005	0	0.404	1	2.474	467	2.444	1
6061	3.998	8.016	0.856	1.715	0.005	0	0.214	1	4.673	482	2.005	1
6062	4.845	9.007	0.974	1.81	0.005	0	0.201	1	4.98	492	1.859	1
6063	1.401	2.885	0.143	0.294	0.005	0	0.102	1	9.831	459	2.059	1
6064	3.585	6.13	0.445	0.76	0.005	0	0.124	1	8.07	473	1.71	1
6065	1.63	4.864	0.253	0.754	0.005	0	0.155	1	6.452	480	2.984	1
6066	1.018	2.568	0.158	0.398	0.005	0	0.155	1	6.466	469	2.523	1
6067	1.905	3.307	0.21	0.364	0.005	0	0.11	1	9.055	499	1.736	1
6068	3.626	8.478	0.421	0.983	0.005	0	0.116	1	8.646	461	2.338	1
6069	1.167	3.137	0.713	1.917	0.005	0	0.611	1	1.637	481	2.688	1
6070	2.567	5.09	2.015	3.996	0.005	0	0.785	1	1.274	471	1.983	1
6071	4.873	11.983	3.523	8.664	0.005	0	0.723	1	1.383	454	2.459	1
6072	2.021	4.163	0.645	1.328	0.005	0	0.319	1	3.138	467	2.06	1
6073	3.328	9.954	0.496	1.483	0.005	0	0.149	1	6.695	475	2.991	1
6074	3.988	6.796	0.459	0.782	0.005	0	0.115	1	8.713	480	1.704	1
6075	1.814	3.008	0.185	0.307	0.005	0	0.102	1	9.797	497	1.658	1
6076	1.802	3.431	0.214	0.408	0.005	0	0.119	1	8.404	493	1.904	1
6077	1.516	4.139	0.173	0.472	0.005	0	0.114	1	8.751	450	2.73	1
6078	4.327	7.118	0.593	0.975	0.005	0	0.137	1	7.29	457	1.645	1
6079	4.832	9.253	0.763	1.462	0.005	0	0.158	1	6.328	486	1.915	1
6080	1.405	3.244	0.254	0.587	0.005	0	0.181	1	5.518	464	2.309	1
6081	1.268	2.828	0.306	0.682	0.005	0	0.241	1	4.141	458	2.23	1
6082	4.894	14.408	3.416	10.057	0.005	0	0.698	1	1.433	492	2.944	1
6083	1.165	2.633	0.137	0.311	0.005	0	0.118	1	8.475	477	2.26	1
6084	4.482	11.192	1.179	2.943	0.005	0	0.263	1	3.803	450	2.497	1
6085	2.198	4.301	0.437	0.856	0.005	0	0.199	1	5.032	489	1.957	1
6086	2.958	5.943	0.603	1.212	0.005	0	0.204	1	4.896	458	2.009	1
6087	4.429	7.37	0.673	1.12	0.005	0	0.152	1	6.59	497	1.664	1
6088	4.432	12.693	0.94	2.691	0.005	0	0.212	1	4.727	463	2.864	1
6089	4.838	11.476	1.263	2.995	0.005	0	0.261	1	3.829	486	2.372	1
6090	1.683	3.911	0.236	0.548	0.005	0	0.14	1	7.134	466	2.324	1
6091	2.456	7.095	1.734	5.009	0.005	0	0.706	1	1.416	490	2.889	1
6092	2.648	5.889	0.421	0.936	0.005	0	0.159	1	6.29	461	2.224	1
6093	2.659	7.573	0.441	1.257	0.005	0	0.166	1	6.02	471	2.848	1
6094	2.244	3.496	0.442	0.689	0.005	0	0.197	1	5.083	462	1.558	1
6095	2.643	4.702	0.891	1.585	0.005	0	0.337	1	2.968	468	1.779	1
6096	3.25	5.428	0.549	0.917	0.005	0	0.169	1	5.91	482	1.67	1
6097	2.426	3.729	0.56	0.861	0.005	0	0.231	1	4.324	471	1.537	1
6098	1.21	2.479	0.186	0.382	0.005	0	0.154	1	6.501	498	2.049	1
6099	1.971	3.792	0.394	0.758	0.005	0	0.2	1	4.99	465	1.924	1
6100	4.494	13.145	0.791	2.314	0.005	0	0.176	1	5.692	462	2.925	1
6101	3.603	6.903	2.028	3.886	0.005	0	0.563	1	1.776	493	1.916	1
6102	2.916	6.278	0.318	0.684	0.005	0	0.109	1	9.209	476	2.153	1
6103	2.256	4.995	0.58	1.284	0.005	0	0.257	1	3.888	497	2.214	1
6104	1.552	4.538	0.205	0.599	0.005	0	0.132	1	7.579	498	2.924	1
6105	1.381	3.533	0.94	2.406	0.005	0	0.681	1	1.469	451	2.558	1
6106	2.605	6.203	0.302	0.72	0.005	0	0.116	1	8.636	475	2.381	1
6107	2.732	7.532	0.888	2.448	0.005	0	0.325	1	3.073	485	2.757	1
6108	2.675	8.009	0.629	1.882	0.005	0	0.235	1	4.259	476	2.994	1
6109	4.904	12.039	1.133	2.781	0.005	0	0.231	1	4.336	494	2.455	1
6110	2.289	5.848	0.494	1.263	0.005	0	0.216	1	4.623	479	2.555	1
6111	4.629	11.198	2.967	7.178	0.005	0	0.641	1	1.559	497	2.419	1
6112	3.534	9.45	0.908	2.429	0.005	0	0.257	1	3.894	480	2.674	1
6113	3.017	7.908	0.392	1.028	0.005	0	0.13	1	7.665	470	2.621	1
6114	4.106	6.808	1.125	1.865	0.005	0	0.274	1	3.647	484	1.658	1
6115	3.403	8.783	1.062	2.74	0.005	0	0.312	1	3.207	470	2.581	1
6116	2.518	5.013	0.622	1.238	0.005	0	0.247	1	4.041	467	1.991	1
6117	3.706	6.986	0.7	1.32	0.005	0	0.189	1	5.301	469	1.885	1
6118	2.268	6.729	0.671	1.992	0.005	0	0.296	1	3.379	493	2.967	1
6119	3.897	8.753	0.963	2.162	0.005	0	0.247	1	4.056	477	2.246	1
6120	2.543	6.218	0.303	0.74	0.005	0	0.119	1	8.403	477	2.445	1
6121	3.432	7.955	2.234	5.179	0.005	0	0.651	1	1.535	489	2.318	1
6122	4.27	8.745	0.547	1.119	0.005	0	0.128	1	7.831	464	2.048	1
6123	1.05	1.838	0.119	0.208	0.005	0	0.113	1	8.852	487	1.75	1
6124	2.753	4.779	0.897	1.558	0.005	0	0.326	1	3.068	455	1.736	1
6125	4.729	10.9	0.846	1.951	0.005	0	0.179	1	5.576	458	2.305	1
6126	2.367	4.107	0.544	0.945	0.005	0	0.23	1	4.339	471	1.735	1
6127	3.507	9.655	0.596	1.641	0.005	0	0.17	1	5.869	481	2.753	1
6128	2.019	5.082	1.385	3.486	0.005	0	0.686	1	1.457	466	2.517	1
6129	3.304	5.746	1.011	1.758	0.005	0	0.306	1	3.264	493	1.739	1
6130	2.529	3.993	0.331	0.523	0.005	0	0.131	1	7.616	469	1.579	1
6131	1.175	2.26	0.118	0.226	0.005	0	0.1	1	9.98	472	1.923	1
6132	3.047	7.855	0.311	0.801	0.005	0	0.102	1	9.823	460	2.578	1
6133	3.419	8.089	0.728	1.723	0.005	0	0.213	1	4.701	478	2.366	1
6134	3.805	9.425	0.464	1.15	0.005	0	0.122	1	8.169	489	2.477	1
6135	2.102	6.075	0.328	0.948	0.005	0	0.156	1	6.397	453	2.89	1
6136	3.607	10.092	0.729	2.039	0.005	0	0.202	1	4.941	487	2.798	1
6137	3.442	10.037	0.344	1.004	0.005	0	0.1	1	9.958	497	2.916	1
6138	3.47	6.329	1.398	2.551	0.005	0	0.403	1	2.481	498	1.824	1
6139	2.304	6.168	0.472	1.264	0.005	0	0.205	1	4.883	480	2.677	1
6140	1.362	3.462	0.663	1.686	0.005	0	0.487	1	2.053	453	2.542	1
6141	1.337	2.138	0.463	0.74	0.005	0	0.346	1	2.888	493	1.599	1
6142	4.464	8.464	0.585	1.109	0.005	0	0.131	1	7.646	452	1.896	1
6143	3.924	6.349	1.821	2.946	0.005	0	0.464	1	2.153	464	1.618	1
6144	1.577	3.23	0.216	0.443	0.005	0	0.137	1	7.306	491	2.048	1
6145	2.665	7.297	1.506	4.123	0.005	0	0.565	1	1.769	466	2.738	1
6146	1.754	2.903	0.195	0.322	0.005	0	0.111	1	9.03	459	1.655	1
6147	4.222	8.68	1.034	2.127	0.005	0	0.245	1	4.075	489	2.056	1
6148	2.657	4.804	0.393	0.711	0.005	0	0.148	1	6.76	450	1.808	1
6149	4.126	10.1	2.868	7.019	0.005	0	0.695	1	1.438	485	2.448	1
6150	4.456	9.135	3.262	6.687	0.005	0	0.732	1	1.367	458	2.05	1
6151	4.829	11.971	0.555	1.377	0.005	0	0.115	1	8.723	469	2.479	1
6152	1.186	2.668	0.123	0.277	0.005	0	0.104	1	9.652	488	2.25	1
6153	1.109	3.135	0.133	0.376	0.005	0	0.12	1	8.306	463	2.827	1
6154	3.955	6.767	1.815	3.106	0.005	0	0.459	1	2.181	489	1.711	1
6155	3.408	6.802	0.409	0.816	0.005	0	0.12	1	8.319	481	1.996	1
6156	4.132	8.152	1.165	2.299	0.005	0	0.282	1	3.549	484	1.973	1
6157	4.968	10.487	0.73	1.542	0.005	0	0.147	1	6.814	478	2.111	1
6158	2.599	5.759	0.431	0.956	0.005	0	0.166	1	6.02	457	2.216	1
6159	4.063	8.268	1.377	2.803	0.005	0	0.339	1	2.946	492	2.035	1
6160	1.345	2.759	0.167	0.342	0.005	0	0.124	1	8.064	459	2.051	1
6161	1.834	4.783	0.268	0.698	0.005	0	0.146	1	6.869	465	2.608	1
6162	4.373	9.31	1.382	2.942	0.005	0	0.316	1	3.167	485	2.129	1
6163	4.774	8.374	3.423	6.004	0.005	0	0.717	1	1.395	476	1.754	1
6164	1.865	4.232	0.558	1.265	0.005	0	0.299	1	3.346	464	2.269	1
6165	4.522	7.76	1.09	1.87	0.005	0	0.241	1	4.143	486	1.716	1
6166	1.015	2.626	0.246	0.635	0.005	0	0.242	1	4.136	475	2.587	1
6167	2.852	6.457	0.331	0.749	0.005	0	0.116	1	8.606	463	2.264	1
6168	1.349	3.262	0.228	0.551	0.005	0	0.169	1	5.91	498	2.418	1
6169	4.082	11.732	1.727	4.963	0.005	0	0.423	1	2.365	456	2.874	1
6170	1.419	3.339	0.15	0.354	0.005	0	0.106	1	9.438	466	2.353	1
6171	3.95	9.934	0.699	1.758	0.005	0	0.177	1	5.638	454	2.515	1
6172	4.111	8.115	0.432	0.852	0.005	0	0.105	1	9.531	462	1.974	1
6173	2.985	7.209	2.113	5.104	0.005	0	0.708	1	1.412	481	2.415	1
6174	1.924	4.285	1.787	3.981	0.005	0	0.929	1	1.076	458	2.227	1
6175	3.36	6.33	1.499	2.823	0.005	0	0.446	1	2.241	458	1.884	1
6176	1.895	3.532	0.343	0.639	0.005	0	0.181	1	5.522	475	1.864	1
6177	2.62	7.09	0.456	1.234	0.005	0	0.174	1	5.743	478	2.706	1
6178	2.673	6.18	1.147	2.651	0.005	0	0.429	1	2.329	451	2.312	1
6179	1.561	4.265	0.498	1.361	0.005	0	0.319	1	3.132	464	2.732	1
6180	4.171	8.976	0.621	1.337	0.005	0	0.149	1	6.69	473	2.152	1
6181	3.686	7.438	0.763	1.54	0.005	0	0.207	1	4.821	463	2.018	1
6182	1.534	2.666	0.847	1.472	0.005	0	0.552	1	1.812	489	1.738	1
6183	2.745	4.559	0.36	0.597	0.005	0	0.131	1	7.645	455	1.661	1
6184	2.676	7.051	0.278	0.733	0.005	0	0.104	1	9.575	479	2.635	1
6185	2.989	5.299	2.024	3.587	0.005	0	0.677	1	1.477	465	1.773	1
6186	1.544	3.638	0.9	2.121	0.005	0	0.583	1	1.714	456	2.356	1
6187	1.048	2.401	0.129	0.295	0.005	0	0.123	1	8.129	488	2.291	1
6188	1.701	4.72	0.384	1.067	0.005	0	0.226	1	4.431	483	2.775	1
6189	3.211	5.166	0.437	0.703	0.005	0	0.136	1	7.376	472	1.609	1
6190	2.422	4.144	1.09	1.865	0.005	0	0.45	1	2.222	468	1.711	1
6191	4.61	13.24	1.803	5.177	0.005	0	0.391	1	2.555	464	2.872	1
6192	3.92	6.029	0.455	0.699	0.005	0	0.116	1	8.627	480	1.538	1
6193	3.45	5.548	0.4	0.644	0.005	0	0.116	1	8.636	460	1.608	1
6194	1.172	3.306	0.52	1.468	0.005	0	0.444	1	2.25	484	2.821	1
6195	2.979	6.604	0.441	0.977	0.005	0	0.148	1	6.779	463	2.217	1
6196	4.444	8.457	1.249	2.376	0.005	0	0.281	1	3.562	479	1.903	1
6197	4.937	8.023	0.509	0.826	0.005	0	0.103	1	9.704	455	1.625	1
6198	2.695	6.964	0.375	0.968	0.005	0	0.139	1	7.202	495	2.584	1
6199	4.846	8.355	1.274	2.197	0.005	0	0.263	1	3.804	463	1.724	1
6200	2.518	5.509	0.476	1.041	0.005	0	0.189	1	5.305	451	2.188	1
6201	2.481	5.59	0.417	0.939	0.005	0	0.168	1	5.952	485	2.253	1
6202	4.445	11.21	1.165	2.937	0.005	0	0.262	1	3.81	490	2.522	1
6203	3.126	6.546	0.835	1.748	0.005	0	0.267	1	3.742	484	2.094	1
6204	1.065	2.254	0.501	1.059	0.005	0	0.47	1	2.128	473	2.116	1
6205	3.245	7.756	0.441	1.055	0.005	0	0.136	1	7.34	479	2.39	1
6206	1.342	2.844	1.106	2.343	0.005	0	0.824	1	1.213	452	2.119	1
6207	4.269	7.791	0.465	0.849	0.005	0	0.109	1	9.147	460	1.825	1
6208	4.987	11.021	2.653	5.863	0.005	0	0.532	1	1.881	460	2.21	1
6209	4.341	6.516	0.517	0.775	0.005	0	0.119	1	8.375	478	1.501	1
6210	4.661	13.27	1.417	4.034	0.005	0	0.304	1	3.292	469	2.847	1
6211	4.647	13.769	0.558	1.652	0.005	0	0.12	1	8.346	495	2.963	1
6212	1.774	3.929	0.263	0.581	0.005	0	0.148	1	6.752	465	2.215	1
6213	3.474	6.121	1.344	2.369	0.005	0	0.387	1	2.586	466	1.762	1
6214	2.789	5.737	0.761	1.566	0.005	0	0.273	1	3.661	462	2.057	1
6215	3.081	5.225	0.613	1.04	0.005	0	0.199	1	5.014	468	1.696	1
6216	2.3	6.615	0.281	0.807	0.005	0	0.122	1	8.214	455	2.876	1
6217	2.279	4.77	0.481	1.006	0.005	0	0.211	1	4.742	479	2.093	1
6218	2.636	5.354	0.393	0.798	0.005	0	0.149	1	6.709	478	2.031	1
6219	2.877	8.432	0.886	2.597	0.005	0	0.308	1	3.247	482	2.931	1
6220	4.653	8.208	0.47	0.829	0.005	0	0.101	1	9.919	459	1.764	1
6221	1.456	4.217	0.163	0.472	0.005	0	0.112	1	8.942	476	2.896	1
6222	3.271	8.891	0.471	1.28	0.005	0	0.144	1	6.939	478	2.718	1
6223	4.278	11.85	0.868	2.406	0.005	0	0.203	1	4.93	498	2.77	1
6224	4.505	7.537	0.59	0.987	0.005	0	0.131	1	7.644	456	1.673	1
6225	2.381	7.055	0.24	0.713	0.005	0	0.101	1	9.893	486	2.963	1
6226	2.094	4.347	0.473	0.982	0.005	0	0.226	1	4.424	488	2.076	1
6227	4.689	12.848	1.332	3.649	0.005	0	0.284	1	3.525	494	2.74	1
6228	4.518	12.009	2.038	5.416	0.005	0	0.451	1	2.215	457	2.658	1
6229	1.168	1.765	1.076	1.626	0.005	0	0.921	1	1.086	455	1.511	1
6230	1.205	2.804	0.177	0.412	0.005	0	0.147	1	6.809	493	2.327	1
6231	1.504	4.267	0.203	0.576	0.005	0	0.135	1	7.427	492	2.837	1
6232	2.091	4.51	1.811	3.906	0.005	0	0.866	1	1.155	496	2.157	1
6233	2.741	6.173	1.647	3.71	0.005	0	0.601	1	1.665	490	2.252	1
6234	1.383	2.658	0.162	0.311	0.005	0	0.117	1	8.517	494	1.922	1
6235	2.693	6.824	0.727	1.842	0.005	0	0.27	1	3.704	475	2.534	1
6236	4.677	13.956	1.59	4.745	0.005	0	0.34	1	2.945	452	2.984	1
6237	3.298	8.644	1.412	3.7	0.005	0	0.428	1	2.338	493	2.621	1
6238	2.685	6.235	0.282	0.655	0.005	0	0.105	1	9.566	468	2.322	1
6239	1.586	4.614	0.646	1.878	0.005	0	0.407	1	2.457	483	2.909	1
6240	4.23	12.588	0.842	2.505	0.005	0	0.199	1	5.028	497	2.976	1
6241	1.506	3.744	0.226	0.562	0.005	0	0.15	1	6.68	466	2.486	1
6242	2.517	4.022	0.269	0.43	0.005	0	0.107	1	9.335	472	1.598	1
6243	1.188	3.031	0.175	0.446	0.005	0	0.147	1	6.793	451	2.551	1
6244	4.121	10.834	0.631	1.658	0.005	0	0.153	1	6.527	483	2.629	1
6245	1.565	4.399	0.706	1.984	0.005	0	0.451	1	2.216	478	2.811	1
6246	4.69	11.406	1.318	3.205	0.005	0	0.281	1	3.556	452	2.432	1
6247	4.451	6.988	0.89	1.398	0.005	0	0.2	1	5.011	454	1.57	1
6248	4.372	7.004	0.551	0.883	0.005	0	0.126	1	7.962	451	1.602	1
6249	2.432	5.217	1.501	3.219	0.005	0	0.617	1	1.621	462	2.145	1
6250	1.882	3.297	0.378	0.663	0.005	0	0.201	1	4.963	473	1.752	1
6251	2.391	6.269	0.28	0.733	0.005	0	0.117	1	8.528	482	2.622	1
6252	1.509	3.81	0.161	0.408	0.005	0	0.107	1	9.372	475	2.525	1
6253	4.062	6.446	1.58	2.507	0.005	0	0.389	1	2.568	465	1.587	1
6254	4.202	7.732	1.227	2.258	0.005	0	0.292	1	3.428	490	1.84	1
6255	1.884	5.104	0.224	0.607	0.005	0	0.119	1	8.371	467	2.709	1
6256	3.385	7.329	0.677	1.466	0.005	0	0.2	1	5.008	461	2.165	1
6257	3.857	11.208	0.409	1.188	0.005	0	0.106	1	9.429	473	2.906	1
6258	3.853	10.958	0.416	1.183	0.005	0	0.108	1	9.236	467	2.844	1
6259	3.916	10.46	1.253	3.347	0.005	0	0.32	1	3.123	460	2.671	1
6260	4.662	12.639	1.17	3.172	0.005	0	0.251	1	3.979	457	2.711	1
6261	4.39	8.907	0.566	1.149	0.005	0	0.129	1	7.723	475	2.029	1
6262	2.682	6.979	0.611	1.591	0.005	0	0.228	1	4.394	492	2.602	1
6263	3.249	5.458	0.845	1.419	0.005	0	0.26	1	3.845	470	1.68	1
6264	1.241	1.945	0.34	0.533	0.005	0	0.274	1	3.643	452	1.567	1
6265	3.161	8.996	1.324	3.769	0.005	0	0.419	1	2.388	470	2.846	1
6266	2.961	4.969	0.4	0.671	0.005	0	0.135	1	7.403	472	1.678	1
6267	3.128	7.883	0.432	1.088	0.005	0	0.138	1	7.233	486	2.52	1
6268	1.885	5.197	0.226	0.624	0.005	0	0.12	1	8.302	486	2.757	1
6269	4.83	12.403	1.27	3.262	0.005	0	0.263	1	3.798	478	2.568	1
6270	3.603	10.726	0.458	1.362	0.005	0	0.127	1	7.894	451	2.977	1
6271	3.758	6.035	1.214	1.949	0.005	0	0.323	1	3.1	472	1.606	1
6272	4.384	10.149	1.008	2.334	0.005	0	0.23	1	4.351	483	2.315	1
6273	3.44	8.383	0.423	1.031	0.005	0	0.123	1	8.162	464	2.437	1
6274	1.646	2.966	0.588	1.059	0.005	0	0.357	1	2.804	482	1.802	1
6275	3.765	8.26	1.291	2.833	0.005	0	0.343	1	2.917	499	2.194	1
6276	3.153	5.943	0.407	0.767	0.005	0	0.129	1	7.741	494	1.885	1
6277	4.016	8.586	0.406	0.867	0.005	0	0.101	1	9.942	483	2.138	1
6278	2.192	4.138	2.039	3.848	0.005	0	0.93	1	1.075	453	1.888	1
6279	4.76	13.418	1.452	4.092	0.005	0	0.305	1	3.281	458	2.819	1
6280	3.524	5.755	1.011	1.652	0.005	0	0.287	1	3.481	457	1.633	1
6281	4.747	8.464	0.921	1.642	0.005	0	0.194	1	5.156	493	1.783	1
6282	3.911	9.367	0.649	1.555	0.005	0	0.166	1	6.011	470	2.395	1
6283	1.218	2.276	0.252	0.471	0.005	0	0.207	1	4.828	472	1.869	1
6284	4.361	12.612	0.711	2.056	0.005	0	0.163	1	6.144	477	2.892	1
6285	2.551	3.842	0.304	0.457	0.005	0	0.119	1	8.377	469	1.506	1
6286	1.637	3.153	0.282	0.542	0.005	0	0.172	1	5.809	474	1.926	1
6287	4.62	7.179	3.294	5.119	0.005	0	0.713	1	1.402	451	1.554	1
6288	4.142	9.054	0.443	0.969	0.005	0	0.107	1	9.32	459	2.186	1
6289	1.367	2.317	0.137	0.232	0.005	0	0.1	1	9.969	462	1.695	1
6290	1.729	4.831	0.373	1.043	0.005	0	0.216	1	4.638	475	2.794	1
6291	4.639	7.047	1.387	2.107	0.005	0	0.299	1	3.343	494	1.519	1
6292	1.092	3.191	0.163	0.475	0.005	0	0.149	1	6.731	460	2.922	1
6293	4.424	7.207	1.579	2.573	0.005	0	0.357	1	2.799	452	1.629	1
6294	2.326	3.745	0.402	0.648	0.005	0	0.173	1	5.794	485	1.61	1
6295	4.639	12.938	1.076	3.002	0.005	0	0.232	1	4.319	496	2.789	1
6296	1.003	2.73	0.72	1.96	0.005	0	0.718	1	1.392	477	2.722	1
6297	4.571	7.931	1.595	2.768	0.005	0	0.349	1	2.868	464	1.735	1
6298	2.147	4.665	0.676	1.469	0.005	0	0.315	1	3.172	461	2.173	1
6299	1.921	5.675	0.325	0.959	0.005	0	0.169	1	5.911	477	2.954	1
6300	1.978	3.958	0.216	0.431	0.005	0	0.109	1	9.151	468	2.001	1
6301	2.736	5.735	0.279	0.585	0.005	0	0.102	1	9.76	491	2.096	1
6302	1.678	4.88	0.245	0.712	0.005	0	0.146	1	6.847	480	2.908	1
6303	3.641	8.542	1.351	3.169	0.005	0	0.371	1	2.693	460	2.346	1
6304	3.117	6.041	0.455	0.882	0.005	0	0.146	1	6.826	480	1.938	1
6305	2.538	6.205	0.503	1.229	0.005	0	0.198	1	5.043	491	2.445	1
6306	2.431	4.359	0.52	0.933	0.005	0	0.214	1	4.672	479	1.793	1
6307	4.939	9.582	0.553	1.073	0.005	0	0.112	1	8.951	494	1.94	1
6308	3.367	9.741	2.394	6.926	0.005	0	0.711	1	1.406	456	2.893	1
6309	2.784	7.238	0.621	1.614	0.005	0	0.223	1	4.492	486	2.6	1
6310	2.587	4.773	0.308	0.568	0.005	0	0.119	1	8.387	464	1.845	1
6311	4.643	8.706	0.729	1.367	0.005	0	0.157	1	6.374	467	1.875	1
6312	4.428	11.234	0.855	2.168	0.005	0	0.193	1	5.179	466	2.537	1
6313	4.219	8.21	0.481	0.936	0.005	0	0.114	1	8.739	495	1.946	1
6314	4.673	12.444	0.64	1.705	0.005	0	0.137	1	7.311	496	2.663	1
6315	1.598	2.541	0.679	1.08	0.005	0	0.425	1	2.354	451	1.59	1
6316	2.601	4.775	1.472	2.703	0.005	0	0.566	1	1.767	463	1.836	1
6317	4.337	8.058	2.286	4.247	0.005	0	0.527	1	1.896	462	1.858	1
6318	2.149	6.054	0.842	2.373	0.005	0	0.392	1	2.549	470	2.817	1
6319	3.315	8.069	1.704	4.147	0.005	0	0.514	1	1.945	475	2.434	1
6320	4.834	10.441	3.543	7.653	0.005	0	0.733	1	1.365	452	2.16	1
6321	3.878	9.156	1.167	2.756	0.005	0	0.301	1	3.322	460	2.361	1
6322	3.399	7.712	0.476	1.08	0.005	0	0.14	1	7.131	465	2.269	1
6323	2.649	5.354	0.903	1.826	0.005	0	0.341	1	2.935	484	2.021	1
6324	4.856	11.009	1.292	2.928	0.005	0	0.266	1	3.757	481	2.267	1
6325	3.562	5.76	1.136	1.837	0.005	0	0.319	1	3.134	456	1.617	1
6326	2.904	6.186	0.653	1.392	0.005	0	0.225	1	4.45	474	2.13	1
6327	4.351	8.867	0.627	1.277	0.005	0	0.144	1	6.941	451	2.038	1
6328	2.717	6.458	2.019	4.798	0.005	0	0.743	1	1.345	483	2.377	1
6329	1.536	4.434	0.247	0.714	0.005	0	0.161	1	6.216	473	2.887	1
6330	2.926	5.826	1.7	3.385	0.005	0	0.581	1	1.721	458	1.991	1
6331	1.779	5.228	0.217	0.638	0.005	0	0.122	1	8.173	484	2.939	1
6332	1.167	2.059	0.168	0.296	0.005	0	0.144	1	6.939	484	1.764	1
6333	1.985	4.182	0.367	0.774	0.005	0	0.185	1	5.397	451	2.107	1
6334	1.851	3.311	0.409	0.732	0.005	0	0.221	1	4.522	497	1.789	1
6335	4.925	10.938	0.596	1.323	0.005	0	0.121	1	8.264	466	2.221	1
6336	3.169	6.271	0.498	0.985	0.005	0	0.157	1	6.364	475	1.979	1
6337	1.244	3.139	0.557	1.406	0.005	0	0.448	1	2.23	477	2.523	1
6338	1.99	5.074	1.427	3.638	0.005	0	0.717	1	1.395	497	2.55	1
6339	3.051	8.39	0.546	1.502	0.005	0	0.179	1	5.589	498	2.75	1
6340	1.809	4.539	0.204	0.513	0.005	0	0.113	1	8.818	453	2.509	1
6341	3.378	5.601	0.513	0.851	0.005	0	0.152	1	6.567	477	1.658	1
6342	2.93	7.381	1.154	2.908	0.005	0	0.394	1	2.539	456	2.519	1
6343	4.434	8.974	1.632	3.302	0.005	0	0.368	1	2.719	456	2.024	1
6344	2.16	4.536	0.322	0.676	0.005	0	0.149	1	6.69	493	2.1	1
6345	3.876	8.202	0.678	1.435	0.005	0	0.175	1	5.717	480	2.116	1
6346	1.486	3.895	0.276	0.724	0.005	0	0.186	1	5.363	489	2.621	1
6347	1.237	3.379	0.586	1.602	0.005	0	0.474	1	2.111	487	2.732	1
6348	2.471	7.037	0.299	0.851	0.005	0	0.121	1	8.245	498	2.848	1
6349	3.65	9.789	0.533	1.429	0.005	0	0.146	1	6.866	455	2.682	1
6350	3.472	9.329	0.778	2.09	0.005	0	0.224	1	4.474	482	2.687	1
6351	4.366	12.474	1.166	3.331	0.005	0	0.267	1	3.741	492	2.857	1
6352	1.079	2.781	0.638	1.644	0.005	0	0.591	1	1.692	470	2.577	1
6353	3.703	8.487	0.522	1.197	0.005	0	0.141	1	7.085	455	2.292	1
6354	2.829	5.098	0.337	0.607	0.005	0	0.119	1	8.369	493	1.802	1
6355	2.194	6.259	0.671	1.915	0.005	0	0.306	1	3.263	484	2.853	1
6356	2.44	7.225	0.483	1.431	0.005	0	0.198	1	5.055	461	2.961	1
6357	1.646	4.357	0.199	0.527	0.005	0	0.121	1	8.242	492	2.647	1
6358	1.524	2.352	0.526	0.811	0.005	0	0.345	1	2.895	456	1.543	1
6359	2.098	5.289	0.573	1.444	0.005	0	0.273	1	3.667	455	2.521	1
6360	1.87	5.339	0.509	1.452	0.005	0	0.272	1	3.674	483	2.855	1
6361	3.531	9.181	0.946	2.461	0.005	0	0.268	1	3.728	471	2.6	1
6362	2.857	6.58	0.514	1.184	0.005	0	0.18	1	5.544	475	2.303	1
6363	2.978	4.899	0.474	0.779	0.005	0	0.159	1	6.273	485	1.645	1
6364	3.228	9.216	0.365	1.041	0.005	0	0.113	1	8.823	477	2.855	1
6365	2.456	4.455	0.273	0.495	0.005	0	0.111	1	8.998	457	1.814	1
6366	3.187	6.903	0.682	1.477	0.005	0	0.214	1	4.664	496	2.166	1
6367	2.46	4.44	1.296	2.34	0.005	0	0.527	1	1.897	460	1.805	1
6368	2.352	3.702	0.706	1.111	0.005	0	0.3	1	3.337	498	1.574	1
6369	1.625	3.512	0.461	0.997	0.005	0	0.284	1	3.526	462	2.161	1
6370	4.916	12.698	3.53	9.117	0.005	0	0.718	1	1.392	477	2.583	1
6371	1.918	3.431	0.531	0.95	0.005	0	0.277	1	3.611	472	1.789	1
6372	3.283	8.139	0.401	0.993	0.005	0	0.122	1	8.22	473	2.479	1
6373	2.042	4.537	0.225	0.499	0.005	0	0.11	1	9.114	487	2.222	1
6374	3.784	6.452	0.552	0.942	0.005	0	0.146	1	6.866	457	1.705	1
6375	4.066	7.111	1.147	2.005	0.005	0	0.282	1	3.545	476	1.749	1
6376	1.609	3.59	0.438	0.976	0.005	0	0.272	1	3.68	454	2.231	1
6377	1.014	2.484	0.366	0.897	0.005	0	0.361	1	2.768	463	2.45	1
6378	4.051	6.988	0.786	1.356	0.005	0	0.194	1	5.145	491	1.725	1
6379	1.257	2.558	0.136	0.276	0.005	0	0.108	1	9.274	481	2.035	1
6380	4.165	11.762	0.433	1.223	0.005	0	0.104	1	9.572	497	2.824	1
6381	2.201	4.34	0.486	0.959	0.005	0	0.221	1	4.525	459	1.972	1
6382	4.727	12.267	0.7	1.816	0.005	0	0.148	1	6.761	464	2.595	1
6383	1.077	1.623	0.275	0.414	0.005	0	0.255	1	3.92	482	1.507	1
6384	4.774	11.162	1.499	3.505	0.005	0	0.314	1	3.189	453	2.338	1
6385	4.045	7.427	0.659	1.211	0.005	0	0.163	1	6.149	499	1.836	1
6386	3.641	5.669	0.444	0.692	0.005	0	0.122	1	8.205	479	1.557	1
6387	4.723	7.958	1.823	3.072	0.005	0	0.386	1	2.589	463	1.685	1
6388	2.91	5.733	0.585	1.152	0.005	0	0.201	1	4.973	454	1.97	1
6389	2.646	7.123	0.439	1.182	0.005	0	0.166	1	6.011	459	2.692	1
6390	1.374	2.788	0.278	0.563	0.005	0	0.202	1	4.958	468	2.029	1
6391	3.689	6.821	0.664	1.228	0.005	0	0.18	1	5.549	464	1.849	1
6392	4.561	9.957	0.547	1.195	0.005	0	0.12	1	8.317	471	2.183	1
6393	3.049	8.26	0.402	1.09	0.005	0	0.132	1	7.591	470	2.709	1
6394	1.898	4.84	0.214	0.547	0.005	0	0.113	1	8.843	471	2.55	1
6395	3.077	7.308	0.634	1.505	0.005	0	0.206	1	4.861	454	2.375	1
6396	1.831	4.861	0.262	0.695	0.005	0	0.143	1	6.986	497	2.655	1
6397	2.056	3.339	0.236	0.384	0.005	0	0.115	1	8.697	459	1.624	1
6398	2.947	7.594	0.374	0.964	0.005	0	0.127	1	7.849	463	2.577	1
6399	3.535	9.654	0.421	1.149	0.005	0	0.119	1	8.378	497	2.731	1
6400	1.225	2.21	0.19	0.343	0.005	0	0.155	1	6.464	498	1.804	1
6401	1.825	3.395	0.248	0.462	0.005	0	0.136	1	7.334	461	1.86	1
6402	3.325	8.928	0.382	1.027	0.005	0	0.115	1	8.714	457	2.685	1
6403	1.455	3.402	0.316	0.738	0.005	0	0.217	1	4.609	471	2.338	1
6404	2.874	6.653	0.42	0.971	0.005	0	0.146	1	6.848	451	2.315	1
6405	4.904	11.951	0.505	1.231	0.005	0	0.103	1	9.754	468	2.437	1
6406	1.816	4.671	0.378	0.972	0.005	0	0.208	1	4.804	452	2.572	1
6407	2.013	5.681	0.652	1.841	0.005	0	0.324	1	3.087	456	2.822	1
6408	2.841	7.071	0.472	1.174	0.005	0	0.166	1	6.013	464	2.489	1
6409	2.4	5.758	0.814	1.952	0.005	0	0.339	1	2.947	459	2.399	1
6410	4.108	8.352	1.331	2.706	0.005	0	0.324	1	3.087	457	2.033	1
6411	1.083	1.76	0.261	0.424	0.005	0	0.241	1	4.153	480	1.625	1
6412	4.434	10.659	2.479	5.958	0.005	0	0.559	1	1.788	456	2.404	1
6413	1.26	2.376	0.238	0.449	0.005	0	0.189	1	5.3	456	1.886	1
6414	4.299	7.897	0.477	0.877	0.005	0	0.111	1	8.981	473	1.837	1
6415	4.443	7.833	0.822	1.449	0.005	0	0.185	1	5.394	462	1.763	1
6416	3.852	9.923	0.686	1.766	0.005	0	0.178	1	5.626	462	2.576	1
6417	1.931	3.58	0.195	0.362	0.005	0	0.101	1	9.863	452	1.854	1
6418	1.572	4.373	0.344	0.958	0.005	0	0.219	1	4.557	483	2.782	1
6419	1.141	3.045	0.634	1.693	0.005	0	0.556	1	1.8	450	2.669	1
6420	2.006	4.967	0.945	2.339	0.005	0	0.471	1	2.123	490	2.476	1
6421	2.382	3.792	1.289	2.051	0.005	0	0.541	1	1.849	498	1.592	1
6422	2.94	8.032	1.429	3.904	0.005	0	0.486	1	2.056	481	2.732	1
6423	2.042	5.934	0.225	0.653	0.005	0	0.11	1	9.131	461	2.906	1
6424	3.71	6.415	1.202	2.078	0.005	0	0.324	1	3.089	473	1.729	1
6425	2.485	4.714	0.601	1.141	0.005	0	0.242	1	4.125	477	1.897	1
6426	2.165	4.237	0.281	0.551	0.005	0	0.13	1	7.708	481	1.957	1
6427	1.243	2.536	0.179	0.365	0.005	0	0.144	1	6.929	477	2.04	1
6428	2.477	6.876	2.46	6.828	0.005	0	0.993	1	1.007	495	2.776	1
6429	3.643	6.026	1.315	2.175	0.005	0	0.361	1	2.77	491	1.654	1
6430	2.157	6.022	0.317	0.885	0.005	0	0.147	1	6.809	499	2.792	1
6431	4.705	7.966	0.588	0.996	0.005	0	0.125	1	7.977	457	1.693	1
6432	4.855	13.269	0.539	1.473	0.005	0	0.111	1	9.014	493	2.733	1
6433	3.84	8.133	0.818	1.732	0.005	0	0.213	1	4.686	468	2.118	1
6434	4.993	11.744	2.262	5.32	0.005	0	0.453	1	2.207	456	2.352	1
6435	4.763	8.364	0.695	1.221	0.005	0	0.146	1	6.868	453	1.756	1
6436	2.208	3.378	0.552	0.844	0.005	0	0.25	1	4.006	465	1.53	1
6437	1.951	5.352	0.289	0.792	0.005	0	0.148	1	6.773	489	2.743	1
6438	2.725	6.254	0.452	1.038	0.005	0	0.166	1	6.018	470	2.295	1
6439	2.98	4.539	0.301	0.458	0.005	0	0.101	1	9.893	460	1.523	1
6440	3.961	6.033	1.39	2.118	0.005	0	0.351	1	2.851	454	1.523	1
6441	2.972	7.769	0.377	0.987	0.005	0	0.127	1	7.845	476	2.614	1
6442	2.402	4.057	0.411	0.694	0.005	0	0.171	1	5.858	497	1.689	1
6443	4.239	9.194	1.212	2.629	0.005	0	0.286	1	3.494	473	2.169	1
6444	1.466	3.942	0.17	0.457	0.005	0	0.116	1	8.638	474	2.689	1
6445	2.757	6.074	0.342	0.753	0.005	0	0.124	1	8.05	489	2.203	1
6446	3.444	9.795	0.682	1.939	0.005	0	0.198	1	5.046	470	2.844	1
6447	3.016	7.447	0.311	0.767	0.005	0	0.103	1	9.71	490	2.469	1
6448	3.206	5.255	1.061	1.739	0.005	0	0.331	1	3.018	454	1.639	1
6449	1.542	2.402	0.703	1.095	0.005	0	0.456	1	2.194	491	1.558	1
6450	4.621	13.077	0.485	1.373	0.005	0	0.105	1	9.513	460	2.83	1
6451	3.313	9.8	0.547	1.617	0.005	0	0.165	1	6.071	458	2.958	1
6452	3.007	7.941	0.947	2.501	0.005	0	0.315	1	3.175	463	2.641	1
6453	2.724	7.802	1.515	4.338	0.005	0	0.556	1	1.798	460	2.864	1
6454	2.471	6.808	0.274	0.756	0.005	0	0.111	1	9.014	465	2.755	1
6455	2.576	4.843	0.384	0.722	0.005	0	0.149	1	6.721	486	1.88	1
6456	1.374	2.365	0.22	0.378	0.005	0	0.16	1	6.249	483	1.721	1
6457	2.399	5.395	0.662	1.489	0.005	0	0.276	1	3.62	483	2.249	1
6458	4.003	6.417	0.572	0.918	0.005	0	0.143	1	6.978	458	1.603	1
6459	3.872	10.749	0.771	2.139	0.005	0	0.199	1	5.034	499	2.776	1
6460	1.117	1.699	0.18	0.274	0.005	0	0.161	1	6.228	474	1.521	1
6461	1.448	3.545	0.223	0.546	0.005	0	0.154	1	6.482	453	2.448	1
6462	3.377	9.314	0.375	1.034	0.005	0	0.111	1	8.993	486	2.758	1
6463	1.119	1.862	0.141	0.235	0.005	0	0.126	1	7.923	454	1.664	1
6464	1.604	3.643	0.284	0.645	0.005	0	0.177	1	5.634	468	2.271	1
6465	1.236	2.734	0.211	0.468	0.005	0	0.171	1	5.832	493	2.212	1
6466	4.912	9.677	4.534	8.932	0.005	0	0.923	1	1.084	477	1.97	1
6467	2.3	6.309	0.324	0.89	0.005	0	0.141	1	7.108	477	2.743	1
6468	4.86	14.22	0.748	2.19	0.005	0	0.154	1	6.498	477	2.926	1
6469	3.04	6.883	0.344	0.778	0.005	0	0.113	1	8.829	479	2.264	1
6470	1.264	2.908	0.635	1.46	0.005	0	0.502	1	1.993	495	2.301	1
6471	3.63	7.961	1.009	2.213	0.005	0	0.278	1	3.603	481	2.193	1
6472	1.398	3.323	0.288	0.685	0.005	0	0.206	1	4.847	464	2.377	1
6473	2.449	6.84	1.038	2.9	0.005	0	0.424	1	2.356	489	2.793	1
6474	1.965	3.678	0.246	0.46	0.005	0	0.125	1	8.012	460	1.872	1
6475	2.811	7.68	0.343	0.937	0.005	0	0.122	1	8.187	465	2.732	1
6476	1.649	2.691	0.482	0.786	0.005	0	0.292	1	3.425	480	1.632	1
6477	4.269	12.252	0.739	2.12	0.005	0	0.173	1	5.771	454	2.87	1
6478	3.974	9.164	0.473	1.091	0.005	0	0.119	1	8.423	486	2.306	1
6479	3.031	8.566	0.667	1.885	0.005	0	0.22	1	4.548	456	2.826	1
6480	3.445	6.869	0.455	0.907	0.005	0	0.132	1	7.567	486	1.994	1
6481	3.684	8.901	0.42	1.015	0.005	0	0.114	1	8.742	475	2.416	1
6482	4.663	10.277	0.536	1.182	0.005	0	0.115	1	8.697	458	2.204	1
6483	2.485	4.021	0.569	0.921	0.005	0	0.229	1	4.366	484	1.618	1
6484	1.061	2.972	0.194	0.544	0.005	0	0.183	1	5.453	495	2.801	1
6485	3.488	6.781	0.684	1.329	0.005	0	0.196	1	5.114	455	1.944	1
6486	2.043	4.94	0.217	0.524	0.005	0	0.106	1	9.44	493	2.418	1
6487	2.492	5.388	0.316	0.684	0.005	0	0.127	1	7.854	454	2.162	1
6488	3.339	7.94	1.155	2.747	0.005	0	0.346	1	2.893	451	2.378	1
6489	2.679	4.953	1.725	3.19	0.005	0	0.644	1	1.553	465	1.849	1
6490	3.27	7.966	2.096	5.106	0.005	0	0.641	1	1.561	477	2.436	1
6491	2.6	4.636	0.304	0.542	0.005	0	0.117	1	8.535	489	1.783	1
6492	1.768	4.772	0.235	0.635	0.005	0	0.133	1	7.537	459	2.699	1
6493	2.345	5.129	0.251	0.549	0.005	0	0.107	1	9.319	497	2.187	1
6494	3.636	7.639	0.444	0.932	0.005	0	0.122	1	8.172	482	2.101	1
6495	2.245	4.07	0.824	1.494	0.005	0	0.367	1	2.727	450	1.813	1
6496	1.05	1.577	0.456	0.684	0.005	0	0.434	1	2.306	463	1.502	1
6497	3.962	10.896	0.448	1.231	0.005	0	0.113	1	8.841	499	2.75	1
6498	4.278	6.875	0.74	1.189	0.005	0	0.173	1	5.778	494	1.607	1
6499	3.451	8.462	0.611	1.498	0.005	0	0.177	1	5.663	492	2.452	1
6500	4.869	13.093	1.227	3.299	0.005	0	0.252	1	3.965	456	2.689	1
6501	3.582	7.225	0.591	1.192	0.005	0	0.165	1	6.073	489	2.017	1
6502	1.065	1.735	0.233	0.38	0.005	0	0.219	1	4.556	488	1.629	1
6503	4.653	7.273	0.47	0.735	0.005	0	0.101	1	9.909	491	1.563	1
6504	2.913	6.61	0.757	1.719	0.005	0	0.26	1	3.851	451	2.269	1
6505	4.939	8.91	1.684	3.038	0.005	0	0.341	1	2.934	474	1.804	1
6506	3.16	7.628	2.342	5.652	0.005	0	0.741	1	1.35	459	2.414	1
6507	4.836	8.071	3.574	5.964	0.005	0	0.739	1	1.354	450	1.669	1
6508	1.401	2.169	0.151	0.234	0.005	0	0.108	1	9.277	455	1.548	1
6509	4.138	7.295	0.546	0.963	0.005	0	0.132	1	7.572	496	1.763	1
6510	3.896	6.144	1.59	2.507	0.005	0	0.408	1	2.45	494	1.577	1
6511	4.943	13.559	0.796	2.183	0.005	0	0.161	1	6.23	463	2.743	1
6512	4.827	8.462	0.599	1.049	0.005	0	0.124	1	8.04	458	1.753	1
6513	1.917	4.476	0.527	1.231	0.005	0	0.275	1	3.635	457	2.335	1
6514	4.261	9.238	0.592	1.284	0.005	0	0.139	1	7.197	465	2.168	1
6515	1.171	2.665	1.144	2.604	0.005	0	0.977	1	1.024	488	2.276	1
6516	4.156	8.079	0.536	1.042	0.005	0	0.129	1	7.755	460	1.944	1
6517	4.85	10.161	2.27	4.755	0.005	0	0.468	1	2.138	483	2.095	1
6518	3.323	5.054	1.954	2.972	0.005	0	0.588	1	1.7	498	1.521	1
6519	1.836	5.049	0.198	0.545	0.005	0	0.108	1	9.258	491	2.75	1
6520	4.98	8.426	0.553	0.935	0.005	0	0.111	1	8.998	477	1.692	1
6521	3.136	8.436	0.339	0.911	0.005	0	0.108	1	9.256	493	2.69	1
6522	2.511	4.756	0.326	0.618	0.005	0	0.13	1	7.7	480	1.894	1
6523	4.166	7.674	2.029	3.737	0.005	0	0.487	1	2.054	468	1.842	1
6524	1.188	3.015	0.169	0.428	0.005	0	0.142	1	7.04	460	2.538	1
6525	1.899	4.223	1.504	3.345	0.005	0	0.792	1	1.263	474	2.224	1
6526	4.409	7.857	2.623	4.675	0.005	0	0.595	1	1.681	486	1.782	1
6527	2.418	6.64	0.554	1.521	0.005	0	0.229	1	4.374	488	2.746	1
6528	3.899	7.755	1.587	3.156	0.005	0	0.407	1	2.456	468	1.989	1
6529	4.959	7.478	0.516	0.778	0.005	0	0.104	1	9.637	458	1.508	1
6530	3.649	7.116	0.416	0.811	0.005	0	0.114	1	8.8	453	1.95	1
6531	2.572	6.821	0.571	1.514	0.005	0	0.222	1	4.501	471	2.652	1
6532	3.878	10.091	0.589	1.534	0.005	0	0.152	1	6.577	495	2.602	1
6533	1.312	3.546	0.649	1.755	0.005	0	0.495	1	2.021	458	2.703	1
6534	4.133	12.126	0.818	2.401	0.005	0	0.198	1	5.048	468	2.934	1
6535	4.474	10.165	0.568	1.291	0.005	0	0.127	1	7.856	463	2.272	1
6536	2.982	8.293	2.114	5.88	0.005	0	0.709	1	1.41	463	2.781	1
6537	3.369	10.016	0.812	2.414	0.005	0	0.241	1	4.145	468	2.973	1
6538	2.044	3.508	0.28	0.481	0.005	0	0.137	1	7.277	482	1.716	1
6539	2.043	5.602	0.212	0.583	0.005	0	0.104	1	9.586	460	2.742	1
6540	4.183	8.073	0.937	1.808	0.005	0	0.224	1	4.456	478	1.93	1
6541	2.788	7.751	1.475	4.1	0.005	0	0.529	1	1.89	494	2.78	1
6542	4.197	10.728	0.634	1.62	0.005	0	0.151	1	6.64	453	2.556	1
6543	3.31	5.332	0.344	0.555	0.005	0	0.104	1	9.588	455	1.611	1
6544	3.134	6.071	1.153	2.234	0.005	0	0.368	1	2.719	486	1.937	1
6545	4.712	12.171	2.347	6.061	0.005	0	0.498	1	2.008	482	2.583	1
6546	2.243	5.908	1.106	2.913	0.005	0	0.493	1	2.028	472	2.634	1
6547	4.831	8.102	2.86	4.796	0.005	0	0.592	1	1.69	468	1.677	1
6548	2.74	7.735	0.526	1.485	0.005	0	0.192	1	5.201	498	2.823	1
6549	3.306	8.123	0.555	1.365	0.005	0	0.168	1	5.946	462	2.457	1
6550	2.171	3.343	0.845	1.3	0.005	0	0.389	1	2.574	476	1.54	1
6551	1.611	4.311	0.172	0.461	0.005	0	0.107	1	9.345	456	2.676	1
6552	1.561	2.421	0.501	0.777	0.005	0	0.321	1	3.112	498	1.551	1
6553	2.073	4.42	0.458	0.977	0.005	0	0.221	1	4.522	458	2.132	1
6554	3.67	5.545	0.793	1.198	0.005	0	0.216	1	4.625	454	1.511	1
6555	1.085	3.163	0.392	1.142	0.005	0	0.361	1	2.77	478	2.915	1
6556	2.727	4.756	0.346	0.604	0.005	0	0.127	1	7.895	489	1.744	1
6557	2.797	6.752	0.308	0.743	0.005	0	0.11	1	9.065	474	2.414	1
6558	1.708	2.647	0.217	0.336	0.005	0	0.127	1	7.863	452	1.55	1
6559	1.607	2.552	0.241	0.383	0.005	0	0.15	1	6.668	493	1.588	1
6560	4.869	11.437	1.139	2.676	0.005	0	0.234	1	4.268	454	2.349	1
6561	4.031	7.018	0.677	1.179	0.005	0	0.168	1	5.947	459	1.741	1
6562	4.527	7.94	0.638	1.12	0.005	0	0.141	1	7.105	470	1.754	1
6563	1.877	3.116	0.231	0.383	0.005	0	0.123	1	8.131	477	1.66	1
6564	2.549	5.371	0.324	0.682	0.005	0	0.127	1	7.9	451	2.107	1
6565	4.846	10.448	0.572	1.233	0.005	0	0.118	1	8.461	475	2.156	1
6566	1.718	4.951	0.723	2.084	0.005	0	0.421	1	2.377	450	2.882	1
6567	1.353	3.276	0.152	0.367	0.005	0	0.112	1	8.92	497	2.421	1
6568	3.938	11.042	0.638	1.789	0.005	0	0.162	1	6.173	464	2.804	1
6569	3.759	9.525	0.496	1.257	0.005	0	0.132	1	7.571	480	2.534	1
6570	3.081	6.655	0.404	0.872	0.005	0	0.131	1	7.65	478	2.16	1
6571	3.968	9.23	0.425	0.988	0.005	0	0.107	1	9.308	461	2.326	1
6572	1.492	2.568	0.213	0.367	0.005	0	0.143	1	6.984	465	1.721	1
6573	3.524	5.557	0.546	0.861	0.005	0	0.155	1	6.446	473	1.577	1
6574	1.45	2.59	0.18	0.321	0.005	0	0.124	1	8.035	481	1.786	1
6575	2.588	6.232	2.536	6.107	0.005	0	0.98	1	1.02	461	2.408	1
6576	2.689	5.663	0.312	0.657	0.005	0	0.116	1	8.609	458	2.106	1
6577	2.308	5.92	0.349	0.894	0.005	0	0.151	1	6.625	473	2.565	1
6578	2.787	8.124	1.006	2.933	0.005	0	0.361	1	2.769	489	2.915	1
6579	3.875	9.238	0.876	2.088	0.005	0	0.226	1	4.433	499	2.384	1
6580	1.116	3.167	0.347	0.985	0.005	0	0.311	1	3.213	464	2.838	1
6581	3.332	5.221	0.573	0.898	0.005	0	0.172	1	5.803	450	1.567	1
6582	1.22	3.522	0.231	0.666	0.005	0	0.189	1	5.3	456	2.887	1
6583	3.606	9.358	0.88	2.283	0.005	0	0.244	1	4.098	454	2.595	1
6584	3.749	8.402	0.506	1.134	0.005	0	0.135	1	7.432	478	2.241	1
6585	3.426	5.423	1.662	2.63	0.005	0	0.485	1	2.06	487	1.583	1
6586	3.458	6.083	0.432	0.76	0.005	0	0.125	1	8.02	459	1.759	1
6587	1.372	3.648	0.605	1.609	0.005	0	0.441	1	2.266	460	2.659	1
6588	1.596	4.478	0.31	0.869	0.005	0	0.194	1	5.167	494	2.806	1
6589	4.644	9.548	0.743	1.528	0.005	0	0.16	1	6.255	462	2.056	1
6590	3.779	7.293	0.506	0.977	0.005	0	0.134	1	7.438	478	1.93	1
6591	3.59	8.2	0.736	1.681	0.005	0	0.205	1	4.869	495	2.284	1
6592	1.954	4.184	0.535	1.146	0.005	0	0.274	1	3.655	480	2.141	1
6593	3.717	6.598	0.539	0.957	0.005	0	0.145	1	6.908	483	1.775	1
6594	4.954	14.778	3.636	10.847	0.005	0	0.734	1	1.363	463	2.983	1
6595	4.607	9.278	0.659	1.327	0.005	0	0.143	1	6.995	492	2.014	1
6596	4.97	8.707	4.085	7.157	0.005	0	0.822	1	1.217	465	1.752	1
6597	2.581	5.425	0.924	1.942	0.005	0	0.358	1	2.796	496	2.102	1
6598	2.214	6.589	0.396	1.179	0.005	0	0.179	1	5.585	460	2.976	1
6599	3.4	6.474	0.694	1.321	0.005	0	0.204	1	4.893	485	1.904	1
6600	4.637	12.497	2.012	5.424	0.005	0	0.434	1	2.302	494	2.695	1
6601	3.246	8.54	0.954	2.511	0.005	0	0.294	1	3.4	461	2.631	1
6602	2.69	6.225	0.694	1.606	0.005	0	0.258	1	3.88	454	2.314	1
6603	1.99	5.283	1.467	3.894	0.005	0	0.737	1	1.357	452	2.655	1
6604	4.968	8.913	1.058	1.898	0.005	0	0.213	1	4.698	483	1.794	1
6605	4.541	8.623	0.604	1.147	0.005	0	0.133	1	7.514	458	1.899	1
6606	4.79	9.805	1.068	2.187	0.005	0	0.223	1	4.487	483	2.047	1
6607	3.739	9.254	0.479	1.185	0.005	0	0.128	1	7.836	480	2.475	1
6608	4.413	11.977	1.072	2.91	0.005	0	0.243	1	4.119	450	2.714	1
6609	3.743	6.112	2.658	4.34	0.005	0	0.71	1	1.409	488	1.633	1
6610	4.43	12.103	0.523	1.428	0.005	0	0.118	1	8.465	488	2.732	1
6611	4.713	12.357	0.627	1.643	0.005	0	0.133	1	7.5	464	2.622	1
6612	1.365	3.965	0.362	1.051	0.005	0	0.265	1	3.775	491	2.905	1
6613	3.377	5.346	1.756	2.78	0.005	0	0.52	1	1.924	479	1.583	1
6614	2.016	3.877	0.931	1.791	0.005	0	0.462	1	2.163	491	1.923	1
6615	3.43	8.928	1.447	3.768	0.005	0	0.422	1	2.368	453	2.603	1
6616	4.088	7.653	1.239	2.319	0.005	0	0.303	1	3.299	471	1.872	1
6617	3.099	8.479	0.456	1.246	0.005	0	0.147	1	6.795	459	2.736	1
6618	1.502	3.019	0.541	1.087	0.005	0	0.36	1	2.776	468	2.01	1
6619	2.827	7.656	0.645	1.746	0.005	0	0.228	1	4.381	476	2.708	1
6620	3.046	7.051	0.323	0.747	0.005	0	0.106	1	9.393	489	2.315	1
6621	2.82	5.251	0.288	0.536	0.005	0	0.102	1	9.77	463	1.862	1
6622	3.944	9.817	0.43	1.07	0.005	0	0.109	1	9.177	469	2.489	1
6623	1.772	2.929	0.206	0.34	0.005	0	0.116	1	8.638	457	1.653	1
6624	4.162	7.567	1.02	1.854	0.005	0	0.245	1	4.083	470	1.818	1
6625	4.544	11.878	0.573	1.497	0.005	0	0.126	1	7.907	487	2.614	1
6626	1.803	2.746	0.182	0.277	0.005	0	0.101	1	9.937	454	1.523	1
6627	4.688	8.663	1.763	3.257	0.005	0	0.376	1	2.657	498	1.848	1
6628	3.107	7.227	1.358	3.158	0.005	0	0.437	1	2.29	451	2.326	1
6629	4.189	8.265	1.642	3.24	0.005	0	0.392	1	2.55	478	1.973	1
6630	1.578	4.335	0.436	1.196	0.005	0	0.276	1	3.62	489	2.747	1
6631	2.488	5.814	0.318	0.744	0.005	0	0.128	1	7.784	476	2.337	1
6632	2.974	6.201	0.967	2.015	0.005	0	0.325	1	3.077	478	2.085	1
6633	1.626	3.61	0.21	0.466	0.005	0	0.129	1	7.765	498	2.22	1
6634	3.052	5.536	1.129	2.048	0.005	0	0.37	1	2.702	462	1.814	1
6635	3.905	9.466	0.925	2.243	0.005	0	0.237	1	4.226	464	2.424	1
6636	2.218	3.571	0.401	0.646	0.005	0	0.181	1	5.525	493	1.61	1
6637	4.581	13.445	0.967	2.837	0.005	0	0.211	1	4.747	488	2.935	1
6638	2.519	5.655	0.884	1.985	0.005	0	0.351	1	2.851	473	2.245	1
6639	4.615	11.334	1.758	4.318	0.005	0	0.381	1	2.624	480	2.456	1
6640	1.406	4.134	0.392	1.153	0.005	0	0.279	1	3.582	491	2.94	1
6641	3.61	8.628	2.198	5.254	0.005	0	0.609	1	1.643	470	2.39	1
6642	2.209	4.065	0.802	1.476	0.005	0	0.363	1	2.752	455	1.84	1
6643	2.462	4.427	0.384	0.691	0.005	0	0.156	1	6.42	463	1.798	1
6644	4.853	8.221	2.359	3.995	0.005	0	0.486	1	2.059	475	1.694	1
6645	4.151	6.725	2.835	4.593	0.005	0	0.683	1	1.464	473	1.62	1
6646	4.315	10.153	1.407	3.31	0.005	0	0.326	1	3.068	467	2.353	1
6647	2.051	6.026	0.585	1.717	0.005	0	0.285	1	3.51	499	2.938	1
6648	4.285	9.796	2.55	5.829	0.005	0	0.595	1	1.681	455	2.286	1
6649	2.259	6.291	0.271	0.755	0.005	0	0.12	1	8.345	499	2.785	1
6650	2.758	4.289	2.231	3.47	0.005	0	0.809	1	1.236	496	1.555	1
6651	2.107	5.828	0.274	0.758	0.005	0	0.13	1	7.692	484	2.766	1
6652	3.897	10.456	0.46	1.234	0.005	0	0.118	1	8.5	484	2.683	1
6653	2.151	5.309	0.23	0.568	0.005	0	0.107	1	9.348	478	2.468	1
6654	4.033	9.97	0.766	1.894	0.005	0	0.19	1	5.253	483	2.472	1
6655	2.689	6.822	0.288	0.73	0.005	0	0.107	1	9.389	496	2.537	1
6656	3.042	5.695	0.678	1.27	0.005	0	0.223	1	4.488	481	1.872	1
6657	3.004	6.924	0.376	0.866	0.005	0	0.125	1	7.97	474	2.305	1
6658	2.497	7.356	0.684	2.016	0.005	0	0.274	1	3.649	466	2.946	1
6659	1.929	3.478	0.365	0.657	0.005	0	0.189	1	5.296	488	1.803	1
6660	3.987	10.199	0.594	1.52	0.005	0	0.149	1	6.698	486	2.558	1
6661	3.75	6.975	3.161	5.88	0.005	0	0.843	1	1.186	482	1.86	1
6662	2.99	5.238	0.38	0.665	0.005	0	0.127	1	7.882	476	1.752	1
6663	3.035	6.316	0.419	0.872	0.005	0	0.138	1	7.244	451	2.081	1
6664	1.461	2.843	0.229	0.446	0.005	0	0.157	1	6.375	493	1.946	1
6665	2.552	6.702	1.534	4.028	0.005	0	0.601	1	1.665	454	2.626	1
6666	4.19	10.211	1.902	4.636	0.005	0	0.454	1	2.201	464	2.437	1
6667	3.129	8.608	1.17	3.219	0.005	0	0.374	1	2.673	491	2.751	1
6668	1.844	4.695	0.249	0.634	0.005	0	0.135	1	7.389	493	2.546	1
6669	2.567	5.285	0.909	1.871	0.005	0	0.354	1	2.823	472	2.059	1
6670	4.06	9.85	2.367	5.743	0.005	0	0.583	1	1.715	471	2.426	1
6671	4.502	9.792	1.963	4.269	0.005	0	0.436	1	2.296	478	2.175	1
6672	3.318	6.002	2.177	3.937	0.005	0	0.656	1	1.524	465	1.809	1
6673	1.125	1.842	0.126	0.206	0.005	0	0.112	1	8.917	480	1.637	1
6674	2.963	6.039	0.865	1.763	0.005	0	0.292	1	3.423	492	2.038	1
6675	4.77	9.621	1.111	2.242	0.005	0	0.233	1	4.291	476	2.017	1
6676	3.479	7.282	0.358	0.75	0.005	0	0.103	1	9.745	471	2.093	1
6677	3.187	8.168	0.367	0.939	0.005	0	0.115	1	8.664	474	2.563	1
6678	4.819	13.233	3.826	10.507	0.005	0	0.794	1	1.26	483	2.746	1
6679	1.136	2.188	0.166	0.319	0.005	0	0.146	1	6.826	476	1.926	1
6680	1.785	4.177	0.371	0.869	0.005	0	0.208	1	4.804	460	2.34	1
6681	3.33	7.359	0.559	1.236	0.005	0	0.168	1	5.946	459	2.21	1
6682	2.044	5.308	0.356	0.924	0.005	0	0.174	1	5.747	497	2.597	1
6683	2.304	4.571	0.32	0.635	0.005	0	0.139	1	7.175	493	1.984	1
6684	3.723	7.893	2.077	4.404	0.005	0	0.558	1	1.793	461	2.12	1
6685	3.68	10.882	0.994	2.938	0.005	0	0.27	1	3.708	486	2.957	1
6686	3.601	6.651	0.9	1.663	0.005	0	0.25	1	4.008	490	1.847	1
6687	2.982	8.794	0.757	2.234	0.005	0	0.254	1	3.944	461	2.949	1
6688	2.537	6.477	0.629	1.606	0.005	0	0.248	1	4.029	462	2.553	1
6689	2.746	7.277	0.618	1.637	0.005	0	0.225	1	4.448	493	2.65	1
6690	2.703	5.96	0.4	0.882	0.005	0	0.148	1	6.757	458	2.205	1
6691	1.205	2.59	0.153	0.329	0.005	0	0.127	1	7.849	488	2.149	1
6692	2.646	5.115	0.339	0.655	0.005	0	0.128	1	7.793	483	1.933	1
6693	3.765	7.895	0.486	1.018	0.005	0	0.129	1	7.743	480	2.097	1
6694	4.666	7.937	2.697	4.588	0.005	0	0.578	1	1.729	455	1.701	1
6695	2.253	3.697	0.338	0.555	0.005	0	0.15	1	6.649	458	1.641	1
6696	1.417	2.143	0.191	0.289	0.005	0	0.135	1	7.417	477	1.512	1
6697	2.892	5.998	0.578	1.2	0.005	0	0.2	1	5.0	498	2.074	1
6698	3.676	9.646	0.632	1.659	0.005	0	0.172	1	5.815	486	2.624	1
6699	2.653	4.64	0.39	0.682	0.005	0	0.147	1	6.825	455	1.749	1
6700	2.626	6.384	0.557	1.353	0.005	0	0.212	1	4.711	493	2.431	1
6701	1.242	3.024	0.14	0.342	0.005	0	0.113	1	8.855	477	2.435	1
6702	1.672	3.976	0.38	0.903	0.005	0	0.227	1	4.399	451	2.378	1
6703	1.244	1.881	0.129	0.196	0.005	0	0.104	1	9.578	467	1.512	1
6704	2.293	6.104	0.766	2.039	0.005	0	0.334	1	2.992	482	2.662	1
6705	3.831	7.605	0.414	0.821	0.005	0	0.108	1	9.237	467	1.985	1
6706	1.15	2.191	0.247	0.471	0.005	0	0.215	1	4.653	491	1.905	1
6707	3.878	6.624	0.857	1.464	0.005	0	0.221	1	4.53	479	1.708	1
6708	3.863	6.532	0.39	0.66	0.005	0	0.101	1	9.899	454	1.691	1
6709	3.12	6.228	0.521	1.04	0.005	0	0.167	1	5.987	462	1.996	1
6710	3.053	6.717	0.565	1.243	0.005	0	0.185	1	5.401	459	2.2	1
6711	3.512	9.138	2.244	5.839	0.005	0	0.639	1	1.564	474	2.602	1
6712	1.647	2.556	0.794	1.232	0.005	0	0.482	1	2.076	472	1.552	1
6713	1.514	2.951	0.153	0.298	0.005	0	0.101	1	9.884	476	1.949	1
6714	2.21	4.964	0.427	0.958	0.005	0	0.193	1	5.192	488	2.246	1
6715	1.892	4.208	0.193	0.429	0.005	0	0.102	1	9.804	468	2.224	1
6716	3.216	5.708	0.418	0.742	0.005	0	0.13	1	7.665	450	1.775	1
6717	2.082	6.198	1.382	4.115	0.005	0	0.664	1	1.507	477	2.977	1
6718	2.467	5.659	0.355	0.815	0.005	0	0.144	1	6.94	494	2.294	1
6719	4.608	11.05	1.078	2.586	0.005	0	0.234	1	4.282	494	2.398	1
6720	1.892	4.085	0.219	0.474	0.005	0	0.116	1	8.632	487	2.159	1
6721	1.027	2.915	0.629	1.784	0.005	0	0.612	1	1.635	489	2.838	1
6722	4.68	9.922	0.81	1.717	0.005	0	0.173	1	5.765	466	2.12	1
6723	1.441	4.081	1.104	3.126	0.005	0	0.766	1	1.305	497	2.832	1
6724	4.695	12.451	0.916	2.428	0.005	0	0.195	1	5.131	466	2.652	1
6725	4.973	8.205	3.053	5.038	0.005	0	0.614	1	1.629	487	1.65	1
6726	2.132	5.002	0.328	0.77	0.005	0	0.154	1	6.503	492	2.346	1
6727	3.999	10.001	0.756	1.89	0.005	0	0.189	1	5.297	487	2.501	1
6728	4.534	11.308	1.832	4.568	0.005	0	0.404	1	2.478	481	2.494	1
6729	2.996	6.618	0.644	1.423	0.005	0	0.215	1	4.645	468	2.209	1
6730	3.777	6.077	0.48	0.772	0.005	0	0.127	1	7.867	497	1.609	1
6731	2.589	3.956	0.702	1.072	0.005	0	0.271	1	3.689	477	1.528	1
6732	2.006	5.125	1.155	2.952	0.005	0	0.576	1	1.736	464	2.555	1
6733	3.478	5.29	0.73	1.111	0.005	0	0.21	1	4.767	497	1.521	1
6734	4.044	10.207	1.375	3.47	0.005	0	0.34	1	2.94	476	2.524	1
6735	4.255	11.463	0.894	2.407	0.005	0	0.21	1	4.765	482	2.694	1
6736	3.17	9.44	1.439	4.286	0.005	0	0.454	1	2.203	492	2.978	1
6737	1.307	2.278	0.299	0.522	0.005	0	0.229	1	4.373	481	1.743	1
6738	4.585	11.169	0.504	1.229	0.005	0	0.11	1	9.054	494	2.436	1
6739	4.697	11.653	0.582	1.445	0.005	0	0.124	1	8.057	458	2.481	1
6740	2.986	4.804	1.535	2.469	0.005	0	0.514	1	1.944	481	1.609	1
6741	4.18	11.453	1.609	4.409	0.005	0	0.385	1	2.6	479	2.74	1
6742	3.811	9.333	0.389	0.952	0.005	0	0.102	1	9.782	462	2.449	1
6743	2.323	6.681	1.596	4.59	0.005	0	0.687	1	1.455	460	2.876	1
6744	4.759	11.45	2.865	6.893	0.005	0	0.602	1	1.662	477	2.406	1
6745	3.287	6.991	0.355	0.755	0.005	0	0.108	1	9.272	463	2.127	1
6746	1.951	3.27	0.39	0.654	0.005	0	0.2	1	4.996	496	1.676	1
6747	3.404	8.997	0.579	1.529	0.005	0	0.17	1	5.891	457	2.643	1
6748	3.547	7.349	0.582	1.205	0.005	0	0.164	1	6.114	469	2.072	1
6749	4.165	9.617	0.446	1.029	0.005	0	0.107	1	9.344	469	2.309	1
6750	2.698	7.301	1.446	3.913	0.005	0	0.536	1	1.864	492	2.706	1
6751	2.822	6.722	0.296	0.706	0.005	0	0.105	1	9.563	495	2.382	1
6752	2.996	8.979	0.599	1.796	0.005	0	0.2	1	5.004	490	2.997	1
6753	3.608	6.476	0.462	0.829	0.005	0	0.128	1	7.786	460	1.795	1
6754	1.923	4.494	0.806	1.883	0.005	0	0.419	1	2.386	462	2.337	1
6755	3.81	6.271	1.067	1.756	0.005	0	0.28	1	3.575	468	1.646	1
6756	2.002	4.797	0.352	0.844	0.005	0	0.176	1	5.674	471	2.396	1
6757	4.527	9.226	0.457	0.932	0.005	0	0.101	1	9.869	482	2.038	1
6758	3.644	7.973	0.627	1.371	0.005	0	0.172	1	5.828	456	2.188	1
6759	4.586	7.434	0.958	1.554	0.005	0	0.209	1	4.775	480	1.621	1
6760	1.891	5.35	0.206	0.583	0.005	0	0.109	1	9.164	477	2.829	1
6761	2.731	7.193	0.33	0.87	0.005	0	0.121	1	8.254	465	2.634	1
6762	2.938	6.114	0.306	0.636	0.005	0	0.104	1	9.659	483	2.081	1
6763	1.151	2.402	0.233	0.485	0.005	0	0.202	1	4.942	482	2.087	1
6764	2.63	7.601	0.586	1.695	0.005	0	0.223	1	4.494	465	2.89	1
6765	3.291	6.269	1.797	3.423	0.005	0	0.546	1	1.832	466	1.905	1
6766	3.983	8.635	0.566	1.226	0.005	0	0.142	1	7.047	461	2.168	1
6767	3.618	7.967	1.321	2.908	0.005	0	0.365	1	2.737	456	2.202	1
6768	1.221	1.961	0.158	0.253	0.005	0	0.129	1	7.767	496	1.606	1
6769	2.176	5.414	0.394	0.98	0.005	0	0.181	1	5.534	498	2.488	1
6770	2.542	7.557	0.661	1.965	0.005	0	0.26	1	3.853	453	2.973	1
6771	4.895	14.078	0.935	2.689	0.005	0	0.191	1	5.244	499	2.876	1
6772	3.448	7.965	0.593	1.37	0.005	0	0.172	1	5.825	496	2.31	1
6773	1.137	1.911	0.119	0.201	0.005	0	0.105	1	9.556	479	1.681	1
6774	1.71	3.853	0.648	1.46	0.005	0	0.379	1	2.637	459	2.253	1
6775	4.294	7.691	1.563	2.8	0.005	0	0.364	1	2.744	464	1.791	1
6776	4.278	11.893	1.84	5.114	0.005	0	0.43	1	2.325	457	2.78	1
6777	4.324	8.185	0.545	1.031	0.005	0	0.126	1	7.952	486	1.893	1
6778	1.093	1.767	0.329	0.532	0.005	0	0.301	1	3.323	457	1.617	1
6779	3.808	7.011	0.465	0.855	0.005	0	0.122	1	8.189	464	1.841	1
6780	1.673	4.336	0.348	0.902	0.005	0	0.208	1	4.812	477	2.592	1
6781	2.009	5.531	0.647	1.781	0.005	0	0.322	1	3.109	495	2.753	1
6782	4.202	10.379	0.471	1.162	0.005	0	0.112	1	8.957	454	2.47	1
6783	3.872	11.024	0.662	1.885	0.005	0	0.171	1	5.841	485	2.847	1
6784	3.42	9.62	1.218	3.425	0.005	0	0.356	1	2.807	492	2.813	1
6785	2.279	6.472	0.458	1.301	0.005	0	0.201	1	4.973	476	2.84	1
6786	2.237	6.04	0.564	1.522	0.005	0	0.252	1	3.968	466	2.7	1
6787	3.038	5.162	0.744	1.265	0.005	0	0.245	1	4.079	469	1.699	1
6788	2.694	5.663	0.288	0.606	0.005	0	0.107	1	9.341	464	2.102	1
6789	2.18	5.882	0.765	2.065	0.005	0	0.351	1	2.845	482	2.698	1
6790	1.665	4.497	0.215	0.58	0.005	0	0.129	1	7.777	485	2.701	1
6791	2.828	4.381	0.56	0.867	0.005	0	0.198	1	5.055	498	1.549	1
6792	1.354	3.803	0.291	0.818	0.005	0	0.215	1	4.658	470	2.809	1
6793	3.429	7.256	1.245	2.634	0.005	0	0.363	1	2.754	451	2.116	1
6794	3.568	6.626	0.549	1.02	0.005	0	0.154	1	6.503	485	1.857	1
6795	2.518	6.957	0.32	0.884	0.005	0	0.127	1	7.844	494	2.763	1
6796	4.91	9.452	3.275	6.304	0.005	0	0.667	1	1.5	489	1.925	1
6797	1.757	4.92	0.81	2.268	0.005	0	0.461	1	2.169	460	2.8	1
6798	3.814	9.295	1.266	3.086	0.005	0	0.332	1	3.01	474	2.437	1
6799	4.451	8.412	0.859	1.624	0.005	0	0.193	1	5.175	471	1.89	1
6800	3.73	8.426	3.383	7.642	0.005	0	0.907	1	1.102	489	2.259	1
6801	4.351	9.864	1.001	2.269	0.005	0	0.23	1	4.355	471	2.267	1
6802	2.508	6.804	0.278	0.755	0.005	0	0.111	1	8.992	468	2.713	1
6803	1.66	4.386	0.646	1.706	0.005	0	0.389	1	2.572	453	2.642	1
6804	1.476	3.216	0.215	0.47	0.005	0	0.146	1	6.859	475	2.179	1
6805	2.98	5.656	1.395	2.647	0.005	0	0.468	1	2.136	467	1.898	1
6806	2.693	5.887	0.296	0.648	0.005	0	0.11	1	9.085	457	2.186	1
6807	1.186	3.5	0.264	0.78	0.005	0	0.223	1	4.49	495	2.951	1
6808	3.793	6.054	1.29	2.058	0.005	0	0.34	1	2.944	486	1.596	1
6809	3.154	9.44	0.647	1.935	0.005	0	0.205	1	4.876	472	2.993	1
6810	4.093	11.804	1.044	3.01	0.005	0	0.255	1	3.926	450	2.884	1
6811	4.65	10.709	0.856	1.97	0.005	0	0.184	1	5.429	486	2.303	1
6812	2.284	6.555	1.231	3.533	0.005	0	0.539	1	1.855	496	2.87	1
6813	1.573	2.786	0.376	0.666	0.005	0	0.239	1	4.181	461	1.771	1
6814	4.089	10.067	3.01	7.409	0.005	0	0.736	1	1.358	496	2.462	1
6815	2.543	5.269	1.038	2.15	0.005	0	0.408	1	2.452	492	2.072	1
6816	4.83	11.462	2.014	4.78	0.005	0	0.417	1	2.4	483	2.373	1
6817	3.773	8.41	0.6	1.337	0.005	0	0.159	1	6.29	482	2.229	1
6818	2.464	5.672	0.668	1.537	0.005	0	0.271	1	3.687	460	2.302	1
6819	4.069	7.552	0.46	0.853	0.005	0	0.113	1	8.847	477	1.856	1
6820	2.077	4.75	0.231	0.527	0.005	0	0.111	1	8.969	454	2.287	1
6821	2.021	4.03	0.77	1.535	0.005	0	0.381	1	2.627	498	1.994	1
6822	1.049	1.584	0.366	0.553	0.005	0	0.349	1	2.866	481	1.51	1
6823	3.143	6.663	0.336	0.713	0.005	0	0.107	1	9.38	483	2.12	1
6824	2.189	3.767	0.563	0.968	0.005	0	0.257	1	3.884	479	1.721	1
6825	4.989	11.744	1.641	3.864	0.005	0	0.329	1	3.042	497	2.354	1
6826	3.702	5.901	0.422	0.673	0.005	0	0.114	1	8.773	464	1.594	1
6827	3.858	7.153	0.864	1.602	0.005	0	0.224	1	4.459	481	1.854	1
6828	3.911	11.131	1.607	4.575	0.005	0	0.411	1	2.435	468	2.846	1
6829	4.001	10.007	0.828	2.071	0.005	0	0.207	1	4.84	469	2.501	1
6830	4.32	11.504	0.605	1.611	0.005	0	0.14	1	7.146	489	2.663	1
6831	3.592	6.121	0.499	0.851	0.005	0	0.139	1	7.22	475	1.704	1
6832	4.886	11.384	0.498	1.161	0.005	0	0.102	1	9.782	490	2.33	1
6833	3.124	7.788	0.759	1.892	0.005	0	0.243	1	4.11	482	2.493	1
6834	1.799	4.113	0.268	0.613	0.005	0	0.149	1	6.698	485	2.286	1
6835	3.2	5.203	0.579	0.942	0.005	0	0.181	1	5.521	463	1.626	1
6836	1.584	4.088	0.386	0.997	0.005	0	0.244	1	4.102	476	2.581	1
6837	1.623	4.032	0.273	0.677	0.005	0	0.168	1	5.948	459	2.484	1
6838	4.317	8.258	0.661	1.263	0.005	0	0.153	1	6.555	461	1.913	1
6839	2.432	7.065	1.004	2.918	0.005	0	0.413	1	2.424	473	2.905	1
6840	1.158	2.714	0.17	0.399	0.005	0	0.147	1	6.803	489	2.344	1
6841	3.743	7.842	0.55	1.153	0.005	0	0.147	1	6.801	496	2.095	1
6842	2.755	5.885	1.152	2.46	0.005	0	0.418	1	2.394	492	2.136	1
6843	4.56	12.193	1.555	4.158	0.005	0	0.341	1	2.933	479	2.674	1
6844	1.494	2.508	0.321	0.539	0.005	0	0.215	1	4.644	489	1.679	1
6845	4.187	8.659	0.477	0.987	0.005	0	0.114	1	8.776	452	2.068	1
6846	3.479	9.734	0.456	1.275	0.005	0	0.131	1	7.647	477	2.798	1
6847	3.617	9.209	1.223	3.113	0.005	0	0.338	1	2.962	484	2.546	1
6848	3.152	9.443	0.567	1.7	0.005	0	0.18	1	5.567	484	2.996	1
6849	3.496	8.562	0.521	1.276	0.005	0	0.149	1	6.698	467	2.449	1
6850	1.567	2.54	0.917	1.486	0.005	0	0.585	1	1.71	457	1.621	1
6851	4.604	10.815	0.847	1.99	0.005	0	0.184	1	5.43	498	2.349	1
6852	4.629	13.392	0.528	1.527	0.005	0	0.114	1	8.766	497	2.893	1
6853	1.181	2.762	0.15	0.351	0.005	0	0.127	1	7.873	482	2.339	1
6854	2.05	5.441	0.537	1.426	0.005	0	0.262	1	3.821	477	2.654	1
6855	4.25	6.613	1.526	2.374	0.005	0	0.359	1	2.785	483	1.556	1
6856	2.917	5.653	0.403	0.78	0.005	0	0.138	1	7.23	496	1.938	1
6857	4.919	10.207	0.718	1.49	0.005	0	0.146	1	6.851	484	2.075	1
6858	1.892	4.168	0.405	0.892	0.005	0	0.214	1	4.674	457	2.203	1
6859	4.8	13.387	3.005	8.38	0.005	0	0.626	1	1.598	472	2.789	1
6860	1.637	3.966	0.241	0.583	0.005	0	0.147	1	6.813	455	2.423	1
6861	1.206	2.686	0.335	0.747	0.005	0	0.278	1	3.6	453	2.227	1
6862	4.083	9.967	0.535	1.306	0.005	0	0.131	1	7.651	453	2.441	1
6863	1.662	4.374	0.475	1.251	0.005	0	0.286	1	3.499	487	2.632	1
6864	3.303	8.383	0.538	1.366	0.005	0	0.163	1	6.145	486	2.538	1
6865	1.103	2.159	0.136	0.266	0.005	0	0.123	1	8.118	470	1.957	1
6866	1.244	2.418	0.246	0.479	0.005	0	0.198	1	5.053	470	1.944	1
6867	3.304	7.682	0.334	0.776	0.005	0	0.101	1	9.95	496	2.325	1
6868	1.042	1.854	0.116	0.206	0.005	0	0.111	1	8.982	464	1.779	1
6869	3.288	7.007	0.45	0.96	0.005	0	0.137	1	7.31	456	2.131	1
6870	3.167	6.271	0.741	1.467	0.005	0	0.234	1	4.28	478	1.98	1
6871	1.51	4.391	0.168	0.487	0.005	0	0.111	1	9.009	453	2.908	1
6872	4.694	8.59	2.699	4.939	0.005	0	0.575	1	1.739	498	1.83	1
6873	4.739	9.288	0.573	1.124	0.005	0	0.121	1	8.287	459	1.96	1
6874	3.398	6.878	0.435	0.88	0.005	0	0.128	1	7.807	495	2.024	1
6875	3.091	7.31	0.566	1.338	0.005	0	0.183	1	5.465	456	2.365	1
6876	1.688	4.188	0.381	0.946	0.005	0	0.226	1	4.434	487	2.481	1
6877	4.497	7.155	1.079	1.717	0.005	0	0.24	1	4.17	494	1.591	1
6878	3.254	4.988	0.417	0.638	0.005	0	0.128	1	7.833	460	1.533	1
6879	4.502	10.764	0.837	2.002	0.005	0	0.186	1	5.383	475	2.391	1
6880	4.312	10.543	0.539	1.318	0.005	0	0.125	1	8.002	487	2.445	1
6881	4.018	9.788	1.033	2.516	0.005	0	0.257	1	3.893	496	2.436	1
6882	1.874	5.086	0.317	0.86	0.005	0	0.169	1	5.909	454	2.714	1
6883	4.824	8.683	4.033	7.259	0.005	0	0.836	1	1.196	451	1.8	1
6884	2.958	5.523	0.671	1.254	0.005	0	0.227	1	4.413	498	1.867	1
6885	2.582	5.652	2.337	5.115	0.005	0	0.905	1	1.105	483	2.189	1
6886	4.062	8.725	0.979	2.103	0.005	0	0.241	1	4.142	479	2.148	1
6887	1.988	5.582	1.292	3.628	0.005	0	0.65	1	1.539	487	2.808	1
6888	1.068	2.975	0.112	0.312	0.005	0	0.105	1	9.56	462	2.786	1
6889	1.022	2.712	0.119	0.315	0.005	0	0.116	1	8.623	494	2.654	1
6890	4.301	10.701	0.482	1.199	0.005	0	0.112	1	8.936	475	2.488	1
6891	1.321	3.778	0.373	1.065	0.005	0	0.282	1	3.548	493	2.86	1
6892	1.792	3.306	1.081	1.994	0.005	0	0.603	1	1.658	489	1.845	1
6893	3.579	10.308	0.519	1.495	0.005	0	0.145	1	6.913	464	2.88	1
6894	4.387	11.384	4.356	11.304	0.005	0	0.993	1	1.007	484	2.595	1
6895	2.478	7.149	1.638	4.725	0.005	0	0.661	1	1.512	493	2.885	1
6896	3.048	6.529	1.125	2.409	0.005	0	0.369	1	2.708	498	2.142	1
6897	2.975	7.613	0.336	0.86	0.005	0	0.113	1	8.885	451	2.559	1
6898	2.89	5.459	0.494	0.933	0.005	0	0.171	1	5.841	468	1.889	1
6899	4.182	10.141	0.519	1.257	0.005	0	0.124	1	8.071	478	2.425	1
6900	1.992	4.376	0.215	0.473	0.005	0	0.108	1	9.295	486	2.197	1
6901	1.212	2.115	0.276	0.482	0.005	0	0.228	1	4.385	456	1.745	1
6902	3.736	10.304	2.675	7.378	0.005	0	0.716	1	1.396	479	2.758	1
6903	4.611	8.125	0.613	1.081	0.005	0	0.133	1	7.511	456	1.762	1
6904	3.748	9.812	0.705	1.845	0.005	0	0.188	1	5.321	474	2.618	1
6905	3.386	8.685	0.88	2.258	0.005	0	0.26	1	3.84	468	2.565	1
6906	2.41	4.227	0.393	0.689	0.005	0	0.163	1	6.128	457	1.754	1
6907	3.477	8.119	0.57	1.332	0.005	0	0.164	1	6.115	495	2.335	1
6908	1.272	3.515	0.135	0.373	0.005	0	0.106	1	9.457	466	2.763	1
6909	1.151	2.042	0.181	0.321	0.005	0	0.157	1	6.365	478	1.774	1
6910	4.435	9.296	0.958	2.008	0.005	0	0.216	1	4.629	494	2.096	1
6911	3.712	10.034	0.379	1.023	0.005	0	0.102	1	9.838	457	2.703	1
6912	4.873	14.224	1.223	3.57	0.005	0	0.251	1	3.983	467	2.919	1
6913	2.448	6.649	0.272	0.738	0.005	0	0.111	1	8.981	498	2.716	1
6914	1.874	5.324	0.42	1.193	0.005	0	0.224	1	4.455	488	2.841	1
6915	1.129	2.997	0.203	0.539	0.005	0	0.18	1	5.554	479	2.655	1
6916	3.692	5.933	1.034	1.661	0.005	0	0.28	1	3.575	477	1.607	1
6917	1.619	2.477	0.241	0.369	0.005	0	0.149	1	6.727	489	1.53	1
6918	4.313	12.033	0.526	1.468	0.005	0	0.122	1	8.205	472	2.79	1
6919	1.752	5.023	0.378	1.085	0.005	0	0.216	1	4.62	477	2.867	1
6920	3.644	5.79	1.724	2.739	0.005	0	0.473	1	2.113	465	1.589	1
6921	2.0	5.098	0.328	0.836	0.005	0	0.164	1	6.102	476	2.549	1
6922	3.143	8.42	0.726	1.945	0.005	0	0.231	1	4.337	473	2.679	1
6923	1.174	2.664	0.351	0.797	0.005	0	0.299	1	3.344	476	2.269	1
6924	4.93	12.246	0.646	1.604	0.005	0	0.131	1	7.645	492	2.484	1
6925	4.766	12.139	1.253	3.193	0.005	0	0.263	1	3.809	486	2.547	1
6926	1.272	3.766	0.17	0.505	0.005	0	0.134	1	7.446	458	2.961	1
6927	4.303	10.073	0.499	1.168	0.005	0	0.116	1	8.634	451	2.341	1
6928	3.454	6.715	0.508	0.987	0.005	0	0.147	1	6.813	477	1.944	1
6929	1.256	2.594	0.799	1.65	0.005	0	0.636	1	1.572	452	2.065	1
6930	1.849	4.554	0.292	0.72	0.005	0	0.158	1	6.342	461	2.463	1
6931	4.955	13.894	0.565	1.584	0.005	0	0.114	1	8.775	472	2.804	1
6932	3.236	9.307	1.103	3.174	0.005	0	0.341	1	2.933	468	2.876	1
6933	1.966	4.056	0.252	0.519	0.005	0	0.128	1	7.827	478	2.063	1
6934	1.958	5.668	0.288	0.833	0.005	0	0.147	1	6.825	468	2.895	1
6935	2.625	6.783	0.475	1.228	0.005	0	0.181	1	5.528	489	2.584	1
6936	4.487	11.505	1.378	3.532	0.005	0	0.307	1	3.261	479	2.564	1
6937	4.921	12.426	0.527	1.33	0.005	0	0.107	1	9.374	480	2.525	1
6938	4.783	9.647	0.584	1.177	0.005	0	0.122	1	8.197	469	2.017	1
6939	3.53	5.404	0.547	0.838	0.005	0	0.155	1	6.44	457	1.531	1
6940	1.504	3.616	0.901	2.166	0.005	0	0.599	1	1.67	469	2.404	1
6941	3.107	7.193	1.771	4.1	0.005	0	0.57	1	1.753	471	2.315	1
6942	1.912	3.864	0.308	0.622	0.005	0	0.161	1	6.214	481	2.021	1
6943	2.84	4.734	0.341	0.568	0.005	0	0.12	1	8.307	460	1.667	1
6944	2.573	6.734	0.322	0.842	0.005	0	0.125	1	8.015	463	2.617	1
6945	2.499	5.563	0.315	0.701	0.005	0	0.126	1	7.919	498	2.226	1
6946	1.573	2.842	0.241	0.435	0.005	0	0.153	1	6.519	493	1.807	1
6947	2.434	6.893	0.577	1.634	0.005	0	0.237	1	4.225	471	2.832	1
6948	3.253	6.073	1.135	2.119	0.005	0	0.349	1	2.863	452	1.867	1
6949	3.944	10.16	0.505	1.3	0.005	0	0.128	1	7.831	465	2.576	1
6950	2.493	3.954	0.768	1.218	0.005	0	0.308	1	3.242	458	1.586	1
6951	4.997	14.606	0.999	2.921	0.005	0	0.2	1	4.992	460	2.923	1
6952	2.4	5.712	0.422	1.005	0.005	0	0.176	1	5.698	458	2.38	1
6953	4.247	8.235	1.074	2.083	0.005	0	0.253	1	3.956	467	1.939	1
6954	4.214	11.167	0.615	1.63	0.005	0	0.146	1	6.862	484	2.65	1
6955	1.396	2.957	0.846	1.792	0.005	0	0.606	1	1.649	480	2.118	1
6956	1.99	3.266	0.239	0.392	0.005	0	0.12	1	8.308	484	1.641	1
6957	3.44	7.052	0.585	1.199	0.005	0	0.17	1	5.897	453	2.05	1
6958	3.293	6.649	2.282	4.608	0.005	0	0.693	1	1.442	494	2.019	1
6959	1.247	3.085	0.945	2.338	0.005	0	0.758	1	1.319	465	2.474	1
6960	1.707	4.686	0.208	0.572	0.005	0	0.122	1	8.165	459	2.745	1
6961	1.536	3.762	1.034	2.532	0.005	0	0.673	1	1.485	478	2.449	1
6962	1.873	3.836	1.575	3.226	0.005	0	0.841	1	1.189	455	2.048	1
6963	4.574	13.397	0.768	2.251	0.005	0	0.168	1	5.945	484	2.929	1
6964	2.831	4.283	0.461	0.698	0.005	0	0.163	1	6.118	483	1.513	1
6965	4.844	8.303	1.39	2.383	0.005	0	0.287	1	3.482	486	1.714	1
6966	2.896	5.343	1.286	2.372	0.005	0	0.444	1	2.253	493	1.845	1
6967	4.927	11.041	1.153	2.584	0.005	0	0.234	1	4.273	481	2.241	1
6968	2.224	6.441	1.541	4.464	0.005	0	0.693	1	1.443	476	2.896	1
6969	2.399	4.453	0.871	1.616	0.005	0	0.363	1	2.758	485	1.856	1
6970	2.624	4.45	0.409	0.694	0.005	0	0.156	1	6.407	473	1.696	1
6971	3.495	6.081	0.762	1.326	0.005	0	0.218	1	4.583	482	1.74	1
6972	4.971	12.974	3.062	7.992	0.005	0	0.616	1	1.623	459	2.61	1
6973	3.209	7.535	1.768	4.152	0.005	0	0.551	1	1.815	476	2.348	1
6974	2.982	7.389	1.39	3.443	0.005	0	0.466	1	2.146	489	2.478	1
6975	1.35	2.543	0.377	0.709	0.005	0	0.279	1	3.587	487	1.884	1
6976	3.192	8.344	0.358	0.935	0.005	0	0.112	1	8.941	458	2.614	1
6977	4.69	11.992	0.474	1.211	0.005	0	0.101	1	9.883	483	2.557	1
6978	1.487	3.648	0.211	0.518	0.005	0	0.142	1	7.053	495	2.453	1
6979	3.201	7.82	0.89	2.174	0.005	0	0.278	1	3.593	474	2.443	1
6980	2.33	6.906	1.235	3.66	0.005	0	0.53	1	1.888	483	2.964	1
6981	4.41	6.668	2.505	3.787	0.005	0	0.568	1	1.762	459	1.512	1
6982	4.546	8.433	2.009	3.727	0.005	0	0.442	1	2.263	491	1.855	1
6983	3.309	8.229	2.823	7.019	0.005	0	0.853	1	1.173	483	2.487	1
6984	1.508	2.692	0.383	0.684	0.005	0	0.254	1	3.94	488	1.785	1
6985	2.808	4.748	0.449	0.76	0.005	0	0.16	1	6.241	491	1.691	1
6986	3.979	9.788	0.414	1.018	0.005	0	0.104	1	9.66	483	2.46	1
6987	2.005	3.156	0.245	0.385	0.005	0	0.122	1	8.172	458	1.574	1
6988	4.209	6.368	0.657	0.993	0.005	0	0.156	1	6.416	455	1.513	1
6989	2.093	4.611	0.22	0.484	0.005	0	0.105	1	9.534	496	2.203	1
6990	2.631	4.328	0.305	0.502	0.005	0	0.116	1	8.592	487	1.645	1
6991	1.281	3.145	0.971	2.384	0.005	0	0.758	1	1.319	452	2.455	1
6992	1.741	3.834	0.225	0.495	0.005	0	0.129	1	7.728	484	2.202	1
6993	1.862	4.0	0.929	1.996	0.005	0	0.499	1	2.005	487	2.148	1
6994	1.44	2.812	0.325	0.636	0.005	0	0.226	1	4.416	476	1.953	1
6995	1.677	3.921	0.176	0.412	0.005	0	0.105	1	9.567	460	2.338	1
6996	1.511	4.51	0.174	0.519	0.005	0	0.115	1	8.667	487	2.985	1
6997	4.084	10.087	1.45	3.581	0.005	0	0.355	1	2.813	484	2.47	1
6998	3.512	6.09	1.008	1.748	0.005	0	0.287	1	3.484	498	1.734	1
6999	4.373	11.702	2.414	6.46	0.005	0	0.552	1	1.811	494	2.676	1
7000	2.369	4.53	0.493	0.942	0.005	0	0.208	1	4.818	475	1.912	1
7001	4.533	9.741	2.171	4.666	0.005	0	0.479	1	2.088	466	2.149	1
7002	3.021	8.61	1.888	5.381	0.005	0	0.625	1	1.6	478	2.85	1
7003	1.332	3.269	0.333	0.817	0.005	0	0.25	1	4.002	474	2.454	1
7004	4.392	12.816	1.805	5.267	0.005	0	0.411	1	2.436	483	2.918	1
7005	1.593	2.565	0.194	0.313	0.005	0	0.122	1	8.199	495	1.61	1
7006	3.719	9.368	0.428	1.077	0.005	0	0.115	1	8.699	485	2.519	1
7007	4.759	7.5	0.766	1.208	0.005	0	0.161	1	6.22	457	1.576	1
7008	3.579	8.296	0.419	0.971	0.005	0	0.117	1	8.529	465	2.318	1
7009	3.643	10.594	0.375	1.091	0.005	0	0.103	1	9.674	458	2.908	1
7010	2.726	7.704	1.592	4.499	0.005	0	0.584	1	1.711	457	2.826	1
7011	1.372	3.242	0.214	0.506	0.005	0	0.156	1	6.406	456	2.363	1
7012	2.129	3.794	0.502	0.895	0.005	0	0.236	1	4.24	493	1.782	1
7013	2.504	6.946	0.899	2.494	0.005	0	0.359	1	2.785	469	2.774	1
7014	3.416	8.161	0.41	0.979	0.005	0	0.12	1	8.315	466	2.389	1
7015	1.366	2.285	0.639	1.069	0.005	0	0.468	1	2.138	470	1.673	1
7016	1.412	3.797	0.38	1.021	0.005	0	0.269	1	3.72	492	2.689	1
7017	1.873	5.512	0.414	1.218	0.005	0	0.221	1	4.527	460	2.943	1
7018	4.784	9.932	0.627	1.301	0.005	0	0.131	1	7.645	475	2.076	1
7019	3.813	7.565	1.67	3.313	0.005	0	0.438	1	2.282	466	1.984	1
7020	2.923	4.887	0.573	0.958	0.005	0	0.196	1	5.098	486	1.672	1
7021	2.374	4.601	0.688	1.334	0.005	0	0.29	1	3.443	492	1.938	1
7022	1.563	4.164	0.606	1.616	0.005	0	0.388	1	2.579	482	2.664	1
7023	4.933	10.981	0.538	1.197	0.005	0	0.109	1	9.147	484	2.226	1
7024	4.056	6.595	0.661	1.075	0.005	0	0.163	1	6.125	478	1.626	1
7025	1.652	4.622	1.345	3.762	0.005	0	0.814	1	1.229	475	2.798	1
7026	4.055	9.574	3.487	8.234	0.005	0	0.86	1	1.163	464	2.361	1
7027	4.826	10.694	1.602	3.55	0.005	0	0.332	1	3.009	451	2.216	1
7028	3.775	6.059	0.442	0.709	0.005	0	0.117	1	8.54	455	1.605	1
7029	1.301	2.076	0.187	0.299	0.005	0	0.144	1	6.958	455	1.596	1
7030	4.399	7.377	0.479	0.804	0.005	0	0.109	1	9.208	466	1.677	1
7031	2.013	5.491	0.354	0.966	0.005	0	0.176	1	5.683	457	2.728	1
7032	2.978	7.653	0.512	1.316	0.005	0	0.172	1	5.825	456	2.57	1
7033	2.558	5.354	0.471	0.985	0.005	0	0.184	1	5.448	473	2.093	1
7034	4.586	11.208	0.61	1.491	0.005	0	0.133	1	7.545	481	2.444	1
7035	4.782	10.764	0.612	1.378	0.005	0	0.128	1	7.814	473	2.251	1
7036	1.943	3.678	0.886	1.677	0.005	0	0.456	1	2.191	473	1.893	1
7037	2.179	6.247	0.279	0.8	0.005	0	0.128	1	7.807	483	2.867	1
7038	2.245	5.341	0.238	0.566	0.005	0	0.106	1	9.433	468	2.379	1
7039	1.955	3.02	0.944	1.459	0.005	0	0.483	1	2.069	487	1.545	1
7040	3.529	9.874	0.653	1.827	0.005	0	0.185	1	5.412	466	2.798	1
7041	1.151	3.34	0.884	2.565	0.005	0	0.768	1	1.302	451	2.902	1
7042	1.345	3.941	0.305	0.895	0.005	0	0.227	1	4.41	485	2.93	1
7043	3.738	9.468	2.987	7.565	0.005	0	0.799	1	1.252	489	2.533	1
7044	2.093	3.499	0.538	0.899	0.005	0	0.257	1	3.884	465	1.672	1
7045	3.534	6.333	0.392	0.703	0.005	0	0.111	1	9.04	498	1.792	1
7046	3.16	7.154	0.36	0.816	0.005	0	0.114	1	8.749	490	2.264	1
7047	3.6	9.0	0.796	1.989	0.005	0	0.221	1	4.533	473	2.5	1
7048	1.14	1.791	0.975	1.531	0.005	0	0.855	1	1.17	483	1.571	1
7049	3.61	8.74	0.513	1.241	0.005	0	0.142	1	7.065	480	2.421	1
7050	4.884	11.487	1.46	3.435	0.005	0	0.299	1	3.344	455	2.352	1
7051	1.452	4.189	1.355	3.908	0.005	0	0.933	1	1.072	476	2.885	1
7052	2.568	7.617	2.137	6.337	0.005	0	0.832	1	1.202	450	2.966	1
7053	1.487	3.396	0.168	0.384	0.005	0	0.113	1	8.848	458	2.284	1
7054	2.484	4.263	0.286	0.49	0.005	0	0.115	1	8.722	460	1.716	1
7055	4.948	13.152	0.5	1.328	0.005	0	0.101	1	9.88	464	2.658	1
7056	1.697	4.467	0.244	0.643	0.005	0	0.144	1	6.955	492	2.632	1
7057	3.134	6.465	0.715	1.474	0.005	0	0.228	1	4.387	458	2.063	1
7058	1.723	2.97	0.295	0.508	0.005	0	0.171	1	5.865	481	1.724	1
7059	3.258	9.197	1.434	4.047	0.005	0	0.44	1	2.274	465	2.823	1
7060	3.004	7.645	1.205	3.066	0.005	0	0.401	1	2.492	495	2.545	1
7061	1.921	4.666	0.461	1.12	0.005	0	0.24	1	4.173	474	2.429	1
7062	2.735	7.839	0.345	0.988	0.005	0	0.126	1	7.958	491	2.866	1
7063	1.148	3.079	0.364	0.976	0.005	0	0.317	1	3.154	466	2.682	1
7064	3.197	5.579	1.314	2.293	0.005	0	0.411	1	2.434	479	1.745	1
7065	3.173	6.206	0.473	0.925	0.005	0	0.149	1	6.733	494	1.956	1
7066	3.922	11.605	1.537	4.549	0.005	0	0.392	1	2.548	475	2.959	1
7067	1.324	3.449	0.162	0.421	0.005	0	0.122	1	8.201	475	2.605	1
7068	4.302	8.182	0.435	0.826	0.005	0	0.101	1	9.878	486	1.902	1
7069	3.28	7.859	0.715	1.713	0.005	0	0.218	1	4.581	497	2.396	1
7070	4.123	10.934	0.482	1.279	0.005	0	0.117	1	8.519	487	2.652	1
7071	1.103	2.155	0.173	0.338	0.005	0	0.157	1	6.368	463	1.954	1
7072	3.119	6.431	0.652	1.344	0.005	0	0.209	1	4.789	485	2.062	1
7073	2.842	7.435	0.367	0.959	0.005	0	0.129	1	7.771	454	2.616	1
7074	1.45	4.14	0.96	2.741	0.005	0	0.662	1	1.511	450	2.855	1
7075	3.597	6.69	0.507	0.943	0.005	0	0.141	1	7.089	475	1.86	1
7076	4.179	8.412	0.577	1.161	0.005	0	0.138	1	7.222	489	2.013	1
7077	3.634	8.453	0.654	1.522	0.005	0	0.18	1	5.543	491	2.326	1
7078	2.756	4.829	0.361	0.633	0.005	0	0.131	1	7.62	479	1.752	1
7079	4.892	13.492	1.13	3.117	0.005	0	0.231	1	4.323	478	2.758	1
7080	2.025	5.743	0.346	0.982	0.005	0	0.171	1	5.851	461	2.836	1
7081	3.032	5.154	0.679	1.154	0.005	0	0.224	1	4.47	462	1.7	1
7082	1.794	2.942	0.253	0.415	0.005	0	0.141	1	7.078	496	1.64	1
7083	4.929	13.294	1.439	3.882	0.005	0	0.292	1	3.419	477	2.697	1
7084	3.291	6.48	1.843	3.629	0.005	0	0.56	1	1.785	474	1.969	1
7085	1.222	2.66	0.166	0.362	0.005	0	0.136	1	7.377	465	2.177	1
7086	3.305	9.651	0.476	1.39	0.005	0	0.144	1	6.934	463	2.92	1
7087	3.149	7.403	0.488	1.147	0.005	0	0.155	1	6.451	473	2.351	1
7088	1.394	3.822	0.19	0.52	0.005	0	0.136	1	7.36	451	2.742	1
7089	3.171	5.632	0.365	0.648	0.005	0	0.115	1	8.666	494	1.776	1
7090	4.229	6.356	0.457	0.686	0.005	0	0.108	1	9.242	464	1.503	1
7091	2.61	6.199	0.475	1.128	0.005	0	0.182	1	5.483	454	2.375	1
7092	4.012	9.729	3.161	7.666	0.005	0	0.788	1	1.269	495	2.425	1
7093	3.347	5.7	0.619	1.054	0.005	0	0.185	1	5.405	492	1.703	1
7094	3.163	8.015	0.705	1.787	0.005	0	0.223	1	4.494	453	2.534	1
7095	4.929	12.87	1.365	3.565	0.005	0	0.277	1	3.614	451	2.611	1
7096	1.489	3.108	0.188	0.392	0.005	0	0.126	1	7.91	461	2.087	1
7097	3.14	6.016	0.427	0.818	0.005	0	0.136	1	7.343	463	1.916	1
7098	2.919	6.115	0.444	0.929	0.005	0	0.152	1	6.591	482	2.095	1
7099	3.13	8.269	0.695	1.836	0.005	0	0.222	1	4.514	452	2.642	1
7100	1.461	4.219	0.222	0.641	0.005	0	0.152	1	6.597	468	2.888	1
7101	4.275	11.914	1.462	4.075	0.005	0	0.342	1	2.922	498	2.787	1
7102	2.969	6.389	0.57	1.227	0.005	0	0.192	1	5.219	499	2.152	1
7103	1.041	1.989	0.107	0.205	0.005	0	0.103	1	9.72	485	1.911	1
7104	1.532	3.18	0.199	0.413	0.005	0	0.13	1	7.712	497	2.076	1
7105	3.746	6.653	0.539	0.958	0.005	0	0.144	1	6.932	497	1.776	1
7106	1.765	4.157	1.123	2.644	0.005	0	0.636	1	1.573	451	2.355	1
7107	1.7	4.25	0.704	1.759	0.005	0	0.414	1	2.414	484	2.5	1
7108	4.233	9.973	3.678	8.667	0.005	0	0.869	1	1.151	485	2.356	1
7109	4.908	7.75	0.506	0.798	0.005	0	0.103	1	9.741	461	1.579	1
7110	1.091	2.172	0.116	0.23	0.005	0	0.106	1	9.441	464	1.991	1
7111	3.628	5.536	0.559	0.853	0.005	0	0.154	1	6.508	453	1.526	1
7112	1.457	2.672	1.173	2.151	0.005	0	0.805	1	1.243	487	1.834	1
7113	3.909	10.038	0.489	1.255	0.005	0	0.125	1	7.992	463	2.568	1
7114	4.806	10.862	0.702	1.586	0.005	0	0.146	1	6.867	473	2.26	1
7115	1.751	3.197	0.182	0.332	0.005	0	0.104	1	9.617	456	1.826	1
7116	3.827	10.367	2.063	5.588	0.005	0	0.539	1	1.854	464	2.709	1
7117	2.589	4.5	0.655	1.138	0.005	0	0.253	1	3.954	457	1.738	1
7118	4.775	10.099	2.096	4.433	0.005	0	0.439	1	2.278	484	2.115	1
7119	3.111	8.779	0.345	0.974	0.005	0	0.111	1	8.995	469	2.822	1
7120	4.978	9.881	0.742	1.472	0.005	0	0.149	1	6.7	485	1.985	1
7121	1.994	4.973	0.546	1.363	0.005	0	0.274	1	3.649	481	2.494	1
7122	4.998	11.5	1.24	2.852	0.005	0	0.248	1	4.037	458	2.301	1
7123	2.841	4.6	0.378	0.612	0.005	0	0.133	1	7.522	467	1.619	1
7124	4.644	7.811	0.836	1.406	0.005	0	0.18	1	5.546	455	1.682	1
7125	4.631	9.41	1.926	3.915	0.005	0	0.416	1	2.403	484	2.032	1
7126	1.724	4.688	0.778	2.114	0.005	0	0.451	1	2.218	473	2.719	1
7127	3.276	6.762	0.678	1.4	0.005	0	0.207	1	4.836	491	2.064	1
7128	4.258	6.728	0.434	0.686	0.005	0	0.102	1	9.766	470	1.58	1
7129	1.241	3.012	0.303	0.735	0.005	0	0.244	1	4.1	491	2.427	1
7130	4.936	12.004	0.592	1.44	0.005	0	0.12	1	8.367	481	2.432	1
7131	4.062	9.253	0.496	1.129	0.005	0	0.122	1	8.207	474	2.278	1
7132	1.587	4.428	0.379	1.058	0.005	0	0.239	1	4.183	485	2.79	1
7133	4.539	7.308	0.545	0.877	0.005	0	0.12	1	8.309	471	1.61	1
7134	4.663	12.665	1.343	3.648	0.005	0	0.288	1	3.471	497	2.716	1
7135	1.558	3.116	0.31	0.62	0.005	0	0.199	1	5.035	496	2.0	1
7136	1.614	4.367	0.27	0.729	0.005	0	0.167	1	6.005	478	2.706	1
7137	1.558	2.441	1.419	2.224	0.005	0	0.911	1	1.098	499	1.567	1
7138	2.834	7.3	0.553	1.424	0.005	0	0.195	1	5.128	497	2.576	1
7139	3.619	7.039	1.639	3.189	0.005	0	0.453	1	2.209	495	1.945	1
7140	2.953	5.41	1.683	3.084	0.005	0	0.57	1	1.753	478	1.832	1
7141	3.243	7.806	0.603	1.452	0.005	0	0.186	1	5.379	473	2.407	1
7142	3.497	7.952	0.762	1.734	0.005	0	0.218	1	4.591	477	2.274	1
7143	2.891	5.707	1.223	2.414	0.005	0	0.423	1	2.364	456	1.974	1
7144	4.733	9.58	0.549	1.111	0.005	0	0.116	1	8.648	463	2.024	1
7145	4.593	7.216	1.01	1.588	0.005	0	0.22	1	4.545	490	1.571	1
7146	4.149	6.443	0.564	0.876	0.005	0	0.136	1	7.357	476	1.553	1
7147	2.564	5.559	0.554	1.201	0.005	0	0.216	1	4.632	466	2.168	1
7148	1.379	4.123	0.291	0.87	0.005	0	0.211	1	4.742	452	2.99	1
7149	2.702	7.36	0.297	0.81	0.005	0	0.11	1	9.098	464	2.724	1
7150	2.992	5.05	1.816	3.065	0.005	0	0.607	1	1.648	479	1.688	1
7151	4.337	10.144	0.967	2.262	0.005	0	0.223	1	4.478	485	2.339	1
7152	1.191	2.407	0.241	0.486	0.005	0	0.202	1	4.955	494	2.021	1
7153	2.337	4.417	0.257	0.486	0.005	0	0.11	1	9.1	487	1.89	1
7154	3.965	7.799	0.991	1.95	0.005	0	0.25	1	3.995	464	1.967	1
7155	2.066	5.7	0.267	0.735	0.005	0	0.129	1	7.778	459	2.759	1
7156	3.208	7.151	0.337	0.751	0.005	0	0.105	1	9.506	460	2.229	1
7157	1.519	3.39	0.403	0.898	0.005	0	0.265	1	3.779	455	2.232	1
7158	3.953	8.452	0.644	1.378	0.005	0	0.163	1	6.135	455	2.138	1
7159	3.592	8.747	0.496	1.207	0.005	0	0.138	1	7.225	455	2.435	1
7160	3.643	5.938	2.951	4.81	0.005	0	0.81	1	1.234	493	1.63	1
7161	3.263	8.291	0.356	0.904	0.005	0	0.109	1	9.202	466	2.541	1
7162	1.219	2.248	0.395	0.728	0.005	0	0.324	1	3.086	477	1.844	1
7163	2.842	4.934	0.844	1.465	0.005	0	0.297	1	3.37	491	1.736	1
7164	2.127	4.135	0.915	1.778	0.005	0	0.43	1	2.328	465	1.944	1
7165	3.166	8.922	0.481	1.356	0.005	0	0.152	1	6.581	463	2.818	1
7166	2.353	5.617	1.944	4.64	0.005	0	0.826	1	1.211	473	2.387	1
7167	2.734	4.205	0.317	0.488	0.005	0	0.116	1	8.593	498	1.538	1
7168	4.341	6.785	0.564	0.882	0.005	0	0.13	1	7.693	491	1.563	1
7169	4.464	11.053	1.089	2.697	0.005	0	0.244	1	4.103	452	2.476	1
7170	2.327	4.407	0.384	0.727	0.005	0	0.165	1	6.049	471	1.894	1
7171	3.175	6.064	1.753	3.347	0.005	0	0.552	1	1.81	471	1.91	1
7172	1.363	3.556	0.2	0.523	0.005	0	0.147	1	6.819	464	2.609	1
7173	1.915	3.518	0.228	0.419	0.005	0	0.119	1	8.438	477	1.837	1
7174	2.69	5.418	0.422	0.851	0.005	0	0.157	1	6.377	481	2.014	1
7175	3.64	7.262	1.551	3.094	0.005	0	0.426	1	2.345	461	1.995	1
7176	2.93	8.626	0.504	1.484	0.005	0	0.172	1	5.813	471	2.944	1
7177	1.56	4.365	0.229	0.642	0.005	0	0.147	1	6.794	489	2.798	1
7178	4.838	11.142	0.861	1.983	0.005	0	0.178	1	5.625	464	2.303	1
7179	1.636	2.629	0.622	0.999	0.005	0	0.38	1	2.633	488	1.607	1
7180	3.88	9.223	0.52	1.236	0.005	0	0.134	1	7.455	485	2.377	1
7181	3.774	9.631	1.079	2.754	0.005	0	0.286	1	3.501	460	2.552	1
7182	1.666	3.002	0.293	0.528	0.005	0	0.176	1	5.693	486	1.802	1
7183	4.096	7.254	1.61	2.851	0.005	0	0.393	1	2.545	453	1.771	1
7184	1.245	2.798	0.193	0.434	0.005	0	0.155	1	6.451	450	2.247	1
7185	3.971	8.673	0.556	1.214	0.005	0	0.14	1	7.149	462	2.184	1
7186	4.351	7.68	0.526	0.929	0.005	0	0.121	1	8.298	481	1.765	1
7187	1.171	2.946	0.117	0.295	0.005	0	0.1	1	9.961	488	2.516	1
7188	3.512	8.696	0.428	1.061	0.005	0	0.122	1	8.205	486	2.476	1
7189	4.601	7.638	0.768	1.276	0.005	0	0.167	1	5.995	484	1.66	1
7190	2.287	4.071	0.352	0.627	0.005	0	0.154	1	6.504	466	1.78	1
7191	3.264	6.179	1.821	3.448	0.005	0	0.558	1	1.791	472	1.893	1
7192	4.243	6.513	2.911	4.468	0.005	0	0.686	1	1.458	486	1.535	1
7193	2.34	6.608	0.33	0.932	0.005	0	0.141	1	7.085	475	2.824	1
7194	2.411	6.165	0.552	1.412	0.005	0	0.229	1	4.359	462	2.557	1
7195	3.785	8.437	0.56	1.249	0.005	0	0.148	1	6.766	461	2.229	1
7196	4.806	13.25	1.177	3.246	0.005	0	0.245	1	4.079	465	2.757	1
7197	3.058	8.755	0.792	2.268	0.005	0	0.259	1	3.868	458	2.863	1
7198	2.046	3.282	0.853	1.369	0.005	0	0.417	1	2.4	482	1.604	1
7199	3.325	8.11	0.459	1.119	0.005	0	0.138	1	7.262	497	2.439	1
7200	1.387	2.739	0.323	0.638	0.005	0	0.233	1	4.295	462	1.975	1
7201	2.228	3.48	1.442	2.252	0.005	0	0.647	1	1.546	463	1.562	1
7202	2.856	8.402	0.348	1.025	0.005	0	0.122	1	8.228	469	2.942	1
7203	4.591	7.961	3.659	6.345	0.005	0	0.797	1	1.254	481	1.734	1
7204	1.741	3.134	0.204	0.367	0.005	0	0.117	1	8.556	494	1.8	1
7205	2.366	3.975	0.414	0.696	0.005	0	0.175	1	5.718	465	1.68	1
7206	4.726	13.635	0.581	1.677	0.005	0	0.123	1	8.131	491	2.885	1
7207	1.216	3.241	0.148	0.395	0.005	0	0.122	1	8.219	477	2.665	1
7208	1.688	4.306	0.327	0.835	0.005	0	0.194	1	5.154	495	2.551	1
7209	1.685	4.389	0.211	0.549	0.005	0	0.125	1	8.018	491	2.605	1
7210	1.262	2.539	0.684	1.376	0.005	0	0.542	1	1.845	471	2.012	1
7211	3.009	7.492	0.331	0.824	0.005	0	0.11	1	9.118	478	2.49	1
7212	3.39	8.431	3.122	7.765	0.005	0	0.921	1	1.086	497	2.487	1
7213	1.308	3.775	0.19	0.547	0.005	0	0.145	1	6.901	488	2.886	1
7214	1.795	2.8	0.467	0.728	0.005	0	0.26	1	3.846	499	1.56	1
7215	2.641	6.629	0.296	0.742	0.005	0	0.112	1	8.892	462	2.51	1
7216	1.129	3.279	0.137	0.397	0.005	0	0.121	1	8.279	472	2.904	1
7217	3.431	8.804	2.045	5.247	0.005	0	0.596	1	1.678	469	2.566	1
7218	2.432	7.274	0.34	1.018	0.005	0	0.14	1	7.119	455	2.991	1
7219	4.872	13.934	1.885	5.392	0.005	0	0.387	1	2.584	465	2.86	1
7220	3.095	5.933	0.405	0.777	0.005	0	0.131	1	7.62	459	1.917	1
7221	3.787	11.119	0.988	2.902	0.005	0	0.261	1	3.833	451	2.936	1
7222	1.329	2.083	0.234	0.367	0.005	0	0.176	1	5.679	479	1.567	1
7223	1.542	3.442	0.17	0.379	0.005	0	0.11	1	9.129	463	2.232	1
7224	2.985	6.973	0.752	1.757	0.005	0	0.252	1	3.973	466	2.336	1
7225	4.889	8.414	0.538	0.926	0.005	0	0.11	1	9.055	494	1.721	1
7226	3.843	6.107	0.511	0.812	0.005	0	0.133	1	7.505	469	1.589	1
7227	3.788	7.595	1.224	2.453	0.005	0	0.323	1	3.095	475	2.005	1
7228	2.973	8.654	0.957	2.787	0.005	0	0.322	1	3.102	484	2.911	1
7229	2.873	8.493	0.325	0.96	0.005	0	0.113	1	8.873	467	2.956	1
7230	2.332	5.007	0.357	0.766	0.005	0	0.153	1	6.519	452	2.147	1
7231	3.181	8.675	0.401	1.093	0.005	0	0.126	1	7.946	491	2.727	1
7232	1.319	2.854	0.253	0.548	0.005	0	0.192	1	5.209	452	2.164	1
7233	3.983	8.52	0.482	1.031	0.005	0	0.121	1	8.294	458	2.139	1
7234	2.554	7.384	0.317	0.916	0.005	0	0.124	1	8.077	495	2.891	1
7235	3.66	5.614	0.838	1.286	0.005	0	0.229	1	4.365	497	1.534	1
7236	1.426	3.25	0.632	1.44	0.005	0	0.443	1	2.257	470	2.279	1
7237	2.614	4.616	1.409	2.488	0.005	0	0.539	1	1.855	460	1.766	1
7238	3.833	9.199	0.671	1.61	0.005	0	0.175	1	5.702	483	2.4	1
7239	3.2	8.294	0.394	1.02	0.005	0	0.123	1	8.111	461	2.592	1
7240	3.001	4.961	0.342	0.566	0.005	0	0.114	1	8.734	459	1.653	1
7241	1.304	2.806	0.249	0.536	0.005	0	0.191	1	5.239	469	2.152	1
7242	4.718	13.734	0.783	2.28	0.005	0	0.166	1	6.013	464	2.911	1
7243	4.807	14.214	2.322	6.865	0.005	0	0.483	1	2.069	472	2.957	1
7244	4.679	12.675	0.678	1.838	0.005	0	0.145	1	6.89	481	2.709	1
7245	1.899	3.363	1.76	3.118	0.005	0	0.927	1	1.079	479	1.771	1
7246	4.606	9.788	0.626	1.331	0.005	0	0.136	1	7.374	471	2.125	1
7247	2.286	4.165	0.267	0.487	0.005	0	0.117	1	8.533	491	1.822	1
7248	2.869	5.15	0.683	1.226	0.005	0	0.238	1	4.205	478	1.795	1
7249	4.363	9.066	0.458	0.952	0.005	0	0.105	1	9.488	472	2.078	1
7250	3.484	9.999	1.477	4.24	0.005	0	0.424	1	2.358	465	2.87	1
7251	4.626	12.647	1.106	3.023	0.005	0	0.239	1	4.188	472	2.734	1
7252	3.95	9.812	0.988	2.453	0.005	0	0.25	1	4.006	498	2.484	1
7253	2.704	5.784	0.314	0.671	0.005	0	0.116	1	8.585	450	2.139	1
7254	2.505	6.523	0.326	0.848	0.005	0	0.13	1	7.668	463	2.604	1
7255	4.479	12.465	2.75	7.654	0.005	0	0.614	1	1.629	455	2.783	1
7256	1.105	2.117	0.331	0.635	0.005	0	0.3	1	3.338	487	1.916	1
7257	4.462	9.245	0.714	1.479	0.005	0	0.16	1	6.266	469	2.072	1
7258	3.147	5.545	1.013	1.785	0.005	0	0.322	1	3.103	489	1.762	1
7259	1.633	4.791	0.377	1.107	0.005	0	0.231	1	4.32	459	2.934	1
7260	3.531	9.611	0.41	1.115	0.005	0	0.116	1	8.652	466	2.722	1
7261	3.439	6.273	0.633	1.154	0.005	0	0.184	1	5.448	461	1.824	1
7262	4.558	10.702	0.579	1.359	0.005	0	0.127	1	7.861	493	2.348	1
7263	1.453	2.826	0.189	0.367	0.005	0	0.13	1	7.715	459	1.945	1
7264	1.867	4.58	0.198	0.485	0.005	0	0.106	1	9.473	459	2.453	1
7265	2.393	6.332	0.522	1.38	0.005	0	0.218	1	4.583	459	2.646	1
7266	3.549	7.261	0.884	1.808	0.005	0	0.249	1	4.022	469	2.046	1
7267	1.746	4.974	0.398	1.134	0.005	0	0.228	1	4.389	475	2.849	1
7268	1.479	3.665	0.151	0.374	0.005	0	0.102	1	9.763	483	2.478	1
7269	1.627	2.709	0.511	0.851	0.005	0	0.314	1	3.188	499	1.665	1
7270	2.589	6.866	0.518	1.373	0.005	0	0.2	1	4.997	485	2.652	1
7271	3.686	10.42	0.417	1.177	0.005	0	0.113	1	8.882	456	2.827	1
7272	2.896	6.475	0.388	0.868	0.005	0	0.134	1	7.462	472	2.236	1
7273	4.269	10.519	1.588	3.913	0.005	0	0.372	1	2.69	499	2.464	1
7274	2.53	5.584	0.309	0.681	0.005	0	0.122	1	8.195	451	2.207	1
7275	1.945	3.192	1.34	2.199	0.005	0	0.689	1	1.452	471	1.641	1
7276	4.868	7.813	0.511	0.82	0.005	0	0.105	1	9.482	462	1.605	1
7277	4.529	10.113	1.051	2.346	0.005	0	0.232	1	4.306	496	2.233	1
7278	2.574	6.296	0.299	0.73	0.005	0	0.116	1	8.626	479	2.446	1
7279	2.96	6.391	0.515	1.112	0.005	0	0.174	1	5.739	468	2.159	1
7280	3.722	9.889	0.659	1.75	0.005	0	0.177	1	5.641	499	2.657	1
7281	1.09	1.974	0.237	0.428	0.005	0	0.217	1	4.609	478	1.811	1
7282	4.135	9.635	0.422	0.983	0.005	0	0.102	1	9.807	457	2.33	1
7283	1.557	3.846	0.181	0.446	0.005	0	0.116	1	8.644	462	2.47	1
7284	1.07	2.257	0.489	1.031	0.005	0	0.457	1	2.19	494	2.109	1
7285	3.36	5.826	1.3	2.255	0.005	0	0.387	1	2.585	461	1.734	1
7286	4.321	7.242	0.484	0.811	0.005	0	0.112	1	8.917	474	1.676	1
7287	2.95	8.048	0.519	1.416	0.005	0	0.176	1	5.667	475	2.728	1
7288	3.296	6.164	0.445	0.832	0.005	0	0.135	1	7.41	494	1.87	1
7289	1.146	2.925	0.151	0.386	0.005	0	0.132	1	7.596	452	2.552	1
7290	3.927	9.354	1.147	2.731	0.005	0	0.292	1	3.423	451	2.382	1
7291	1.309	3.584	0.262	0.717	0.005	0	0.2	1	5.011	457	2.738	1
7292	2.379	4.346	1.163	2.125	0.005	0	0.489	1	2.044	483	1.827	1
7293	2.094	5.934	0.279	0.789	0.005	0	0.133	1	7.505	469	2.834	1
7294	3.809	7.713	2.872	5.816	0.005	0	0.754	1	1.327	497	2.025	1
7295	1.486	2.975	1.355	2.713	0.005	0	0.912	1	1.097	477	2.002	1
7296	1.879	4.983	0.622	1.649	0.005	0	0.331	1	3.017	484	2.652	1
7297	3.225	8.859	1.116	3.065	0.005	0	0.346	1	2.894	476	2.747	1
7298	3.945	9.425	0.493	1.178	0.005	0	0.125	1	8.011	461	2.389	1
7299	1.199	2.218	0.427	0.79	0.005	0	0.356	1	2.807	487	1.85	1
7300	3.968	7.551	2.091	3.979	0.005	0	0.527	1	1.896	481	1.903	1
7301	3.298	9.488	0.547	1.575	0.005	0	0.166	1	6.026	452	2.877	1
7302	1.704	4.798	0.375	1.056	0.005	0	0.22	1	4.553	484	2.816	1
7303	3.263	9.75	0.388	1.16	0.005	0	0.119	1	8.421	481	2.988	1
7304	3.325	7.98	0.505	1.213	0.005	0	0.152	1	6.586	455	2.4	1
7305	1.672	4.215	0.244	0.615	0.005	0	0.146	1	6.837	451	2.521	1
7306	4.169	9.405	0.926	2.088	0.005	0	0.222	1	4.509	451	2.256	1
7307	2.565	6.751	0.359	0.945	0.005	0	0.14	1	7.144	456	2.632	1
7308	4.284	6.439	0.728	1.095	0.005	0	0.17	1	5.871	465	1.503	1
7309	1.393	3.208	0.188	0.433	0.005	0	0.135	1	7.403	462	2.303	1
7310	2.989	7.461	1.399	3.492	0.005	0	0.468	1	2.139	470	2.496	1
7311	1.11	1.734	0.274	0.428	0.005	0	0.247	1	4.048	485	1.562	1
7312	2.353	3.57	0.388	0.589	0.005	0	0.165	1	6.058	481	1.517	1
7313	4.699	13.604	1.776	5.142	0.005	0	0.378	1	2.646	463	2.895	1
7314	1.877	4.403	0.19	0.445	0.005	0	0.101	1	9.942	469	2.346	1
7315	2.006	5.44	1.262	3.422	0.005	0	0.629	1	1.59	480	2.712	1
7316	1.725	2.891	0.29	0.486	0.005	0	0.168	1	5.938	498	1.676	1
7317	3.7	10.93	1.173	3.465	0.005	0	0.317	1	3.151	496	2.954	1
7318	4.84	13.039	1.094	2.947	0.005	0	0.226	1	4.433	476	2.694	1
7319	3.987	7.364	0.455	0.839	0.005	0	0.114	1	8.761	451	1.847	1
7320	4.187	9.973	0.49	1.167	0.005	0	0.117	1	8.518	479	2.382	1
7321	3.195	4.856	0.435	0.66	0.005	0	0.136	1	7.333	479	1.52	1
7322	2.41	5.741	0.583	1.389	0.005	0	0.242	1	4.133	471	2.382	1
7323	4.252	7.335	0.74	1.276	0.005	0	0.174	1	5.736	472	1.725	1
7324	3.954	11.004	0.399	1.111	0.005	0	0.101	1	9.872	466	2.783	1
7325	2.573	5.396	0.27	0.567	0.005	0	0.105	1	9.56	469	2.097	1
7326	1.505	4.187	0.542	1.507	0.005	0	0.36	1	2.774	480	2.782	1
7327	4.234	10.56	0.982	2.45	0.005	0	0.232	1	4.317	491	2.494	1
7328	4.87	11.435	0.502	1.178	0.005	0	0.103	1	9.695	476	2.348	1
7329	3.617	5.769	1.157	1.846	0.005	0	0.32	1	3.129	492	1.595	1
7330	1.608	4.025	0.219	0.547	0.005	0	0.136	1	7.378	492	2.503	1
7331	2.121	4.0	0.399	0.752	0.005	0	0.188	1	5.322	467	1.886	1
7332	4.463	10.675	1.165	2.786	0.005	0	0.261	1	3.827	479	2.392	1
7333	3.443	9.527	1.002	2.772	0.005	0	0.291	1	3.434	498	2.767	1
7334	4.858	9.264	2.594	4.947	0.005	0	0.534	1	1.871	471	1.907	1
7335	3.752	7.688	2.446	5.013	0.005	0	0.652	1	1.533	457	2.049	1
7336	1.979	3.709	0.592	1.109	0.005	0	0.299	1	3.346	460	1.874	1
7337	4.622	12.771	0.573	1.584	0.005	0	0.124	1	8.055	459	2.763	1
7338	4.207	12.402	1.275	3.758	0.005	0	0.303	1	3.295	467	2.948	1
7339	4.279	8.768	0.804	1.648	0.005	0	0.188	1	5.318	477	2.049	1
7340	1.979	3.465	0.33	0.579	0.005	0	0.167	1	5.993	473	1.751	1
7341	4.508	9.958	1.533	3.386	0.005	0	0.34	1	2.939	482	2.209	1
7342	2.292	3.651	0.362	0.577	0.005	0	0.158	1	6.343	470	1.593	1
7343	1.492	2.723	0.158	0.289	0.005	0	0.106	1	9.393	493	1.825	1
7344	3.278	8.005	0.583	1.425	0.005	0	0.178	1	5.632	467	2.442	1
7345	3.291	5.789	0.527	0.926	0.005	0	0.16	1	6.231	474	1.759	1
7346	3.596	8.134	0.471	1.066	0.005	0	0.131	1	7.649	453	2.262	1
7347	3.703	6.028	0.378	0.615	0.005	0	0.102	1	9.798	478	1.628	1
7348	4.915	13.57	0.708	1.954	0.005	0	0.144	1	6.935	489	2.761	1
7349	1.739	2.619	1.24	1.867	0.005	0	0.713	1	1.402	460	1.506	1
7350	1.499	2.301	0.258	0.396	0.005	0	0.172	1	5.802	465	1.535	1
7351	4.37	12.293	0.459	1.291	0.005	0	0.105	1	9.549	464	2.813	1
7352	3.834	9.769	1.062	2.706	0.005	0	0.277	1	3.606	479	2.548	1
7353	3.683	9.119	0.707	1.751	0.005	0	0.192	1	5.208	478	2.476	1
7354	1.054	2.374	0.211	0.475	0.005	0	0.2	1	4.989	490	2.252	1
7355	1.039	2.506	0.723	1.744	0.005	0	0.696	1	1.437	451	2.412	1
7356	4.812	7.69	0.529	0.846	0.005	0	0.11	1	9.123	483	1.598	1
7357	3.091	8.231	0.847	2.255	0.005	0	0.274	1	3.647	476	2.663	1
7358	2.602	5.618	2.235	4.826	0.005	0	0.859	1	1.164	461	2.159	1
7359	3.91	9.564	0.551	1.349	0.005	0	0.141	1	7.099	477	2.446	1
7360	3.175	5.969	1.318	2.477	0.005	0	0.415	1	2.41	457	1.88	1
7361	4.575	8.363	1.208	2.208	0.005	0	0.264	1	3.794	466	1.828	1
7362	4.695	12.517	1.784	4.756	0.005	0	0.38	1	2.634	479	2.666	1
7363	1.491	3.018	0.473	0.957	0.005	0	0.317	1	3.151	451	2.024	1
7364	2.672	5.397	0.369	0.745	0.005	0	0.138	1	7.23	463	2.02	1
7365	2.392	6.954	0.332	0.967	0.005	0	0.139	1	7.19	451	2.907	1
7366	4.939	7.473	0.583	0.882	0.005	0	0.118	1	8.501	450	1.513	1
7367	4.952	10.88	4.075	8.954	0.005	0	0.823	1	1.215	454	2.197	1
7368	3.263	9.045	1.442	3.998	0.005	0	0.442	1	2.263	496	2.772	1
7369	3.322	9.807	2.212	6.531	0.005	0	0.666	1	1.501	492	2.952	1
7370	2.693	4.683	0.762	1.325	0.005	0	0.283	1	3.537	479	1.739	1
7371	1.733	4.927	0.579	1.646	0.005	0	0.334	1	2.992	457	2.843	1
7372	1.07	2.417	0.446	1.008	0.005	0	0.417	1	2.397	457	2.259	1
7373	1.14	2.93	0.165	0.425	0.005	0	0.145	1	6.879	461	2.57	1
7374	3.551	7.315	1.708	3.519	0.005	0	0.481	1	2.078	462	2.06	1
7375	4.5	7.951	1.125	1.988	0.005	0	0.25	1	3.993	456	1.767	1
7376	3.802	8.254	1.642	3.566	0.005	0	0.432	1	2.317	487	2.171	1
7377	2.232	4.727	0.237	0.501	0.005	0	0.106	1	9.398	470	2.118	1
7378	4.339	8.305	1.892	3.621	0.005	0	0.436	1	2.292	461	1.914	1
7379	3.407	6.449	0.436	0.825	0.005	0	0.128	1	7.828	461	1.893	1
7380	3.963	8.207	3.876	8.026	0.005	0	0.978	1	1.023	485	2.071	1
7381	1.487	4.125	0.17	0.47	0.005	0	0.114	1	8.767	499	2.774	1
7382	4.561	7.001	0.684	1.05	0.005	0	0.15	1	6.688	489	1.535	1
7383	1.826	3.557	0.473	0.921	0.005	0	0.259	1	3.867	473	1.948	1
7384	4.352	7.699	0.744	1.317	0.005	0	0.171	1	5.831	485	1.769	1
7385	1.726	3.005	0.221	0.385	0.005	0	0.128	1	7.783	498	1.741	1
7386	3.681	10.038	0.784	2.138	0.005	0	0.213	1	4.69	474	2.727	1
7387	4.258	9.921	0.805	1.875	0.005	0	0.189	1	5.287	473	2.33	1
7388	2.924	4.453	0.822	1.251	0.005	0	0.281	1	3.553	499	1.523	1
7389	1.912	3.897	0.31	0.631	0.005	0	0.162	1	6.161	495	2.038	1
7390	2.156	4.896	0.282	0.641	0.005	0	0.131	1	7.645	470	2.271	1
7391	3.015	6.298	1.378	2.878	0.005	0	0.457	1	2.19	484	2.089	1
7392	3.883	10.224	1.856	4.887	0.005	0	0.478	1	2.092	459	2.633	1
7393	4.238	8.743	0.606	1.25	0.005	0	0.143	1	7.005	468	2.063	1
7394	1.668	3.77	0.229	0.516	0.005	0	0.137	1	7.273	452	2.26	1
7395	2.362	6.493	0.364	1.0	0.005	0	0.154	1	6.475	478	2.749	1
7396	1.166	2.517	0.139	0.3	0.005	0	0.119	1	8.39	451	2.159	1
7397	2.16	4.994	0.281	0.649	0.005	0	0.13	1	7.666	491	2.312	1
7398	3.552	6.873	0.654	1.265	0.005	0	0.184	1	5.437	480	1.935	1
7399	2.376	4.833	0.33	0.672	0.005	0	0.139	1	7.216	491	2.034	1
7400	3.363	9.41	3.124	8.742	0.005	0	0.929	1	1.076	450	2.798	1
7401	1.549	3.358	0.181	0.393	0.005	0	0.117	1	8.519	489	2.168	1
7402	4.736	8.71	4.087	7.517	0.005	0	0.863	1	1.159	493	1.839	1
7403	1.395	2.744	0.206	0.406	0.005	0	0.148	1	6.773	480	1.967	1
7404	3.094	5.189	0.489	0.82	0.005	0	0.158	1	6.341	480	1.677	1
7405	3.474	9.904	0.452	1.288	0.005	0	0.13	1	7.714	479	2.851	1
7406	1.184	2.61	0.123	0.271	0.005	0	0.104	1	9.635	490	2.204	1
7407	3.897	5.869	0.46	0.693	0.005	0	0.118	1	8.501	493	1.506	1
7408	1.509	2.565	0.748	1.272	0.005	0	0.496	1	2.018	481	1.7	1
7409	3.516	7.071	0.735	1.478	0.005	0	0.209	1	4.775	479	2.011	1
7410	2.421	5.019	0.634	1.315	0.005	0	0.262	1	3.815	465	2.073	1
7411	3.731	9.216	0.548	1.355	0.005	0	0.147	1	6.787	463	2.47	1
7412	3.41	5.575	0.436	0.714	0.005	0	0.128	1	7.81	483	1.635	1
7413	3.135	5.511	0.752	1.323	0.005	0	0.24	1	4.168	469	1.758	1
7414	1.619	2.722	0.468	0.787	0.005	0	0.289	1	3.457	475	1.681	1
7415	1.783	3.57	0.214	0.428	0.005	0	0.12	1	8.312	463	2.002	1
7416	3.055	6.113	0.312	0.624	0.005	0	0.102	1	9.823	459	2.001	1
7417	1.435	2.494	0.346	0.601	0.005	0	0.241	1	4.148	490	1.738	1
7418	4.246	11.439	0.747	2.013	0.005	0	0.176	1	5.698	480	2.694	1
7419	4.443	7.922	0.502	0.895	0.005	0	0.113	1	8.811	478	1.783	1
7420	1.277	3.808	0.162	0.484	0.005	0	0.127	1	7.845	469	2.982	1
7421	2.762	6.869	1.121	2.789	0.005	0	0.406	1	2.463	475	2.487	1
7422	2.898	7.297	0.936	2.357	0.005	0	0.323	1	3.097	468	2.518	1
7423	1.929	3.507	0.457	0.831	0.005	0	0.237	1	4.218	492	1.818	1
7424	1.081	1.802	0.249	0.414	0.005	0	0.23	1	4.352	499	1.667	1
7425	1.583	3.416	0.719	1.551	0.005	0	0.454	1	2.205	459	2.158	1
7426	3.381	8.304	1.095	2.69	0.005	0	0.324	1	3.085	450	2.456	1
7427	1.888	4.509	0.948	2.264	0.005	0	0.502	1	1.993	470	2.388	1
7428	1.388	3.746	0.161	0.435	0.005	0	0.116	1	8.611	457	2.699	1
7429	1.02	2.676	0.944	2.475	0.005	0	0.925	1	1.081	459	2.624	1
7430	1.495	2.826	0.422	0.797	0.005	0	0.282	1	3.552	471	1.89	1
7431	4.428	7.545	1.222	2.082	0.005	0	0.276	1	3.62	498	1.704	1
7432	2.423	4.579	0.652	1.232	0.005	0	0.269	1	3.713	485	1.89	1
7433	3.543	7.922	0.663	1.481	0.005	0	0.187	1	5.347	492	2.236	1
7434	4.399	9.845	0.453	1.014	0.005	0	0.103	1	9.702	484	2.238	1
7435	3.307	8.638	0.486	1.27	0.005	0	0.147	1	6.81	451	2.612	1
7436	4.93	10.304	1.864	3.895	0.005	0	0.378	1	2.648	456	2.09	1
7437	4.976	13.808	2.543	7.056	0.005	0	0.511	1	1.958	482	2.775	1
7438	2.444	7.134	0.381	1.113	0.005	0	0.156	1	6.411	497	2.919	1
7439	4.287	10.567	1.055	2.599	0.005	0	0.246	1	4.061	477	2.465	1
7440	4.953	11.308	0.976	2.228	0.005	0	0.197	1	5.067	469	2.283	1
7441	4.623	8.483	2.658	4.878	0.005	0	0.575	1	1.74	452	1.835	1
7442	2.4	5.374	1.126	2.52	0.005	0	0.469	1	2.13	459	2.239	1
7443	4.118	10.106	0.91	2.233	0.005	0	0.221	1	4.528	483	2.454	1
7444	3.386	7.077	3.318	6.935	0.005	0	0.98	1	1.02	488	2.09	1
7445	2.043	4.164	0.21	0.429	0.005	0	0.103	1	9.673	451	2.038	1
7446	1.601	4.361	0.2	0.545	0.005	0	0.125	1	7.98	469	2.724	1
7447	4.259	12.747	0.903	2.702	0.005	0	0.212	1	4.717	489	2.993	1
7448	2.781	7.133	0.309	0.792	0.005	0	0.111	1	8.975	488	2.565	1
7449	4.125	9.162	0.429	0.953	0.005	0	0.104	1	9.649	478	2.221	1
7450	4.861	11.059	0.724	1.648	0.005	0	0.149	1	6.696	479	2.275	1
7451	4.165	11.758	1.62	4.574	0.005	0	0.389	1	2.573	472	2.823	1
7452	4.399	9.612	0.761	1.663	0.005	0	0.173	1	5.783	495	2.185	1
7453	1.724	4.96	0.338	0.972	0.005	0	0.196	1	5.09	460	2.877	1
7454	4.413	10.754	1.086	2.645	0.005	0	0.246	1	4.065	463	2.437	1
7455	3.933	6.71	1.691	2.885	0.005	0	0.43	1	2.323	483	1.706	1
7456	1.253	2.036	1.007	1.637	0.005	0	0.804	1	1.244	469	1.625	1
7457	1.2	2.326	0.197	0.381	0.005	0	0.164	1	6.097	499	1.938	1
7458	2.021	3.211	0.327	0.52	0.005	0	0.162	1	6.18	490	1.589	1
7459	2.53	4.2	2.325	3.86	0.005	0	0.919	1	1.088	466	1.66	1
7460	3.423	7.339	0.414	0.888	0.005	0	0.121	1	8.285	470	2.144	1
7461	1.342	3.492	0.378	0.985	0.005	0	0.282	1	3.547	459	2.602	1
7462	1.44	4.097	0.405	1.151	0.005	0	0.281	1	3.555	456	2.845	1
7463	2.363	6.527	0.603	1.664	0.005	0	0.255	1	3.928	477	2.762	1
7464	3.71	5.584	0.709	1.067	0.005	0	0.191	1	5.226	470	1.505	1
7465	4.469	9.407	0.818	1.721	0.005	0	0.183	1	5.476	468	2.105	1
7466	4.996	12.71	0.669	1.703	0.005	0	0.134	1	7.478	471	2.544	1
7467	2.589	4.039	0.272	0.424	0.005	0	0.105	1	9.521	483	1.56	1
7468	4.038	6.097	0.715	1.079	0.005	0	0.177	1	5.665	459	1.51	1
7469	1.647	4.353	1.309	3.461	0.005	0	0.795	1	1.258	467	2.643	1
7470	3.756	10.851	2.61	7.541	0.005	0	0.695	1	1.439	496	2.889	1
7471	2.715	4.656	1.214	2.081	0.005	0	0.447	1	2.236	477	1.715	1
7472	4.265	12.569	0.823	2.426	0.005	0	0.193	1	5.179	483	2.947	1
7473	1.384	3.219	0.983	2.285	0.005	0	0.71	1	1.408	454	2.326	1
7474	2.279	6.589	0.253	0.731	0.005	0	0.111	1	9.007	454	2.891	1
7475	1.774	4.123	0.254	0.59	0.005	0	0.143	1	7.01	479	2.324	1
7476	3.69	9.701	0.384	1.009	0.005	0	0.104	1	9.641	487	2.629	1
7477	4.151	10.066	0.56	1.359	0.005	0	0.135	1	7.402	458	2.425	1
7478	1.513	3.86	0.336	0.857	0.005	0	0.222	1	4.503	493	2.551	1
7479	1.238	2.561	1.08	2.233	0.005	0	0.872	1	1.147	485	2.069	1
7480	3.41	8.651	0.443	1.125	0.005	0	0.13	1	7.693	484	2.537	1
7481	4.782	12.495	0.55	1.437	0.005	0	0.115	1	8.709	469	2.613	1
7482	4.387	9.463	0.996	2.148	0.005	0	0.227	1	4.403	498	2.157	1
7483	3.763	7.925	0.47	0.991	0.005	0	0.125	1	7.991	495	2.106	1
7484	3.146	6.729	0.72	1.541	0.005	0	0.229	1	4.362	474	2.139	1
7485	2.579	5.88	0.289	0.659	0.005	0	0.112	1	8.906	476	2.28	1
7486	2.826	5.694	0.486	0.979	0.005	0	0.172	1	5.805	488	2.015	1
7487	3.955	6.605	0.494	0.826	0.005	0	0.125	1	8.007	498	1.67	1
7488	1.144	3.284	0.126	0.361	0.005	0	0.11	1	9.091	450	2.871	1
7489	2.086	5.357	0.559	1.436	0.005	0	0.268	1	3.738	489	2.568	1
7490	2.099	4.196	0.233	0.466	0.005	0	0.111	1	8.997	468	1.999	1
7491	4.88	7.969	0.771	1.259	0.005	0	0.158	1	6.346	473	1.633	1
7492	2.85	6.219	0.935	2.04	0.005	0	0.328	1	3.051	457	2.182	1
7493	3.177	8.359	0.613	1.613	0.005	0	0.193	1	5.175	499	2.631	1
7494	3.955	7.906	0.498	0.996	0.005	0	0.126	1	7.914	458	1.999	1
7495	3.095	7.462	0.489	1.179	0.005	0	0.158	1	6.32	479	2.411	1
7496	4.376	6.638	0.648	0.982	0.005	0	0.148	1	6.756	483	1.517	1
7497	2.83	6.71	1.242	2.946	0.005	0	0.439	1	2.279	462	2.371	1
7498	1.386	3.321	0.252	0.604	0.005	0	0.182	1	5.506	454	2.396	1
7499	2.458	4.324	0.484	0.852	0.005	0	0.197	1	5.087	454	1.759	1
7500	3.15	6.561	0.627	1.306	0.005	0	0.199	1	5.016	494	2.083	1
7501	4.119	11.092	0.931	2.507	0.005	0	0.226	1	4.42	450	2.693	1
7502	3.496	8.107	0.559	1.297	0.005	0	0.16	1	6.254	459	2.319	1
7503	4.273	12.806	0.573	1.716	0.005	0	0.134	1	7.466	493	2.997	1
7504	4.667	11.943	1.12	2.866	0.005	0	0.24	1	4.164	479	2.559	1
7505	4.016	10.819	0.43	1.158	0.005	0	0.107	1	9.341	477	2.694	1
7506	2.235	6.562	0.246	0.722	0.005	0	0.11	1	9.076	454	2.936	1
7507	1.801	2.963	0.866	1.425	0.005	0	0.481	1	2.079	458	1.645	1
7508	3.451	6.474	0.387	0.725	0.005	0	0.112	1	8.944	488	1.876	1
7509	3.95	8.757	0.533	1.182	0.005	0	0.135	1	7.42	455	2.217	1
7510	3.611	10.324	0.816	2.333	0.005	0	0.226	1	4.424	456	2.859	1
7511	1.995	5.676	0.365	1.039	0.005	0	0.183	1	5.474	458	2.845	1
7512	2.862	6.113	0.355	0.758	0.005	0	0.124	1	8.048	499	2.136	1
7513	4.534	7.613	2.231	3.746	0.005	0	0.492	1	2.032	498	1.679	1
7514	1.349	2.477	0.724	1.33	0.005	0	0.537	1	1.862	488	1.836	1
7515	1.74	3.048	0.259	0.454	0.005	0	0.149	1	6.7	488	1.752	1
7516	2.89	5.205	0.41	0.739	0.005	0	0.142	1	7.048	450	1.801	1
7517	1.738	4.303	0.706	1.747	0.005	0	0.406	1	2.464	498	2.476	1
7518	2.07	4.121	0.219	0.437	0.005	0	0.106	1	9.473	463	1.991	1
7519	3.578	5.65	1.174	1.853	0.005	0	0.328	1	3.048	486	1.579	1
7520	2.607	6.828	0.349	0.915	0.005	0	0.134	1	7.462	484	2.619	1
7521	4.385	12.861	0.548	1.608	0.005	0	0.125	1	7.99	484	2.933	1
7522	3.49	6.579	0.478	0.901	0.005	0	0.137	1	7.279	472	1.885	1
7523	1.9	5.352	0.433	1.22	0.005	0	0.228	1	4.38	481	2.817	1
7524	1.061	2.365	0.869	1.937	0.005	0	0.819	1	1.221	498	2.229	1
7525	1.881	5.325	0.286	0.809	0.005	0	0.152	1	6.566	493	2.831	1
7526	4.754	12.608	0.513	1.362	0.005	0	0.108	1	9.221	451	2.652	1
7527	4.08	9.523	1.779	4.152	0.005	0	0.436	1	2.296	484	2.334	1
7528	2.987	7.632	2.482	6.342	0.005	0	0.831	1	1.204	482	2.555	1
7529	2.224	6.038	1.297	3.52	0.005	0	0.583	1	1.716	458	2.715	1
7530	2.369	5.517	0.718	1.672	0.005	0	0.303	1	3.296	454	2.329	1
7531	4.82	8.903	1.176	2.172	0.005	0	0.244	1	4.098	455	1.847	1
7532	3.778	6.543	0.74	1.282	0.005	0	0.196	1	5.093	481	1.732	1
7533	1.402	2.553	0.219	0.398	0.005	0	0.156	1	6.426	478	1.821	1
7534	3.621	7.137	0.525	1.035	0.005	0	0.145	1	6.894	457	1.971	1
7535	4.892	7.617	0.646	1.005	0.005	0	0.132	1	7.578	486	1.557	1
7536	4.071	8.781	0.415	0.896	0.005	0	0.102	1	9.766	479	2.157	1
7537	2.615	4.694	0.547	0.981	0.005	0	0.209	1	4.785	486	1.795	1
7538	2.813	7.935	0.456	1.285	0.005	0	0.162	1	6.19	478	2.821	1
7539	3.15	6.01	0.498	0.95	0.005	0	0.158	1	6.331	471	1.908	1
7540	1.873	5.529	0.948	2.798	0.005	0	0.506	1	1.977	458	2.952	1
7541	4.523	13.393	0.488	1.446	0.005	0	0.108	1	9.219	490	2.961	1
7542	4.162	12.041	2.173	6.285	0.005	0	0.522	1	1.914	465	2.893	1
7543	3.936	10.147	0.732	1.887	0.005	0	0.186	1	5.384	476	2.578	1
7544	4.762	7.548	0.571	0.906	0.005	0	0.12	1	8.321	472	1.585	1
7545	2.805	6.213	2.597	5.753	0.005	0	0.926	1	1.08	472	2.215	1
7546	1.788	5.012	0.696	1.95	0.005	0	0.389	1	2.571	495	2.803	1
7547	3.369	10.08	1.398	4.183	0.005	0	0.415	1	2.41	479	2.992	1
7548	3.321	9.717	0.594	1.739	0.005	0	0.179	1	5.582	495	2.926	1
7549	4.535	9.569	0.59	1.244	0.005	0	0.13	1	7.667	492	2.11	1
7550	3.063	6.904	0.496	1.118	0.005	0	0.162	1	6.155	483	2.254	1
7551	3.379	9.079	0.51	1.371	0.005	0	0.151	1	6.623	464	2.687	1
7552	3.457	8.642	1.127	2.817	0.005	0	0.326	1	3.07	464	2.5	1
7553	3.833	7.095	1.288	2.384	0.005	0	0.336	1	2.973	482	1.851	1
7554	3.036	5.207	2.805	4.811	0.005	0	0.924	1	1.082	456	1.715	1
7555	2.698	4.978	0.745	1.374	0.005	0	0.276	1	3.617	481	1.845	1
7556	3.377	9.986	2.003	5.922	0.005	0	0.593	1	1.687	463	2.957	1
7557	4.645	8.51	3.804	6.97	0.005	0	0.819	1	1.221	489	1.832	1
7558	1.501	2.456	0.332	0.543	0.005	0	0.221	1	4.527	494	1.636	1
7559	1.146	3.154	0.345	0.949	0.005	0	0.301	1	3.323	479	2.752	1
7560	1.499	4.323	0.321	0.925	0.005	0	0.214	1	4.669	462	2.884	1
7561	2.389	4.491	1.171	2.201	0.005	0	0.49	1	2.042	489	1.88	1
7562	2.8	4.278	1.929	2.948	0.005	0	0.689	1	1.451	468	1.528	1
7563	4.456	9.219	0.802	1.659	0.005	0	0.18	1	5.565	451	2.069	1
7564	4.954	11.786	1.253	2.982	0.005	0	0.253	1	3.949	486	2.379	1
7565	1.085	1.736	0.112	0.179	0.005	0	0.103	1	9.754	460	1.6	1
7566	3.023	7.485	0.393	0.973	0.005	0	0.13	1	7.706	468	2.476	1
7567	1.315	3.203	0.18	0.439	0.005	0	0.137	1	7.291	474	2.436	1
7568	1.717	2.792	0.357	0.581	0.005	0	0.208	1	4.809	478	1.626	1
7569	2.681	7.239	2.552	6.892	0.005	0	0.952	1	1.05	474	2.7	1
7570	3.587	10.166	0.929	2.633	0.005	0	0.259	1	3.866	468	2.834	1
7571	4.759	7.457	1.323	2.073	0.005	0	0.278	1	3.591	472	1.567	1
7572	1.083	2.901	0.118	0.316	0.005	0	0.109	1	9.208	471	2.679	1
7573	4.169	8.255	2.743	5.432	0.005	0	0.658	1	1.52	496	1.98	1
7574	2.867	7.024	0.393	0.962	0.005	0	0.137	1	7.287	460	2.45	1
7575	4.251	8.107	3.354	6.396	0.005	0	0.789	1	1.267	459	1.907	1
7576	2.728	6.648	0.336	0.818	0.005	0	0.123	1	8.132	493	2.437	1
7577	2.858	6.751	0.88	2.079	0.005	0	0.308	1	3.243	482	2.362	1
7578	1.271	3.446	0.194	0.527	0.005	0	0.153	1	6.525	457	2.711	1
7579	2.634	6.58	0.511	1.277	0.005	0	0.194	1	5.162	456	2.498	1
7580	4.92	10.996	0.871	1.946	0.005	0	0.177	1	5.646	457	2.235	1
7581	4.919	11.624	4.388	10.369	0.005	0	0.892	1	1.121	471	2.363	1
7582	1.214	2.404	0.301	0.596	0.005	0	0.248	1	4.037	452	1.98	1
7583	2.547	7.155	0.374	1.052	0.005	0	0.147	1	6.825	472	2.809	1
7584	4.098	7.372	0.934	1.681	0.005	0	0.228	1	4.384	456	1.799	1
7585	4.407	11.348	4.226	10.883	0.005	0	0.959	1	1.043	463	2.575	1
7586	2.966	4.796	0.997	1.611	0.005	0	0.336	1	2.98	474	1.617	1
7587	4.24	10.545	0.56	1.392	0.005	0	0.132	1	7.56	482	2.487	1
7588	2.383	5.402	0.322	0.729	0.005	0	0.135	1	7.421	451	2.267	1
7589	4.841	12.441	0.726	1.866	0.005	0	0.15	1	6.669	459	2.57	1
7590	1.533	4.066	0.883	2.342	0.005	0	0.576	1	1.736	491	2.652	1
7591	4.568	9.917	0.9	1.954	0.005	0	0.197	1	5.08	453	2.171	1
7592	4.433	7.545	1.294	2.203	0.005	0	0.292	1	3.421	492	1.702	1
7593	1.757	4.301	1.096	2.684	0.005	0	0.624	1	1.602	482	2.448	1
7594	4.192	9.239	0.671	1.478	0.005	0	0.16	1	6.234	496	2.204	1
7595	3.025	8.367	0.511	1.414	0.005	0	0.169	1	5.905	498	2.766	1
7596	1.894	4.301	0.197	0.447	0.005	0	0.104	1	9.587	455	2.271	1
7597	2.514	3.781	0.287	0.431	0.005	0	0.114	1	8.774	457	1.504	1
7598	3.479	7.372	0.4	0.848	0.005	0	0.115	1	8.663	461	2.119	1
7599	4.199	10.477	0.798	1.991	0.005	0	0.19	1	5.25	481	2.495	1
7600	3.844	11.04	0.496	1.424	0.005	0	0.129	1	7.727	481	2.872	1
7601	4.447	12.95	0.796	2.318	0.005	0	0.179	1	5.599	479	2.912	1
7602	1.027	2.513	0.105	0.256	0.005	0	0.102	1	9.767	474	2.447	1
7603	2.37	5.728	0.296	0.716	0.005	0	0.125	1	7.982	470	2.417	1
7604	4.54	11.028	1.085	2.636	0.005	0	0.239	1	4.177	466	2.429	1
7605	3.421	10.171	0.445	1.322	0.005	0	0.13	1	7.685	467	2.973	1
7606	3.597	6.029	3.115	5.221	0.005	0	0.866	1	1.155	492	1.676	1
7607	3.245	5.51	0.665	1.13	0.005	0	0.205	1	4.884	487	1.698	1
7608	1.558	2.633	0.268	0.453	0.005	0	0.172	1	5.812	452	1.69	1
7609	3.569	7.359	0.396	0.817	0.005	0	0.111	1	9.037	476	2.062	1
7610	1.144	3.346	0.406	1.188	0.005	0	0.355	1	2.819	482	2.925	1
7611	3.774	10.684	0.57	1.613	0.005	0	0.151	1	6.604	490	2.831	1
7612	3.921	11.626	1.388	4.116	0.005	0	0.354	1	2.821	475	2.965	1
7613	4.184	6.468	1.163	1.798	0.005	0	0.278	1	3.595	450	1.546	1
7614	4.657	10.269	0.922	2.033	0.005	0	0.198	1	5.038	464	2.205	1
7615	2.176	4.583	0.5	1.054	0.005	0	0.23	1	4.341	497	2.106	1
7616	3.573	9.733	0.729	1.986	0.005	0	0.204	1	4.89	465	2.724	1
7617	4.937	13.527	1.224	3.355	0.005	0	0.248	1	4.028	470	2.74	1
7618	3.691	8.53	0.454	1.049	0.005	0	0.123	1	8.111	482	2.311	1
7619	3.167	8.203	0.551	1.427	0.005	0	0.174	1	5.744	465	2.59	1
7620	1.179	3.292	0.137	0.382	0.005	0	0.116	1	8.611	476	2.792	1
7621	1.83	5.153	0.503	1.417	0.005	0	0.275	1	3.638	474	2.816	1
7622	4.508	13.272	0.554	1.632	0.005	0	0.123	1	8.118	499	2.944	1
7623	3.888	9.413	0.502	1.214	0.005	0	0.129	1	7.773	468	2.421	1
7624	4.574	9.025	0.64	1.264	0.005	0	0.14	1	7.151	496	1.973	1
7625	3.929	9.921	0.483	1.22	0.005	0	0.123	1	8.103	492	2.525	1
7626	3.947	11.087	2.652	7.45	0.005	0	0.672	1	1.488	463	2.809	1
7627	2.148	4.668	0.277	0.602	0.005	0	0.129	1	7.775	485	2.173	1
7628	1.847	3.738	0.414	0.837	0.005	0	0.224	1	4.455	477	2.024	1
7629	1.679	2.796	0.188	0.313	0.005	0	0.112	1	8.945	453	1.665	1
7630	2.537	3.851	0.266	0.404	0.005	0	0.105	1	9.563	450	1.518	1
7631	2.909	5.783	1.481	2.944	0.005	0	0.509	1	1.966	498	1.988	1
7632	3.98	8.366	1.512	3.179	0.005	0	0.38	1	2.633	477	2.102	1
7633	3.211	6.563	0.501	1.024	0.005	0	0.156	1	6.394	498	2.044	1
7634	4.827	10.904	0.772	1.745	0.005	0	0.16	1	6.233	498	2.259	1
7635	3.024	6.393	0.339	0.716	0.005	0	0.112	1	8.916	483	2.114	1
7636	1.906	3.85	0.839	1.694	0.005	0	0.44	1	2.273	495	2.02	1
7637	4.132	9.202	1.992	4.435	0.005	0	0.482	1	2.073	458	2.227	1
7638	4.679	7.66	0.543	0.889	0.005	0	0.116	1	8.635	497	1.637	1
7639	3.625	5.749	0.479	0.759	0.005	0	0.132	1	7.589	486	1.586	1
7640	1.732	3.817	0.521	1.149	0.005	0	0.301	1	3.317	464	2.204	1
7641	1.123	3.13	0.185	0.516	0.005	0	0.165	1	6.06	496	2.787	1
7642	3.805	9.505	1.396	3.488	0.005	0	0.367	1	2.723	451	2.498	1
7643	1.326	2.606	0.146	0.287	0.005	0	0.11	1	9.123	450	1.965	1
7644	2.02	3.396	0.244	0.411	0.005	0	0.121	1	8.29	470	1.681	1
7645	2.109	5.374	0.314	0.801	0.005	0	0.149	1	6.701	485	2.548	1
7646	3.428	8.947	0.583	1.521	0.005	0	0.17	1	5.877	459	2.61	1
7647	3.622	5.571	0.703	1.081	0.005	0	0.194	1	5.163	497	1.538	1
7648	1.17	3.302	0.556	1.568	0.005	0	0.475	1	2.104	483	2.822	1
7649	3.691	6.95	0.424	0.799	0.005	0	0.115	1	8.67	487	1.883	1
7650	3.276	7.076	0.475	1.026	0.005	0	0.145	1	6.878	451	2.16	1
7651	4.819	7.715	0.54	0.864	0.005	0	0.112	1	8.917	469	1.601	1
7652	3.972	6.308	0.548	0.871	0.005	0	0.138	1	7.26	453	1.588	1
7653	1.016	2.978	0.38	1.114	0.005	0	0.374	1	2.673	461	2.931	1
7654	1.551	3.755	0.222	0.537	0.005	0	0.143	1	6.972	490	2.421	1
7655	2.337	6.305	0.255	0.687	0.005	0	0.109	1	9.166	461	2.698	1
7656	1.099	2.212	0.145	0.292	0.005	0	0.132	1	7.563	468	2.013	1
7657	3.556	8.204	0.761	1.756	0.005	0	0.214	1	4.683	499	2.307	1
7658	2.017	4.811	0.234	0.558	0.005	0	0.116	1	8.589	498	2.385	1
7659	1.347	3.559	0.392	1.036	0.005	0	0.291	1	3.44	455	2.642	1
7660	3.192	6.071	1.005	1.912	0.005	0	0.315	1	3.17	470	1.902	1
7661	4.833	11.058	2.914	6.668	0.005	0	0.603	1	1.658	471	2.288	1
7662	1.319	3.673	0.782	2.178	0.005	0	0.593	1	1.685	474	2.785	1
7663	3.895	7.993	0.39	0.799	0.005	0	0.1	1	10.0	485	2.052	1
7664	4.292	7.155	1.532	2.554	0.005	0	0.357	1	2.804	463	1.667	1
7665	1.178	3.261	0.262	0.724	0.005	0	0.222	1	4.501	494	2.768	1
7666	1.353	3.014	0.147	0.329	0.005	0	0.109	1	9.202	491	2.228	1
7667	3.145	6.906	0.337	0.739	0.005	0	0.107	1	9.334	468	2.196	1
7668	3.256	6.004	0.348	0.642	0.005	0	0.107	1	9.376	451	1.844	1
7669	2.544	7.581	1.598	4.761	0.005	0	0.628	1	1.592	459	2.98	1
7670	1.317	2.729	0.196	0.407	0.005	0	0.149	1	6.731	455	2.072	1
7671	3.496	9.306	0.65	1.731	0.005	0	0.186	1	5.37	478	2.662	1
7672	4.774	9.295	2.564	4.991	0.005	0	0.537	1	1.861	455	1.947	1
7673	2.878	5.497	0.42	0.803	0.005	0	0.146	1	6.843	474	1.91	1
7674	3.414	6.541	0.86	1.648	0.005	0	0.252	1	3.962	466	1.916	1
7675	1.863	5.28	0.412	1.167	0.005	0	0.221	1	4.532	459	2.834	1
7676	2.181	6.338	1.206	3.505	0.005	0	0.553	1	1.809	472	2.906	1
7677	3.18	6.646	0.34	0.711	0.005	0	0.107	1	9.305	494	2.09	1
7678	1.146	3.137	0.143	0.392	0.005	0	0.125	1	7.987	476	2.737	1
7679	4.411	10.807	0.737	1.805	0.005	0	0.167	1	6.003	487	2.45	1
7680	1.429	2.881	0.149	0.3	0.005	0	0.104	1	9.576	499	2.016	1
7681	1.88	5.005	0.327	0.871	0.005	0	0.174	1	5.762	458	2.662	1
7682	3.657	6.228	0.636	1.084	0.005	0	0.174	1	5.752	465	1.703	1
7683	3.853	9.213	1.776	4.247	0.005	0	0.461	1	2.167	475	2.391	1
7684	2.684	4.23	1.688	2.661	0.005	0	0.629	1	1.589	473	1.576	1
7685	3.825	9.585	0.926	2.32	0.005	0	0.242	1	4.127	491	2.506	1
7686	4.193	11.589	3.283	9.074	0.005	0	0.783	1	1.277	466	2.764	1
7687	3.611	10.443	0.61	1.765	0.005	0	0.169	1	5.909	456	2.892	1
7688	3.706	5.585	0.408	0.614	0.005	0	0.11	1	9.104	491	1.507	1
7689	3.794	8.301	1.408	3.08	0.005	0	0.371	1	2.699	477	2.188	1
7690	1.373	2.165	0.621	0.979	0.005	0	0.452	1	2.211	485	1.577	1
7691	4.531	10.077	1.953	4.343	0.005	0	0.431	1	2.322	493	2.224	1
7692	4.226	7.129	0.773	1.305	0.005	0	0.183	1	5.464	469	1.687	1
7693	4.678	9.281	1.338	2.654	0.005	0	0.286	1	3.496	493	1.984	1
7694	4.4	8.598	0.959	1.874	0.005	0	0.218	1	4.585	468	1.954	1
7695	2.246	5.296	0.404	0.953	0.005	0	0.18	1	5.563	451	2.358	1
7696	1.486	2.968	0.557	1.113	0.005	0	0.375	1	2.668	470	1.997	1
7697	4.392	11.946	1.458	3.966	0.005	0	0.332	1	3.016	474	2.72	1
7698	3.072	6.076	2.507	4.958	0.005	0	0.816	1	1.226	460	1.978	1
7699	4.922	14.677	0.984	2.935	0.005	0	0.2	1	4.994	455	2.982	1
7700	4.592	11.719	4.362	11.133	0.005	0	0.95	1	1.053	476	2.552	1
7701	4.396	12.362	0.558	1.57	0.005	0	0.127	1	7.889	463	2.812	1
7702	2.679	5.599	0.514	1.075	0.005	0	0.192	1	5.215	485	2.09	1
7703	3.065	5.223	0.447	0.763	0.005	0	0.146	1	6.862	460	1.704	1
7704	1.578	2.771	0.394	0.693	0.005	0	0.25	1	4.003	458	1.756	1
7705	4.081	9.541	0.437	1.021	0.005	0	0.107	1	9.322	465	2.338	1
7706	1.353	2.935	0.469	1.018	0.005	0	0.347	1	2.885	493	2.169	1
7707	4.797	7.546	0.772	1.215	0.005	0	0.161	1	6.218	474	1.573	1
7708	2.144	6.17	0.862	2.48	0.005	0	0.402	1	2.487	471	2.878	1
7709	1.811	3.215	0.214	0.379	0.005	0	0.118	1	8.478	475	1.775	1
7710	2.174	4.905	0.326	0.736	0.005	0	0.15	1	6.674	467	2.256	1
7711	2.123	4.872	0.221	0.507	0.005	0	0.104	1	9.574	486	2.295	1
7712	4.898	9.218	1.308	2.461	0.005	0	0.267	1	3.749	496	1.882	1
7713	2.707	7.452	1.871	5.149	0.005	0	0.691	1	1.448	490	2.753	1
7714	1.159	1.838	0.84	1.333	0.005	0	0.725	1	1.379	463	1.586	1
7715	3.298	7.147	0.755	1.637	0.005	0	0.229	1	4.37	474	2.167	1
7716	3.592	9.838	0.632	1.731	0.005	0	0.176	1	5.679	477	2.739	1
7717	3.35	7.698	0.516	1.185	0.005	0	0.154	1	6.487	471	2.298	1
7718	3.438	8.21	0.54	1.289	0.005	0	0.157	1	6.385	475	2.388	1
7719	4.069	9.387	1.229	2.835	0.005	0	0.302	1	3.308	466	2.307	1
7720	1.364	3.653	0.229	0.614	0.005	0	0.168	1	5.949	450	2.678	1
7721	4.769	12.662	0.806	2.14	0.005	0	0.169	1	5.915	486	2.655	1
7722	4.933	7.996	2.58	4.182	0.005	0	0.523	1	1.913	466	1.621	1
7723	3.436	8.508	0.388	0.961	0.005	0	0.113	1	8.832	478	2.476	1
7724	4.39	9.166	0.509	1.063	0.005	0	0.116	1	8.594	495	2.088	1
7725	3.831	9.861	0.529	1.361	0.005	0	0.138	1	7.266	468	2.574	1
7726	4.651	11.325	0.521	1.268	0.005	0	0.112	1	8.958	491	2.435	1
7727	1.668	3.199	0.384	0.736	0.005	0	0.23	1	4.35	463	1.918	1
7728	1.584	2.739	0.173	0.299	0.005	0	0.109	1	9.142	453	1.729	1
7729	3.716	7.911	2.259	4.81	0.005	0	0.608	1	1.644	473	2.129	1
7730	1.685	3.431	0.318	0.648	0.005	0	0.189	1	5.297	465	2.036	1
7731	1.63	4.261	0.215	0.562	0.005	0	0.132	1	7.549	470	2.614	1
7732	2.409	6.779	0.725	2.04	0.005	0	0.301	1	3.323	471	2.814	1
7733	2.699	7.727	0.569	1.63	0.005	0	0.211	1	4.731	471	2.863	1
7734	1.721	3.137	0.174	0.317	0.005	0	0.101	1	9.854	466	1.823	1
7735	1.561	3.487	0.223	0.499	0.005	0	0.143	1	6.98	493	2.234	1
7736	2.763	7.178	1.755	4.558	0.005	0	0.635	1	1.576	458	2.598	1
7737	3.475	7.951	1.22	2.791	0.005	0	0.351	1	2.846	453	2.288	1
7738	1.369	2.231	0.23	0.375	0.005	0	0.168	1	5.941	472	1.63	1
7739	3.732	5.982	0.44	0.706	0.005	0	0.118	1	8.482	481	1.603	1
7740	3.142	8.066	0.349	0.895	0.005	0	0.111	1	8.97	470	2.567	1
7741	2.926	7.075	2.49	6.021	0.005	0	0.851	1	1.175	489	2.418	1
7742	4.664	10.335	1.175	2.604	0.005	0	0.252	1	3.974	468	2.216	1
7743	2.527	5.527	0.339	0.741	0.005	0	0.134	1	7.435	461	2.187	1
7744	2.073	3.255	1.2	1.885	0.005	0	0.579	1	1.727	498	1.57	1
7745	3.876	8.926	1.822	4.195	0.005	0	0.47	1	2.127	454	2.303	1
7746	4.335	12.979	0.607	1.817	0.005	0	0.14	1	7.165	498	2.994	1
7747	1.496	4.359	0.221	0.645	0.005	0	0.148	1	6.776	470	2.914	1
7748	1.837	4.225	0.468	1.077	0.005	0	0.255	1	3.926	459	2.3	1
7749	4.122	8.166	0.507	1.004	0.005	0	0.123	1	8.116	498	1.981	1
7750	4.413	9.744	0.45	0.994	0.005	0	0.102	1	9.832	459	2.208	1
7751	1.918	5.748	0.224	0.673	0.005	0	0.117	1	8.524	470	2.997	1
7752	2.302	5.394	1.95	4.569	0.005	0	0.847	1	1.18	471	2.343	1
7753	4.805	9.99	2.042	4.246	0.005	0	0.425	1	2.355	477	2.079	1
7754	4.032	10.011	1.395	3.464	0.005	0	0.346	1	2.889	461	2.483	1
7755	3.522	8.241	0.627	1.467	0.005	0	0.178	1	5.618	450	2.34	1
7756	2.569	5.174	1.726	3.477	0.005	0	0.672	1	1.489	479	2.014	1
7757	4.89	13.892	0.699	1.987	0.005	0	0.143	1	7.011	452	2.841	1
7758	3.241	5.587	0.6	1.034	0.005	0	0.185	1	5.402	496	1.724	1
7759	2.737	5.244	0.616	1.18	0.005	0	0.225	1	4.454	495	1.916	1
7760	1.13	2.176	0.115	0.222	0.005	0	0.102	1	9.771	453	1.926	1
7761	2.842	5.863	0.426	0.879	0.005	0	0.15	1	6.659	458	2.063	1
7762	1.867	4.552	0.327	0.797	0.005	0	0.175	1	5.7	499	2.438	1
7763	2.016	4.947	0.266	0.653	0.005	0	0.132	1	7.581	491	2.454	1
7764	2.515	4.917	0.337	0.659	0.005	0	0.134	1	7.448	470	1.955	1
7765	2.974	5.511	0.384	0.711	0.005	0	0.129	1	7.772	462	1.853	1
7766	1.283	2.018	0.14	0.22	0.005	0	0.109	1	9.18	458	1.573	1
7767	4.127	11.217	0.751	2.041	0.005	0	0.182	1	5.492	498	2.718	1
7768	1.162	2.307	0.194	0.385	0.005	0	0.167	1	5.971	490	1.985	1
7769	3.636	6.548	0.742	1.336	0.005	0	0.204	1	4.914	497	1.801	1
7770	1.044	1.82	0.164	0.286	0.005	0	0.157	1	6.366	476	1.743	1
7771	3.892	10.828	0.631	1.754	0.005	0	0.162	1	6.179	450	2.782	1
7772	3.623	8.159	1.17	2.635	0.005	0	0.323	1	3.096	475	2.252	1
7773	4.268	8.374	1.093	2.144	0.005	0	0.256	1	3.9	459	1.962	1
7774	3.867	10.646	3.155	8.687	0.005	0	0.816	1	1.226	452	2.753	1
7775	1.729	3.434	1.383	2.747	0.005	0	0.8	1	1.25	486	1.986	1
7776	3.895	8.873	0.393	0.896	0.005	0	0.101	1	9.932	498	2.278	1
7777	4.3	10.978	0.538	1.372	0.005	0	0.125	1	8.021	450	2.553	1
7778	1.261	2.667	0.291	0.616	0.005	0	0.231	1	4.328	492	2.115	1
7779	2.237	4.827	0.309	0.666	0.005	0	0.138	1	7.238	453	2.158	1
7780	2.562	4.709	0.43	0.791	0.005	0	0.168	1	5.962	484	1.838	1
7781	2.241	5.103	1.371	3.123	0.005	0	0.612	1	1.634	486	2.277	1
7782	2.176	6.474	1.902	5.658	0.005	0	0.874	1	1.144	473	2.975	1
7783	4.468	10.326	0.697	1.611	0.005	0	0.156	1	6.407	482	2.311	1
7784	3.489	7.135	0.649	1.327	0.005	0	0.186	1	5.372	467	2.045	1
7785	1.233	2.451	0.268	0.532	0.005	0	0.217	1	4.61	487	1.988	1
7786	1.891	4.803	0.24	0.61	0.005	0	0.127	1	7.905	470	2.54	1
7787	2.658	4.79	0.412	0.742	0.005	0	0.155	1	6.446	457	1.802	1
7788	1.256	2.233	0.225	0.4	0.005	0	0.179	1	5.592	476	1.778	1
7789	1.938	5.382	0.258	0.716	0.005	0	0.133	1	7.508	497	2.777	1
7790	2.798	4.267	0.367	0.559	0.005	0	0.131	1	7.649	459	1.525	1
7791	4.544	12.242	0.991	2.669	0.005	0	0.218	1	4.59	467	2.694	1
7792	3.047	6.466	0.463	0.983	0.005	0	0.152	1	6.595	492	2.122	1
7793	4.975	11.791	4.343	10.294	0.005	0	0.873	1	1.146	470	2.37	1
7794	3.581	9.49	3.037	8.048	0.005	0	0.848	1	1.179	492	2.65	1
7795	1.498	3.469	0.166	0.385	0.005	0	0.111	1	9.02	452	2.316	1
7796	4.376	7.737	0.582	1.029	0.005	0	0.133	1	7.524	478	1.768	1
7797	3.937	6.24	0.677	1.073	0.005	0	0.172	1	5.808	492	1.585	1
7798	1.001	1.967	0.208	0.409	0.005	0	0.208	1	4.799	465	1.965	1
7799	4.749	9.731	0.693	1.421	0.005	0	0.146	1	6.866	455	2.049	1
7800	4.527	7.814	0.806	1.391	0.005	0	0.178	1	5.604	492	1.726	1
7801	4.531	9.665	0.512	1.092	0.005	0	0.113	1	8.835	452	2.133	1
7802	1.597	3.049	0.201	0.384	0.005	0	0.126	1	7.955	460	1.909	1
7803	2.381	5.01	0.552	1.162	0.005	0	0.232	1	4.309	466	2.104	1
7804	2.041	5.805	0.22	0.627	0.005	0	0.108	1	9.272	496	2.844	1
7805	4.002	7.472	1.133	2.115	0.005	0	0.283	1	3.535	468	1.867	1
7806	1.39	3.592	0.156	0.402	0.005	0	0.112	1	8.912	470	2.584	1
7807	3.423	8.811	0.404	1.04	0.005	0	0.118	1	8.494	497	2.574	1
7808	4.989	11.011	0.509	1.123	0.005	0	0.102	1	9.818	478	2.207	1
7809	2.936	7.78	0.661	1.751	0.005	0	0.225	1	4.449	482	2.65	1
7810	2.986	8.51	0.322	0.919	0.005	0	0.108	1	9.29	478	2.85	1
7811	1.87	3.228	0.324	0.558	0.005	0	0.173	1	5.773	470	1.726	1
7812	3.819	10.705	0.577	1.616	0.005	0	0.151	1	6.635	496	2.803	1
7813	1.088	1.733	0.27	0.43	0.005	0	0.248	1	4.038	475	1.593	1
7814	3.61	5.805	2.874	4.621	0.005	0	0.796	1	1.257	463	1.608	1
7815	2.153	6.261	0.342	0.995	0.005	0	0.159	1	6.285	472	2.908	1
7816	4.511	9.699	0.97	2.085	0.005	0	0.215	1	4.651	485	2.15	1
7817	1.826	3.731	0.424	0.866	0.005	0	0.232	1	4.316	495	2.043	1
7818	4.609	13.366	1.019	2.954	0.005	0	0.221	1	4.535	457	2.9	1
7819	3.661	5.883	1.907	3.065	0.005	0	0.521	1	1.919	479	1.607	1
7820	4.172	12.082	0.855	2.477	0.005	0	0.205	1	4.877	497	2.896	1
7821	3.333	6.999	0.407	0.854	0.005	0	0.122	1	8.22	487	2.1	1
7822	3.06	8.596	0.373	1.049	0.005	0	0.122	1	8.174	467	2.809	1
7823	1.8	5.272	0.301	0.88	0.005	0	0.167	1	5.971	470	2.929	1
7824	2.019	5.112	0.432	1.094	0.005	0	0.214	1	4.672	488	2.532	1
7825	4.996	9.507	0.61	1.16	0.005	0	0.122	1	8.17	474	1.903	1
7826	4.007	11.837	2.849	8.416	0.005	0	0.711	1	1.407	456	2.954	1
7827	2.958	5.392	1.142	2.081	0.005	0	0.386	1	2.594	465	1.823	1
7828	1.577	4.368	0.194	0.537	0.005	0	0.123	1	8.153	463	2.77	1
7829	2.753	5.792	0.341	0.718	0.005	0	0.124	1	8.045	490	2.104	1
7830	3.576	9.727	2.367	6.439	0.005	0	0.662	1	1.511	471	2.72	1
7831	4.311	8.626	0.737	1.475	0.005	0	0.171	1	5.847	484	2.001	1
7832	4.003	11.997	3.435	10.293	0.005	0	0.858	1	1.165	461	2.997	1
7833	4.047	7.969	0.502	0.988	0.005	0	0.124	1	8.089	460	1.969	1
7834	2.52	6.648	1.411	3.723	0.005	0	0.56	1	1.787	499	2.638	1
7835	1.682	4.081	0.215	0.522	0.005	0	0.128	1	7.808	450	2.426	1
7836	4.765	13.461	0.505	1.427	0.005	0	0.106	1	9.434	493	2.825	1
7837	4.472	10.38	0.716	1.661	0.005	0	0.16	1	6.26	472	2.321	1
7838	1.622	3.474	0.36	0.771	0.005	0	0.222	1	4.499	467	2.142	1
7839	2.231	6.512	0.355	1.035	0.005	0	0.159	1	6.287	498	2.919	1
7840	3.254	8.766	0.485	1.306	0.005	0	0.149	1	6.719	460	2.694	1
7841	4.478	11.056	0.537	1.327	0.005	0	0.12	1	8.33	461	2.469	1
7842	3.534	8.245	0.491	1.146	0.005	0	0.139	1	7.185	458	2.333	1
7843	2.171	4.674	0.504	1.084	0.005	0	0.232	1	4.309	496	2.153	1
7844	3.785	8.895	1.874	4.403	0.005	0	0.495	1	2.02	458	2.35	1
7845	1.841	4.93	0.203	0.542	0.005	0	0.11	1	9.057	455	2.678	1
7846	1.918	4.831	0.689	1.734	0.005	0	0.359	1	2.782	453	2.519	1
7847	1.62	3.632	0.181	0.407	0.005	0	0.112	1	8.932	482	2.242	1
7848	2.301	6.337	0.428	1.179	0.005	0	0.186	1	5.374	474	2.754	1
7849	4.986	9.932	1.092	2.175	0.005	0	0.219	1	4.576	487	1.992	1
7850	2.8	7.07	0.3	0.756	0.005	0	0.107	1	9.367	499	2.525	1
7851	2.376	4.198	0.33	0.584	0.005	0	0.139	1	7.2	462	1.767	1
7852	4.784	12.29	0.555	1.426	0.005	0	0.116	1	8.639	483	2.569	1
7853	2.105	4.66	1.212	2.684	0.005	0	0.576	1	1.735	461	2.214	1
7854	4.456	7.589	0.584	0.994	0.005	0	0.131	1	7.623	459	1.703	1
7855	3.06	6.022	0.386	0.759	0.005	0	0.126	1	7.946	460	1.968	1
7856	1.71	4.737	0.176	0.488	0.005	0	0.103	1	9.741	468	2.77	1
7857	2.353	3.617	0.308	0.474	0.005	0	0.131	1	7.622	452	1.537	1
7858	3.842	7.112	0.765	1.415	0.005	0	0.199	1	5.033	458	1.851	1
7859	4.153	7.866	1.786	3.382	0.005	0	0.43	1	2.326	491	1.894	1
7860	3.312	9.489	0.414	1.186	0.005	0	0.125	1	8.022	487	2.865	1
7861	4.372	9.583	1.014	2.223	0.005	0	0.232	1	4.308	468	2.192	1
7862	1.656	4.044	0.351	0.857	0.005	0	0.212	1	4.715	490	2.442	1
7863	1.567	2.937	0.577	1.081	0.005	0	0.368	1	2.721	491	1.874	1
7864	4.395	13.172	0.457	1.37	0.005	0	0.104	1	9.622	490	2.997	1
7865	3.865	10.014	0.974	2.524	0.005	0	0.252	1	3.965	465	2.591	1
7866	3.313	8.405	0.494	1.252	0.005	0	0.149	1	6.723	486	2.537	1
7867	1.951	5.556	1.091	3.106	0.005	0	0.559	1	1.788	464	2.848	1
7868	3.02	4.847	0.725	1.163	0.005	0	0.24	1	4.167	461	1.605	1
7869	3.586	6.609	0.857	1.58	0.005	0	0.239	1	4.18	485	1.843	1
7870	1.768	5.133	0.209	0.606	0.005	0	0.118	1	8.493	477	2.903	1
7871	4.884	9.543	1.158	2.262	0.005	0	0.237	1	4.225	461	1.954	1
7872	3.059	5.017	0.419	0.687	0.005	0	0.137	1	7.311	460	1.64	1
7873	1.895	5.524	0.388	1.132	0.005	0	0.205	1	4.88	490	2.915	1
7874	1.758	3.187	0.287	0.519	0.005	0	0.163	1	6.126	494	1.813	1
7875	3.364	8.844	1.588	4.174	0.005	0	0.472	1	2.117	494	2.629	1
7876	2.24	4.191	0.941	1.76	0.005	0	0.42	1	2.381	498	1.871	1
7877	2.519	7.146	0.378	1.072	0.005	0	0.15	1	6.678	473	2.837	1
7878	2.018	3.745	0.236	0.438	0.005	0	0.117	1	8.54	456	1.856	1
7879	2.927	4.809	0.389	0.64	0.005	0	0.133	1	7.512	458	1.643	1
7880	4.428	6.877	0.677	1.052	0.005	0	0.153	1	6.523	456	1.553	1
7881	2.829	6.756	0.631	1.507	0.005	0	0.223	1	4.482	463	2.388	1
7882	1.28	3.785	0.942	2.786	0.005	0	0.736	1	1.358	476	2.957	1
7883	4.009	10.965	0.758	2.072	0.005	0	0.189	1	5.302	466	2.735	1
7884	3.153	5.102	0.495	0.801	0.005	0	0.157	1	6.386	494	1.618	1
7885	2.835	6.458	0.74	1.686	0.005	0	0.261	1	3.831	483	2.278	1
7886	1.324	3.217	0.164	0.399	0.005	0	0.124	1	8.085	460	2.43	1
7887	4.383	10.085	0.903	2.078	0.005	0	0.206	1	4.857	463	2.301	1
7888	3.603	10.344	0.912	2.617	0.005	0	0.253	1	3.95	470	2.871	1
7889	4.546	11.665	0.486	1.248	0.005	0	0.107	1	9.358	452	2.566	1
7890	2.267	5.409	0.442	1.055	0.005	0	0.195	1	5.116	478	2.386	1
7891	4.723	12.54	3.089	8.201	0.005	0	0.654	1	1.53	480	2.655	1
7892	1.284	3.485	0.272	0.739	0.005	0	0.212	1	4.719	464	2.714	1
7893	2.427	4.75	0.379	0.741	0.005	0	0.156	1	6.404	482	1.957	1
7894	3.3	9.289	0.353	0.994	0.005	0	0.107	1	9.317	489	2.815	1
7895	1.101	1.777	0.331	0.535	0.005	0	0.301	1	3.323	455	1.614	1
7896	3.044	7.984	2.761	7.241	0.005	0	0.907	1	1.102	473	2.623	1
7897	3.005	8.588	0.496	1.417	0.005	0	0.165	1	6.046	456	2.858	1
7898	4.552	12.172	0.492	1.315	0.005	0	0.108	1	9.299	494	2.674	1
7899	1.478	3.321	1.244	2.796	0.005	0	0.842	1	1.187	450	2.247	1
7900	1.62	4.369	0.444	1.197	0.005	0	0.274	1	3.655	467	2.697	1
7901	2.289	5.697	0.311	0.775	0.005	0	0.136	1	7.335	498	2.489	1
7902	3.736	5.933	0.96	1.525	0.005	0	0.257	1	3.895	482	1.588	1
7903	3.697	7.668	1.457	3.021	0.005	0	0.394	1	2.541	468	2.074	1
7904	4.157	7.362	1.23	2.179	0.005	0	0.296	1	3.38	496	1.771	1
7905	1.752	4.807	0.179	0.49	0.005	0	0.102	1	9.812	469	2.744	1
7906	3.117	8.933	0.623	1.787	0.005	0	0.2	1	5.012	477	2.866	1
7907	1.441	3.726	0.167	0.432	0.005	0	0.116	1	8.584	471	2.586	1
7908	4.076	10.96	2.234	6.006	0.005	0	0.548	1	1.825	485	2.689	1
7909	3.953	7.392	0.423	0.791	0.005	0	0.107	1	9.347	452	1.87	1
7910	3.387	7.458	0.87	1.917	0.005	0	0.257	1	3.898	486	2.202	1
7911	1.91	2.867	0.376	0.565	0.005	0	0.197	1	5.067	494	1.501	1
7912	2.652	5.015	0.629	1.189	0.005	0	0.237	1	4.223	480	1.891	1
7913	4.868	9.653	0.944	1.873	0.005	0	0.194	1	5.152	458	1.983	1
7914	1.994	5.226	0.229	0.601	0.005	0	0.115	1	8.706	451	2.621	1
7915	4.238	7.722	0.496	0.903	0.005	0	0.117	1	8.537	491	1.822	1
7916	2.394	5.954	0.381	0.947	0.005	0	0.159	1	6.28	492	2.487	1
7917	1.462	4.11	0.827	2.326	0.005	0	0.566	1	1.767	483	2.811	1
7918	2.045	3.476	0.317	0.539	0.005	0	0.155	1	6.468	486	1.7	1
7919	1.962	4.652	0.793	1.879	0.005	0	0.404	1	2.477	495	2.371	1
7920	1.378	2.986	0.187	0.406	0.005	0	0.136	1	7.337	493	2.167	1
7921	3.949	7.697	1.043	2.032	0.005	0	0.264	1	3.787	457	1.949	1
7922	2.083	4.312	0.423	0.875	0.005	0	0.203	1	4.916	488	2.07	1
7923	1.576	3.253	0.236	0.488	0.005	0	0.15	1	6.668	450	2.064	1
7924	3.265	6.096	1.25	2.335	0.005	0	0.383	1	2.612	490	1.867	1
7925	3.109	5.929	2.568	4.897	0.005	0	0.826	1	1.211	473	1.907	1
7926	1.583	2.843	0.546	0.981	0.005	0	0.345	1	2.898	483	1.796	1
7927	3.435	5.455	2.167	3.442	0.005	0	0.631	1	1.586	467	1.588	1
7928	1.651	4.365	0.18	0.476	0.005	0	0.109	1	9.148	484	2.644	1
7929	3.667	8.185	0.708	1.58	0.005	0	0.193	1	5.171	455	2.232	1
7930	3.309	9.341	0.347	0.981	0.005	0	0.105	1	9.528	479	2.823	1
7931	2.912	6.692	0.536	1.231	0.005	0	0.184	1	5.436	463	2.298	1
7932	4.133	7.766	0.69	1.297	0.005	0	0.167	1	5.98	494	1.879	1
7933	1.864	5.516	0.49	1.451	0.005	0	0.263	1	3.806	479	2.959	1
7934	4.925	13.982	0.685	1.943	0.005	0	0.139	1	7.178	459	2.839	1
7935	4.71	10.899	0.645	1.493	0.005	0	0.137	1	7.312	488	2.314	1
7936	4.891	11.792	0.773	1.863	0.005	0	0.158	1	6.319	455	2.411	1
7937	2.911	5.243	1.092	1.966	0.005	0	0.375	1	2.668	479	1.801	1
7938	1.402	3.177	0.206	0.467	0.005	0	0.147	1	6.824	452	2.266	1
7939	3.046	5.501	0.728	1.315	0.005	0	0.239	1	4.188	498	1.806	1
7940	2.086	3.315	0.382	0.607	0.005	0	0.183	1	5.468	465	1.589	1
7941	1.82	5.071	0.26	0.725	0.005	0	0.143	1	6.98	457	2.786	1
7942	3.791	8.712	0.428	0.984	0.005	0	0.113	1	8.883	489	2.298	1
7943	1.84	4.786	0.383	0.995	0.005	0	0.208	1	4.812	468	2.601	1
7944	1.595	4.393	0.911	2.508	0.005	0	0.571	1	1.751	465	2.754	1
7945	1.026	2.966	0.14	0.403	0.005	0	0.136	1	7.368	476	2.891	1
7946	3.199	5.595	0.416	0.727	0.005	0	0.13	1	7.671	498	1.749	1
7947	2.66	5.746	0.309	0.667	0.005	0	0.116	1	8.641	455	2.16	1
7948	4.51	6.797	0.564	0.85	0.005	0	0.125	1	7.978	455	1.507	1
7949	4.674	13.648	0.509	1.488	0.005	0	0.109	1	9.215	476	2.92	1
7950	4.167	6.517	0.521	0.815	0.005	0	0.125	1	8.013	470	1.564	1
7951	1.319	2.112	0.149	0.239	0.005	0	0.113	1	8.885	484	1.601	1
7952	4.936	10.055	1.086	2.212	0.005	0	0.22	1	4.547	494	2.037	1
7953	4.003	10.204	0.496	1.265	0.005	0	0.124	1	8.052	494	2.549	1
7954	2.099	5.793	0.898	2.479	0.005	0	0.428	1	2.336	451	2.76	1
7955	3.92	9.796	1.2	2.998	0.005	0	0.306	1	3.273	452	2.499	1
7956	2.217	4.141	1.02	1.905	0.005	0	0.46	1	2.176	489	1.868	1
7957	2.353	4.781	0.294	0.598	0.005	0	0.125	1	8.026	469	2.032	1
7958	3.632	5.862	0.49	0.791	0.005	0	0.135	1	7.396	454	1.614	1
7959	3.211	6.958	0.337	0.731	0.005	0	0.105	1	9.503	459	2.167	1
7960	1.851	4.541	0.716	1.757	0.005	0	0.387	1	2.581	461	2.453	1
7961	1.644	3.207	0.229	0.446	0.005	0	0.139	1	7.192	488	1.951	1
7962	4.605	8.505	0.668	1.233	0.005	0	0.145	1	6.901	463	1.847	1
7963	2.991	7.926	0.646	1.712	0.005	0	0.216	1	4.627	464	2.65	1
7964	4.295	9.509	1.147	2.539	0.005	0	0.267	1	3.751	485	2.214	1
7965	3.21	6.385	0.51	1.015	0.005	0	0.159	1	6.272	478	1.989	1
7966	4.014	11.689	3.737	10.882	0.005	0	0.931	1	1.074	469	2.912	1
7967	4.579	7.148	1.809	2.823	0.005	0	0.395	1	2.532	458	1.561	1
7968	4.837	14.153	0.503	1.472	0.005	0	0.104	1	9.586	451	2.926	1
7969	4.305	9.531	0.555	1.229	0.005	0	0.129	1	7.761	499	2.214	1
7970	1.663	4.806	0.313	0.904	0.005	0	0.188	1	5.306	480	2.89	1
7971	1.193	3.417	0.29	0.83	0.005	0	0.243	1	4.112	490	2.864	1
7972	4.926	13.453	2.547	6.955	0.005	0	0.517	1	1.935	466	2.731	1
7973	1.383	2.66	0.799	1.537	0.005	0	0.578	1	1.729	482	1.923	1
7974	2.382	4.866	1.11	2.268	0.005	0	0.466	1	2.146	453	2.043	1
7975	4.899	10.572	1.955	4.218	0.005	0	0.399	1	2.508	494	2.158	1
7976	1.604	2.555	0.255	0.406	0.005	0	0.159	1	6.292	481	1.593	1
7977	1.554	2.959	0.253	0.482	0.005	0	0.163	1	6.125	499	1.904	1
7978	1.707	3.073	0.275	0.495	0.005	0	0.161	1	6.207	484	1.8	1
7979	4.794	7.771	1.956	3.171	0.005	0	0.408	1	2.453	477	1.621	1
7980	2.344	3.851	0.572	0.94	0.005	0	0.244	1	4.101	496	1.643	1
7981	1.294	3.658	0.16	0.454	0.005	0	0.124	1	8.068	474	2.827	1
7982	1.726	3.079	0.789	1.407	0.005	0	0.457	1	2.19	470	1.784	1
7983	1.545	4.311	0.292	0.815	0.005	0	0.189	1	5.291	497	2.79	1
7984	4.405	12.25	1.247	3.467	0.005	0	0.283	1	3.53	451	2.781	1
7985	1.21	2.298	0.266	0.506	0.005	0	0.22	1	4.549	455	1.899	1
7986	1.148	2.798	0.118	0.288	0.005	0	0.103	1	9.708	464	2.437	1
7987	3.888	7.092	1.229	2.241	0.005	0	0.316	1	3.162	471	1.824	1
7988	3.915	7.403	0.446	0.844	0.005	0	0.114	1	8.743	477	1.891	1
7989	1.779	3.266	0.329	0.604	0.005	0	0.185	1	5.398	457	1.836	1
7990	3.584	10.404	0.556	1.613	0.005	0	0.155	1	6.458	495	2.903	1
7991	3.912	10.469	0.896	2.397	0.005	0	0.229	1	4.366	489	2.676	1
7992	3.954	7.279	0.451	0.83	0.005	0	0.114	1	8.762	481	1.841	1
7993	3.303	8.598	1.724	4.488	0.005	0	0.522	1	1.917	456	2.603	1
7994	4.085	9.583	0.466	1.092	0.005	0	0.114	1	8.744	486	2.346	1
7995	4.317	9.951	0.613	1.413	0.005	0	0.142	1	7.064	463	2.305	1
7996	3.177	7.634	0.473	1.137	0.005	0	0.149	1	6.719	471	2.403	1
7997	2.548	4.591	0.683	1.23	0.005	0	0.268	1	3.726	453	1.802	1
7998	2.009	4.844	0.41	0.988	0.005	0	0.204	1	4.907	466	2.411	1
7999	2.395	5.904	0.39	0.962	0.005	0	0.163	1	6.133	451	2.465	1
8000	4.912	12.943	2.151	5.669	0.005	0	0.438	1	2.282	454	2.635	1
8001	3.26	5.943	0.988	1.801	0.005	0	0.303	1	3.297	451	1.823	1
8002	3.275	7.611	0.57	1.324	0.005	0	0.174	1	5.734	475	2.324	1
8003	3.891	9.015	0.51	1.181	0.005	0	0.131	1	7.627	487	2.317	1
8004	3.672	6.07	0.947	1.566	0.005	0	0.258	1	3.88	455	1.653	1
8005	4.879	8.114	1.064	1.769	0.005	0	0.218	1	4.583	494	1.663	1
8006	4.381	8.442	0.854	1.646	0.005	0	0.195	1	5.13	450	1.927	1
8007	1.073	2.229	0.617	1.282	0.005	0	0.575	1	1.738	499	2.077	1
8008	3.125	9.294	0.431	1.283	0.005	0	0.138	1	7.236	482	2.974	1
8009	1.8	4.239	0.994	2.34	0.005	0	0.552	1	1.811	485	2.355	1
8010	3.102	8.425	0.996	2.704	0.005	0	0.321	1	3.113	484	2.716	1
8011	1.063	1.852	0.123	0.215	0.005	0	0.116	1	8.603	480	1.742	1
8012	1.448	3.582	0.414	1.024	0.005	0	0.286	1	3.493	453	2.474	1
8013	3.977	6.252	0.644	1.013	0.005	0	0.162	1	6.182	456	1.572	1
8014	4.987	7.64	1.092	1.673	0.005	0	0.219	1	4.558	496	1.532	1
8015	1.908	4.558	0.286	0.684	0.005	0	0.15	1	6.677	479	2.389	1
8016	2.553	6.002	0.488	1.146	0.005	0	0.191	1	5.229	475	2.351	1
8017	1.647	3.658	0.575	1.277	0.005	0	0.349	1	2.865	482	2.221	1
8018	2.945	7.666	0.395	1.027	0.005	0	0.134	1	7.471	456	2.603	1
8019	2.602	4.312	0.879	1.457	0.005	0	0.338	1	2.955	455	1.657	1
8020	4.03	9.297	3.482	8.033	0.005	0	0.864	1	1.158	490	2.307	1
8021	3.477	6.363	0.608	1.114	0.005	0	0.175	1	5.726	466	1.83	1
8022	3.875	9.16	2.147	5.075	0.005	0	0.554	1	1.805	460	2.364	1
8023	1.508	2.36	0.273	0.427	0.005	0	0.181	1	5.535	475	1.565	1
8024	2.482	4.54	1.181	2.161	0.005	0	0.476	1	2.1	495	1.829	1
8025	3.875	9.443	0.45	1.095	0.005	0	0.116	1	8.592	480	2.437	1
8026	1.983	4.115	0.924	1.918	0.005	0	0.466	1	2.144	486	2.075	1
8027	1.031	2.639	0.135	0.346	0.005	0	0.131	1	7.639	459	2.56	1
8028	2.941	8.561	0.432	1.258	0.005	0	0.147	1	6.797	479	2.911	1
8029	1.211	1.946	0.193	0.309	0.005	0	0.159	1	6.278	463	1.607	1
8030	4.415	12.565	0.623	1.772	0.005	0	0.141	1	7.104	482	2.846	1
8031	2.945	8.723	0.99	2.931	0.005	0	0.336	1	2.973	483	2.962	1
8032	2.849	4.707	0.672	1.111	0.005	0	0.236	1	4.232	494	1.652	1
8033	3.765	8.008	0.388	0.825	0.005	0	0.103	1	9.714	454	2.127	1
8034	1.305	3.54	0.249	0.676	0.005	0	0.191	1	5.225	474	2.713	1
8035	4.053	12.131	1.986	5.944	0.005	0	0.49	1	2.039	466	2.993	1
8036	2.603	7.127	0.484	1.326	0.005	0	0.186	1	5.365	486	2.738	1
8037	2.125	4.936	0.746	1.733	0.005	0	0.351	1	2.846	450	2.323	1
8038	2.263	4.304	0.238	0.452	0.005	0	0.105	1	9.525	451	1.902	1
8039	1.762	4.763	0.389	1.053	0.005	0	0.221	1	4.533	479	2.703	1
8040	4.988	8.26	0.708	1.173	0.005	0	0.142	1	7.04	476	1.656	1
8041	1.292	2.881	0.247	0.55	0.005	0	0.191	1	5.241	496	2.23	1
8042	3.045	4.82	0.375	0.593	0.005	0	0.123	1	8.152	467	1.583	1
8043	2.875	7.558	0.558	1.466	0.005	0	0.194	1	5.156	483	2.629	1
8044	1.565	4.416	0.202	0.57	0.005	0	0.129	1	7.749	465	2.822	1
8045	1.614	3.168	0.181	0.355	0.005	0	0.112	1	8.902	498	1.963	1
8046	2.223	5.669	0.398	1.015	0.005	0	0.179	1	5.602	451	2.55	1
8047	2.0	5.77	0.208	0.6	0.005	0	0.104	1	9.651	488	2.885	1
8048	3.178	5.39	1.497	2.539	0.005	0	0.471	1	2.122	456	1.696	1
8049	4.13	7.339	2.792	4.961	0.005	0	0.676	1	1.479	489	1.777	1
8050	1.263	2.76	0.298	0.651	0.005	0	0.236	1	4.233	458	2.185	1
8051	1.37	3.74	0.273	0.744	0.005	0	0.199	1	5.02	483	2.73	1
8052	1.569	3.458	0.562	1.238	0.005	0	0.358	1	2.797	480	2.204	1
8053	4.77	8.023	0.739	1.244	0.005	0	0.155	1	6.464	460	1.682	1
8054	4.959	11.183	2.44	5.502	0.005	0	0.492	1	2.032	463	2.255	1
8055	4.628	12.644	0.578	1.58	0.005	0	0.125	1	8.009	499	2.732	1
8056	4.007	6.936	0.685	1.186	0.005	0	0.171	1	5.848	493	1.731	1
8057	4.719	13.091	0.585	1.623	0.005	0	0.124	1	8.058	488	2.774	1
8058	4.795	12.99	0.547	1.481	0.005	0	0.114	1	8.778	485	2.709	1
8059	3.242	7.839	2.5	6.044	0.005	0	0.771	1	1.297	466	2.418	1
8060	3.593	6.643	1.168	2.159	0.005	0	0.325	1	3.078	453	1.849	1
8061	4.264	11.568	0.495	1.342	0.005	0	0.116	1	8.604	461	2.713	1
8062	4.818	14.175	1.272	3.742	0.005	0	0.264	1	3.795	480	2.942	1
8063	2.036	3.722	0.259	0.473	0.005	0	0.127	1	7.868	450	1.828	1
8064	1.54	2.961	0.425	0.817	0.005	0	0.276	1	3.624	455	1.923	1
8065	4.143	9.715	1.914	4.488	0.005	0	0.462	1	2.166	464	2.345	1
8066	1.192	2.686	0.19	0.427	0.005	0	0.159	1	6.306	470	2.253	1
8067	3.625	8.526	0.395	0.929	0.005	0	0.109	1	9.178	489	2.352	1
8068	3.038	6.31	0.608	1.262	0.005	0	0.2	1	5.006	467	2.077	1
8069	1.785	4.598	1.619	4.17	0.005	0	0.907	1	1.102	487	2.576	1
8070	2.247	6.114	1.75	4.763	0.005	0	0.779	1	1.284	451	2.721	1
8071	4.705	10.191	2.574	5.574	0.005	0	0.547	1	1.829	497	2.166	1
8072	2.739	5.47	0.46	0.919	0.005	0	0.168	1	5.945	484	1.997	1
8073	1.015	2.539	0.344	0.861	0.005	0	0.339	1	2.949	488	2.501	1
8074	4.877	14.114	1.156	3.345	0.005	0	0.237	1	4.213	490	2.894	1
8075	4.114	9.018	0.568	1.244	0.005	0	0.138	1	7.243	476	2.192	1
8076	2.696	7.082	0.469	1.232	0.005	0	0.174	1	5.756	497	2.627	1
8077	1.751	4.987	0.566	1.611	0.005	0	0.323	1	3.092	463	2.848	1
8078	2.872	6.143	1.508	3.225	0.005	0	0.525	1	1.905	486	2.139	1
8079	4.709	9.649	0.551	1.129	0.005	0	0.117	1	8.549	496	2.049	1
8080	4.521	8.427	0.977	1.82	0.005	0	0.216	1	4.62	451	1.864	1
8081	1.886	4.689	0.688	1.711	0.005	0	0.365	1	2.741	458	2.486	1
8082	1.564	3.927	0.225	0.565	0.005	0	0.144	1	6.943	481	2.511	1
8083	1.647	4.592	0.315	0.877	0.005	0	0.191	1	5.235	464	2.788	1
8084	2.784	6.626	0.315	0.749	0.005	0	0.113	1	8.873	494	2.38	1
8085	2.286	3.518	0.229	0.352	0.005	0	0.1	1	9.969	497	1.539	1
8086	2.444	6.186	0.408	1.033	0.005	0	0.167	1	5.985	467	2.531	1
8087	3.088	9.042	0.645	1.89	0.005	0	0.209	1	4.794	457	2.928	1
8088	3.326	8.648	0.838	2.179	0.005	0	0.252	1	3.973	497	2.6	1
8089	4.295	9.642	0.515	1.157	0.005	0	0.12	1	8.356	469	2.245	1
8090	1.064	2.575	0.128	0.309	0.005	0	0.12	1	8.331	485	2.42	1
8091	4.389	12.956	1.878	5.545	0.005	0	0.428	1	2.338	496	2.952	1
8092	4.472	8.787	0.948	1.863	0.005	0	0.212	1	4.707	487	1.965	1
8093	2.979	8.731	0.632	1.851	0.005	0	0.212	1	4.716	451	2.931	1
8094	2.01	5.252	0.557	1.455	0.005	0	0.277	1	3.611	473	2.613	1
8095	2.907	8.561	0.419	1.233	0.005	0	0.144	1	6.942	485	2.945	1
8096	2.871	6.474	0.419	0.945	0.005	0	0.146	1	6.831	461	2.255	1
8097	1.027	2.108	0.16	0.329	0.005	0	0.156	1	6.393	472	2.053	1
8098	2.264	6.425	0.256	0.726	0.005	0	0.113	1	8.847	475	2.838	1
8099	4.58	13.479	0.582	1.712	0.005	0	0.127	1	7.883	458	2.943	1
8100	3.317	8.846	1.635	4.361	0.005	0	0.493	1	2.028	456	2.667	1
8101	3.869	7.614	1.424	2.802	0.005	0	0.368	1	2.714	470	1.968	1
8102	4.838	8.486	1.635	2.868	0.005	0	0.338	1	2.956	450	1.754	1
8103	3.178	6.868	0.41	0.886	0.005	0	0.129	1	7.737	467	2.161	1
8104	2.578	6.852	0.428	1.137	0.005	0	0.166	1	6.038	473	2.658	1
8105	1.102	2.909	0.276	0.727	0.005	0	0.25	1	4.004	479	2.64	1
8106	3.641	8.181	0.393	0.884	0.005	0	0.108	1	9.25	486	2.247	1
8107	1.554	3.066	0.57	1.125	0.005	0	0.367	1	2.724	468	1.973	1
8108	2.101	4.055	0.261	0.503	0.005	0	0.124	1	8.037	498	1.93	1
8109	1.152	2.776	0.177	0.428	0.005	0	0.154	1	6.493	467	2.41	1
8110	3.059	8.44	0.808	2.228	0.005	0	0.264	1	3.791	484	2.759	1
8111	1.605	2.475	0.546	0.842	0.005	0	0.34	1	2.941	496	1.542	1
8112	4.883	13.287	1.66	4.518	0.005	0	0.34	1	2.941	485	2.721	1
8113	1.711	4.248	0.351	0.871	0.005	0	0.205	1	4.888	455	2.483	1
8114	1.957	5.429	0.387	1.075	0.005	0	0.198	1	5.062	490	2.774	1
8115	3.446	10.011	0.593	1.722	0.005	0	0.172	1	5.812	492	2.905	1
8116	4.449	9.957	0.472	1.055	0.005	0	0.106	1	9.404	463	2.238	1
8117	4.398	11.985	1.02	2.781	0.005	0	0.232	1	4.318	454	2.725	1
8118	1.278	2.833	0.387	0.858	0.005	0	0.303	1	3.297	482	2.217	1
8119	4.233	6.802	2.633	4.231	0.005	0	0.622	1	1.607	450	1.607	1
8120	1.836	4.015	0.516	1.128	0.005	0	0.281	1	3.562	488	2.187	1
8121	1.332	2.42	0.242	0.44	0.005	0	0.182	1	5.48	473	1.817	1
8122	2.393	5.767	0.333	0.802	0.005	0	0.139	1	7.198	476	2.41	1
8123	4.295	9.234	1.34	2.881	0.005	0	0.312	1	3.202	465	2.15	1
8124	3.087	6.109	0.445	0.88	0.005	0	0.144	1	6.932	465	1.979	1
8125	1.832	4.146	0.352	0.796	0.005	0	0.192	1	5.219	497	2.263	1
8126	2.965	8.231	0.987	2.741	0.005	0	0.333	1	3.007	471	2.776	1
8127	3.311	7.761	0.758	1.777	0.005	0	0.229	1	4.369	482	2.344	1
8128	4.927	10.036	0.862	1.756	0.005	0	0.175	1	5.702	454	2.037	1
8129	2.422	4.859	0.969	1.944	0.005	0	0.4	1	2.498	495	2.006	1
8130	1.59	2.879	0.197	0.357	0.005	0	0.124	1	8.046	494	1.811	1
8131	2.876	4.952	0.406	0.698	0.005	0	0.141	1	7.107	476	1.722	1
8132	2.814	8.279	0.54	1.59	0.005	0	0.192	1	5.216	461	2.942	1
8133	2.342	6.164	0.267	0.703	0.005	0	0.114	1	8.768	492	2.632	1
8134	1.915	4.929	0.192	0.493	0.005	0	0.1	1	9.955	476	2.574	1
8135	1.093	1.67	0.388	0.593	0.005	0	0.355	1	2.818	455	1.528	1
8136	1.393	3.579	0.719	1.847	0.005	0	0.516	1	1.938	498	2.569	1
8137	3.984	6.729	0.406	0.686	0.005	0	0.102	1	9.784	477	1.689	1
8138	2.102	3.973	0.46	0.87	0.005	0	0.219	1	4.562	452	1.89	1
8139	3.271	7.402	1.796	4.064	0.005	0	0.549	1	1.822	457	2.263	1
8140	3.476	5.69	0.886	1.451	0.005	0	0.255	1	3.919	452	1.637	1
8141	3.525	6.144	2.503	4.362	0.005	0	0.71	1	1.408	493	1.743	1
8142	2.525	4.441	0.265	0.466	0.005	0	0.105	1	9.555	474	1.759	1
8143	2.235	5.38	0.224	0.538	0.005	0	0.1	1	9.965	491	2.407	1
8144	2.079	5.422	0.262	0.683	0.005	0	0.126	1	7.911	492	2.608	1
8145	4.097	11.078	0.475	1.285	0.005	0	0.116	1	8.612	463	2.704	1
8146	4.882	12.322	0.522	1.318	0.005	0	0.107	1	9.318	465	2.524	1
8147	4.486	10.645	1.61	3.822	0.005	0	0.359	1	2.785	489	2.373	1
8148	2.653	4.767	0.414	0.744	0.005	0	0.156	1	6.408	476	1.797	1
8149	1.943	3.746	0.991	1.91	0.005	0	0.51	1	1.961	485	1.928	1
8150	3.845	6.925	0.458	0.824	0.005	0	0.119	1	8.377	457	1.801	1
8151	2.99	5.594	0.664	1.242	0.005	0	0.222	1	4.503	454	1.871	1
8152	1.236	2.366	0.164	0.315	0.005	0	0.133	1	7.501	461	1.914	1
8153	4.48	12.235	2.643	7.219	0.005	0	0.59	1	1.694	480	2.731	1
8154	4.944	12.142	4.222	10.369	0.005	0	0.854	1	1.171	476	2.456	1
8155	2.173	5.917	0.847	2.308	0.005	0	0.39	1	2.564	453	2.723	1
8156	4.191	9.094	0.486	1.055	0.005	0	0.116	1	8.631	493	2.17	1
8157	1.459	2.304	0.68	1.074	0.005	0	0.466	1	2.145	479	1.579	1
8158	4.703	10.883	1.623	3.755	0.005	0	0.345	1	2.901	494	2.314	1
8159	4.177	11.524	0.418	1.152	0.005	0	0.1	1	9.998	499	2.759	1
8160	3.189	7.698	0.338	0.816	0.005	0	0.106	1	9.429	464	2.414	1
8161	3.049	7.516	0.363	0.894	0.005	0	0.119	1	8.417	455	2.465	1
8162	4.162	9.764	0.537	1.26	0.005	0	0.129	1	7.767	459	2.346	1
8163	2.355	7.037	0.257	0.767	0.005	0	0.109	1	9.207	458	2.988	1
8164	3.48	6.849	0.699	1.377	0.005	0	0.201	1	4.972	461	1.968	1
8165	1.942	4.113	0.295	0.625	0.005	0	0.152	1	6.558	490	2.118	1
8166	4.85	7.513	1.212	1.878	0.005	0	0.25	1	3.994	456	1.549	1
8167	1.631	4.477	0.184	0.506	0.005	0	0.113	1	8.816	485	2.745	1
8168	4.238	10.273	2.297	5.568	0.005	0	0.542	1	1.846	469	2.424	1
8169	4.674	7.712	0.519	0.856	0.005	0	0.111	1	9.04	459	1.65	1
8170	3.227	8.603	0.461	1.23	0.005	0	0.143	1	6.977	455	2.666	1
8171	2.229	3.821	1.039	1.781	0.005	0	0.466	1	2.147	488	1.714	1
8172	3.537	6.388	1.029	1.859	0.005	0	0.291	1	3.441	495	1.806	1
8173	1.347	2.076	0.164	0.253	0.005	0	0.122	1	8.177	498	1.541	1
8174	2.774	4.497	2.291	3.715	0.005	0	0.826	1	1.211	476	1.621	1
8175	4.171	7.887	0.563	1.065	0.005	0	0.135	1	7.381	476	1.891	1
8176	3.07	6.204	0.347	0.701	0.005	0	0.113	1	8.862	465	2.021	1
8177	3.711	8.981	0.557	1.347	0.005	0	0.15	1	6.687	475	2.42	1
8178	2.096	3.63	0.585	1.013	0.005	0	0.279	1	3.584	462	1.732	1
8179	4.205	9.087	0.572	1.236	0.005	0	0.136	1	7.358	481	2.161	1
8180	3.669	6.179	0.422	0.711	0.005	0	0.115	1	8.684	492	1.684	1
8181	1.248	2.234	0.136	0.244	0.005	0	0.109	1	9.196	462	1.79	1
8182	4.566	12.598	1.47	4.057	0.005	0	0.322	1	3.104	495	2.759	1
8183	1.278	2.093	0.164	0.268	0.005	0	0.128	1	7.794	459	1.638	1
8184	1.124	1.973	0.239	0.42	0.005	0	0.213	1	4.705	462	1.755	1
8185	2.681	5.732	0.271	0.579	0.005	0	0.101	1	9.927	468	2.138	1
8186	3.343	9.123	0.842	2.299	0.005	0	0.252	1	3.964	491	2.729	1
8187	1.406	2.896	0.228	0.469	0.005	0	0.162	1	6.186	480	2.06	1
8188	3.009	8.762	0.388	1.13	0.005	0	0.129	1	7.767	464	2.912	1
8189	3.593	6.313	0.686	1.206	0.005	0	0.191	1	5.234	480	1.757	1
8190	4.9	7.752	0.51	0.806	0.005	0	0.104	1	9.652	453	1.582	1
8191	1.038	1.973	0.273	0.519	0.005	0	0.263	1	3.803	470	1.901	1
8192	1.369	2.738	0.188	0.375	0.005	0	0.137	1	7.285	461	2.0	1
8193	3.077	7.957	1.043	2.697	0.005	0	0.339	1	2.95	460	2.586	1
8194	4.793	12.534	1.213	3.171	0.005	0	0.253	1	3.952	482	2.615	1
8195	3.955	8.187	0.989	2.047	0.005	0	0.25	1	4.0	495	2.07	1
8196	3.894	8.691	0.475	1.06	0.005	0	0.122	1	8.183	452	2.232	1
8197	2.882	5.392	0.458	0.857	0.005	0	0.159	1	6.301	461	1.871	1
8198	2.929	6.306	0.34	0.731	0.005	0	0.116	1	8.624	484	2.153	1
8199	1.138	3.389	0.22	0.654	0.005	0	0.193	1	5.185	460	2.978	1
8200	4.275	6.425	0.949	1.426	0.005	0	0.222	1	4.504	473	1.503	1
8201	2.831	5.365	0.334	0.633	0.005	0	0.118	1	8.461	498	1.895	1
8202	2.507	6.779	0.99	2.678	0.005	0	0.395	1	2.531	460	2.704	1
8203	2.48	4.015	2.071	3.353	0.005	0	0.835	1	1.198	481	1.619	1
8204	3.272	9.044	0.497	1.375	0.005	0	0.152	1	6.587	485	2.764	1
8205	1.107	2.593	0.194	0.454	0.005	0	0.175	1	5.712	498	2.342	1
8206	3.851	7.101	0.886	1.633	0.005	0	0.23	1	4.355	458	1.844	1
8207	2.058	3.464	0.815	1.372	0.005	0	0.396	1	2.524	456	1.683	1
8208	2.409	5.129	0.508	1.082	0.005	0	0.211	1	4.749	493	2.129	1
8209	4.914	7.607	0.889	1.377	0.005	0	0.181	1	5.518	482	1.548	1
8210	4.73	7.563	0.662	1.059	0.005	0	0.14	1	7.155	459	1.599	1
8211	4.914	12.58	0.501	1.283	0.005	0	0.102	1	9.83	456	2.56	1
8212	4.805	14.059	0.639	1.87	0.005	0	0.133	1	7.527	464	2.926	1
8213	3.653	6.444	0.614	1.083	0.005	0	0.168	1	5.96	484	1.764	1
8214	1.251	2.367	0.163	0.308	0.005	0	0.13	1	7.721	485	1.892	1
8215	1.685	4.731	0.551	1.547	0.005	0	0.327	1	3.06	466	2.808	1
8216	3.379	6.572	0.453	0.881	0.005	0	0.134	1	7.456	457	1.945	1
8217	2.184	5.702	0.791	2.064	0.005	0	0.362	1	2.764	491	2.611	1
8218	2.587	4.113	0.492	0.781	0.005	0	0.19	1	5.255	488	1.59	1
8219	3.038	5.274	1.039	1.804	0.005	0	0.342	1	2.921	486	1.736	1
8220	4.352	11.106	0.457	1.166	0.005	0	0.105	1	9.482	495	2.552	1
8221	1.823	4.583	0.317	0.797	0.005	0	0.174	1	5.753	495	2.514	1
8222	1.378	2.807	0.668	1.361	0.005	0	0.485	1	2.062	461	2.037	1
8223	4.332	9.517	1.516	3.331	0.005	0	0.35	1	2.855	478	2.197	1
8224	4.126	12.345	1.51	4.518	0.005	0	0.366	1	2.729	489	2.992	1
8225	3.499	10.266	0.36	1.057	0.005	0	0.103	1	9.699	458	2.934	1
8226	3.486	6.878	2.381	4.698	0.005	0	0.683	1	1.465	484	1.973	1
8227	3.729	7.253	0.742	1.443	0.005	0	0.199	1	5.018	493	1.945	1
8228	3.666	6.921	0.583	1.1	0.005	0	0.159	1	6.296	456	1.888	1
8229	2.192	4.95	0.283	0.639	0.005	0	0.129	1	7.748	452	2.258	1
8230	1.945	3.633	0.638	1.192	0.005	0	0.328	1	3.048	485	1.868	1
8231	2.032	3.471	0.293	0.5	0.005	0	0.144	1	6.938	482	1.708	1
8232	4.725	7.48	4.205	6.657	0.005	0	0.89	1	1.124	486	1.583	1
8233	1.731	3.01	1.17	2.035	0.005	0	0.676	1	1.48	471	1.739	1
8234	3.351	5.77	0.526	0.906	0.005	0	0.157	1	6.388	468	1.722	1
8235	2.633	7.325	0.305	0.85	0.005	0	0.116	1	8.629	495	2.782	1
8236	3.346	7.013	1.69	3.542	0.005	0	0.505	1	1.979	491	2.096	1
8237	3.885	6.336	0.404	0.659	0.005	0	0.104	1	9.629	495	1.631	1
8238	2.143	4.805	0.585	1.312	0.005	0	0.273	1	3.658	470	2.242	1
8239	3.219	7.916	0.837	2.058	0.005	0	0.26	1	3.841	468	2.459	1
8240	3.721	7.468	1.399	2.808	0.005	0	0.376	1	2.661	491	2.007	1
8241	2.21	6.486	0.274	0.804	0.005	0	0.124	1	8.06	491	2.935	1
8242	1.656	3.94	0.177	0.422	0.005	0	0.107	1	9.313	456	2.379	1
8243	1.598	4.66	0.171	0.499	0.005	0	0.107	1	9.354	459	2.916	1
8244	1.452	2.903	0.254	0.508	0.005	0	0.175	1	5.706	481	1.999	1
8245	2.546	6.971	0.257	0.704	0.005	0	0.101	1	9.856	482	2.738	1
8246	3.858	9.437	3.14	7.682	0.005	0	0.814	1	1.228	497	2.446	1
8247	4.444	11.421	1.8	4.626	0.005	0	0.405	1	2.471	475	2.57	1
8248	4.425	12.129	2.748	7.532	0.005	0	0.621	1	1.611	475	2.741	1
8249	1.637	4.693	0.206	0.591	0.005	0	0.126	1	7.962	497	2.867	1
8250	4.077	8.403	1.394	2.874	0.005	0	0.342	1	2.921	470	2.061	1
8251	2.337	6.918	0.32	0.948	0.005	0	0.137	1	7.294	497	2.96	1
8252	2.258	6.478	0.513	1.471	0.005	0	0.227	1	4.409	451	2.869	1
8253	1.748	3.671	0.642	1.347	0.005	0	0.367	1	2.728	478	2.1	1
8254	1.63	4.038	0.421	1.042	0.005	0	0.258	1	3.869	451	2.477	1
8255	2.199	4.6	0.262	0.547	0.005	0	0.119	1	8.398	476	2.092	1
8256	1.701	4.526	0.23	0.611	0.005	0	0.135	1	7.4	458	2.661	1
8257	4.959	8.455	0.863	1.471	0.005	0	0.174	1	5.74	453	1.705	1
8258	4.62	9.988	1.22	2.637	0.005	0	0.264	1	3.784	479	2.162	1
8259	3.901	6.788	0.577	1.005	0.005	0	0.148	1	6.743	490	1.74	1
8260	1.994	3.182	0.415	0.662	0.005	0	0.208	1	4.814	483	1.596	1
8261	4.518	12.063	0.551	1.472	0.005	0	0.122	1	8.185	458	2.67	1
8262	4.265	10.279	0.674	1.624	0.005	0	0.158	1	6.317	477	2.41	1
8263	4.524	12.531	0.679	1.88	0.005	0	0.15	1	6.657	470	2.77	1
8264	3.196	9.355	0.441	1.291	0.005	0	0.138	1	7.23	486	2.927	1
8265	4.558	11.673	0.647	1.658	0.005	0	0.142	1	7.02	471	2.561	1
8266	2.738	6.757	1.75	4.318	0.005	0	0.639	1	1.564	462	2.468	1
8267	2.209	6.081	0.265	0.73	0.005	0	0.12	1	8.354	480	2.753	1
8268	3.726	5.734	1.405	2.162	0.005	0	0.377	1	2.653	470	1.539	1
8269	1.805	4.265	0.381	0.9	0.005	0	0.211	1	4.744	469	2.363	1
8270	4.936	13.431	3.124	8.502	0.005	0	0.633	1	1.579	477	2.721	1
8271	4.279	7.784	3.954	7.192	0.005	0	0.924	1	1.082	499	1.819	1
8272	3.388	5.682	0.644	1.08	0.005	0	0.19	1	5.262	457	1.677	1
8273	1.938	4.258	0.564	1.239	0.005	0	0.291	1	3.442	472	2.197	1
8274	2.821	5.958	0.663	1.4	0.005	0	0.235	1	4.263	470	2.112	1
8275	2.794	6.731	0.45	1.084	0.005	0	0.161	1	6.198	471	2.409	1
8276	3.419	9.228	0.427	1.154	0.005	0	0.125	1	7.994	485	2.699	1
8277	4.712	11.361	1.414	3.408	0.005	0	0.3	1	3.334	458	2.411	1
8278	4.735	13.447	0.753	2.138	0.005	0	0.159	1	6.298	460	2.84	1
8279	3.299	8.459	0.587	1.506	0.005	0	0.178	1	5.627	454	2.564	1
8280	2.506	6.571	0.652	1.708	0.005	0	0.26	1	3.839	470	2.622	1
8281	1.607	2.563	0.169	0.269	0.005	0	0.105	1	9.569	455	1.595	1
8282	4.965	7.959	1.609	2.579	0.005	0	0.324	1	3.087	469	1.603	1
8283	2.793	5.256	1.095	2.06	0.005	0	0.392	1	2.552	476	1.882	1
8284	4.761	12.502	4.061	10.664	0.005	0	0.853	1	1.173	470	2.626	1
8285	4.811	14.125	2.511	7.373	0.005	0	0.522	1	1.917	458	2.936	1
8286	1.284	3.428	1.09	2.91	0.005	0	0.849	1	1.178	496	2.67	1
8287	1.761	3.194	0.405	0.735	0.005	0	0.23	1	4.357	454	1.814	1
8288	3.841	8.45	0.419	0.921	0.005	0	0.109	1	9.192	476	2.2	1
8289	2.532	5.373	0.729	1.547	0.005	0	0.288	1	3.468	490	2.122	1
8290	4.127	10.611	1.312	3.374	0.005	0	0.318	1	3.14	464	2.571	1
8291	1.521	2.423	0.324	0.516	0.005	0	0.213	1	4.69	474	1.593	1
8292	2.035	4.945	0.295	0.717	0.005	0	0.145	1	6.906	485	2.43	1
8293	4.871	13.01	0.492	1.314	0.005	0	0.101	1	9.894	458	2.671	1
8294	4.185	9.044	1.193	2.578	0.005	0	0.285	1	3.505	454	2.161	1
8295	2.687	4.2	0.511	0.798	0.005	0	0.19	1	5.258	489	1.563	1
8296	3.408	9.931	0.528	1.539	0.005	0	0.155	1	6.455	488	2.914	1
8297	4.395	7.81	0.76	1.351	0.005	0	0.173	1	5.767	482	1.777	1
8298	4.797	8.107	0.604	1.021	0.005	0	0.126	1	7.934	491	1.69	1
8299	4.516	9.384	1.292	2.684	0.005	0	0.286	1	3.492	463	2.078	1
8300	1.016	1.903	0.14	0.263	0.005	0	0.138	1	7.262	496	1.873	1
8301	1.782	3.336	0.223	0.417	0.005	0	0.125	1	8.002	456	1.872	1
8302	4.558	7.024	1.468	2.262	0.005	0	0.322	1	3.105	496	1.541	1
8303	1.188	2.308	0.16	0.312	0.005	0	0.135	1	7.433	481	1.943	1
8304	3.495	10.244	0.468	1.373	0.005	0	0.134	1	7.477	464	2.931	1
8305	2.108	4.663	0.358	0.793	0.005	0	0.17	1	5.883	470	2.212	1
8306	4.711	7.905	0.791	1.328	0.005	0	0.168	1	5.941	496	1.678	1
8307	3.447	7.266	0.841	1.773	0.005	0	0.244	1	4.106	498	2.108	1
8308	2.506	5.395	0.281	0.604	0.005	0	0.112	1	8.961	480	2.153	1
8309	4.197	9.405	0.617	1.383	0.005	0	0.147	1	6.824	486	2.241	1
8310	4.868	8.957	3.047	5.607	0.005	0	0.626	1	1.598	455	1.84	1
8311	4.124	9.559	2.643	6.127	0.005	0	0.641	1	1.559	450	2.318	1
8312	3.534	6.131	0.59	1.024	0.005	0	0.167	1	5.975	490	1.735	1
8313	2.669	6.061	0.435	0.988	0.005	0	0.163	1	6.146	499	2.271	1
8314	1.982	4.723	0.513	1.223	0.005	0	0.259	1	3.863	483	2.383	1
8315	3.579	9.735	0.73	1.986	0.005	0	0.204	1	4.912	461	2.72	1
8316	2.082	3.225	1.066	1.651	0.005	0	0.512	1	1.953	468	1.549	1
8317	3.927	9.417	0.66	1.582	0.005	0	0.168	1	5.942	455	2.398	1
8318	4.817	9.904	0.723	1.486	0.005	0	0.15	1	6.687	482	2.056	1
8319	4.892	8.507	1.189	2.067	0.005	0	0.243	1	4.117	485	1.739	1
8320	2.243	5.172	0.236	0.543	0.005	0	0.105	1	9.528	477	2.306	1
8321	1.986	3.883	0.22	0.431	0.005	0	0.111	1	9.0	480	1.955	1
8322	4.194	10.468	0.851	2.125	0.005	0	0.203	1	4.936	467	2.496	1
8323	1.899	4.016	0.566	1.197	0.005	0	0.298	1	3.356	481	2.115	1
8324	2.74	6.398	0.321	0.749	0.005	0	0.117	1	8.545	478	2.335	1
8325	4.404	11.578	1.607	4.226	0.005	0	0.365	1	2.738	460	2.629	1
8326	3.701	7.569	0.5	1.022	0.005	0	0.135	1	7.43	476	2.045	1
8327	3.171	8.609	0.545	1.481	0.005	0	0.172	1	5.808	480	2.715	1
8328	1.146	3.182	0.16	0.445	0.005	0	0.14	1	7.121	450	2.777	1
8329	3.201	5.903	0.403	0.744	0.005	0	0.126	1	7.941	461	1.844	1
8330	3.375	7.324	0.425	0.923	0.005	0	0.126	1	7.935	498	2.17	1
8331	1.859	4.824	0.556	1.442	0.005	0	0.299	1	3.343	455	2.595	1
8332	4.396	7.557	0.743	1.277	0.005	0	0.169	1	5.909	468	1.719	1
8333	2.104	6.23	0.412	1.221	0.005	0	0.196	1	5.092	482	2.961	1
8334	4.306	6.58	0.448	0.684	0.005	0	0.104	1	9.576	480	1.528	1
8335	4.495	12.649	0.472	1.328	0.005	0	0.105	1	9.554	472	2.814	1
8336	1.502	4.069	0.218	0.59	0.005	0	0.145	1	6.883	491	2.709	1
8337	4.798	7.226	0.849	1.279	0.005	0	0.177	1	5.664	492	1.506	1
8338	1.476	2.246	0.735	1.119	0.005	0	0.498	1	2.007	484	1.522	1
8339	4.762	13.896	3.767	10.992	0.005	0	0.791	1	1.265	487	2.918	1
8340	2.008	5.602	0.442	1.232	0.005	0	0.22	1	4.546	458	2.79	1
8341	3.008	6.933	0.683	1.574	0.005	0	0.227	1	4.4	471	2.305	1
8342	3.741	6.154	2.776	4.566	0.005	0	0.742	1	1.348	483	1.645	1
8343	3.83	7.886	0.54	1.112	0.005	0	0.141	1	7.108	456	2.059	1
8344	4.815	10.044	0.997	2.079	0.005	0	0.207	1	4.84	463	2.086	1
8345	3.568	6.251	0.681	1.194	0.005	0	0.191	1	5.234	478	1.752	1
8346	4.864	9.076	1.192	2.224	0.005	0	0.245	1	4.08	473	1.866	1
8347	2.823	6.058	0.449	0.963	0.005	0	0.159	1	6.276	479	2.146	1
8348	2.313	4.515	0.231	0.452	0.005	0	0.1	1	9.976	466	1.952	1
8349	2.814	8.0	0.386	1.096	0.005	0	0.137	1	7.285	467	2.843	1
8350	3.385	9.769	1.737	5.011	0.005	0	0.513	1	1.95	491	2.886	1
8351	2.326	6.624	0.361	1.027	0.005	0	0.155	1	6.448	494	2.848	1
8352	3.157	9.102	0.448	1.292	0.005	0	0.142	1	7.066	469	2.883	1
8353	4.056	9.945	0.491	1.203	0.005	0	0.121	1	8.26	483	2.452	1
8354	3.671	5.852	0.899	1.434	0.005	0	0.245	1	4.085	489	1.594	1
8355	3.11	9.311	0.339	1.015	0.005	0	0.109	1	9.177	460	2.994	1
8356	1.571	2.996	0.203	0.386	0.005	0	0.129	1	7.757	468	1.907	1
8357	4.765	11.045	0.872	2.021	0.005	0	0.183	1	5.452	474	2.318	1
8358	3.325	8.07	0.851	2.066	0.005	0	0.256	1	3.908	454	2.427	1
8359	2.343	5.016	0.375	0.803	0.005	0	0.16	1	6.233	482	2.141	1
8360	4.842	14.347	0.949	2.812	0.005	0	0.196	1	5.102	493	2.963	1
8361	2.933	8.737	0.997	2.971	0.005	0	0.34	1	2.944	451	2.979	1
8362	2.826	5.124	0.596	1.081	0.005	0	0.211	1	4.729	468	1.813	1
8363	1.762	4.158	0.862	2.033	0.005	0	0.489	1	2.046	462	2.36	1
8364	3.271	7.546	1.086	2.505	0.005	0	0.332	1	3.012	451	2.307	1
8365	4.894	14.29	0.842	2.458	0.005	0	0.172	1	5.82	497	2.92	1
8366	4.509	7.868	0.857	1.495	0.005	0	0.19	1	5.274	477	1.745	1
8367	3.538	10.154	1.719	4.935	0.005	0	0.486	1	2.058	470	2.87	1
8368	2.085	5.771	0.284	0.785	0.005	0	0.136	1	7.372	482	2.768	1
8369	4.011	8.335	0.558	1.159	0.005	0	0.139	1	7.219	476	2.078	1
8370	3.974	9.617	0.397	0.962	0.005	0	0.1	1	9.961	468	2.42	1
8371	4.798	10.129	1.128	2.38	0.005	0	0.235	1	4.254	468	2.111	1
8372	3.347	8.106	0.442	1.07	0.005	0	0.132	1	7.579	468	2.422	1
8373	3.815	10.316	0.893	2.414	0.005	0	0.234	1	4.277	487	2.704	1
8374	3.807	6.556	0.434	0.747	0.005	0	0.114	1	8.808	497	1.722	1
8375	4.981	10.879	0.608	1.327	0.005	0	0.122	1	8.181	485	2.184	1
8376	3.841	7.836	0.745	1.52	0.005	0	0.194	1	5.152	478	2.04	1
8377	3.344	6.979	0.431	0.9	0.005	0	0.129	1	7.764	468	2.087	1
8378	3.655	8.461	1.703	3.943	0.005	0	0.466	1	2.147	469	2.315	1
8379	4.748	9.211	2.426	4.707	0.005	0	0.511	1	1.957	457	1.94	1
8380	2.19	4.203	0.469	0.899	0.005	0	0.214	1	4.663	453	1.919	1
8381	4.345	9.09	0.765	1.6	0.005	0	0.176	1	5.678	492	2.092	1
8382	3.754	9.404	0.541	1.354	0.005	0	0.144	1	6.93	453	2.505	1
8383	4.475	10.212	1.41	3.217	0.005	0	0.315	1	3.17	499	2.282	1
8384	1.79	4.711	0.365	0.961	0.005	0	0.204	1	4.905	468	2.632	1
8385	1.279	2.907	0.169	0.384	0.005	0	0.132	1	7.564	450	2.273	1
8386	2.644	3.998	0.301	0.456	0.005	0	0.114	1	8.774	495	1.512	1
8387	3.692	9.88	1.255	3.359	0.005	0	0.34	1	2.94	488	2.676	1
8388	2.357	6.02	0.375	0.957	0.005	0	0.159	1	6.283	496	2.554	1
8389	4.933	11.741	1.899	4.52	0.005	0	0.385	1	2.597	461	2.38	1
8390	1.899	5.655	0.232	0.69	0.005	0	0.122	1	8.166	466	2.978	1
8391	1.679	4.07	0.423	1.026	0.005	0	0.252	1	3.962	497	2.424	1
8392	2.481	5.612	0.556	1.257	0.005	0	0.224	1	4.455	497	2.262	1
8393	1.003	2.189	0.201	0.438	0.005	0	0.2	1	5.001	470	2.182	1
8394	4.221	9.43	0.553	1.235	0.005	0	0.131	1	7.609	481	2.234	1
8395	4.572	12.998	1.18	3.353	0.005	0	0.258	1	3.874	484	2.843	1
8396	1.42	3.787	0.364	0.969	0.005	0	0.256	1	3.903	460	2.667	1
8397	3.123	4.912	0.559	0.879	0.005	0	0.179	1	5.581	458	1.573	1
8398	4.143	8.92	1.723	3.711	0.005	0	0.416	1	2.403	487	2.153	1
8399	1.62	2.929	0.467	0.844	0.005	0	0.288	1	3.467	482	1.808	1
8400	4.366	8.898	0.598	1.219	0.005	0	0.137	1	7.281	487	2.038	1
8401	3.105	7.567	1.289	3.14	0.005	0	0.415	1	2.411	458	2.437	1
8402	4.989	14.812	0.748	2.222	0.005	0	0.15	1	6.673	459	2.969	1
8403	2.799	6.631	0.801	1.896	0.005	0	0.286	1	3.5	478	2.369	1
8404	1.49	2.667	0.155	0.277	0.005	0	0.104	1	9.636	483	1.79	1
8405	4.014	11.006	0.558	1.53	0.005	0	0.139	1	7.174	465	2.742	1
8406	3.053	6.335	0.434	0.9	0.005	0	0.142	1	7.061	497	2.075	1
8407	3.955	7.53	1.111	2.116	0.005	0	0.281	1	3.559	495	1.904	1
8408	1.552	4.099	0.289	0.762	0.005	0	0.186	1	5.382	457	2.641	1
8409	3.745	11.01	0.577	1.696	0.005	0	0.154	1	6.474	464	2.94	1
8410	3.408	5.446	0.968	1.547	0.005	0	0.284	1	3.523	482	1.598	1
8411	1.62	3.201	1.252	2.474	0.005	0	0.773	1	1.294	486	1.976	1
8412	3.588	8.92	0.416	1.035	0.005	0	0.116	1	8.588	490	2.486	1
8413	1.863	3.338	0.384	0.688	0.005	0	0.206	1	4.865	479	1.792	1
8414	4.448	7.766	0.458	0.8	0.005	0	0.103	1	9.724	495	1.746	1
8415	1.733	2.671	0.51	0.785	0.005	0	0.294	1	3.404	484	1.541	1
8416	2.293	4.785	0.507	1.057	0.005	0	0.221	1	4.521	455	2.087	1
8417	2.918	4.794	0.473	0.777	0.005	0	0.162	1	6.167	457	1.643	1
8418	1.939	5.613	0.349	1.01	0.005	0	0.18	1	5.558	492	2.895	1
8419	4.996	8.983	0.56	1.006	0.005	0	0.112	1	8.908	484	1.798	1
8420	3.044	8.289	0.788	2.147	0.005	0	0.259	1	3.864	466	2.723	1
8421	3.012	7.976	0.349	0.925	0.005	0	0.116	1	8.656	450	2.648	1
8422	3.477	9.353	0.619	1.665	0.005	0	0.178	1	5.633	475	2.69	1
8423	4.151	6.646	3.935	6.3	0.005	0	0.948	1	1.055	468	1.601	1
8424	2.484	6.168	0.266	0.66	0.005	0	0.107	1	9.31	486	2.483	1
8425	2.684	5.462	0.295	0.601	0.005	0	0.11	1	9.085	456	2.035	1
8426	1.902	3.686	0.24	0.464	0.005	0	0.126	1	7.954	485	1.938	1
8427	3.285	8.633	1.255	3.298	0.005	0	0.382	1	2.615	454	2.628	1
8428	4.453	11.809	1.652	4.381	0.005	0	0.371	1	2.694	485	2.652	1
8429	2.515	7.087	1.031	2.906	0.005	0	0.41	1	2.438	456	2.818	1
8430	1.353	2.373	0.15	0.263	0.005	0	0.111	1	9.013	463	1.754	1
8431	2.734	8.049	0.364	1.071	0.005	0	0.133	1	7.518	471	2.944	1
8432	3.085	7.83	0.481	1.221	0.005	0	0.156	1	6.39	494	2.538	1
8433	1.757	4.689	0.19	0.506	0.005	0	0.108	1	9.237	476	2.669	1
8434	2.713	7.792	0.326	0.935	0.005	0	0.12	1	8.366	483	2.872	1
8435	2.108	5.219	0.445	1.101	0.005	0	0.211	1	4.742	466	2.476	1
8436	3.17	6.099	0.517	0.994	0.005	0	0.163	1	6.117	488	1.924	1
8437	3.434	5.803	0.453	0.766	0.005	0	0.132	1	7.56	498	1.69	1
8438	1.877	2.87	0.218	0.333	0.005	0	0.116	1	8.629	480	1.529	1
8439	1.645	4.843	0.385	1.133	0.005	0	0.234	1	4.273	473	2.944	1
8440	2.899	5.462	0.847	1.595	0.005	0	0.292	1	3.425	450	1.884	1
8441	3.589	7.659	0.721	1.539	0.005	0	0.201	1	4.987	483	2.134	1
8442	3.755	8.79	0.413	0.967	0.005	0	0.11	1	9.079	465	2.341	1
8443	4.725	8.973	2.325	4.415	0.005	0	0.492	1	2.032	492	1.899	1
8444	2.187	4.004	1.815	3.323	0.005	0	0.83	1	1.205	456	1.831	1
8445	2.647	7.398	1.207	3.373	0.005	0	0.456	1	2.192	458	2.795	1
8446	3.142	9.178	1.766	5.158	0.005	0	0.562	1	1.779	457	2.921	1
8447	4.099	8.165	1.045	2.082	0.005	0	0.255	1	3.915	481	1.992	1
8448	1.954	4.979	0.285	0.727	0.005	0	0.146	1	6.871	451	2.548	1
8449	1.883	3.145	0.235	0.393	0.005	0	0.125	1	8.031	453	1.67	1
8450	4.813	11.378	0.756	1.786	0.005	0	0.157	1	6.378	474	2.364	1
8451	3.158	5.729	0.366	0.665	0.005	0	0.116	1	8.588	459	1.814	1
8452	3.746	9.092	0.933	2.264	0.005	0	0.249	1	4.021	481	2.427	1
8453	3.849	7.683	0.443	0.884	0.005	0	0.115	1	8.665	469	1.996	1
8454	2.848	4.423	0.328	0.509	0.005	0	0.115	1	8.716	491	1.553	1
8455	3.407	10.02	0.668	1.964	0.005	0	0.196	1	5.106	450	2.941	1
8456	2.66	4.807	0.364	0.659	0.005	0	0.137	1	7.276	487	1.807	1
8457	1.064	1.665	0.402	0.629	0.005	0	0.378	1	2.647	467	1.565	1
8458	4.91	9.201	0.776	1.454	0.005	0	0.158	1	6.313	484	1.874	1
8459	2.403	4.768	0.574	1.14	0.005	0	0.239	1	4.186	469	1.984	1
8460	4.035	7.703	3.514	6.709	0.005	0	0.871	1	1.148	453	1.909	1
8461	4.659	9.318	0.554	1.109	0.005	0	0.119	1	8.39	473	2.0	1
8462	4.453	9.921	1.425	3.175	0.005	0	0.32	1	3.126	470	2.228	1
8463	2.317	4.863	0.867	1.819	0.005	0	0.374	1	2.675	470	2.099	1
8464	2.727	6.687	0.303	0.742	0.005	0	0.111	1	8.995	455	2.452	1
8465	3.534	9.98	0.428	1.208	0.005	0	0.121	1	8.244	494	2.824	1
8466	2.76	7.659	0.558	1.547	0.005	0	0.202	1	4.959	497	2.775	1
8467	2.904	6.168	0.351	0.746	0.005	0	0.121	1	8.239	494	2.124	1
8468	1.678	2.99	0.477	0.849	0.005	0	0.284	1	3.525	473	1.782	1
8469	1.45	4.128	0.296	0.842	0.005	0	0.204	1	4.914	478	2.847	1
8470	3.111	6.742	0.485	1.052	0.005	0	0.156	1	6.412	476	2.167	1
8471	1.094	3.267	0.787	2.349	0.005	0	0.719	1	1.39	467	2.986	1
8472	4.913	7.551	1.096	1.684	0.005	0	0.223	1	4.482	456	1.537	1
8473	4.311	12.511	0.496	1.439	0.005	0	0.115	1	8.71	482	2.902	1
8474	2.643	4.226	0.814	1.302	0.005	0	0.308	1	3.244	469	1.599	1
8475	2.694	7.39	0.485	1.33	0.005	0	0.18	1	5.555	473	2.743	1
8476	1.982	4.614	0.654	1.523	0.005	0	0.33	1	3.028	460	2.328	1
8477	2.559	6.098	0.412	0.982	0.005	0	0.161	1	6.219	483	2.383	1
8478	1.957	4.456	0.632	1.439	0.005	0	0.323	1	3.093	483	2.277	1
8479	4.641	11.714	0.534	1.347	0.005	0	0.115	1	8.685	477	2.524	1
8480	4.182	8.456	0.59	1.192	0.005	0	0.141	1	7.107	456	2.022	1
8481	1.208	1.971	0.534	0.871	0.005	0	0.442	1	2.265	457	1.632	1
8482	3.012	5.169	2.672	4.585	0.005	0	0.887	1	1.127	470	1.716	1
8483	1.687	4.533	0.292	0.784	0.005	0	0.173	1	5.783	486	2.687	1
8484	1.425	4.221	0.493	1.46	0.005	0	0.346	1	2.891	479	2.962	1
8485	1.829	4.973	0.26	0.706	0.005	0	0.142	1	7.051	455	2.719	1
8486	3.296	5.419	0.541	0.889	0.005	0	0.164	1	6.096	491	1.644	1
8487	4.471	12.277	0.604	1.657	0.005	0	0.135	1	7.406	485	2.746	1
8488	4.045	10.901	0.55	1.483	0.005	0	0.136	1	7.374	453	2.695	1
8489	2.31	6.138	0.478	1.271	0.005	0	0.207	1	4.839	453	2.657	1
8490	4.821	13.176	0.554	1.515	0.005	0	0.115	1	8.684	464	2.733	1
8491	3.18	8.468	0.82	2.185	0.005	0	0.258	1	3.883	476	2.663	1
8492	3.617	10.5	0.38	1.102	0.005	0	0.105	1	9.493	496	2.903	1
8493	1.768	3.154	0.956	1.706	0.005	0	0.541	1	1.847	472	1.784	1
8494	2.882	4.375	0.311	0.472	0.005	0	0.108	1	9.297	499	1.518	1
8495	3.223	6.004	0.5	0.931	0.005	0	0.155	1	6.456	481	1.863	1
8496	3.291	6.338	0.365	0.704	0.005	0	0.111	1	9.033	496	1.926	1
8497	2.812	7.429	1.206	3.187	0.005	0	0.429	1	2.329	463	2.642	1
8498	2.949	7.402	2.707	6.795	0.005	0	0.918	1	1.089	486	2.51	1
8499	2.394	3.78	0.417	0.658	0.005	0	0.174	1	5.736	467	1.579	1
8500	4.54	12.816	0.459	1.294	0.005	0	0.101	1	9.879	462	2.823	1
8501	3.226	6.258	1.39	2.697	0.005	0	0.431	1	2.32	482	1.94	1
8502	2.911	6.2	0.451	0.961	0.005	0	0.155	1	6.431	497	2.13	1
8503	1.939	5.555	0.366	1.05	0.005	0	0.189	1	5.286	470	2.865	1
8504	2.654	5.913	0.366	0.816	0.005	0	0.138	1	7.248	454	2.228	1
8505	1.622	4.144	0.216	0.551	0.005	0	0.133	1	7.544	465	2.555	1
8506	2.214	5.4	0.841	2.052	0.005	0	0.38	1	2.635	474	2.439	1
8507	2.411	3.698	0.605	0.928	0.005	0	0.251	1	3.984	466	1.534	1
8508	2.626	7.474	0.507	1.442	0.005	0	0.193	1	5.17	480	2.846	1
8509	4.74	12.898	0.607	1.651	0.005	0	0.128	1	7.801	459	2.721	1
8510	4.231	10.814	1.811	4.628	0.005	0	0.428	1	2.339	464	2.556	1
8511	1.543	3.771	0.194	0.475	0.005	0	0.126	1	7.939	487	2.444	1
8512	3.53	6.509	1.08	1.992	0.005	0	0.306	1	3.273	451	1.844	1
8513	2.221	4.791	0.735	1.586	0.005	0	0.331	1	3.023	499	2.157	1
8514	2.817	6.076	1.842	3.974	0.005	0	0.654	1	1.529	455	2.157	1
8515	3.657	10.671	1.905	5.56	0.005	0	0.521	1	1.918	453	2.918	1
8516	4.784	12.371	1.024	2.647	0.005	0	0.214	1	4.678	464	2.586	1
8517	1.275	2.466	0.737	1.425	0.005	0	0.578	1	1.729	460	1.934	1
8518	2.031	5.539	0.307	0.836	0.005	0	0.151	1	6.631	468	2.727	1
8519	3.69	7.277	0.417	0.822	0.005	0	0.113	1	8.821	475	1.972	1
8520	3.34	7.007	0.391	0.82	0.005	0	0.117	1	8.553	460	2.098	1
8521	1.758	4.028	0.39	0.894	0.005	0	0.222	1	4.503	454	2.291	1
8522	2.049	4.725	0.293	0.676	0.005	0	0.143	1	6.977	499	2.306	1
8523	4.166	11.519	0.429	1.186	0.005	0	0.103	1	9.725	494	2.765	1
8524	2.369	4.821	0.415	0.844	0.005	0	0.175	1	5.707	452	2.035	1
8525	4.446	11.32	1.272	3.238	0.005	0	0.286	1	3.496	493	2.546	1
8526	2.672	7.941	0.409	1.215	0.005	0	0.153	1	6.536	496	2.972	1
8527	2.804	5.958	0.502	1.066	0.005	0	0.179	1	5.59	456	2.125	1
8528	3.693	9.713	0.476	1.253	0.005	0	0.129	1	7.765	468	2.63	1
8529	3.605	5.761	1.078	1.723	0.005	0	0.299	1	3.345	472	1.598	1
8530	2.091	4.556	0.324	0.706	0.005	0	0.155	1	6.467	475	2.179	1
8531	2.673	6.985	0.409	1.069	0.005	0	0.153	1	6.545	493	2.613	1
8532	2.844	4.482	1.007	1.587	0.005	0	0.354	1	2.825	472	1.576	1
8533	2.23	5.272	1.037	2.451	0.005	0	0.465	1	2.149	490	2.364	1
8534	3.023	7.424	0.989	2.428	0.005	0	0.327	1	3.057	469	2.456	1
8535	4.625	13.214	0.92	2.63	0.005	0	0.199	1	5.018	473	2.857	1
8536	1.366	3.261	0.336	0.802	0.005	0	0.246	1	4.068	492	2.387	1
8537	1.34	2.389	0.138	0.246	0.005	0	0.103	1	9.688	492	1.783	1
8538	3.488	5.375	0.694	1.07	0.005	0	0.199	1	5.037	461	1.541	1
8539	4.958	12.311	0.719	1.785	0.005	0	0.145	1	6.882	467	2.483	1
8540	1.254	3.589	0.278	0.797	0.005	0	0.222	1	4.498	480	2.862	1
8541	3.564	6.094	0.663	1.133	0.005	0	0.186	1	5.369	484	1.71	1
8542	3.096	5.947	1.972	3.788	0.005	0	0.637	1	1.569	451	1.921	1
8543	4.865	13.588	0.691	1.929	0.005	0	0.142	1	7.055	453	2.793	1
8544	4.277	8.285	0.612	1.185	0.005	0	0.143	1	7.002	466	1.937	1
8545	4.694	10.158	0.643	1.392	0.005	0	0.137	1	7.325	453	2.164	1
8546	3.661	8.812	0.644	1.551	0.005	0	0.176	1	5.686	480	2.407	1
8547	4.73	11.65	0.676	1.666	0.005	0	0.143	1	7.017	458	2.463	1
8548	3.311	8.834	0.331	0.883	0.005	0	0.1	1	9.994	476	2.668	1
8549	1.908	4.301	0.279	0.628	0.005	0	0.146	1	6.871	458	2.254	1
8550	3.072	5.275	0.323	0.554	0.005	0	0.105	1	9.49	480	1.717	1
8551	1.16	2.72	0.123	0.288	0.005	0	0.106	1	9.477	483	2.345	1
8552	1.729	3.946	0.201	0.458	0.005	0	0.116	1	8.59	492	2.282	1
8553	1.808	4.967	0.192	0.527	0.005	0	0.106	1	9.437	459	2.747	1
8554	3.309	7.31	0.463	1.023	0.005	0	0.14	1	7.156	483	2.209	1
8555	1.508	4.263	0.202	0.571	0.005	0	0.134	1	7.476	456	2.827	1
8556	4.881	8.527	1.791	3.129	0.005	0	0.367	1	2.724	498	1.747	1
8557	3.063	9.057	0.505	1.494	0.005	0	0.165	1	6.069	472	2.957	1
8558	4.64	12.477	0.594	1.597	0.005	0	0.128	1	7.801	478	2.689	1
8559	4.3	9.456	0.641	1.409	0.005	0	0.149	1	6.716	499	2.199	1
8560	4.471	13.037	1.632	4.759	0.005	0	0.365	1	2.74	451	2.916	1
8561	4.154	9.384	1.022	2.308	0.005	0	0.246	1	4.06	490	2.259	1
8562	4.582	9.173	1.792	3.587	0.005	0	0.391	1	2.557	481	2.002	1
8563	2.296	5.217	0.328	0.746	0.005	0	0.143	1	6.976	494	2.272	1
8564	2.69	8.003	0.358	1.064	0.005	0	0.133	1	7.507	466	2.975	1
8565	3.624	8.237	0.417	0.947	0.005	0	0.115	1	8.671	458	2.273	1
8566	1.964	3.946	0.572	1.148	0.005	0	0.291	1	3.435	476	2.009	1
8567	1.462	2.847	0.228	0.444	0.005	0	0.156	1	6.41	467	1.947	1
8568	4.431	10.448	0.603	1.421	0.005	0	0.136	1	7.35	482	2.358	1
8569	4.221	12.397	1.233	3.62	0.005	0	0.292	1	3.429	490	2.937	1
8570	5.0	14.4	0.88	2.534	0.005	0	0.176	1	5.666	471	2.88	1
8571	1.69	2.895	0.583	0.999	0.005	0	0.345	1	2.9	452	1.713	1
8572	2.322	4.456	0.776	1.488	0.005	0	0.334	1	2.998	482	1.919	1
8573	3.59	6.659	1.644	3.05	0.005	0	0.458	1	2.184	486	1.855	1
8574	3.356	6.229	0.95	1.763	0.005	0	0.283	1	3.536	471	1.856	1
8575	3.358	7.559	0.722	1.625	0.005	0	0.215	1	4.649	481	2.251	1
8576	4.198	8.551	3.363	6.849	0.005	0	0.801	1	1.249	491	2.037	1
8577	4.394	10.216	0.536	1.246	0.005	0	0.122	1	8.211	496	2.325	1
8578	2.074	3.851	1.918	3.562	0.005	0	0.925	1	1.081	477	1.857	1
8579	3.117	6.748	0.321	0.695	0.005	0	0.103	1	9.744	496	2.165	1
8580	1.865	3.092	0.226	0.374	0.005	0	0.121	1	8.235	478	1.658	1
8581	3.603	6.666	0.53	0.98	0.005	0	0.147	1	6.803	466	1.85	1
8582	4.277	11.757	1.27	3.492	0.005	0	0.297	1	3.369	494	2.749	1
8583	2.382	5.295	0.288	0.641	0.005	0	0.121	1	8.249	468	2.223	1
8584	3.788	6.102	0.432	0.696	0.005	0	0.114	1	8.781	485	1.611	1
8585	1.598	4.061	0.339	0.861	0.005	0	0.212	1	4.725	464	2.541	1
8586	3.893	8.277	0.603	1.283	0.005	0	0.155	1	6.467	487	2.126	1
8587	3.358	5.796	1.8	3.107	0.005	0	0.536	1	1.865	459	1.726	1
8588	1.295	2.055	0.247	0.393	0.005	0	0.191	1	5.231	488	1.587	1
8589	2.69	6.456	0.465	1.117	0.005	0	0.173	1	5.775	457	2.4	1
8590	1.907	4.039	0.248	0.525	0.005	0	0.13	1	7.672	452	2.118	1
8591	3.038	5.107	0.413	0.695	0.005	0	0.136	1	7.339	456	1.681	1
8592	3.105	8.769	0.425	1.201	0.005	0	0.137	1	7.273	496	2.824	1
8593	4.588	12.901	0.885	2.49	0.005	0	0.193	1	5.176	469	2.812	1
8594	1.518	2.79	0.164	0.301	0.005	0	0.108	1	9.268	467	1.838	1
8595	1.795	4.486	0.188	0.471	0.005	0	0.105	1	9.485	469	2.499	1
8596	2.568	6.53	0.347	0.882	0.005	0	0.135	1	7.403	498	2.543	1
8597	2.928	5.903	0.565	1.139	0.005	0	0.193	1	5.192	477	2.016	1
8598	1.026	1.778	0.106	0.183	0.005	0	0.103	1	9.677	497	1.733	1
8599	1.349	2.784	0.96	1.982	0.005	0	0.712	1	1.405	485	2.064	1
8600	3.091	7.99	0.405	1.047	0.005	0	0.131	1	7.657	495	2.585	1
8601	4.837	11.077	2.665	6.103	0.005	0	0.551	1	1.815	451	2.29	1
8602	4.808	9.102	1.553	2.94	0.005	0	0.323	1	3.096	466	1.893	1
8603	3.947	9.69	2.948	7.238	0.005	0	0.747	1	1.338	493	2.455	1
8604	1.085	2.616	0.205	0.494	0.005	0	0.189	1	5.303	463	2.411	1
8605	3.964	8.796	0.436	0.968	0.005	0	0.11	1	9.06	499	2.219	1
8606	1.225	2.009	0.818	1.342	0.005	0	0.668	1	1.496	450	1.64	1
8607	2.795	4.556	0.319	0.519	0.005	0	0.114	1	8.755	463	1.63	1
8608	1.319	1.982	0.847	1.272	0.005	0	0.642	1	1.558	485	1.503	1
8609	1.594	3.104	0.206	0.4	0.005	0	0.129	1	7.733	473	1.947	1
8610	1.754	3.534	0.298	0.601	0.005	0	0.17	1	5.866	482	2.015	1
8611	3.909	10.64	0.442	1.202	0.005	0	0.113	1	8.857	452	2.722	1
8612	1.348	2.139	0.15	0.237	0.005	0	0.111	1	8.983	457	1.587	1
8613	4.756	11.933	0.87	2.184	0.005	0	0.183	1	5.455	455	2.509	1
8614	1.535	4.487	0.319	0.933	0.005	0	0.208	1	4.81	493	2.923	1
8615	3.019	5.458	0.673	1.217	0.005	0	0.223	1	4.476	462	1.808	1
8616	2.858	5.073	0.306	0.543	0.005	0	0.107	1	9.313	453	1.775	1
8617	1.241	2.849	0.341	0.783	0.005	0	0.275	1	3.634	481	2.296	1
8618	4.45	10.159	2.074	4.734	0.005	0	0.466	1	2.146	484	2.283	1
8619	3.479	7.094	1.433	2.923	0.005	0	0.412	1	2.429	482	2.039	1
8620	2.65	4.243	1.063	1.701	0.005	0	0.401	1	2.492	492	1.601	1
8621	1.501	3.133	0.488	1.018	0.005	0	0.325	1	3.077	455	2.087	1
8622	2.409	6.131	0.335	0.852	0.005	0	0.139	1	7.184	492	2.545	1
8623	1.906	4.228	0.215	0.478	0.005	0	0.113	1	8.817	457	2.218	1
8624	2.749	7.895	0.3	0.861	0.005	0	0.109	1	9.17	478	2.872	1
8625	2.738	7.946	0.389	1.128	0.005	0	0.142	1	7.045	455	2.902	1
8626	3.599	6.759	1.429	2.683	0.005	0	0.397	1	2.522	496	1.878	1
8627	1.376	2.378	0.206	0.357	0.005	0	0.15	1	6.645	472	1.728	1
8628	4.88	9.662	0.747	1.478	0.005	0	0.153	1	6.529	478	1.98	1
8629	1.579	3.137	0.33	0.656	0.005	0	0.209	1	4.778	451	1.987	1
8630	2.328	5.431	0.48	1.119	0.005	0	0.206	1	4.85	479	2.333	1
8631	2.985	4.925	0.955	1.576	0.005	0	0.32	1	3.127	467	1.65	1
8632	3.873	7.231	0.608	1.135	0.005	0	0.157	1	6.385	471	1.867	1
8633	3.573	10.626	0.375	1.116	0.005	0	0.105	1	9.51	452	2.974	1
8634	1.546	3.76	0.649	1.579	0.005	0	0.42	1	2.383	475	2.432	1
8635	2.822	6.194	0.305	0.669	0.005	0	0.108	1	9.237	475	2.195	1
8636	4.437	9.708	0.612	1.34	0.005	0	0.138	1	7.238	486	2.188	1
8637	2.789	7.873	0.641	1.811	0.005	0	0.23	1	4.351	450	2.823	1
8638	3.634	8.057	0.996	2.208	0.005	0	0.274	1	3.646	486	2.217	1
8639	1.481	4.366	0.326	0.961	0.005	0	0.22	1	4.544	466	2.948	1
8640	4.441	9.308	0.564	1.182	0.005	0	0.127	1	7.892	458	2.096	1
8641	3.279	8.561	0.439	1.147	0.005	0	0.134	1	7.453	498	2.611	1
8642	1.029	2.037	0.255	0.505	0.005	0	0.248	1	4.03	496	1.98	1
8643	1.766	4.044	0.941	2.155	0.005	0	0.533	1	1.877	494	2.29	1
8644	1.823	4.242	0.503	1.171	0.005	0	0.276	1	3.627	471	2.327	1
8645	4.448	13.211	3.029	8.997	0.005	0	0.681	1	1.469	467	2.97	1
8646	4.736	10.457	0.521	1.15	0.005	0	0.11	1	9.126	479	2.208	1
8647	2.769	4.94	0.368	0.657	0.005	0	0.133	1	7.494	496	1.784	1
8648	3.506	9.792	0.438	1.224	0.005	0	0.125	1	7.996	491	2.793	1
8649	1.606	3.027	0.254	0.478	0.005	0	0.158	1	6.311	456	1.885	1
8650	1.541	4.269	0.299	0.828	0.005	0	0.194	1	5.151	480	2.77	1
8651	1.419	3.083	0.163	0.355	0.005	0	0.115	1	8.708	464	2.173	1
8652	4.414	7.866	0.446	0.794	0.005	0	0.101	1	9.899	481	1.782	1
8653	3.843	7.359	0.688	1.317	0.005	0	0.179	1	5.6	482	1.915	1
8654	3.767	8.464	0.497	1.117	0.005	0	0.132	1	7.599	458	2.247	1
8655	3.784	7.424	1.071	2.101	0.005	0	0.283	1	3.528	484	1.962	1
8656	3.884	7.721	2.245	4.463	0.005	0	0.578	1	1.731	462	1.988	1
8657	2.635	6.574	0.308	0.769	0.005	0	0.117	1	8.551	477	2.495	1
8658	2.362	5.622	0.753	1.793	0.005	0	0.319	1	3.136	482	2.38	1
8659	3.676	6.227	1.419	2.404	0.005	0	0.386	1	2.588	480	1.694	1
8660	2.46	5.975	0.273	0.663	0.005	0	0.111	1	9.044	452	2.429	1
8661	1.233	3.515	1.083	3.086	0.005	0	0.878	1	1.139	470	2.851	1
8662	3.605	8.547	0.501	1.188	0.005	0	0.139	1	7.175	457	2.371	1
8663	2.384	4.677	0.76	1.492	0.005	0	0.319	1	3.133	458	1.962	1
8664	3.003	4.691	0.45	0.704	0.005	0	0.15	1	6.648	473	1.562	1
8665	1.578	3.437	0.342	0.746	0.005	0	0.217	1	4.61	481	2.178	1
8666	2.152	4.635	1.132	2.438	0.005	0	0.526	1	1.9	454	2.154	1
8667	4.002	11.254	3.47	9.757	0.005	0	0.867	1	1.154	457	2.812	1
8668	3.606	10.299	0.548	1.565	0.005	0	0.152	1	6.569	460	2.856	1
8669	1.768	3.151	0.271	0.482	0.005	0	0.153	1	6.53	493	1.782	1
8670	2.254	3.857	0.595	1.018	0.005	0	0.264	1	3.785	493	1.711	1
8671	4.314	6.605	0.509	0.779	0.005	0	0.118	1	8.504	461	1.531	1
8672	1.177	2.827	0.22	0.529	0.005	0	0.187	1	5.341	463	2.402	1
8673	1.192	2.688	0.434	0.978	0.005	0	0.364	1	2.745	461	2.255	1
8674	1.898	5.417	0.323	0.921	0.005	0	0.17	1	5.87	495	2.854	1
8675	3.051	7.56	0.525	1.3	0.005	0	0.172	1	5.829	485	2.478	1
8676	4.003	9.335	1.849	4.313	0.005	0	0.462	1	2.166	467	2.332	1
8677	2.119	6.105	1.784	5.14	0.005	0	0.842	1	1.188	485	2.881	1
8678	2.105	5.286	0.234	0.587	0.005	0	0.111	1	9.019	452	2.511	1
8679	2.933	4.722	0.751	1.209	0.005	0	0.256	1	3.905	458	1.61	1
8680	4.438	11.699	0.59	1.556	0.005	0	0.133	1	7.544	485	2.636	1
8681	3.253	6.571	0.436	0.881	0.005	0	0.134	1	7.476	459	2.02	1
8682	1.592	3.111	0.317	0.619	0.005	0	0.199	1	5.036	462	1.954	1
8683	2.315	4.063	0.271	0.475	0.005	0	0.117	1	8.542	491	1.755	1
8684	1.573	4.7	0.805	2.406	0.005	0	0.512	1	1.954	478	2.988	1
8685	4.799	10.323	0.965	2.075	0.005	0	0.201	1	4.963	498	2.151	1
8686	3.239	8.415	1.542	4.006	0.005	0	0.476	1	2.099	477	2.598	1
8687	4.264	10.238	0.431	1.034	0.005	0	0.101	1	9.879	450	2.401	1
8688	3.71	9.212	0.386	0.958	0.005	0	0.104	1	9.627	494	2.483	1
8689	2.324	3.823	0.246	0.405	0.005	0	0.106	1	9.4	474	1.645	1
8690	4.475	8.937	0.68	1.358	0.005	0	0.152	1	6.561	470	1.997	1
8691	1.508	3.48	0.166	0.383	0.005	0	0.11	1	9.076	494	2.308	1
8692	1.492	3.642	0.201	0.492	0.005	0	0.135	1	7.416	483	2.441	1
8693	1.016	2.849	0.12	0.336	0.005	0	0.118	1	8.507	468	2.804	1
8694	4.735	9.806	0.767	1.589	0.005	0	0.162	1	6.164	475	2.071	1
8695	4.803	12.118	0.605	1.527	0.005	0	0.126	1	7.935	483	2.523	1
8696	1.638	3.22	0.213	0.419	0.005	0	0.13	1	7.688	471	1.966	1
8697	1.925	4.195	1.222	2.664	0.005	0	0.635	1	1.575	456	2.179	1
8698	2.877	5.912	0.731	1.502	0.005	0	0.254	1	3.933	464	2.055	1
8699	1.127	2.461	0.334	0.728	0.005	0	0.296	1	3.378	497	2.184	1
8700	4.058	10.656	1.274	3.346	0.005	0	0.314	1	3.187	498	2.626	1
8701	4.98	7.839	0.508	0.8	0.005	0	0.102	1	9.804	456	1.574	1
8702	1.727	4.805	0.226	0.629	0.005	0	0.131	1	7.645	495	2.782	1
8703	4.526	7.101	1.018	1.598	0.005	0	0.225	1	4.447	450	1.569	1
8704	3.538	6.142	1.546	2.684	0.005	0	0.437	1	2.286	493	1.736	1
8705	4.636	11.84	0.607	1.551	0.005	0	0.131	1	7.644	456	2.554	1
8706	3.514	7.27	0.404	0.836	0.005	0	0.115	1	8.674	475	2.069	1
8707	1.987	4.264	0.211	0.452	0.005	0	0.106	1	9.461	450	2.146	1
8708	1.302	3.351	0.31	0.798	0.005	0	0.238	1	4.199	488	2.574	1
8709	4.475	10.284	0.474	1.09	0.005	0	0.106	1	9.439	487	2.298	1
8710	1.775	3.609	0.202	0.411	0.005	0	0.114	1	8.791	486	2.033	1
8711	1.999	5.721	0.568	1.625	0.005	0	0.284	1	3.516	483	2.862	1
8712	4.32	12.58	1.171	3.409	0.005	0	0.271	1	3.685	453	2.912	1
8713	2.731	5.052	0.289	0.536	0.005	0	0.106	1	9.399	452	1.85	1
8714	1.671	2.951	0.354	0.626	0.005	0	0.212	1	4.725	489	1.766	1
8715	3.098	6.404	0.4	0.826	0.005	0	0.129	1	7.774	490	2.067	1
8716	3.413	5.703	0.703	1.175	0.005	0	0.206	1	4.859	467	1.671	1
8717	3.579	9.617	0.387	1.039	0.005	0	0.108	1	9.271	461	2.687	1
8718	1.723	4.364	0.253	0.642	0.005	0	0.147	1	6.816	456	2.533	1
8719	1.342	2.916	0.136	0.295	0.005	0	0.101	1	9.863	482	2.173	1
8720	3.415	8.456	0.488	1.209	0.005	0	0.143	1	7.004	480	2.476	1
8721	1.497	4.263	0.208	0.593	0.005	0	0.139	1	7.185	471	2.848	1
8722	1.463	3.984	0.354	0.964	0.005	0	0.242	1	4.128	487	2.723	1
8723	4.455	10.206	1.786	4.093	0.005	0	0.401	1	2.496	465	2.291	1
8724	4.99	14.815	0.833	2.474	0.005	0	0.167	1	5.982	450	2.969	1
8725	4.528	13.299	0.584	1.716	0.005	0	0.129	1	7.756	461	2.937	1
8726	4.782	8.053	0.55	0.926	0.005	0	0.115	1	8.691	481	1.684	1
8727	1.93	3.814	0.681	1.346	0.005	0	0.353	1	2.83	465	1.976	1
8728	3.157	8.571	0.565	1.534	0.005	0	0.179	1	5.574	454	2.715	1
8729	4.791	11.93	0.503	1.253	0.005	0	0.105	1	9.525	462	2.49	1
8730	1.292	2.729	0.155	0.327	0.005	0	0.12	1	8.301	478	2.112	1
8731	3.061	7.356	0.346	0.831	0.005	0	0.113	1	8.856	476	2.403	1
8732	1.874	5.504	0.56	1.646	0.005	0	0.299	1	3.341	467	2.937	1
8733	2.75	6.438	1.546	3.618	0.005	0	0.562	1	1.779	493	2.341	1
8734	2.317	4.377	0.51	0.963	0.005	0	0.22	1	4.539	453	1.889	1
8735	2.425	6.962	0.252	0.724	0.005	0	0.104	1	9.622	457	2.871	1
8736	4.084	11.235	1.095	3.011	0.005	0	0.268	1	3.725	483	2.751	1
8737	1.22	2.768	0.622	1.412	0.005	0	0.51	1	1.961	464	2.269	1
8738	1.135	3.063	0.135	0.364	0.005	0	0.119	1	8.416	483	2.699	1
8739	3.693	10.894	2.249	6.634	0.005	0	0.609	1	1.641	469	2.95	1
8740	2.902	4.945	0.551	0.94	0.005	0	0.19	1	5.258	474	1.704	1
8741	1.361	3.288	0.965	2.331	0.005	0	0.709	1	1.41	457	2.416	1
8742	3.027	4.985	0.714	1.176	0.005	0	0.236	1	4.235	474	1.647	1
8743	4.191	12.07	0.956	2.752	0.005	0	0.228	1	4.392	472	2.88	1
8744	1.316	3.581	0.695	1.891	0.005	0	0.528	1	1.895	460	2.721	1
8745	3.055	6.113	1.922	3.845	0.005	0	0.629	1	1.59	463	2.001	1
8746	2.64	4.945	0.317	0.593	0.005	0	0.12	1	8.362	457	1.873	1
8747	3.999	8.502	0.664	1.411	0.005	0	0.166	1	6.042	465	2.126	1
8748	1.884	5.383	0.573	1.636	0.005	0	0.304	1	3.288	494	2.857	1
8749	2.311	5.197	0.367	0.826	0.005	0	0.159	1	6.278	453	2.249	1
8750	1.078	3.229	0.33	0.988	0.005	0	0.306	1	3.269	459	2.995	1
8751	4.416	12.842	3.396	9.875	0.005	0	0.769	1	1.301	473	2.908	1
8752	2.932	8.517	0.325	0.945	0.005	0	0.111	1	9.0	485	2.905	1
8753	2.138	5.358	0.272	0.68	0.005	0	0.127	1	7.898	486	2.506	1
8754	1.917	3.568	0.581	1.081	0.005	0	0.303	1	3.299	451	1.861	1
8755	1.794	2.786	0.597	0.928	0.005	0	0.333	1	3.0	473	1.553	1
8756	1.229	2.519	0.412	0.844	0.005	0	0.335	1	2.984	472	2.05	1
8757	4.473	9.742	0.72	1.568	0.005	0	0.161	1	6.23	494	2.178	1
8758	2.926	7.324	0.439	1.099	0.005	0	0.15	1	6.673	463	2.503	1
8759	1.085	1.767	0.195	0.318	0.005	0	0.18	1	5.564	480	1.629	1
8760	2.194	5.467	0.406	1.011	0.005	0	0.185	1	5.392	487	2.492	1
8761	4.973	11.721	1.552	3.657	0.005	0	0.312	1	3.206	451	2.357	1
8762	4.89	14.655	4.592	13.761	0.005	0	0.939	1	1.065	479	2.997	1
8763	1.477	3.571	1.069	2.585	0.005	0	0.724	1	1.381	495	2.418	1
8764	1.546	4.214	0.441	1.201	0.005	0	0.285	1	3.503	461	2.726	1
8765	1.645	3.603	0.214	0.468	0.005	0	0.13	1	7.677	451	2.19	1
8766	3.525	9.257	0.543	1.426	0.005	0	0.154	1	6.486	483	2.626	1
8767	2.202	5.413	0.874	2.149	0.005	0	0.397	1	2.521	487	2.458	1
8768	3.239	5.299	0.385	0.631	0.005	0	0.119	1	8.405	460	1.636	1
8769	3.348	8.176	1.587	3.875	0.005	0	0.474	1	2.108	494	2.442	1
8770	3.474	7.997	0.521	1.2	0.005	0	0.15	1	6.649	471	2.302	1
8771	3.867	6.76	1.682	2.941	0.005	0	0.435	1	2.3	465	1.748	1
8772	3.612	6.144	1.907	3.244	0.005	0	0.528	1	1.895	482	1.701	1
8773	2.345	5.694	0.356	0.865	0.005	0	0.152	1	6.588	461	2.428	1
8774	3.413	6.133	1.345	2.416	0.005	0	0.394	1	2.54	451	1.797	1
8775	1.241	2.513	0.386	0.782	0.005	0	0.311	1	3.213	481	2.025	1
8776	2.491	4.446	0.508	0.907	0.005	0	0.204	1	4.904	473	1.785	1
8777	3.722	10.485	3.644	10.265	0.005	0	0.979	1	1.021	457	2.817	1
8778	2.583	6.775	0.558	1.463	0.005	0	0.216	1	4.625	477	2.623	1
8779	3.964	10.132	0.936	2.391	0.005	0	0.236	1	4.232	475	2.556	1
8780	3.543	6.349	0.655	1.175	0.005	0	0.185	1	5.419	498	1.792	1
8781	4.434	8.487	0.785	1.502	0.005	0	0.177	1	5.648	451	1.914	1
8782	4.314	6.795	1.566	2.467	0.005	0	0.363	1	2.753	466	1.575	1
8783	1.045	2.702	0.111	0.286	0.005	0	0.106	1	9.424	469	2.586	1
8784	1.419	2.241	0.21	0.332	0.005	0	0.148	1	6.776	457	1.579	1
8785	4.895	13.011	0.764	2.03	0.005	0	0.156	1	6.401	498	2.658	1
8786	3.489	9.2	0.764	2.015	0.005	0	0.219	1	4.571	491	2.637	1
8787	1.314	3.188	0.695	1.686	0.005	0	0.529	1	1.891	451	2.426	1
8788	2.349	5.809	0.303	0.749	0.005	0	0.129	1	7.749	456	2.473	1
8789	3.172	7.074	0.539	1.203	0.005	0	0.17	1	5.884	497	2.23	1
8790	1.281	3.195	0.164	0.409	0.005	0	0.128	1	7.787	497	2.494	1
8791	4.315	12.509	0.561	1.626	0.005	0	0.13	1	7.682	461	2.899	1
8792	1.078	2.985	0.134	0.37	0.005	0	0.124	1	8.033	468	2.769	1
8793	2.167	5.049	0.254	0.591	0.005	0	0.117	1	8.549	492	2.33	1
8794	3.867	8.685	2.34	5.254	0.005	0	0.605	1	1.653	459	2.246	1
8795	4.147	10.359	3.5	8.743	0.005	0	0.844	1	1.185	485	2.498	1
8796	1.996	4.14	0.307	0.638	0.005	0	0.154	1	6.493	486	2.074	1
8797	3.164	7.632	1.686	4.068	0.005	0	0.533	1	1.875	475	2.412	1
8798	3.091	7.081	0.405	0.928	0.005	0	0.131	1	7.652	468	2.291	1
8799	1.167	3.215	0.201	0.553	0.005	0	0.172	1	5.81	481	2.755	1
8800	4.861	9.931	1.22	2.493	0.005	0	0.251	1	3.989	494	2.043	1
8801	1.14	2.749	0.147	0.355	0.005	0	0.129	1	7.736	486	2.411	1
8802	4.99	12.61	3.119	7.881	0.005	0	0.625	1	1.601	496	2.527	1
8803	3.691	8.925	0.709	1.714	0.005	0	0.192	1	5.201	491	2.418	1
8804	2.095	5.545	0.714	1.891	0.005	0	0.341	1	2.93	458	2.647	1
8805	4.144	12.25	1.272	3.761	0.005	0	0.307	1	3.254	484	2.956	1
8806	1.435	3.807	0.432	1.146	0.005	0	0.301	1	3.318	490	2.653	1
8807	2.405	6.876	0.269	0.77	0.005	0	0.112	1	8.953	484	2.859	1
8808	1.457	3.472	0.157	0.375	0.005	0	0.108	1	9.234	472	2.383	1
8809	4.29	11.356	3.415	9.039	0.005	0	0.796	1	1.256	451	2.647	1
8810	3.109	8.27	0.404	1.075	0.005	0	0.13	1	7.699	457	2.66	1
8811	1.597	3.596	0.39	0.877	0.005	0	0.244	1	4.097	468	2.252	1
8812	2.879	7.834	0.567	1.543	0.005	0	0.197	1	5.066	466	2.721	1
8813	1.367	2.324	0.463	0.788	0.005	0	0.339	1	2.948	477	1.7	1
8814	3.958	6.226	1.235	1.943	0.005	0	0.312	1	3.208	472	1.573	1
8815	2.114	5.135	1.177	2.86	0.005	0	0.557	1	1.794	483	2.429	1
8816	1.306	3.002	0.17	0.39	0.005	0	0.13	1	7.681	461	2.299	1
8817	3.689	9.551	0.476	1.232	0.005	0	0.129	1	7.748	457	2.589	1
8818	3.12	4.811	0.608	0.938	0.005	0	0.195	1	5.127	462	1.542	1
8819	3.982	7.96	0.49	0.979	0.005	0	0.123	1	8.151	465	1.999	1
8820	2.052	5.097	0.907	2.253	0.005	0	0.442	1	2.263	483	2.484	1
8821	1.51	2.445	0.205	0.333	0.005	0	0.136	1	7.38	471	1.619	1
8822	3.341	7.718	0.615	1.42	0.005	0	0.184	1	5.432	456	2.31	1
8823	4.982	12.555	0.971	2.448	0.005	0	0.195	1	5.128	488	2.52	1
8824	2.796	6.204	0.612	1.359	0.005	0	0.219	1	4.572	492	2.219	1
8825	2.372	6.217	0.254	0.665	0.005	0	0.107	1	9.367	497	2.621	1
8826	2.031	3.13	0.494	0.761	0.005	0	0.243	1	4.111	490	1.541	1
8827	4.984	9.614	1.864	3.596	0.005	0	0.374	1	2.674	468	1.929	1
8828	4.908	9.811	0.491	0.981	0.005	0	0.1	1	9.977	469	1.999	1
8829	3.048	8.9	0.896	2.617	0.005	0	0.294	1	3.396	460	2.92	1
8830	2.604	4.604	1.167	2.063	0.005	0	0.448	1	2.233	489	1.768	1
8831	4.262	9.534	0.575	1.287	0.005	0	0.135	1	7.384	494	2.237	1
8832	2.641	5.403	0.541	1.108	0.005	0	0.205	1	4.869	481	2.046	1
8833	4.004	8.38	0.653	1.366	0.005	0	0.163	1	6.127	469	2.093	1
8834	3.808	11.237	0.472	1.393	0.005	0	0.124	1	8.092	457	2.951	1
8835	1.451	4.015	0.168	0.466	0.005	0	0.116	1	8.59	454	2.767	1
8836	2.008	5.767	0.522	1.499	0.005	0	0.26	1	3.853	464	2.872	1
8837	2.355	5.035	0.542	1.158	0.005	0	0.23	1	4.342	493	2.138	1
8838	4.163	6.661	0.841	1.346	0.005	0	0.202	1	4.953	496	1.6	1
8839	4.985	8.739	0.982	1.722	0.005	0	0.197	1	5.071	498	1.753	1
8840	2.831	7.199	0.459	1.166	0.005	0	0.162	1	6.184	467	2.543	1
8841	2.334	6.568	0.791	2.227	0.005	0	0.339	1	2.95	484	2.814	1
8842	2.586	6.703	0.887	2.299	0.005	0	0.343	1	2.917	464	2.592	1
8843	1.095	1.706	0.112	0.174	0.005	0	0.102	1	9.776	481	1.558	1
8844	1.593	3.89	0.252	0.615	0.005	0	0.158	1	6.323	485	2.442	1
8845	3.989	9.789	0.925	2.271	0.005	0	0.232	1	4.31	492	2.454	1
8846	4.233	7.645	0.656	1.185	0.005	0	0.155	1	6.455	475	1.806	1
8847	3.57	6.722	0.378	0.713	0.005	0	0.106	1	9.398	454	1.883	1
8848	3.904	8.132	0.465	0.968	0.005	0	0.119	1	8.394	494	2.083	1
8849	2.093	4.582	0.762	1.668	0.005	0	0.364	1	2.745	455	2.189	1
8850	4.801	13.294	3.639	10.077	0.005	0	0.758	1	1.319	466	2.769	1
8851	2.99	7.302	0.586	1.431	0.005	0	0.196	1	5.091	489	2.442	1
8852	3.694	5.814	0.702	1.105	0.005	0	0.19	1	5.254	457	1.574	1
8853	1.438	3.115	0.636	1.377	0.005	0	0.442	1	2.265	456	2.166	1
8854	4.424	9.843	0.902	2.008	0.005	0	0.204	1	4.903	488	2.225	1
8855	1.479	3.229	0.22	0.481	0.005	0	0.149	1	6.69	492	2.183	1
8856	2.683	7.716	0.478	1.373	0.005	0	0.178	1	5.622	493	2.876	1
8857	4.052	6.734	1.532	2.545	0.005	0	0.378	1	2.645	473	1.662	1
8858	4.874	14.164	0.794	2.309	0.005	0	0.163	1	6.123	452	2.906	1
8859	1.679	3.837	0.195	0.445	0.005	0	0.116	1	8.613	453	2.285	1
8860	2.872	7.028	1.582	3.872	0.005	0	0.551	1	1.814	474	2.447	1
8861	3.463	6.524	1.385	2.61	0.005	0	0.4	1	2.499	462	1.884	1
8862	1.966	3.15	0.212	0.34	0.005	0	0.108	1	9.269	489	1.602	1
8863	1.751	4.393	0.807	2.025	0.005	0	0.461	1	2.168	486	2.509	1
8864	1.204	3.455	0.38	1.092	0.005	0	0.316	1	3.167	492	2.87	1
8865	4.355	7.356	0.771	1.302	0.005	0	0.177	1	5.643	472	1.689	1
8866	3.936	7.656	0.464	0.903	0.005	0	0.118	1	8.506	487	1.945	1
8867	2.943	5.715	0.444	0.863	0.005	0	0.151	1	6.604	494	1.942	1
8868	4.022	8.527	0.434	0.921	0.005	0	0.108	1	9.235	478	2.12	1
8869	2.048	3.762	0.324	0.594	0.005	0	0.158	1	6.343	491	1.837	1
8870	1.279	2.135	0.192	0.32	0.005	0	0.15	1	6.67	496	1.669	1
8871	4.715	10.986	1.528	3.559	0.005	0	0.324	1	3.09	479	2.33	1
8872	4.884	14.217	1.07	3.114	0.005	0	0.219	1	4.571	473	2.911	1
8873	4.693	11.376	0.746	1.809	0.005	0	0.159	1	6.298	462	2.424	1
8874	4.432	7.082	0.492	0.786	0.005	0	0.111	1	8.992	470	1.598	1
8875	4.246	8.878	0.437	0.914	0.005	0	0.103	1	9.728	483	2.091	1
8876	4.337	9.706	1.357	3.038	0.005	0	0.313	1	3.192	451	2.238	1
8877	3.071	6.342	0.341	0.704	0.005	0	0.111	1	9.004	459	2.065	1
8878	1.866	3.836	0.224	0.46	0.005	0	0.12	1	8.317	472	2.056	1
8879	2.374	6.68	1.403	3.948	0.005	0	0.591	1	1.693	451	2.814	1
8880	3.8	6.551	1.015	1.749	0.005	0	0.267	1	3.746	452	1.724	1
8881	2.437	6.675	0.965	2.643	0.005	0	0.396	1	2.525	476	2.739	1
8882	2.241	4.845	0.235	0.509	0.005	0	0.105	1	9.515	468	2.162	1
8883	1.21	2.86	0.348	0.824	0.005	0	0.288	1	3.47	474	2.364	1
8884	1.99	4.68	0.551	1.296	0.005	0	0.277	1	3.606	499	2.352	1
8885	4.248	12.345	2.048	5.95	0.005	0	0.482	1	2.074	459	2.906	1
8886	1.326	2.538	0.219	0.419	0.005	0	0.165	1	6.074	474	1.914	1
8887	2.328	4.155	0.356	0.636	0.005	0	0.153	1	6.524	472	1.785	1
8888	4.456	6.684	1.658	2.486	0.005	0	0.372	1	2.687	494	1.5	1
8889	2.976	6.997	1.503	3.533	0.005	0	0.505	1	1.98	452	2.351	1
8890	4.88	11.536	0.508	1.2	0.005	0	0.104	1	9.653	472	2.364	1
8891	2.956	5.256	0.955	1.698	0.005	0	0.323	1	3.095	462	1.778	1
8892	4.683	8.87	0.642	1.215	0.005	0	0.137	1	7.3	480	1.894	1
8893	1.94	5.733	0.57	1.686	0.005	0	0.294	1	3.404	464	2.955	1
8894	1.064	2.824	0.127	0.336	0.005	0	0.119	1	8.419	464	2.654	1
8895	2.248	6.276	0.888	2.479	0.005	0	0.395	1	2.534	459	2.792	1
8896	1.418	3.603	0.428	1.088	0.005	0	0.302	1	3.314	482	2.541	1
8897	3.844	6.877	0.876	1.568	0.005	0	0.228	1	4.392	480	1.789	1
8898	3.817	10.997	1.336	3.849	0.005	0	0.35	1	2.859	486	2.881	1
8899	2.206	4.185	1.639	3.109	0.005	0	0.743	1	1.345	487	1.897	1
8900	2.978	7.764	0.497	1.297	0.005	0	0.167	1	5.989	465	2.607	1
8901	1.268	3.482	0.212	0.581	0.005	0	0.167	1	5.973	490	2.746	1
8902	3.022	5.183	0.523	0.897	0.005	0	0.173	1	5.791	479	1.715	1
8903	1.387	2.682	0.19	0.367	0.005	0	0.137	1	7.298	481	1.934	1
8904	3.032	7.777	0.352	0.902	0.005	0	0.116	1	8.627	487	2.565	1
8905	1.743	3.387	0.235	0.457	0.005	0	0.135	1	7.412	468	1.943	1
8906	4.93	11.171	2.238	5.072	0.005	0	0.454	1	2.203	451	2.266	1
8907	3.466	6.35	1.085	1.988	0.005	0	0.313	1	3.193	484	1.832	1
8908	3.177	5.852	0.365	0.673	0.005	0	0.115	1	8.664	466	1.842	1
8909	3.788	10.372	0.386	1.058	0.005	0	0.102	1	9.84	492	2.738	1
8910	4.424	8.835	1.65	3.295	0.005	0	0.373	1	2.683	477	1.997	1
8911	3.193	8.196	0.514	1.32	0.005	0	0.161	1	6.208	460	2.567	1
8912	2.126	5.096	0.421	1.009	0.005	0	0.198	1	5.057	454	2.397	1
8913	4.299	11.788	0.679	1.863	0.005	0	0.158	1	6.337	474	2.742	1
8914	4.592	8.201	0.964	1.722	0.005	0	0.21	1	4.771	450	1.786	1
8915	4.382	12.633	0.578	1.668	0.005	0	0.132	1	7.571	478	2.883	1
8916	1.726	4.771	0.186	0.515	0.005	0	0.108	1	9.295	493	2.764	1
8917	1.895	5.611	0.282	0.836	0.005	0	0.149	1	6.732	478	2.961	1
8918	1.769	2.834	1.527	2.446	0.005	0	0.863	1	1.159	464	1.602	1
8919	1.874	4.218	0.645	1.451	0.005	0	0.344	1	2.907	490	2.251	1
8920	3.111	9.249	0.778	2.312	0.005	0	0.25	1	4.001	492	2.973	1
8921	2.532	5.51	0.729	1.587	0.005	0	0.288	1	3.473	476	2.176	1
8922	4.757	12.073	1.223	3.103	0.005	0	0.257	1	3.885	475	2.538	1
8923	1.364	2.852	0.464	0.97	0.005	0	0.34	1	2.944	467	2.091	1
8924	2.919	4.895	0.981	1.645	0.005	0	0.336	1	2.974	484	1.677	1
8925	4.404	8.856	1.149	2.311	0.005	0	0.261	1	3.83	496	2.011	1
8926	1.731	4.497	0.583	1.515	0.005	0	0.337	1	2.967	467	2.598	1
8927	3.688	8.571	1.062	2.468	0.005	0	0.288	1	3.475	478	2.324	1
8928	2.582	4.111	0.356	0.567	0.005	0	0.138	1	7.221	495	1.592	1
8929	3.782	6.157	2.765	4.501	0.005	0	0.731	1	1.368	459	1.628	1
8930	4.872	14.523	1.272	3.791	0.005	0	0.261	1	3.829	468	2.981	1
8931	1.819	4.342	0.317	0.756	0.005	0	0.174	1	5.76	468	2.387	1
8932	1.426	2.314	0.374	0.606	0.005	0	0.262	1	3.815	492	1.623	1
8933	2.013	4.988	0.781	1.935	0.005	0	0.388	1	2.575	492	2.478	1
8934	3.386	10.08	1.432	4.264	0.005	0	0.423	1	2.363	451	2.977	1
8935	2.519	3.93	0.65	1.014	0.005	0	0.258	1	3.873	479	1.56	1
8936	1.087	1.872	0.3	0.517	0.005	0	0.276	1	3.629	452	1.722	1
8937	3.654	8.024	0.797	1.749	0.005	0	0.218	1	4.581	485	2.196	1
8938	1.731	3.723	0.206	0.443	0.005	0	0.119	1	8.413	477	2.151	1
8939	1.692	3.035	1.437	2.577	0.005	0	0.849	1	1.178	499	1.794	1
8940	4.393	10.069	0.474	1.087	0.005	0	0.108	1	9.242	470	2.292	1
8941	4.87	11.216	0.643	1.481	0.005	0	0.132	1	7.568	486	2.303	1
8942	2.794	7.84	0.402	1.129	0.005	0	0.144	1	6.956	458	2.806	1
8943	2.107	3.772	0.348	0.622	0.005	0	0.165	1	6.06	498	1.79	1
8944	3.076	7.481	1.107	2.693	0.005	0	0.36	1	2.779	450	2.432	1
8945	3.214	5.21	1.739	2.819	0.005	0	0.541	1	1.849	492	1.621	1
8946	1.937	5.119	0.647	1.71	0.005	0	0.334	1	2.992	460	2.643	1
8947	1.575	4.106	0.346	0.903	0.005	0	0.22	1	4.543	481	2.607	1
8948	4.248	10.803	0.714	1.815	0.005	0	0.168	1	5.938	494	2.543	1
8949	2.737	7.729	0.802	2.265	0.005	0	0.293	1	3.415	494	2.824	1
8950	1.038	1.573	0.629	0.953	0.005	0	0.606	1	1.65	466	1.515	1
8951	3.199	9.188	0.326	0.937	0.005	0	0.102	1	9.767	464	2.872	1
8952	3.341	6.385	1.032	1.973	0.005	0	0.309	1	3.238	477	1.911	1
8953	3.763	8.757	0.734	1.708	0.005	0	0.195	1	5.135	475	2.327	1
8954	3.361	5.835	0.995	1.727	0.005	0	0.296	1	3.38	463	1.736	1
8955	1.394	3.658	0.208	0.545	0.005	0	0.149	1	6.699	455	2.624	1
8956	3.41	5.565	0.518	0.846	0.005	0	0.152	1	6.58	455	1.632	1
8957	4.503	9.735	0.977	2.112	0.005	0	0.217	1	4.617	461	2.162	1
8958	4.054	8.489	0.981	2.054	0.005	0	0.242	1	4.126	492	2.094	1
8959	3.106	9.066	2.361	6.89	0.005	0	0.76	1	1.315	450	2.919	1
8960	2.528	6.252	1.105	2.732	0.005	0	0.437	1	2.288	481	2.473	1
8961	3.811	7.397	0.431	0.836	0.005	0	0.113	1	8.864	477	1.941	1
8962	1.464	3.909	0.176	0.469	0.005	0	0.12	1	8.324	454	2.67	1
8963	3.114	7.626	1.713	4.194	0.005	0	0.55	1	1.817	450	2.449	1
8964	3.932	8.67	0.586	1.292	0.005	0	0.149	1	6.721	486	2.205	1
8965	3.981	11.72	1.501	4.418	0.005	0	0.377	1	2.655	480	2.944	1
8966	3.81	6.633	0.636	1.108	0.005	0	0.167	1	5.972	497	1.741	1
8967	4.777	12.291	0.564	1.45	0.005	0	0.118	1	8.493	489	2.573	1
8968	1.604	3.378	0.441	0.929	0.005	0	0.275	1	3.63	470	2.106	1
8969	1.105	2.381	0.113	0.243	0.005	0	0.102	1	9.812	490	2.155	1
8970	1.912	4.516	0.354	0.835	0.005	0	0.185	1	5.413	459	2.362	1
8971	2.42	7.158	0.639	1.89	0.005	0	0.264	1	3.783	475	2.958	1
8972	1.221	2.446	0.363	0.726	0.005	0	0.297	1	3.366	475	2.003	1
8973	1.324	3.299	0.212	0.528	0.005	0	0.16	1	6.267	450	2.492	1
8974	2.556	6.758	1.457	3.852	0.005	0	0.57	1	1.753	472	2.644	1
8975	4.284	12.514	0.518	1.514	0.005	0	0.121	1	8.243	491	2.921	1
8976	2.039	4.967	0.477	1.162	0.005	0	0.234	1	4.282	487	2.436	1
8977	1.643	3.633	0.403	0.89	0.005	0	0.245	1	4.074	455	2.211	1
8978	2.115	4.524	0.321	0.688	0.005	0	0.152	1	6.593	483	2.139	1
8979	1.964	3.535	0.471	0.848	0.005	0	0.24	1	4.175	490	1.8	1
8980	2.851	5.645	0.639	1.264	0.005	0	0.224	1	4.469	489	1.98	1
8981	2.047	5.265	0.305	0.784	0.005	0	0.149	1	6.728	477	2.572	1
8982	2.219	5.501	1.407	3.488	0.005	0	0.634	1	1.578	492	2.479	1
8983	2.49	7.46	0.849	2.544	0.005	0	0.341	1	2.929	474	2.996	1
8984	1.242	3.12	0.292	0.733	0.005	0	0.235	1	4.257	453	2.512	1
8985	1.873	5.244	0.678	1.898	0.005	0	0.362	1	2.76	464	2.8	1
8986	2.892	8.604	0.714	2.125	0.005	0	0.247	1	4.044	454	2.975	1
8987	4.306	8.573	0.818	1.629	0.005	0	0.19	1	5.272	463	1.991	1
8988	4.341	12.945	4.146	12.362	0.005	0	0.955	1	1.047	468	2.982	1
8989	3.388	9.92	0.888	2.599	0.005	0	0.262	1	3.817	470	2.928	1
8990	1.167	3.297	0.161	0.455	0.005	0	0.138	1	7.229	455	2.825	1
8991	3.397	5.313	1.658	2.593	0.005	0	0.488	1	2.051	452	1.564	1
8992	1.354	2.13	0.627	0.986	0.005	0	0.463	1	2.16	493	1.573	1
8993	4.519	13.494	0.75	2.24	0.005	0	0.166	1	6.029	486	2.986	1
8994	3.524	6.66	0.761	1.439	0.005	0	0.216	1	4.639	471	1.89	1
8995	4.916	10.117	0.669	1.376	0.005	0	0.136	1	7.374	497	2.058	1
8996	1.324	2.894	0.199	0.434	0.005	0	0.15	1	6.659	483	2.186	1
8997	1.256	3.685	0.61	1.791	0.005	0	0.486	1	2.059	480	2.934	1
8998	1.54	4.212	0.391	1.07	0.005	0	0.254	1	3.936	467	2.735	1
8999	1.041	1.957	0.142	0.266	0.005	0	0.136	1	7.329	486	1.88	1
9000	3.511	7.959	0.558	1.265	0.005	0	0.159	1	6.287	480	2.267	1
9001	3.681	5.849	0.696	1.105	0.005	0	0.189	1	5.283	495	1.589	1
9002	3.036	6.749	1.466	3.26	0.005	0	0.483	1	2.07	464	2.223	1
9003	4.739	7.483	1.322	2.088	0.005	0	0.279	1	3.588	480	1.579	1
9004	2.141	5.265	0.248	0.611	0.005	0	0.116	1	8.603	467	2.459	1
9005	3.813	6.467	1.376	2.335	0.005	0	0.361	1	2.769	452	1.696	1
9006	1.866	4.062	1.347	2.933	0.005	0	0.722	1	1.386	490	2.177	1
9007	1.361	3.989	1.12	3.283	0.005	0	0.823	1	1.215	466	2.931	1
9008	1.962	5.256	0.455	1.219	0.005	0	0.232	1	4.312	479	2.679	1
9009	2.052	5.973	0.242	0.705	0.005	0	0.118	1	8.468	482	2.911	1
9010	4.474	12.353	1.45	4.002	0.005	0	0.324	1	3.091	494	2.761	1
9011	3.595	9.534	0.769	2.04	0.005	0	0.214	1	4.681	464	2.652	1
9012	1.391	2.712	0.182	0.355	0.005	0	0.131	1	7.624	458	1.95	1
9013	4.83	8.211	0.526	0.895	0.005	0	0.109	1	9.169	468	1.7	1
9014	1.523	4.024	0.422	1.115	0.005	0	0.277	1	3.615	474	2.642	1
9015	1.2	3.019	0.15	0.377	0.005	0	0.125	1	7.976	451	2.516	1
9016	1.076	1.78	0.467	0.773	0.005	0	0.434	1	2.306	478	1.654	1
9017	1.816	4.099	0.291	0.656	0.005	0	0.16	1	6.267	496	2.257	1
9018	4.405	8.184	2.762	5.131	0.005	0	0.627	1	1.595	488	1.858	1
9019	4.446	11.551	0.636	1.652	0.005	0	0.143	1	6.991	479	2.598	1
9020	2.757	8.004	1.618	4.698	0.005	0	0.587	1	1.703	472	2.903	1
9021	4.988	7.961	1.082	1.728	0.005	0	0.217	1	4.6	487	1.596	1
9022	1.797	4.189	0.196	0.457	0.005	0	0.109	1	9.197	451	2.331	1
9023	2.297	6.455	0.662	1.859	0.005	0	0.288	1	3.473	499	2.81	1
9024	4.566	11.881	1.005	2.614	0.005	0	0.22	1	4.551	482	2.602	1
9025	1.3	2.925	0.415	0.933	0.005	0	0.319	1	3.138	458	2.25	1
9026	4.262	9.398	0.43	0.949	0.005	0	0.101	1	9.95	486	2.205	1
9027	4.587	10.665	0.642	1.493	0.005	0	0.14	1	7.123	483	2.325	1
9028	1.496	2.771	0.467	0.865	0.005	0	0.312	1	3.209	458	1.852	1
9029	2.667	5.681	0.344	0.733	0.005	0	0.129	1	7.765	496	2.13	1
9030	1.979	4.837	0.206	0.503	0.005	0	0.104	1	9.627	496	2.444	1
9031	1.184	2.633	0.166	0.369	0.005	0	0.14	1	7.153	461	2.224	1
9032	3.754	9.625	0.544	1.396	0.005	0	0.145	1	6.881	479	2.564	1
9033	2.592	6.127	0.601	1.421	0.005	0	0.232	1	4.313	455	2.364	1
9034	3.586	6.505	0.606	1.099	0.005	0	0.169	1	5.9	483	1.814	1
9035	1.655	3.619	0.18	0.394	0.005	0	0.109	1	9.149	491	2.187	1
9036	4.417	9.572	0.579	1.254	0.005	0	0.131	1	7.621	496	2.167	1
9037	1.16	3.398	0.335	0.982	0.005	0	0.289	1	3.455	499	2.929	1
9038	1.228	3.619	0.302	0.89	0.005	0	0.246	1	4.069	473	2.947	1
9039	3.143	8.414	0.336	0.9	0.005	0	0.107	1	9.312	484	2.677	1
9040	2.543	4.674	0.27	0.495	0.005	0	0.106	1	9.432	470	1.838	1
9041	1.505	4.142	0.512	1.408	0.005	0	0.34	1	2.943	458	2.752	1
9042	4.856	10.557	3.19	6.936	0.005	0	0.657	1	1.521	455	2.174	1
9043	3.806	8.046	1.009	2.132	0.005	0	0.265	1	3.773	498	2.114	1
9044	1.727	4.257	0.489	1.205	0.005	0	0.283	1	3.529	499	2.465	1
9045	4.713	10.157	0.646	1.392	0.005	0	0.137	1	7.279	482	2.155	1
9046	1.436	2.232	0.149	0.232	0.005	0	0.104	1	9.643	463	1.554	1
9047	3.493	8.243	0.517	1.22	0.005	0	0.148	1	6.778	459	2.36	1
9048	1.957	3.675	0.241	0.452	0.005	0	0.123	1	8.134	477	1.878	1
9049	3.998	11.174	0.48	1.341	0.005	0	0.12	1	8.322	498	2.795	1
9050	3.289	7.061	0.477	1.024	0.005	0	0.145	1	6.894	461	2.147	1
9051	3.653	10.791	1.556	4.597	0.005	0	0.426	1	2.35	469	2.954	1
9052	1.622	3.594	0.759	1.682	0.005	0	0.468	1	2.136	489	2.216	1
9053	4.143	10.366	0.862	2.156	0.005	0	0.208	1	4.803	468	2.502	1
9054	1.009	1.969	0.112	0.219	0.005	0	0.111	1	8.991	493	1.951	1
9055	4.117	8.856	2.128	4.579	0.005	0	0.517	1	1.934	486	2.151	1
9056	2.501	5.315	1.546	3.285	0.005	0	0.618	1	1.617	453	2.125	1
9057	4.392	8.354	1.168	2.222	0.005	0	0.266	1	3.762	482	1.902	1
9058	3.504	7.702	0.512	1.124	0.005	0	0.146	1	6.841	456	2.198	1
9059	2.339	4.416	0.377	0.711	0.005	0	0.161	1	6.226	479	1.888	1
9060	4.779	13.104	0.65	1.782	0.005	0	0.136	1	7.348	469	2.742	1
9061	1.857	5.396	0.349	1.014	0.005	0	0.188	1	5.317	470	2.906	1
9062	4.582	11.23	0.564	1.381	0.005	0	0.123	1	8.119	492	2.451	1
9063	3.485	7.887	0.39	0.883	0.005	0	0.112	1	8.943	475	2.263	1
9064	3.786	9.003	2.556	6.077	0.005	0	0.675	1	1.481	478	2.378	1
9065	1.594	3.363	0.193	0.407	0.005	0	0.121	1	8.263	458	2.11	1
9066	1.85	3.94	0.202	0.429	0.005	0	0.109	1	9.179	496	2.13	1
9067	3.474	5.722	0.427	0.704	0.005	0	0.123	1	8.108	475	1.647	1
9068	1.239	2.363	0.229	0.437	0.005	0	0.185	1	5.401	458	1.907	1
9069	2.725	6.992	0.368	0.944	0.005	0	0.135	1	7.416	487	2.566	1
9070	3.594	10.103	0.582	1.637	0.005	0	0.162	1	6.17	486	2.811	1
9071	4.312	10.413	0.552	1.333	0.005	0	0.128	1	7.783	484	2.415	1
9072	4.196	7.1	0.537	0.909	0.005	0	0.128	1	7.836	497	1.692	1
9073	2.829	6.968	0.308	0.76	0.005	0	0.109	1	9.148	459	2.463	1
9074	2.05	5.635	0.328	0.902	0.005	0	0.16	1	6.247	471	2.749	1
9075	2.724	4.405	0.365	0.59	0.005	0	0.134	1	7.473	467	1.617	1
9076	2.261	4.271	0.305	0.577	0.005	0	0.135	1	7.388	463	1.889	1
9077	1.319	2.809	0.135	0.287	0.005	0	0.102	1	9.761	460	2.13	1
9078	4.346	7.432	1.808	3.092	0.005	0	0.416	1	2.405	498	1.71	1
9079	1.703	4.675	0.179	0.491	0.005	0	0.105	1	9.548	496	2.745	1
9080	4.303	10.469	0.62	1.508	0.005	0	0.144	1	6.956	478	2.433	1
9081	3.936	9.041	0.642	1.474	0.005	0	0.163	1	6.132	463	2.297	1
9082	1.227	2.388	0.201	0.392	0.005	0	0.164	1	6.115	477	1.946	1
9083	1.73	3.306	0.266	0.509	0.005	0	0.154	1	6.506	457	1.911	1
9084	4.962	12.946	0.774	2.02	0.005	0	0.156	1	6.42	481	2.609	1
9085	4.781	7.277	0.531	0.808	0.005	0	0.111	1	9.009	494	1.522	1
9086	1.675	3.645	0.206	0.448	0.005	0	0.123	1	8.161	477	2.176	1
9087	2.554	7.506	0.294	0.863	0.005	0	0.115	1	8.719	450	2.939	1
9088	1.478	3.493	0.179	0.423	0.005	0	0.121	1	8.277	497	2.363	1
9089	2.612	5.511	0.925	1.951	0.005	0	0.354	1	2.824	487	2.11	1
9090	2.289	3.749	0.346	0.566	0.005	0	0.151	1	6.643	454	1.638	1
9091	3.29	5.919	0.905	1.628	0.005	0	0.275	1	3.641	479	1.799	1
9092	3.035	8.231	1.005	2.724	0.005	0	0.331	1	3.02	452	2.712	1
9093	3.826	10.518	0.995	2.735	0.005	0	0.26	1	3.842	487	2.749	1
9094	3.382	7.535	0.659	1.469	0.005	0	0.195	1	5.129	459	2.228	1
9095	2.18	5.821	0.288	0.768	0.005	0	0.132	1	7.584	493	2.67	1
9096	4.054	9.612	0.446	1.057	0.005	0	0.11	1	9.125	480	2.371	1
9097	4.643	8.975	0.497	0.96	0.005	0	0.107	1	9.331	453	1.933	1
9098	4.14	6.529	3.093	4.877	0.005	0	0.747	1	1.339	452	1.577	1
9099	1.317	2.929	0.136	0.302	0.005	0	0.103	1	9.675	455	2.224	1
9100	2.026	4.881	0.97	2.338	0.005	0	0.479	1	2.086	457	2.409	1
9101	2.398	4.837	0.259	0.522	0.005	0	0.108	1	9.26	477	2.017	1
9102	1.877	5.246	0.302	0.845	0.005	0	0.161	1	6.206	483	2.795	1
9103	2.768	6.973	0.321	0.809	0.005	0	0.116	1	8.631	454	2.519	1
9104	2.308	6.215	0.325	0.876	0.005	0	0.141	1	7.115	476	2.693	1
9105	2.543	7.509	1.246	3.679	0.005	0	0.49	1	2.041	466	2.953	1
9106	3.948	10.435	0.64	1.69	0.005	0	0.162	1	6.163	484	2.643	1
9107	4.916	13.308	0.58	1.57	0.005	0	0.118	1	8.485	450	2.707	1
9108	3.137	5.546	0.806	1.425	0.005	0	0.257	1	3.888	487	1.768	1
9109	4.049	7.041	0.486	0.845	0.005	0	0.12	1	8.323	454	1.739	1
9110	1.227	3.482	0.147	0.418	0.005	0	0.12	1	8.363	454	2.838	1
9111	3.698	9.308	2.012	5.064	0.005	0	0.544	1	1.837	476	2.517	1
9112	3.254	8.939	0.566	1.555	0.005	0	0.174	1	5.748	495	2.747	1
9113	1.878	4.402	0.231	0.541	0.005	0	0.123	1	8.122	455	2.344	1
9114	1.115	2.112	0.134	0.253	0.005	0	0.12	1	8.364	466	1.894	1
9115	2.893	8.051	0.399	1.111	0.005	0	0.138	1	7.222	499	2.783	1
9116	2.116	4.285	0.525	1.063	0.005	0	0.248	1	4.031	454	2.025	1
9117	3.035	7.633	0.543	1.366	0.005	0	0.179	1	5.577	474	2.515	1
9118	1.494	2.691	0.45	0.81	0.005	0	0.301	1	3.319	455	1.801	1
9119	3.92	8.252	0.741	1.56	0.005	0	0.189	1	5.286	490	2.105	1
9120	1.686	3.173	0.411	0.774	0.005	0	0.244	1	4.099	454	1.882	1
9121	3.219	6.461	0.428	0.859	0.005	0	0.133	1	7.525	473	2.007	1
9122	4.278	9.283	1.262	2.738	0.005	0	0.295	1	3.394	464	2.17	1
9123	4.049	8.495	3.049	6.397	0.005	0	0.753	1	1.328	477	2.098	1
9124	1.401	3.281	0.147	0.345	0.005	0	0.105	1	9.548	494	2.342	1
9125	2.802	5.898	0.308	0.649	0.005	0	0.11	1	9.07	487	2.105	1
9126	3.057	7.459	1.455	3.55	0.005	0	0.476	1	2.101	458	2.44	1
9127	4.791	10.622	0.556	1.232	0.005	0	0.116	1	8.632	456	2.217	1
9128	3.045	6.988	0.536	1.23	0.005	0	0.176	1	5.666	468	2.295	1
9129	3.619	8.396	0.919	2.133	0.005	0	0.254	1	3.942	474	2.32	1
9130	4.438	12.209	0.475	1.306	0.005	0	0.107	1	9.387	456	2.751	1
9131	3.448	7.379	1.365	2.922	0.005	0	0.396	1	2.527	498	2.14	1
9132	4.046	9.051	1.432	3.204	0.005	0	0.354	1	2.823	458	2.237	1
9133	2.04	4.425	0.751	1.628	0.005	0	0.368	1	2.719	486	2.169	1
9134	4.631	9.966	0.681	1.465	0.005	0	0.147	1	6.819	488	2.152	1
9135	4.035	10.031	1.61	4.002	0.005	0	0.399	1	2.509	454	2.486	1
9136	2.4	5.686	0.348	0.824	0.005	0	0.145	1	6.892	494	2.369	1
9137	3.252	8.767	0.335	0.903	0.005	0	0.103	1	9.688	450	2.696	1
9138	3.471	5.585	1.215	1.955	0.005	0	0.35	1	2.856	485	1.609	1
9139	2.818	7.254	0.335	0.863	0.005	0	0.119	1	8.42	451	2.574	1
9140	2.161	4.244	0.218	0.429	0.005	0	0.101	1	9.899	463	1.964	1
9141	4.184	10.87	0.594	1.544	0.005	0	0.142	1	7.039	458	2.598	1
9142	1.966	4.889	0.208	0.518	0.005	0	0.106	1	9.425	476	2.487	1
9143	3.913	7.701	0.411	0.809	0.005	0	0.105	1	9.537	476	1.968	1
9144	4.751	11.635	4.328	10.599	0.005	0	0.911	1	1.098	462	2.449	1
9145	2.52	5.821	0.496	1.147	0.005	0	0.197	1	5.072	462	2.31	1
9146	2.395	5.185	0.462	1.001	0.005	0	0.193	1	5.179	466	2.165	1
9147	1.547	4.539	0.588	1.725	0.005	0	0.38	1	2.633	493	2.934	1
9148	3.622	10.518	1.847	5.364	0.005	0	0.51	1	1.959	471	2.904	1
9149	1.507	3.932	0.205	0.535	0.005	0	0.136	1	7.339	485	2.609	1
9150	2.457	6.243	0.258	0.656	0.005	0	0.105	1	9.559	451	2.541	1
9151	2.681	7.488	0.292	0.816	0.005	0	0.109	1	9.185	486	2.793	1
9152	4.073	10.606	2.106	5.483	0.005	0	0.517	1	1.934	469	2.604	1
9153	4.379	12.038	0.495	1.36	0.005	0	0.113	1	8.817	474	2.749	1
9154	4.364	10.648	1.026	2.502	0.005	0	0.235	1	4.247	450	2.44	1
9155	1.509	3.273	0.196	0.425	0.005	0	0.13	1	7.677	481	2.169	1
9156	3.363	7.304	0.437	0.95	0.005	0	0.13	1	7.705	494	2.172	1
9157	4.87	7.923	0.604	0.982	0.005	0	0.124	1	8.092	485	1.627	1
9158	1.02	2.632	0.139	0.358	0.005	0	0.136	1	7.362	489	2.58	1
9159	3.878	10.622	0.737	2.018	0.005	0	0.19	1	5.275	461	2.739	1
9160	2.547	4.59	0.26	0.468	0.005	0	0.102	1	9.848	456	1.802	1
9161	2.256	5.399	0.386	0.923	0.005	0	0.171	1	5.845	499	2.393	1
9162	2.765	6.177	0.47	1.05	0.005	0	0.17	1	5.878	480	2.234	1
9163	2.275	5.369	0.585	1.38	0.005	0	0.257	1	3.897	475	2.36	1
9164	2.26	5.056	1.114	2.493	0.005	0	0.493	1	2.027	484	2.237	1
9165	1.585	2.714	0.16	0.274	0.005	0	0.101	1	9.9	454	1.712	1
9166	2.216	3.82	0.301	0.52	0.005	0	0.136	1	7.364	494	1.724	1
9167	2.005	3.928	0.886	1.736	0.005	0	0.442	1	2.261	492	1.959	1
9168	2.087	3.467	0.445	0.738	0.005	0	0.213	1	4.689	455	1.661	1
9169	3.336	9.391	1.001	2.817	0.005	0	0.3	1	3.332	489	2.815	1
9170	3.803	10.394	0.81	2.214	0.005	0	0.213	1	4.7	487	2.733	1
9171	2.075	5.196	0.434	1.086	0.005	0	0.209	1	4.778	469	2.504	1
9172	2.346	4.265	0.516	0.938	0.005	0	0.22	1	4.551	470	1.818	1
9173	4.504	12.291	0.626	1.708	0.005	0	0.139	1	7.215	463	2.729	1
9174	4.281	6.434	0.835	1.255	0.005	0	0.195	1	5.139	499	1.503	1
9175	2.842	7.975	1.728	4.849	0.005	0	0.608	1	1.646	454	2.806	1
9176	4.103	10.241	3.783	9.442	0.005	0	0.922	1	1.085	498	2.496	1
9177	2.839	8.236	0.298	0.865	0.005	0	0.105	1	9.551	484	2.901	1
9178	4.235	6.679	0.483	0.761	0.005	0	0.114	1	8.794	476	1.577	1
9179	2.482	4.391	1.283	2.27	0.005	0	0.517	1	1.935	483	1.769	1
9180	3.724	6.554	0.469	0.826	0.005	0	0.126	1	7.959	470	1.76	1
9181	1.345	3.025	0.149	0.336	0.005	0	0.111	1	9.002	450	2.249	1
9182	3.584	5.81	0.419	0.68	0.005	0	0.117	1	8.526	485	1.621	1
9183	1.722	2.712	0.327	0.515	0.005	0	0.19	1	5.252	494	1.575	1
9184	3.25	9.708	0.474	1.417	0.005	0	0.146	1	6.845	462	2.987	1
9185	2.594	7.59	0.291	0.85	0.005	0	0.112	1	8.959	451	2.926	1
9186	2.814	7.015	0.495	1.235	0.005	0	0.176	1	5.677	482	2.493	1
9187	4.331	8.168	0.611	1.152	0.005	0	0.141	1	7.085	495	1.886	1
9188	2.777	6.49	0.947	2.213	0.005	0	0.341	1	2.936	483	2.337	1
9189	2.6	4.542	0.975	1.703	0.005	0	0.375	1	2.666	499	1.747	1
9190	2.05	6.056	0.338	0.999	0.005	0	0.165	1	6.079	467	2.954	1
9191	2.259	6.766	0.852	2.551	0.005	0	0.377	1	2.655	498	2.995	1
9192	1.19	2.238	0.13	0.244	0.005	0	0.109	1	9.199	497	1.881	1
9193	2.648	5.222	0.299	0.59	0.005	0	0.113	1	8.814	451	1.972	1
9194	2.213	5.36	0.582	1.41	0.005	0	0.263	1	3.805	498	2.422	1
9195	2.236	4.208	0.382	0.72	0.005	0	0.171	1	5.842	477	1.882	1
9196	2.436	6.991	0.689	1.978	0.005	0	0.283	1	3.537	478	2.87	1
9197	1.825	4.911	0.206	0.555	0.005	0	0.113	1	8.868	487	2.691	1
9198	1.253	2.475	0.188	0.371	0.005	0	0.15	1	6.652	485	1.975	1
9199	1.853	3.311	0.209	0.374	0.005	0	0.113	1	8.811	481	1.787	1
9200	3.6	10.141	0.364	1.024	0.005	0	0.101	1	9.887	450	2.817	1
9201	2.392	6.592	0.392	1.081	0.005	0	0.164	1	6.092	452	2.756	1
9202	3.214	8.546	0.617	1.641	0.005	0	0.192	1	5.21	497	2.659	1
9203	3.085	5.285	0.626	1.073	0.005	0	0.203	1	4.923	459	1.713	1
9204	4.75	11.604	0.884	2.158	0.005	0	0.186	1	5.375	476	2.443	1
9205	3.821	7.279	3.362	6.406	0.005	0	0.88	1	1.136	493	1.905	1
9206	2.216	5.959	0.441	1.186	0.005	0	0.199	1	5.033	454	2.689	1
9207	1.61	4.524	0.401	1.126	0.005	0	0.249	1	4.009	471	2.81	1
9208	4.266	6.834	0.435	0.697	0.005	0	0.102	1	9.795	454	1.602	1
9209	4.875	12.651	0.595	1.543	0.005	0	0.122	1	8.186	487	2.595	1
9210	1.077	2.885	0.374	1.001	0.005	0	0.347	1	2.878	472	2.679	1
9211	4.507	9.532	1.803	3.813	0.005	0	0.4	1	2.501	487	2.115	1
9212	2.482	4.304	0.303	0.525	0.005	0	0.122	1	8.222	456	1.734	1
9213	3.162	5.891	0.553	1.031	0.005	0	0.175	1	5.705	461	1.863	1
9214	2.868	4.603	0.508	0.815	0.005	0	0.177	1	5.661	465	1.605	1
9215	1.693	3.317	0.364	0.713	0.005	0	0.215	1	4.646	459	1.959	1
9216	2.17	4.668	1.63	3.506	0.005	0	0.751	1	1.332	495	2.151	1
9217	3.257	6.905	1.827	3.874	0.005	0	0.561	1	1.784	459	2.12	1
9218	1.591	3.99	0.216	0.543	0.005	0	0.136	1	7.359	480	2.508	1
9219	4.232	12.099	0.669	1.912	0.005	0	0.158	1	6.327	495	2.859	1
9220	3.486	7.871	0.425	0.96	0.005	0	0.122	1	8.224	454	2.258	1
9221	2.554	4.656	0.511	0.931	0.005	0	0.2	1	4.99	472	1.823	1
9222	4.158	10.944	0.578	1.521	0.005	0	0.139	1	7.174	494	2.632	1
9223	4.143	10.279	0.597	1.48	0.005	0	0.144	1	6.924	469	2.481	1
9224	1.522	2.537	0.251	0.419	0.005	0	0.165	1	6.072	478	1.667	1
9225	2.635	4.068	1.523	2.351	0.005	0	0.578	1	1.729	473	1.544	1
9226	4.944	14.392	1.632	4.749	0.005	0	0.33	1	3.031	453	2.911	1
9227	2.983	8.075	0.37	1.001	0.005	0	0.124	1	8.067	498	2.707	1
9228	4.322	11.367	0.467	1.228	0.005	0	0.108	1	9.299	497	2.63	1
9229	2.681	4.684	0.944	1.649	0.005	0	0.352	1	2.843	470	1.747	1
9230	2.454	5.193	0.248	0.524	0.005	0	0.101	1	9.891	479	2.116	1
9231	3.906	5.933	1.66	2.522	0.005	0	0.425	1	2.351	469	1.519	1
9232	4.016	6.285	2.293	3.589	0.005	0	0.571	1	1.752	469	1.565	1
9233	4.916	12.59	0.614	1.574	0.005	0	0.125	1	8.015	482	2.561	1
9234	4.572	11.412	1.788	4.462	0.005	0	0.391	1	2.557	482	2.496	1
9235	1.1	1.845	0.206	0.345	0.005	0	0.187	1	5.343	461	1.677	1
9236	4.104	9.082	1.055	2.334	0.005	0	0.257	1	3.886	480	2.213	1
9237	1.86	3.595	0.253	0.489	0.005	0	0.136	1	7.366	498	1.933	1
9238	3.222	5.423	0.754	1.269	0.005	0	0.234	1	4.282	492	1.683	1
9239	3.049	7.726	0.369	0.935	0.005	0	0.121	1	8.291	494	2.534	1
9240	4.881	12.988	1.684	4.481	0.005	0	0.345	1	2.897	458	2.661	1
9241	1.915	3.162	0.239	0.395	0.005	0	0.125	1	8.002	495	1.651	1
9242	2.143	6.324	0.281	0.828	0.005	0	0.131	1	7.643	464	2.951	1
9243	1.535	3.859	0.577	1.451	0.005	0	0.376	1	2.659	464	2.514	1
9244	4.859	14.315	1.876	5.526	0.005	0	0.386	1	2.593	492	2.946	1
9245	2.637	7.755	0.609	1.791	0.005	0	0.231	1	4.321	493	2.941	1
9246	1.188	2.673	0.689	1.55	0.005	0	0.58	1	1.724	489	2.25	1
9247	4.768	7.476	0.992	1.555	0.005	0	0.208	1	4.809	494	1.568	1
9248	2.604	4.445	0.792	1.351	0.005	0	0.304	1	3.292	461	1.707	1
9249	1.222	3.147	0.161	0.415	0.005	0	0.132	1	7.574	461	2.575	1
9250	3.876	7.527	0.496	0.963	0.005	0	0.128	1	7.809	473	1.942	1
9251	4.575	12.664	2.274	6.294	0.005	0	0.497	1	2.012	465	2.768	1
9252	2.654	4.79	0.276	0.498	0.005	0	0.104	1	9.587	452	1.805	1
9253	2.44	4.663	0.249	0.476	0.005	0	0.102	1	9.782	482	1.911	1
9254	3.366	10.01	0.549	1.632	0.005	0	0.163	1	6.152	499	2.974	1
9255	4.214	9.503	0.851	1.92	0.005	0	0.202	1	4.958	493	2.255	1
9256	1.994	5.314	0.512	1.366	0.005	0	0.257	1	3.892	499	2.665	1
9257	4.644	7.37	0.724	1.15	0.005	0	0.156	1	6.391	496	1.587	1
9258	3.478	5.269	1.057	1.602	0.005	0	0.304	1	3.288	472	1.515	1
9259	1.071	2.86	0.364	0.972	0.005	0	0.34	1	2.944	469	2.67	1
9260	2.454	4.621	1.706	3.212	0.005	0	0.695	1	1.439	480	1.883	1
9261	1.166	2.217	0.17	0.324	0.005	0	0.146	1	6.831	484	1.901	1
9262	2.744	8.202	0.532	1.591	0.005	0	0.194	1	5.158	460	2.989	1
9263	1.462	4.237	0.173	0.5	0.005	0	0.118	1	8.488	498	2.898	1
9264	4.367	9.472	0.607	1.317	0.005	0	0.139	1	7.219	497	2.169	1
9265	4.126	11.619	0.417	1.174	0.005	0	0.101	1	9.9	456	2.816	1
9266	2.619	7.721	0.364	1.073	0.005	0	0.139	1	7.169	481	2.948	1
9267	1.547	3.354	0.221	0.48	0.005	0	0.143	1	6.983	485	2.168	1
9268	2.797	6.486	0.509	1.18	0.005	0	0.182	1	5.487	490	2.319	1
9269	2.817	6.657	0.741	1.751	0.005	0	0.263	1	3.806	488	2.363	1
9270	3.582	5.466	0.469	0.716	0.005	0	0.131	1	7.635	473	1.526	1
9271	1.968	4.093	0.655	1.363	0.005	0	0.333	1	3.004	475	2.08	1
9272	2.844	5.5	0.492	0.951	0.005	0	0.173	1	5.765	474	1.934	1
9273	1.788	3.685	0.467	0.962	0.005	0	0.261	1	3.831	458	2.061	1
9274	2.71	7.333	0.285	0.77	0.005	0	0.105	1	9.48	456	2.706	1
9275	2.064	4.535	0.369	0.812	0.005	0	0.179	1	5.585	472	2.197	1
9276	2.797	6.847	0.372	0.911	0.005	0	0.133	1	7.511	493	2.448	1
9277	1.094	2.865	0.17	0.444	0.005	0	0.155	1	6.47	473	2.619	1
9278	3.362	9.807	0.656	1.912	0.005	0	0.195	1	5.134	474	2.917	1
9279	4.203	11.096	0.5	1.32	0.005	0	0.119	1	8.417	473	2.64	1
9280	2.569	7.283	1.624	4.603	0.005	0	0.632	1	1.582	483	2.835	1
9281	1.394	2.522	0.93	1.682	0.005	0	0.667	1	1.499	495	1.809	1
9282	2.326	5.492	0.663	1.565	0.005	0	0.285	1	3.503	468	2.361	1
9283	3.93	8.717	0.436	0.968	0.005	0	0.111	1	8.98	466	2.218	1
9284	4.513	9.987	0.514	1.139	0.005	0	0.114	1	8.804	471	2.213	1
9285	4.074	9.069	0.917	2.041	0.005	0	0.225	1	4.452	477	2.226	1
9286	3.017	6.278	0.45	0.935	0.005	0	0.149	1	6.691	472	2.081	1
9287	3.359	9.533	0.578	1.64	0.005	0	0.172	1	5.812	476	2.838	1
9288	2.171	4.583	0.284	0.6	0.005	0	0.131	1	7.613	479	2.111	1
9289	1.965	3.739	0.415	0.789	0.005	0	0.211	1	4.735	456	1.903	1
9290	3.487	9.614	0.439	1.211	0.005	0	0.126	1	7.933	470	2.757	1
9291	3.754	10.5	0.42	1.176	0.005	0	0.112	1	8.892	451	2.797	1
9292	1.834	4.015	1.794	3.927	0.005	0	0.978	1	1.023	463	2.189	1
9293	3.031	8.872	0.903	2.644	0.005	0	0.298	1	3.361	470	2.927	1
9294	4.15	9.844	0.506	1.201	0.005	0	0.122	1	8.198	478	2.372	1
9295	4.002	7.488	0.676	1.265	0.005	0	0.169	1	5.9	459	1.871	1
9296	1.052	1.922	0.127	0.233	0.005	0	0.121	1	8.282	464	1.827	1
9297	2.615	4.749	0.507	0.921	0.005	0	0.194	1	5.143	477	1.816	1
9298	3.34	9.302	0.377	1.051	0.005	0	0.113	1	8.876	468	2.785	1
9299	1.624	2.517	1.413	2.19	0.005	0	0.87	1	1.15	466	1.55	1
9300	3.935	11.616	0.606	1.789	0.005	0	0.154	1	6.511	468	2.952	1
9301	2.23	5.508	0.709	1.752	0.005	0	0.318	1	3.14	463	2.47	1
9302	3.963	6.844	0.697	1.205	0.005	0	0.176	1	5.671	481	1.727	1
9303	2.372	4.063	0.285	0.488	0.005	0	0.12	1	8.337	450	1.713	1
9304	1.163	2.48	0.261	0.556	0.005	0	0.224	1	4.467	479	2.132	1
9305	2.01	4.426	0.299	0.659	0.005	0	0.149	1	6.691	457	2.202	1
9306	1.913	5.716	0.377	1.126	0.005	0	0.197	1	5.067	492	2.988	1
9307	1.372	4.086	0.178	0.531	0.005	0	0.13	1	7.693	469	2.978	1
9308	4.932	11.358	1.79	4.123	0.005	0	0.363	1	2.753	451	2.303	1
9309	2.865	6.862	0.344	0.823	0.005	0	0.12	1	8.3	492	2.395	1
9310	1.122	2.522	0.199	0.446	0.005	0	0.177	1	5.662	465	2.248	1
9311	4.397	12.32	0.765	2.144	0.005	0	0.174	1	5.737	465	2.802	1
9312	3.33	5.271	0.36	0.569	0.005	0	0.108	1	9.284	492	1.583	1
9313	3.864	9.977	1.271	3.282	0.005	0	0.329	1	3.043	459	2.582	1
9314	2.383	4.828	0.458	0.927	0.005	0	0.192	1	5.211	474	2.026	1
9315	2.708	5.4	0.739	1.474	0.005	0	0.273	1	3.668	483	1.994	1
9316	3.727	6.951	0.6	1.119	0.005	0	0.161	1	6.194	490	1.865	1
9317	4.098	9.704	0.66	1.562	0.005	0	0.161	1	6.205	496	2.368	1
9318	2.758	7.058	1.484	3.797	0.005	0	0.538	1	1.859	455	2.559	1
9319	1.504	2.587	0.337	0.579	0.005	0	0.224	1	4.465	453	1.72	1
9320	1.966	4.418	0.293	0.658	0.005	0	0.149	1	6.725	463	2.247	1
9321	3.518	7.799	0.398	0.881	0.005	0	0.113	1	8.886	452	2.217	1
9322	4.955	7.774	1.6	2.511	0.005	0	0.323	1	3.099	479	1.569	1
9323	2.994	7.542	0.314	0.792	0.005	0	0.105	1	9.509	451	2.519	1
9324	2.834	6.861	0.419	1.015	0.005	0	0.148	1	6.773	466	2.421	1
9325	4.079	8.019	1.721	3.384	0.005	0	0.422	1	2.372	461	1.966	1
9326	3.499	9.139	2.082	5.438	0.005	0	0.595	1	1.68	469	2.612	1
9327	3.638	6.938	0.622	1.186	0.005	0	0.171	1	5.852	466	1.907	1
9328	1.656	2.636	0.21	0.335	0.005	0	0.127	1	7.85	468	1.592	1
9329	3.574	7.012	1.705	3.345	0.005	0	0.477	1	2.095	497	1.962	1
9330	2.523	4.99	0.272	0.539	0.005	0	0.108	1	9.225	457	1.978	1
9331	4.42	12.151	0.517	1.422	0.005	0	0.117	1	8.558	477	2.749	1
9332	4.908	9.065	2.233	4.125	0.005	0	0.455	1	2.2	459	1.847	1
9333	1.648	3.179	0.246	0.474	0.005	0	0.149	1	6.722	467	1.929	1
9334	3.074	7.018	0.689	1.572	0.005	0	0.224	1	4.457	494	2.283	1
9335	2.799	4.422	0.378	0.597	0.005	0	0.135	1	7.414	478	1.58	1
9336	4.239	11.979	0.428	1.21	0.005	0	0.101	1	9.95	481	2.826	1
9337	1.215	2.468	0.148	0.301	0.005	0	0.122	1	8.191	461	2.031	1
9338	2.173	5.839	0.219	0.59	0.005	0	0.101	1	9.856	481	2.687	1
9339	3.084	8.015	0.534	1.387	0.005	0	0.173	1	5.792	465	2.599	1
9340	4.014	9.027	0.682	1.535	0.005	0	0.17	1	5.881	451	2.249	1
9341	2.005	4.9	0.309	0.755	0.005	0	0.154	1	6.49	457	2.444	1
9342	1.534	2.996	0.287	0.56	0.005	0	0.187	1	5.344	493	1.953	1
9343	4.743	11.094	2.002	4.682	0.005	0	0.422	1	2.372	488	2.339	1
9344	3.001	7.941	1.143	3.026	0.005	0	0.381	1	2.623	491	2.646	1
9345	3.461	6.534	0.35	0.66	0.005	0	0.101	1	9.949	456	1.888	1
9346	3.252	9.606	1.216	3.593	0.005	0	0.374	1	2.671	467	2.954	1
9347	2.973	6.942	0.755	1.763	0.005	0	0.254	1	3.937	491	2.335	1
9348	1.441	3.647	0.146	0.368	0.005	0	0.101	1	9.912	453	2.531	1
9349	1.495	4.33	0.188	0.546	0.005	0	0.126	1	7.931	461	2.896	1
9350	1.494	3.553	0.242	0.576	0.005	0	0.162	1	6.178	458	2.378	1
9351	3.378	9.404	1.081	3.009	0.005	0	0.32	1	3.123	482	2.784	1
9352	2.731	5.137	0.44	0.827	0.005	0	0.161	1	6.226	474	1.881	1
9353	4.102	9.184	0.878	1.965	0.005	0	0.214	1	4.682	454	2.239	1
9354	4.634	9.055	1.696	3.314	0.005	0	0.366	1	2.734	479	1.954	1
9355	1.849	3.269	0.52	0.919	0.005	0	0.281	1	3.554	492	1.768	1
9356	2.523	6.951	0.51	1.404	0.005	0	0.202	1	4.942	468	2.755	1
9357	1.408	3.098	0.238	0.524	0.005	0	0.169	1	5.92	458	2.2	1
9358	4.24	8.539	0.462	0.931	0.005	0	0.109	1	9.168	478	2.014	1
9359	4.745	10.904	0.546	1.254	0.005	0	0.115	1	8.689	469	2.298	1
9360	4.237	6.809	0.754	1.212	0.005	0	0.178	1	5.628	477	1.607	1
9361	2.409	5.904	0.289	0.708	0.005	0	0.12	1	8.303	494	2.451	1
9362	3.481	7.087	0.54	1.098	0.005	0	0.155	1	6.445	476	2.036	1
9363	3.276	7.115	0.891	1.935	0.005	0	0.272	1	3.677	492	2.172	1
9364	4.488	12.849	0.494	1.413	0.005	0	0.11	1	9.062	463	2.863	1
9365	3.448	7.975	0.903	2.089	0.005	0	0.262	1	3.815	498	2.313	1
9366	2.094	4.217	0.228	0.46	0.005	0	0.109	1	9.189	477	2.014	1
9367	2.411	5.837	0.665	1.611	0.005	0	0.276	1	3.62	456	2.421	1
9368	3.237	9.449	1.214	3.543	0.005	0	0.375	1	2.669	455	2.919	1
9369	1.579	4.451	0.21	0.592	0.005	0	0.133	1	7.53	487	2.819	1
9370	2.94	4.478	0.365	0.555	0.005	0	0.124	1	8.069	464	1.523	1
9371	4.458	12.906	0.762	2.207	0.005	0	0.171	1	5.853	486	2.895	1
9372	3.186	5.407	0.449	0.762	0.005	0	0.141	1	7.101	451	1.697	1
9373	3.034	6.675	2.36	5.193	0.005	0	0.778	1	1.286	498	2.2	1
9374	1.248	2.975	0.23	0.547	0.005	0	0.184	1	5.429	488	2.384	1
9375	3.952	8.939	0.585	1.323	0.005	0	0.148	1	6.742	491	2.262	1
9376	4.261	11.351	0.503	1.339	0.005	0	0.118	1	8.468	492	2.664	1
9377	4.652	9.257	2.419	4.814	0.005	0	0.52	1	1.924	482	1.99	1
9378	2.832	6.035	0.66	1.406	0.005	0	0.233	1	4.288	477	2.131	1
9379	2.055	3.631	0.997	1.761	0.005	0	0.485	1	2.062	454	1.767	1
9380	1.608	3.425	0.167	0.356	0.005	0	0.104	1	9.596	466	2.13	1
9381	3.024	4.633	1.161	1.779	0.005	0	0.384	1	2.602	479	1.532	1
9382	2.467	6.128	0.444	1.103	0.005	0	0.18	1	5.571	456	2.484	1
9383	2.165	5.41	0.353	0.882	0.005	0	0.163	1	6.136	476	2.499	1
9384	1.942	4.83	0.27	0.671	0.005	0	0.139	1	7.208	457	2.487	1
9385	3.744	6.597	0.524	0.924	0.005	0	0.14	1	7.158	478	1.762	1
9386	2.7	6.288	0.518	1.207	0.005	0	0.192	1	5.207	488	2.329	1
9387	2.474	6.472	1.675	4.382	0.005	0	0.677	1	1.477	489	2.616	1
9388	3.902	7.944	0.78	1.589	0.005	0	0.2	1	5.007	464	2.036	1
9389	2.866	4.941	0.542	0.934	0.005	0	0.189	1	5.289	460	1.724	1
9390	1.181	2.964	0.527	1.322	0.005	0	0.446	1	2.241	494	2.51	1
9391	3.008	6.377	1.621	3.437	0.005	0	0.539	1	1.855	491	2.12	1
9392	3.078	5.242	1.2	2.044	0.005	0	0.39	1	2.565	489	1.703	1
9393	4.292	8.172	0.609	1.16	0.005	0	0.142	1	7.018	458	1.904	1
9394	1.815	5.0	0.185	0.51	0.005	0	0.102	1	9.835	499	2.755	1
9395	1.111	2.131	0.339	0.65	0.005	0	0.305	1	3.276	468	1.918	1
9396	3.373	6.473	0.442	0.848	0.005	0	0.131	1	7.659	466	1.919	1
9397	3.365	5.936	0.427	0.754	0.005	0	0.127	1	7.902	492	1.764	1
9398	4.806	12.866	1.6	4.284	0.005	0	0.333	1	3.004	477	2.677	1
9399	4.288	12.551	0.823	2.41	0.005	0	0.192	1	5.21	464	2.927	1
9400	1.623	3.418	0.675	1.422	0.005	0	0.416	1	2.405	452	2.106	1
9401	4.373	7.88	1.627	2.931	0.005	0	0.372	1	2.687	465	1.802	1
9402	1.296	3.211	0.185	0.459	0.005	0	0.143	1	6.97	497	2.478	1
9403	3.419	6.472	0.923	1.747	0.005	0	0.27	1	3.697	479	1.893	1
9404	1.15	2.193	0.298	0.568	0.005	0	0.259	1	3.857	458	1.907	1
9405	4.298	7.917	2.484	4.576	0.005	0	0.578	1	1.729	485	1.842	1
9406	1.228	3.409	0.157	0.436	0.005	0	0.128	1	7.83	477	2.776	1
9407	4.372	12.451	1.779	5.068	0.005	0	0.407	1	2.46	487	2.848	1
9408	1.679	3.062	0.198	0.361	0.005	0	0.118	1	8.509	492	1.824	1
9409	2.781	5.946	0.345	0.737	0.005	0	0.124	1	8.068	464	2.138	1
9410	3.68	9.627	0.412	1.078	0.005	0	0.112	1	8.891	488	2.616	1
9411	4.342	6.6	0.999	1.518	0.005	0	0.23	1	4.343	468	1.52	1
9412	4.994	12.026	4.06	9.777	0.005	0	0.813	1	1.23	463	2.408	1
9413	4.46	9.874	1.329	2.942	0.005	0	0.298	1	3.355	482	2.214	1
9414	4.769	8.851	0.777	1.443	0.005	0	0.163	1	6.123	492	1.856	1
9415	3.882	9.887	0.951	2.422	0.005	0	0.245	1	4.081	496	2.547	1
9416	4.302	8.208	0.809	1.543	0.005	0	0.188	1	5.314	476	1.908	1
9417	2.925	8.526	0.404	1.177	0.005	0	0.138	1	7.238	455	2.915	1
9418	3.064	5.102	0.524	0.872	0.005	0	0.171	1	5.858	481	1.665	1
9419	3.741	7.714	0.527	1.088	0.005	0	0.141	1	7.104	498	2.062	1
9420	1.864	2.856	0.459	0.703	0.005	0	0.246	1	4.073	491	1.532	1
9421	2.312	3.944	0.254	0.434	0.005	0	0.11	1	9.068	497	1.706	1
9422	1.766	4.401	0.899	2.24	0.005	0	0.509	1	1.964	483	2.492	1
9423	3.551	7.358	0.966	2.001	0.005	0	0.272	1	3.675	453	2.072	1
9424	3.164	4.854	0.329	0.505	0.005	0	0.104	1	9.648	466	1.534	1
9425	1.314	2.711	0.217	0.447	0.005	0	0.165	1	6.066	475	2.063	1
9426	2.353	4.066	0.304	0.525	0.005	0	0.129	1	7.723	463	1.728	1
9427	2.249	5.555	0.232	0.572	0.005	0	0.103	1	9.715	493	2.47	1
9428	1.704	2.951	0.423	0.732	0.005	0	0.248	1	4.032	490	1.732	1
9429	2.408	6.015	0.604	1.51	0.005	0	0.251	1	3.985	494	2.498	1
9430	2.542	4.082	0.32	0.514	0.005	0	0.126	1	7.961	498	1.606	1
9431	3.943	9.846	0.41	1.024	0.005	0	0.104	1	9.657	496	2.497	1
9432	1.754	4.602	0.179	0.469	0.005	0	0.102	1	9.775	458	2.624	1
9433	4.984	11.274	1.012	2.289	0.005	0	0.203	1	4.93	473	2.262	1
9434	3.604	9.688	0.505	1.356	0.005	0	0.14	1	7.143	453	2.688	1
9435	2.631	4.628	0.268	0.472	0.005	0	0.102	1	9.781	498	1.759	1
9436	2.697	6.395	0.386	0.914	0.005	0	0.143	1	6.971	468	2.371	1
9437	4.475	7.576	1.75	2.962	0.005	0	0.391	1	2.557	494	1.693	1
9438	3.593	9.708	0.582	1.573	0.005	0	0.162	1	6.18	493	2.702	1
9439	4.394	6.692	1.7	2.59	0.005	0	0.387	1	2.586	461	1.523	1
9440	2.038	5.924	0.656	1.908	0.005	0	0.322	1	3.101	467	2.907	1
9441	2.468	5.822	0.269	0.635	0.005	0	0.109	1	9.19	485	2.359	1
9442	2.701	5.505	0.34	0.694	0.005	0	0.126	1	7.958	485	2.038	1
9443	3.599	7.486	0.835	1.737	0.005	0	0.232	1	4.314	466	2.08	1
9444	3.002	4.821	0.318	0.511	0.005	0	0.106	1	9.468	456	1.606	1
9445	3.436	9.889	0.402	1.157	0.005	0	0.117	1	8.522	462	2.878	1
9446	2.664	6.066	0.506	1.153	0.005	0	0.19	1	5.254	459	2.277	1
9447	3.149	9.009	1.927	5.514	0.005	0	0.612	1	1.633	473	2.861	1
9448	1.572	3.957	0.379	0.954	0.005	0	0.241	1	4.152	475	2.517	1
9449	3.622	9.135	0.514	1.297	0.005	0	0.142	1	7.045	476	2.522	1
9450	3.584	6.759	0.545	1.027	0.005	0	0.152	1	6.594	466	1.886	1
9451	1.503	4.291	0.28	0.798	0.005	0	0.186	1	5.39	499	2.855	1
9452	3.171	6.827	0.641	1.379	0.005	0	0.202	1	4.958	460	2.153	1
9453	3.578	8.784	0.97	2.38	0.005	0	0.271	1	3.687	463	2.455	1
9454	4.326	12.372	0.48	1.373	0.005	0	0.111	1	8.978	464	2.86	1
9455	1.308	2.479	0.149	0.283	0.005	0	0.114	1	8.739	485	1.895	1
9456	1.141	3.001	0.615	1.618	0.005	0	0.539	1	1.855	467	2.63	1
9457	2.507	5.779	1.03	2.375	0.005	0	0.411	1	2.433	454	2.305	1
9458	3.293	5.061	0.494	0.759	0.005	0	0.15	1	6.676	456	1.537	1
9459	3.794	6.499	1.104	1.891	0.005	0	0.291	1	3.432	480	1.713	1
9460	1.594	4.226	0.45	1.192	0.005	0	0.282	1	3.548	487	2.651	1
9461	1.716	2.691	0.288	0.452	0.005	0	0.168	1	5.95	467	1.568	1
9462	4.364	12.376	0.624	1.77	0.005	0	0.143	1	6.988	465	2.836	1
9463	3.093	6.786	0.9	1.975	0.005	0	0.291	1	3.434	477	2.194	1
9464	2.549	6.413	1.58	3.976	0.005	0	0.62	1	1.612	486	2.516	1
9465	2.24	4.171	0.874	1.627	0.005	0	0.39	1	2.561	466	1.862	1
9466	3.145	8.545	0.403	1.094	0.005	0	0.128	1	7.818	470	2.717	1
9467	1.054	2.364	0.113	0.253	0.005	0	0.107	1	9.348	456	2.243	1
9468	1.876	4.527	0.31	0.747	0.005	0	0.165	1	6.071	482	2.413	1
9469	3.216	5.901	0.466	0.856	0.005	0	0.145	1	6.881	456	1.835	1
9470	1.104	2.335	0.127	0.269	0.005	0	0.115	1	8.705	458	2.115	1
9471	3.786	11.032	1.0	2.912	0.005	0	0.264	1	3.794	462	2.914	1
9472	2.814	4.432	1.497	2.358	0.005	0	0.532	1	1.878	462	1.575	1
9473	4.316	8.028	0.704	1.309	0.005	0	0.163	1	6.134	489	1.86	1
9474	2.103	5.354	0.311	0.792	0.005	0	0.148	1	6.747	479	2.546	1
9475	3.761	8.041	0.876	1.874	0.005	0	0.233	1	4.287	463	2.138	1
9476	4.118	11.16	1.137	3.08	0.005	0	0.276	1	3.626	494	2.71	1
9477	2.904	8.546	0.34	1.0	0.005	0	0.117	1	8.552	455	2.943	1
9478	4.846	11.742	0.557	1.35	0.005	0	0.115	1	8.72	494	2.423	1
9479	1.969	5.084	0.634	1.637	0.005	0	0.322	1	3.104	460	2.582	1
9480	1.991	3.024	1.089	1.654	0.005	0	0.547	1	1.828	466	1.519	1
9481	3.227	5.325	0.336	0.554	0.005	0	0.104	1	9.658	476	1.65	1
9482	3.614	6.212	0.401	0.69	0.005	0	0.111	1	9.002	462	1.719	1
9483	4.336	9.548	0.65	1.432	0.005	0	0.15	1	6.65	473	2.202	1
9484	1.219	3.43	0.134	0.377	0.005	0	0.11	1	9.098	455	2.814	1
9485	1.309	3.681	0.196	0.552	0.005	0	0.15	1	6.658	492	2.812	1
9486	4.705	10.68	0.55	1.25	0.005	0	0.117	1	8.573	485	2.27	1
9487	2.318	6.4	0.396	1.094	0.005	0	0.171	1	5.835	497	2.761	1
9488	1.253	2.427	0.13	0.252	0.005	0	0.104	1	9.577	492	1.937	1
9489	4.386	7.904	0.465	0.838	0.005	0	0.106	1	9.433	469	1.802	1
9490	3.776	11.086	1.488	4.368	0.005	0	0.394	1	2.541	492	2.936	1
9491	4.574	7.666	0.727	1.219	0.005	0	0.159	1	6.294	496	1.676	1
9492	2.834	7.221	0.388	0.989	0.005	0	0.137	1	7.313	489	2.548	1
9493	4.275	10.67	0.475	1.184	0.005	0	0.111	1	9.034	496	2.496	1
9494	1.862	3.288	0.29	0.513	0.005	0	0.156	1	6.418	471	1.766	1
9495	2.494	5.644	0.741	1.676	0.005	0	0.297	1	3.371	457	2.263	1
9496	1.575	4.207	0.367	0.98	0.005	0	0.233	1	4.285	455	2.671	1
9497	2.018	3.402	1.516	2.555	0.005	0	0.751	1	1.332	496	1.686	1
9498	3.32	8.36	1.793	4.514	0.005	0	0.54	1	1.852	465	2.518	1
9499	4.075	11.08	0.412	1.119	0.005	0	0.101	1	9.93	450	2.719	1
9500	3.217	9.281	1.21	3.49	0.005	0	0.376	1	2.663	476	2.885	1
9501	4.244	6.646	2.729	4.273	0.005	0	0.643	1	1.555	485	1.566	1
9502	2.369	3.67	0.296	0.459	0.005	0	0.125	1	8.005	465	1.549	1
9503	4.694	13.077	0.582	1.622	0.005	0	0.124	1	8.052	459	2.786	1
9504	2.845	7.627	1.388	3.722	0.005	0	0.488	1	2.05	462	2.681	1
9505	3.296	9.664	0.432	1.266	0.005	0	0.131	1	7.612	473	2.932	1
9506	2.751	6.556	0.363	0.865	0.005	0	0.132	1	7.577	492	2.383	1
9507	1.613	3.024	0.173	0.324	0.005	0	0.107	1	9.363	473	1.875	1
9508	3.974	9.323	0.691	1.622	0.005	0	0.174	1	5.738	453	2.346	1
9509	4.855	13.424	1.719	4.752	0.005	0	0.354	1	2.825	474	2.765	1
9510	2.468	5.736	1.187	2.759	0.005	0	0.481	1	2.077	455	2.324	1
9511	2.885	7.039	0.643	1.57	0.005	0	0.223	1	4.486	461	2.44	1
9512	4.419	8.851	3.862	7.736	0.005	0	0.874	1	1.144	472	2.003	1
9513	3.069	8.397	1.522	4.165	0.005	0	0.496	1	2.017	465	2.736	1
9514	3.802	7.182	0.601	1.135	0.005	0	0.158	1	6.333	483	1.889	1
9515	2.401	7.145	0.965	2.872	0.005	0	0.402	1	2.486	488	2.976	1
9516	4.636	11.655	2.049	5.152	0.005	0	0.442	1	2.263	496	2.514	1
9517	2.483	4.313	0.34	0.591	0.005	0	0.137	1	7.296	490	1.737	1
9518	4.098	10.802	0.484	1.275	0.005	0	0.118	1	8.448	471	2.636	1
9519	2.799	7.076	0.456	1.153	0.005	0	0.163	1	6.14	496	2.528	1
9520	4.625	6.951	0.518	0.779	0.005	0	0.112	1	8.903	475	1.503	1
9521	3.832	11.105	1.303	3.776	0.005	0	0.34	1	2.939	489	2.898	1
9522	3.226	8.984	0.752	2.093	0.005	0	0.233	1	4.301	480	2.785	1
9523	2.984	8.4	1.035	2.915	0.005	0	0.347	1	2.884	463	2.815	1
9524	3.974	10.861	0.469	1.282	0.005	0	0.118	1	8.485	456	2.733	1
9525	4.747	14.065	0.665	1.969	0.005	0	0.14	1	7.119	474	2.963	1
9526	1.744	5.099	0.495	1.448	0.005	0	0.284	1	3.523	490	2.924	1
9527	4.516	8.088	1.499	2.685	0.005	0	0.332	1	3.014	483	1.791	1
9528	3.248	6.756	0.361	0.75	0.005	0	0.111	1	9.016	498	2.08	1
9529	2.741	8.174	1.601	4.774	0.005	0	0.584	1	1.711	498	2.982	1
9530	4.529	13.324	1.173	3.451	0.005	0	0.259	1	3.863	453	2.942	1
9531	3.034	8.732	0.631	1.816	0.005	0	0.208	1	4.811	484	2.878	1
9532	2.936	5.599	0.329	0.627	0.005	0	0.112	1	8.916	486	1.907	1
9533	1.432	3.901	0.65	1.771	0.005	0	0.454	1	2.205	481	2.724	1
9534	4.416	9.34	1.276	2.699	0.005	0	0.289	1	3.46	477	2.115	1
9535	4.891	11.151	4.333	9.88	0.005	0	0.886	1	1.129	469	2.28	1
9536	1.806	4.685	0.316	0.82	0.005	0	0.175	1	5.703	472	2.594	1
9537	4.235	7.462	1.241	2.186	0.005	0	0.293	1	3.414	457	1.762	1
9538	4.236	9.878	0.843	1.966	0.005	0	0.199	1	5.033	482	2.332	1
9539	3.588	6.706	0.459	0.858	0.005	0	0.128	1	7.794	462	1.869	1
9540	4.736	9.657	0.587	1.197	0.005	0	0.124	1	8.057	499	2.039	1
9541	1.65	3.409	0.279	0.576	0.005	0	0.169	1	5.915	482	2.066	1
9542	2.508	5.651	0.288	0.65	0.005	0	0.115	1	8.676	485	2.253	1
9543	2.009	5.551	0.44	1.216	0.005	0	0.219	1	4.571	457	2.763	1
9544	3.834	6.188	1.932	3.119	0.005	0	0.504	1	1.985	476	1.614	1
9545	1.96	3.536	0.335	0.605	0.005	0	0.171	1	5.846	483	1.804	1
9546	1.193	2.491	1.024	2.137	0.005	0	0.858	1	1.166	474	2.088	1
9547	3.852	11.071	0.586	1.683	0.005	0	0.152	1	6.561	483	2.874	1
9548	4.758	10.244	3.269	7.038	0.005	0	0.687	1	1.455	478	2.153	1
9549	2.308	3.854	0.485	0.809	0.005	0	0.21	1	4.77	492	1.67	1
9550	3.07	7.896	0.381	0.979	0.005	0	0.124	1	8.043	487	2.572	1
9551	2.381	5.519	0.34	0.789	0.005	0	0.143	1	7.008	460	2.318	1
9552	4.159	7.312	1.385	2.435	0.005	0	0.333	1	2.999	460	1.758	1
9553	4.09	11.881	1.885	5.477	0.005	0	0.461	1	2.167	451	2.905	1
9554	4.188	11.073	0.72	1.905	0.005	0	0.172	1	5.798	467	2.644	1
9555	1.308	3.052	0.175	0.409	0.005	0	0.134	1	7.481	479	2.333	1
9556	4.446	8.065	1.24	2.25	0.005	0	0.279	1	3.581	475	1.814	1
9557	1.269	3.346	0.159	0.418	0.005	0	0.125	1	8.006	467	2.637	1
9558	4.135	10.226	0.496	1.227	0.005	0	0.12	1	8.316	487	2.473	1
9559	4.58	7.291	1.337	2.129	0.005	0	0.292	1	3.428	479	1.592	1
9560	2.764	6.454	0.329	0.768	0.005	0	0.119	1	8.379	484	2.335	1
9561	1.694	2.638	0.554	0.863	0.005	0	0.327	1	3.061	479	1.557	1
9562	3.49	7.462	2.07	4.425	0.005	0	0.593	1	1.685	472	2.138	1
9563	1.557	2.653	0.187	0.318	0.005	0	0.12	1	8.325	495	1.704	1
9564	1.376	2.965	0.213	0.46	0.005	0	0.155	1	6.467	458	2.155	1
9565	3.608	7.425	0.556	1.143	0.005	0	0.154	1	6.502	466	2.058	1
9566	1.371	3.299	0.211	0.508	0.005	0	0.154	1	6.488	483	2.406	1
9567	3.214	9.546	2.057	6.109	0.005	0	0.64	1	1.563	467	2.97	1
9568	4.015	8.994	0.434	0.971	0.005	0	0.108	1	9.249	488	2.24	1
9569	4.231	8.039	0.525	0.997	0.005	0	0.124	1	8.039	476	1.9	1
9570	4.65	12.36	2.181	5.797	0.005	0	0.469	1	2.133	471	2.658	1
9571	4.008	8.064	0.645	1.298	0.005	0	0.161	1	6.222	472	2.012	1
9572	4.236	10.374	1.11	2.718	0.005	0	0.262	1	3.811	487	2.449	1
9573	3.034	5.64	0.476	0.885	0.005	0	0.157	1	6.362	473	1.859	1
9574	3.442	6.006	0.389	0.679	0.005	0	0.113	1	8.844	497	1.745	1
9575	3.291	8.412	0.441	1.127	0.005	0	0.134	1	7.468	470	2.556	1
9576	3.667	7.756	0.708	1.497	0.005	0	0.193	1	5.172	466	2.115	1
9577	4.257	7.718	0.813	1.474	0.005	0	0.191	1	5.246	471	1.813	1
9578	3.219	9.396	0.364	1.062	0.005	0	0.113	1	8.852	496	2.919	1
9579	3.296	8.932	0.511	1.384	0.005	0	0.155	1	6.46	459	2.71	1
9580	4.889	9.842	0.499	1.004	0.005	0	0.102	1	9.843	484	2.013	1
9581	4.375	10.561	0.805	1.943	0.005	0	0.184	1	5.438	478	2.414	1
9582	1.045	1.76	0.157	0.264	0.005	0	0.15	1	6.687	459	1.684	1
9583	3.031	5.522	0.518	0.944	0.005	0	0.171	1	5.85	478	1.822	1
9584	4.244	9.201	1.473	3.193	0.005	0	0.347	1	2.883	471	2.168	1
9585	4.657	8.494	0.619	1.13	0.005	0	0.133	1	7.521	475	1.824	1
9586	2.123	3.836	0.745	1.346	0.005	0	0.351	1	2.847	466	1.807	1
9587	2.141	4.584	0.257	0.55	0.005	0	0.12	1	8.328	480	2.141	1
9588	2.688	5.887	0.301	0.659	0.005	0	0.112	1	8.938	471	2.19	1
9589	3.372	7.88	1.177	2.75	0.005	0	0.349	1	2.864	484	2.337	1
9590	4.662	12.224	0.48	1.259	0.005	0	0.103	1	9.682	478	2.622	1
9591	3.077	7.545	0.462	1.132	0.005	0	0.15	1	6.665	480	2.452	1
9592	1.517	3.647	0.346	0.832	0.005	0	0.228	1	4.377	495	2.404	1
9593	2.448	7.337	0.269	0.807	0.005	0	0.11	1	9.054	456	2.997	1
9594	1.155	2.471	0.166	0.356	0.005	0	0.144	1	6.966	490	2.139	1
9595	1.071	3.203	0.154	0.461	0.005	0	0.144	1	6.964	483	2.991	1
9596	4.042	8.84	2.837	6.206	0.005	0	0.702	1	1.425	483	2.187	1
9597	4.195	8.273	0.482	0.951	0.005	0	0.115	1	8.679	461	1.972	1
9598	1.42	2.411	0.696	1.181	0.005	0	0.49	1	2.042	494	1.698	1
9599	3.094	8.255	0.396	1.057	0.005	0	0.128	1	7.802	463	2.668	1
9600	4.481	13.161	0.462	1.356	0.005	0	0.103	1	9.695	496	2.937	1
9601	3.892	8.442	3.697	8.02	0.005	0	0.95	1	1.053	468	2.169	1
9602	2.411	4.95	0.265	0.544	0.005	0	0.11	1	9.118	493	2.053	1
9603	2.045	5.933	0.376	1.092	0.005	0	0.184	1	5.439	467	2.901	1
9604	2.338	4.108	0.257	0.452	0.005	0	0.11	1	9.132	463	1.757	1
9605	1.466	3.952	0.211	0.569	0.005	0	0.144	1	6.944	468	2.696	1
9606	3.469	8.731	0.43	1.083	0.005	0	0.124	1	8.035	493	2.517	1
9607	3.969	8.597	0.564	1.221	0.005	0	0.142	1	7.042	456	2.166	1
9608	1.609	2.616	1.496	2.433	0.005	0	0.93	1	1.075	465	1.626	1
9609	1.055	2.883	0.141	0.386	0.005	0	0.134	1	7.452	499	2.733	1
9610	4.683	10.518	0.468	1.052	0.005	0	0.1	1	9.995	491	2.246	1
9611	4.865	9.521	1.041	2.037	0.005	0	0.214	1	4.666	476	1.957	1
9612	1.593	2.727	0.258	0.442	0.005	0	0.162	1	6.155	470	1.712	1
9613	1.046	2.61	0.703	1.754	0.005	0	0.672	1	1.487	456	2.495	1
9614	1.838	3.229	0.237	0.417	0.005	0	0.129	1	7.739	455	1.757	1
9615	2.382	4.85	0.453	0.922	0.005	0	0.19	1	5.276	475	2.036	1
9616	4.975	11.438	0.577	1.327	0.005	0	0.116	1	8.596	455	2.299	1
9617	3.654	5.529	2.119	3.207	0.005	0	0.58	1	1.723	456	1.513	1
9618	3.629	10.034	0.519	1.435	0.005	0	0.143	1	6.97	493	2.765	1
9619	3.45	7.166	0.88	1.827	0.005	0	0.255	1	3.925	458	2.077	1
9620	2.933	5.426	0.314	0.581	0.005	0	0.107	1	9.317	450	1.85	1
9621	3.708	6.845	1.487	2.745	0.005	0	0.401	1	2.493	489	1.846	1
9622	2.792	7.268	0.807	2.1	0.005	0	0.289	1	3.456	472	2.603	1
9623	2.061	3.866	0.474	0.889	0.005	0	0.23	1	4.357	452	1.876	1
9624	2.998	6.479	0.486	1.05	0.005	0	0.162	1	6.176	473	2.161	1
9625	1.876	3.6	0.308	0.59	0.005	0	0.164	1	6.103	475	1.919	1
9626	3.463	5.444	0.44	0.691	0.005	0	0.127	1	7.881	488	1.572	1
9627	2.846	8.242	0.461	1.335	0.005	0	0.162	1	6.186	481	2.896	1
9628	2.678	5.728	1.376	2.944	0.005	0	0.514	1	1.946	496	2.139	1
9629	2.918	6.058	0.697	1.448	0.005	0	0.239	1	4.192	473	2.076	1
9630	3.32	6.464	1.049	2.043	0.005	0	0.316	1	3.161	483	1.947	1
9631	3.552	6.696	0.654	1.232	0.005	0	0.184	1	5.447	455	1.885	1
9632	2.894	6.098	2.092	4.409	0.005	0	0.723	1	1.384	482	2.107	1
9633	4.457	10.545	0.566	1.339	0.005	0	0.127	1	7.903	488	2.366	1
9634	3.743	6.715	0.475	0.853	0.005	0	0.127	1	7.892	464	1.794	1
9635	1.928	3.835	0.391	0.779	0.005	0	0.203	1	4.919	470	1.989	1
9636	1.937	5.458	0.291	0.819	0.005	0	0.15	1	6.653	486	2.818	1
9637	1.721	2.824	0.399	0.655	0.005	0	0.232	1	4.307	485	1.641	1
9638	2.433	6.9	0.275	0.78	0.005	0	0.113	1	8.842	459	2.836	1
9639	3.206	9.541	0.603	1.794	0.005	0	0.188	1	5.327	455	2.976	1
9640	2.831	8.085	0.297	0.849	0.005	0	0.105	1	9.483	477	2.856	1
9641	3.05	8.122	1.122	2.989	0.005	0	0.368	1	2.716	483	2.663	1
9642	4.288	11.753	0.63	1.728	0.005	0	0.147	1	6.804	462	2.741	1
9643	3.762	9.619	0.542	1.385	0.005	0	0.144	1	6.94	463	2.557	1
9644	1.904	3.711	0.219	0.427	0.005	0	0.115	1	8.697	463	1.949	1
9645	4.262	7.527	0.435	0.768	0.005	0	0.102	1	9.843	466	1.766	1
9646	3.406	9.717	3.317	9.464	0.005	0	0.974	1	1.027	471	2.853	1
9647	3.59	10.4	1.45	4.202	0.005	0	0.404	1	2.475	458	2.897	1
9648	3.177	8.127	0.378	0.967	0.005	0	0.119	1	8.41	458	2.558	1
9649	1.005	2.998	0.193	0.576	0.005	0	0.192	1	5.207	493	2.983	1
9650	2.087	5.512	0.307	0.81	0.005	0	0.147	1	6.823	481	2.641	1
9651	4.679	8.329	2.059	3.665	0.005	0	0.44	1	2.275	471	1.78	1
9652	3.806	9.348	0.639	1.57	0.005	0	0.168	1	5.935	480	2.456	1
9653	2.907	7.218	1.177	2.923	0.005	0	0.405	1	2.468	459	2.483	1
9654	2.062	3.668	0.231	0.411	0.005	0	0.112	1	8.949	486	1.779	1
9655	2.841	7.446	0.474	1.243	0.005	0	0.167	1	5.986	463	2.621	1
9656	3.124	8.191	0.394	1.032	0.005	0	0.126	1	7.916	454	2.622	1
9657	2.385	7.064	0.289	0.855	0.005	0	0.121	1	8.251	465	2.962	1
9658	2.475	7.163	0.349	1.01	0.005	0	0.141	1	7.081	490	2.894	1
9659	3.743	8.568	1.261	2.887	0.005	0	0.337	1	2.967	481	2.289	1
9660	3.981	7.321	0.45	0.827	0.005	0	0.113	1	8.844	488	1.839	1
9661	4.382	9.049	0.732	1.511	0.005	0	0.167	1	6.003	463	2.065	1
9662	2.775	5.206	0.411	0.77	0.005	0	0.148	1	6.749	499	1.876	1
9663	4.491	11.039	0.741	1.821	0.005	0	0.165	1	6.063	484	2.458	1
9664	4.353	8.728	0.566	1.135	0.005	0	0.13	1	7.681	466	2.005	1
9665	4.25	7.556	2.966	5.274	0.005	0	0.698	1	1.433	451	1.778	1
9666	4.669	7.699	1.027	1.694	0.005	0	0.22	1	4.546	476	1.649	1
9667	2.024	3.048	0.366	0.552	0.005	0	0.181	1	5.523	469	1.506	1
9668	3.404	9.596	0.977	2.754	0.005	0	0.287	1	3.489	472	2.819	1
9669	3.502	9.032	0.448	1.156	0.005	0	0.128	1	7.795	485	2.579	1
9670	4.521	6.949	1.071	1.647	0.005	0	0.237	1	4.222	484	1.537	1
9671	4.06	6.76	0.966	1.609	0.005	0	0.238	1	4.205	453	1.665	1
9672	2.417	4.641	0.346	0.664	0.005	0	0.143	1	7.014	481	1.92	1
9673	2.823	6.089	0.299	0.645	0.005	0	0.106	1	9.43	497	2.157	1
9674	2.558	6.994	0.476	1.301	0.005	0	0.186	1	5.384	453	2.734	1
9675	2.252	5.662	0.315	0.793	0.005	0	0.14	1	7.118	491	2.514	1
9676	1.549	2.433	0.383	0.601	0.005	0	0.247	1	4.045	481	1.571	1
9677	4.697	11.634	0.798	1.978	0.005	0	0.17	1	5.896	450	2.477	1
9678	4.604	8.352	0.815	1.478	0.005	0	0.177	1	5.656	496	1.814	1
9679	2.534	5.879	0.36	0.835	0.005	0	0.142	1	7.065	488	2.32	1
9680	2.128	3.394	0.423	0.675	0.005	0	0.199	1	5.02	468	1.595	1
9681	4.398	10.485	0.515	1.227	0.005	0	0.117	1	8.58	462	2.384	1
9682	4.208	6.548	0.61	0.949	0.005	0	0.145	1	6.874	457	1.556	1
9683	2.783	5.953	0.551	1.179	0.005	0	0.198	1	5.055	472	2.139	1
9684	2.037	4.657	0.401	0.917	0.005	0	0.197	1	5.081	471	2.286	1
9685	1.582	2.849	0.237	0.427	0.005	0	0.15	1	6.687	462	1.801	1
9686	4.249	7.712	0.939	1.704	0.005	0	0.221	1	4.534	450	1.815	1
9687	4.037	10.633	0.553	1.457	0.005	0	0.137	1	7.303	478	2.634	1
9688	4.765	8.153	2.602	4.452	0.005	0	0.546	1	1.833	454	1.711	1
9689	3.797	10.924	0.638	1.835	0.005	0	0.168	1	5.959	492	2.877	1
9690	1.346	2.264	0.141	0.238	0.005	0	0.105	1	9.566	460	1.682	1
9691	1.404	2.6	0.727	1.347	0.005	0	0.518	1	1.93	492	1.852	1
9692	4.774	10.813	0.535	1.211	0.005	0	0.112	1	8.904	477	2.265	1
9693	3.14	6.82	0.336	0.73	0.005	0	0.107	1	9.357	470	2.172	1
9694	4.674	12.732	1.556	4.24	0.005	0	0.333	1	3.006	476	2.724	1
9695	1.548	3.288	0.215	0.457	0.005	0	0.139	1	7.169	499	2.124	1
9696	3.774	7.457	0.411	0.813	0.005	0	0.109	1	9.15	451	1.976	1
9697	3.436	8.198	2.137	5.099	0.005	0	0.622	1	1.608	454	2.386	1
9698	4.543	7.868	0.65	1.125	0.005	0	0.143	1	6.986	451	1.732	1
9699	4.063	7.655	0.536	1.01	0.005	0	0.132	1	7.601	488	1.884	1
9700	3.732	9.408	1.191	3.001	0.005	0	0.319	1	3.133	490	2.521	1
9701	4.474	6.939	0.452	0.701	0.005	0	0.101	1	9.925	499	1.551	1
9702	2.332	5.525	0.534	1.265	0.005	0	0.229	1	4.366	497	2.369	1
9703	4.676	10.404	0.533	1.186	0.005	0	0.114	1	8.777	497	2.225	1
9704	3.147	5.781	0.374	0.688	0.005	0	0.119	1	8.409	484	1.837	1
9705	2.764	6.965	0.498	1.254	0.005	0	0.18	1	5.555	486	2.52	1
9706	1.115	2.566	0.277	0.636	0.005	0	0.248	1	4.037	475	2.301	1
9707	1.906	3.086	0.194	0.315	0.005	0	0.102	1	9.846	492	1.619	1
9708	1.584	3.524	0.223	0.497	0.005	0	0.141	1	7.077	459	2.225	1
9709	1.765	2.683	0.439	0.668	0.005	0	0.249	1	4.018	457	1.52	1
9710	1.375	3.697	0.228	0.614	0.005	0	0.166	1	6.035	486	2.689	1
9711	2.268	6.491	0.259	0.74	0.005	0	0.114	1	8.787	466	2.862	1
9712	2.651	5.156	0.342	0.665	0.005	0	0.129	1	7.75	452	1.945	1
9713	2.517	6.376	0.302	0.765	0.005	0	0.12	1	8.368	490	2.533	1
9714	4.098	6.364	2.672	4.149	0.005	0	0.652	1	1.533	462	1.553	1
9715	2.599	7.768	0.72	2.152	0.005	0	0.277	1	3.614	479	2.989	1
9716	2.844	4.465	0.614	0.964	0.005	0	0.216	1	4.639	477	1.57	1
9717	1.27	2.741	0.147	0.318	0.005	0	0.116	1	8.599	458	2.158	1
9718	1.735	4.339	0.189	0.473	0.005	0	0.109	1	9.199	496	2.501	1
9719	1.999	4.97	0.408	1.014	0.005	0	0.204	1	4.899	451	2.486	1
9720	4.912	13.297	0.55	1.489	0.005	0	0.112	1	8.928	454	2.707	1
9721	1.699	4.336	0.189	0.481	0.005	0	0.111	1	9.036	471	2.552	1
9722	3.269	8.555	0.379	0.992	0.005	0	0.116	1	8.627	452	2.617	1
9723	4.419	12.294	0.57	1.586	0.005	0	0.129	1	7.74	463	2.782	1
9724	3.353	8.788	0.885	2.32	0.005	0	0.264	1	3.79	479	2.621	1
9725	1.775	4.356	0.275	0.675	0.005	0	0.155	1	6.439	462	2.454	1
9726	3.405	8.349	0.415	1.019	0.005	0	0.122	1	8.209	466	2.452	1
9727	1.258	3.67	0.628	1.831	0.005	0	0.499	1	2.004	486	2.917	1
9728	2.506	5.724	0.474	1.082	0.005	0	0.189	1	5.301	478	2.284	1
9729	1.833	2.779	0.407	0.617	0.005	0	0.222	1	4.498	499	1.516	1
9730	2.099	5.531	0.22	0.581	0.005	0	0.105	1	9.562	481	2.635	1
9731	4.733	9.868	3.1	6.464	0.005	0	0.655	1	1.526	492	2.085	1
9732	2.859	7.877	0.503	1.386	0.005	0	0.176	1	5.673	460	2.755	1
9733	3.148	5.367	0.938	1.599	0.005	0	0.298	1	3.351	497	1.705	1
9734	3.135	7.875	0.545	1.37	0.005	0	0.174	1	5.732	456	2.512	1
9735	2.602	4.978	0.526	1.006	0.005	0	0.202	1	4.948	453	1.913	1
9736	4.846	14.412	0.678	2.018	0.005	0	0.14	1	7.138	478	2.974	1
9737	3.843	7.279	0.453	0.859	0.005	0	0.118	1	8.465	491	1.894	1
9738	2.95	4.986	0.298	0.504	0.005	0	0.101	1	9.878	474	1.69	1
9739	1.288	2.473	0.155	0.297	0.005	0	0.12	1	8.362	484	1.92	1
9740	4.23	10.211	1.265	3.053	0.005	0	0.299	1	3.34	452	2.414	1
9741	3.988	6.887	0.53	0.916	0.005	0	0.133	1	7.496	477	1.727	1
9742	4.754	14.153	0.732	2.18	0.005	0	0.154	1	6.506	498	2.977	1
9743	4.778	13.068	1.863	5.097	0.005	0	0.39	1	2.561	480	2.735	1
9744	1.534	2.796	0.265	0.484	0.005	0	0.173	1	5.779	489	1.823	1
9745	2.059	5.613	0.647	1.762	0.005	0	0.314	1	3.181	496	2.726	1
9746	1.786	3.59	1.066	2.143	0.005	0	0.597	1	1.675	474	2.01	1
9747	4.042	8.759	0.546	1.182	0.005	0	0.135	1	7.425	495	2.167	1
9748	4.538	7.356	1.802	2.92	0.005	0	0.397	1	2.521	467	1.621	1
9749	3.931	7.941	0.747	1.509	0.005	0	0.19	1	5.271	461	2.02	1
9750	3.405	6.221	0.592	1.082	0.005	0	0.174	1	5.733	478	1.827	1
9751	3.406	5.378	0.484	0.764	0.005	0	0.142	1	7.06	466	1.579	1
9752	3.359	6.006	0.675	1.207	0.005	0	0.201	1	4.984	489	1.788	1
9753	4.256	10.878	1.622	4.145	0.005	0	0.381	1	2.625	475	2.556	1
9754	4.683	9.165	2.229	4.363	0.005	0	0.476	1	2.103	466	1.957	1
9755	4.496	6.987	0.908	1.411	0.005	0	0.202	1	4.943	461	1.554	1
9756	2.515	6.851	0.573	1.562	0.005	0	0.228	1	4.385	474	2.724	1
9757	2.092	6.05	0.412	1.192	0.005	0	0.197	1	5.065	459	2.892	1
9758	1.636	3.423	0.172	0.359	0.005	0	0.105	1	9.527	459	2.092	1
9759	4.688	9.737	0.624	1.295	0.005	0	0.133	1	7.521	460	2.077	1
9760	4.354	6.675	0.448	0.688	0.005	0	0.103	1	9.685	483	1.533	1
9761	3.944	8.424	3.242	6.925	0.005	0	0.822	1	1.217	451	2.136	1
9762	2.409	6.398	0.855	2.271	0.005	0	0.355	1	2.815	490	2.656	1
9763	3.377	7.943	0.723	1.7	0.005	0	0.214	1	4.669	486	2.352	1
9764	2.095	4.542	0.369	0.799	0.005	0	0.176	1	5.691	461	2.168	1
9765	1.763	3.545	0.259	0.521	0.005	0	0.147	1	6.789	491	2.011	1
9766	4.73	8.59	0.544	0.988	0.005	0	0.115	1	8.716	450	1.816	1
9767	1.173	2.781	0.381	0.904	0.005	0	0.325	1	3.076	490	2.371	1
9768	3.387	7.939	0.366	0.857	0.005	0	0.108	1	9.257	488	2.344	1
9769	1.476	3.562	0.244	0.588	0.005	0	0.165	1	6.054	467	2.413	1
9770	3.641	9.368	0.553	1.424	0.005	0	0.152	1	6.576	496	2.573	1
9771	2.915	6.352	0.382	0.832	0.005	0	0.131	1	7.615	479	2.179	1
9772	3.841	7.601	0.449	0.889	0.005	0	0.117	1	8.517	467	1.979	1
9773	3.873	8.37	0.655	1.415	0.005	0	0.169	1	5.909	466	2.161	1
9774	2.867	7.752	1.132	3.062	0.005	0	0.395	1	2.534	451	2.704	1
9775	4.651	7.674	0.609	1.005	0.005	0	0.131	1	7.652	498	1.65	1
9776	1.292	3.183	0.145	0.356	0.005	0	0.112	1	8.904	494	2.464	1
9777	2.783	8.346	0.835	2.504	0.005	0	0.3	1	3.338	451	2.999	1
9778	1.842	3.152	0.258	0.441	0.005	0	0.14	1	7.167	458	1.711	1
9779	1.912	2.929	1.801	2.759	0.005	0	0.942	1	1.062	473	1.532	1
9780	2.583	7.121	1.1	3.034	0.005	0	0.426	1	2.348	487	2.757	1
9781	1.395	3.852	0.198	0.547	0.005	0	0.142	1	7.025	456	2.761	1
9782	2.654	4.578	0.449	0.774	0.005	0	0.169	1	5.933	468	1.725	1
9783	2.647	4.452	0.439	0.739	0.005	0	0.166	1	6.034	498	1.682	1
9784	4.58	13.419	0.467	1.369	0.005	0	0.102	1	9.797	461	2.93	1
9785	4.908	12.108	2.621	6.466	0.005	0	0.534	1	1.871	459	2.467	1
9786	4.302	8.514	0.607	1.2	0.005	0	0.141	1	7.095	477	1.979	1
9787	3.772	9.456	0.698	1.749	0.005	0	0.185	1	5.41	476	2.507	1
9788	3.824	7.969	0.424	0.885	0.005	0	0.111	1	8.999	478	2.084	1
9789	1.053	2.792	0.33	0.874	0.005	0	0.313	1	3.198	459	2.651	1
9790	1.941	3.68	0.654	1.24	0.005	0	0.337	1	2.965	472	1.896	1
9791	1.974	5.012	1.362	3.458	0.005	0	0.69	1	1.449	462	2.539	1
9792	4.293	9.938	0.489	1.133	0.005	0	0.114	1	8.795	465	2.315	1
9793	4.206	12.542	0.551	1.643	0.005	0	0.131	1	7.649	469	2.982	1
9794	2.034	6.061	0.338	1.006	0.005	0	0.166	1	6.022	498	2.98	1
9795	3.338	7.067	0.771	1.632	0.005	0	0.231	1	4.331	476	2.117	1
9796	4.295	10.677	0.631	1.57	0.005	0	0.147	1	6.781	451	2.486	1
9797	1.195	2.496	0.152	0.317	0.005	0	0.127	1	7.882	482	2.089	1
9798	2.696	4.81	1.453	2.593	0.005	0	0.539	1	1.854	470	1.784	1
9799	4.105	7.475	0.464	0.845	0.005	0	0.113	1	8.816	486	1.821	1
9800	4.133	11.287	0.434	1.185	0.005	0	0.105	1	9.525	499	2.731	1
9801	3.634	7.671	0.432	0.913	0.005	0	0.119	1	8.385	476	2.111	1
9802	3.961	7.367	1.755	3.264	0.005	0	0.443	1	2.257	474	1.86	1
9803	3.506	7.685	0.628	1.376	0.005	0	0.179	1	5.588	460	2.192	1
9804	1.196	2.911	0.171	0.416	0.005	0	0.143	1	7.007	473	2.434	1
9805	3.515	7.821	0.893	1.987	0.005	0	0.254	1	3.942	467	2.225	1
9806	1.286	2.707	0.359	0.755	0.005	0	0.279	1	3.58	482	2.105	1
9807	1.524	3.409	0.649	1.452	0.005	0	0.426	1	2.345	460	2.237	1
9808	4.39	7.072	0.601	0.969	0.005	0	0.137	1	7.277	457	1.611	1
9809	1.317	3.78	0.142	0.408	0.005	0	0.108	1	9.265	479	2.87	1
9810	1.782	3.3	0.2	0.37	0.005	0	0.112	1	8.943	499	1.852	1
9811	3.729	7.887	0.395	0.836	0.005	0	0.106	1	9.464	456	2.115	1
9812	2.629	5.602	0.318	0.678	0.005	0	0.121	1	8.295	473	2.131	1
9813	4.091	8.534	0.74	1.545	0.005	0	0.181	1	5.513	496	2.086	1
9814	3.685	9.29	1.559	3.93	0.005	0	0.423	1	2.364	485	2.521	1
9815	2.714	5.154	0.307	0.582	0.005	0	0.113	1	8.871	492	1.899	1
9816	4.559	11.338	0.465	1.156	0.005	0	0.102	1	9.836	451	2.487	1
9817	2.687	5.395	0.771	1.548	0.005	0	0.287	1	3.483	475	2.008	1
9818	1.26	2.293	0.181	0.33	0.005	0	0.144	1	6.95	450	1.82	1
9819	4.223	7.893	0.988	1.847	0.005	0	0.234	1	4.267	468	1.869	1
9820	2.777	6.384	1.763	4.054	0.005	0	0.635	1	1.576	485	2.299	1
9821	2.987	4.678	0.568	0.889	0.005	0	0.19	1	5.265	453	1.566	1
9822	3.943	7.255	0.946	1.741	0.005	0	0.24	1	4.166	482	1.84	1
9823	2.149	6.232	0.335	0.972	0.005	0	0.156	1	6.409	459	2.9	1
9824	3.04	6.737	0.334	0.741	0.005	0	0.11	1	9.111	484	2.216	1
9825	3.254	7.409	0.586	1.334	0.005	0	0.18	1	5.556	461	2.277	1
9826	4.81	9.817	0.563	1.149	0.005	0	0.117	1	8.55	464	2.041	1
9827	3.636	8.617	0.389	0.922	0.005	0	0.107	1	9.315	458	2.37	1
9828	4.975	9.323	0.517	0.97	0.005	0	0.104	1	9.632	487	1.874	1
9829	2.068	3.255	0.37	0.583	0.005	0	0.179	1	5.588	455	1.574	1
9830	1.048	2.302	0.125	0.274	0.005	0	0.119	1	8.375	495	2.197	1
9831	4.557	9.816	0.583	1.256	0.005	0	0.128	1	7.835	468	2.154	1
9832	2.901	5.695	0.725	1.424	0.005	0	0.25	1	4.004	474	1.963	1
9833	3.07	7.626	0.857	2.128	0.005	0	0.279	1	3.579	481	2.484	1
9834	4.881	11.744	1.513	3.641	0.005	0	0.31	1	3.226	493	2.406	1
9835	4.751	12.139	2.043	5.22	0.005	0	0.43	1	2.328	487	2.555	1
9836	1.606	4.296	1.148	3.072	0.005	0	0.715	1	1.399	499	2.675	1
9837	2.697	4.396	0.626	1.02	0.005	0	0.232	1	4.311	466	1.63	1
9838	2.23	6.681	0.473	1.416	0.005	0	0.212	1	4.717	491	2.996	1
9839	1.109	2.801	0.111	0.28	0.005	0	0.1	1	9.961	493	2.526	1
9840	2.72	4.322	0.46	0.73	0.005	0	0.169	1	5.921	477	1.589	1
9841	1.477	3.43	0.289	0.672	0.005	0	0.196	1	5.098	451	2.322	1
9842	2.425	5.745	0.281	0.666	0.005	0	0.116	1	8.591	490	2.369	1
9843	3.669	8.637	0.679	1.598	0.005	0	0.185	1	5.411	499	2.354	1
9844	3.125	7.019	0.328	0.737	0.005	0	0.105	1	9.517	474	2.246	1
9845	1.818	4.712	1.723	4.467	0.005	0	0.948	1	1.055	484	2.592	1
9846	1.716	3.94	0.257	0.591	0.005	0	0.15	1	6.684	494	2.296	1
9847	3.189	6.793	0.415	0.883	0.005	0	0.13	1	7.676	467	2.13	1
9848	4.801	7.672	1.628	2.601	0.005	0	0.339	1	2.946	486	1.598	1
9849	3.169	7.175	0.425	0.961	0.005	0	0.134	1	7.44	458	2.264	1
9850	2.634	5.286	0.279	0.56	0.005	0	0.106	1	9.42	466	2.007	1
9851	1.32	3.311	0.317	0.795	0.005	0	0.24	1	4.174	480	2.508	1
9852	1.575	3.051	0.165	0.32	0.005	0	0.105	1	9.527	476	1.937	1
9853	2.729	5.45	0.357	0.714	0.005	0	0.131	1	7.627	497	1.997	1
9854	1.665	2.716	0.275	0.448	0.005	0	0.165	1	6.055	493	1.631	1
9855	3.473	6.675	0.476	0.914	0.005	0	0.137	1	7.301	478	1.922	1
9856	4.31	6.689	0.862	1.338	0.005	0	0.2	1	4.999	484	1.552	1
9857	4.616	8.387	0.637	1.157	0.005	0	0.138	1	7.236	471	1.817	1
9858	2.489	4.871	0.563	1.101	0.005	0	0.226	1	4.426	451	1.957	1
9859	3.479	8.503	1.131	2.763	0.005	0	0.325	1	3.073	488	2.444	1
9860	1.677	3.223	0.693	1.331	0.005	0	0.413	1	2.422	486	1.922	1
9861	1.635	3.147	0.275	0.529	0.005	0	0.168	1	5.941	461	1.925	1
9862	1.076	2.461	0.114	0.261	0.005	0	0.106	1	9.428	469	2.287	1
9863	3.478	7.352	0.71	1.5	0.005	0	0.204	1	4.89	475	2.114	1
9864	4.489	9.404	0.974	2.041	0.005	0	0.217	1	4.614	492	2.095	1
9865	1.003	2.224	0.158	0.351	0.005	0	0.158	1	6.335	473	2.217	1
9866	1.817	2.753	0.97	1.47	0.005	0	0.534	1	1.873	455	1.515	1
9867	4.45	8.344	3.044	5.707	0.005	0	0.684	1	1.463	466	1.875	1
9868	3.154	4.838	0.643	0.987	0.005	0	0.204	1	4.9	479	1.534	1
9869	3.652	10.251	0.522	1.466	0.005	0	0.143	1	6.984	483	2.807	1
9870	1.63	4.835	0.212	0.629	0.005	0	0.13	1	7.671	453	2.966	1
9871	3.813	8.785	0.965	2.223	0.005	0	0.253	1	3.958	475	2.304	1
9872	3.979	7.051	0.676	1.199	0.005	0	0.17	1	5.885	456	1.772	1
9873	2.488	6.762	0.328	0.893	0.005	0	0.132	1	7.589	488	2.718	1
9874	1.765	4.356	0.374	0.923	0.005	0	0.212	1	4.71	494	2.468	1
9875	1.163	3.468	0.319	0.95	0.005	0	0.274	1	3.656	497	2.982	1
9876	2.189	3.555	0.352	0.572	0.005	0	0.161	1	6.203	476	1.624	1
9877	3.099	4.667	1.054	1.587	0.005	0	0.34	1	2.941	480	1.506	1
9878	2.203	4.994	0.571	1.293	0.005	0	0.259	1	3.855	469	2.267	1
9879	4.261	12.165	0.699	1.995	0.005	0	0.164	1	6.099	455	2.855	1
9880	2.05	5.365	0.98	2.564	0.005	0	0.478	1	2.09	461	2.617	1
9881	4.984	14.12	1.371	3.883	0.005	0	0.275	1	3.633	486	2.833	1
9882	1.705	3.584	0.193	0.405	0.005	0	0.113	1	8.852	479	2.102	1
9883	1.993	5.652	0.347	0.983	0.005	0	0.174	1	5.737	474	2.836	1
9884	3.226	8.488	0.819	2.156	0.005	0	0.254	1	3.934	466	2.631	1
9885	3.908	8.007	0.664	1.361	0.005	0	0.17	1	5.879	496	2.049	1
9886	1.51	2.713	0.159	0.285	0.005	0	0.105	1	9.56	487	1.797	1
9887	2.13	4.13	1.142	2.214	0.005	0	0.536	1	1.865	464	1.939	1
9888	1.478	3.753	0.808	2.053	0.005	0	0.547	1	1.829	487	2.539	1
9889	3.895	11.568	2.247	6.675	0.005	0	0.577	1	1.734	450	2.97	1
9890	2.76	5.727	1.888	3.917	0.005	0	0.684	1	1.463	468	2.075	1
9891	1.933	5.463	0.286	0.809	0.005	0	0.148	1	6.754	453	2.826	1
9892	3.678	7.739	2.361	4.968	0.005	0	0.642	1	1.557	496	2.104	1
9893	4.535	10.675	0.712	1.676	0.005	0	0.157	1	6.389	482	2.354	1
9894	2.983	4.803	0.597	0.961	0.005	0	0.2	1	4.991	454	1.61	1
9895	2.568	4.158	2.286	3.701	0.005	0	0.89	1	1.123	498	1.619	1
9896	3.572	5.905	0.361	0.596	0.005	0	0.101	1	9.907	486	1.653	1
9897	1.602	4.761	0.899	2.671	0.005	0	0.561	1	1.784	455	2.972	1
9898	2.222	6.21	0.411	1.149	0.005	0	0.185	1	5.417	454	2.795	1
9899	1.522	4.472	0.196	0.577	0.005	0	0.129	1	7.733	470	2.938	1
9900	4.03	6.621	0.778	1.278	0.005	0	0.193	1	5.187	498	1.643	1
9901	2.543	4.85	0.554	1.057	0.005	0	0.218	1	4.588	473	1.907	1
9902	3.723	7.606	1.467	2.997	0.005	0	0.394	1	2.539	469	2.043	1
9903	1.172	2.205	0.154	0.289	0.005	0	0.131	1	7.643	450	1.881	1
9904	1.769	3.745	0.333	0.704	0.005	0	0.188	1	5.333	481	2.117	1
9905	3.824	5.916	0.478	0.74	0.005	0	0.125	1	8.015	456	1.547	1
9906	2.042	3.149	0.21	0.324	0.005	0	0.103	1	9.707	451	1.542	1
9907	4.56	10.338	0.793	1.799	0.005	0	0.174	1	5.731	479	2.267	1
9908	2.229	6.542	0.267	0.785	0.005	0	0.12	1	8.317	489	2.935	1
9909	3.337	8.73	0.551	1.44	0.005	0	0.165	1	6.073	450	2.616	1
9910	3.73	9.239	0.429	1.062	0.005	0	0.115	1	8.713	476	2.477	1
9911	4.64	10.918	0.52	1.223	0.005	0	0.112	1	8.904	491	2.353	1
9912	3.374	9.882	2.325	6.809	0.005	0	0.689	1	1.452	454	2.929	1
9913	3.841	11.024	0.457	1.312	0.005	0	0.119	1	8.438	476	2.87	1
9914	2.82	8.291	0.493	1.451	0.005	0	0.175	1	5.728	489	2.94	1
9915	1.949	4.352	0.242	0.54	0.005	0	0.124	1	8.071	483	2.233	1
9916	3.92	9.773	0.423	1.055	0.005	0	0.108	1	9.233	480	2.493	1
9917	4.541	10.853	1.126	2.692	0.005	0	0.248	1	4.036	498	2.39	1
9918	2.945	5.254	0.412	0.736	0.005	0	0.14	1	7.143	462	1.784	1
9919	1.942	4.133	0.225	0.479	0.005	0	0.116	1	8.631	459	2.128	1
9920	1.882	2.838	0.203	0.307	0.005	0	0.108	1	9.269	469	1.508	1
9921	3.445	6.714	0.396	0.772	0.005	0	0.115	1	8.668	464	1.949	1
9922	3.168	7.974	0.396	0.997	0.005	0	0.125	1	8.012	499	2.517	1
9923	2.651	6.863	0.268	0.693	0.005	0	0.101	1	9.89	482	2.589	1
9924	4.48	13.297	0.556	1.649	0.005	0	0.124	1	8.05	496	2.968	1
9925	4.981	10.44	0.712	1.493	0.005	0	0.143	1	6.994	460	2.096	1
9926	2.835	7.85	0.318	0.879	0.005	0	0.112	1	8.952	480	2.769	1
9927	4.449	9.383	0.454	0.957	0.005	0	0.102	1	9.811	494	2.109	1
9928	3.758	6.689	0.421	0.749	0.005	0	0.112	1	8.952	490	1.78	1
9929	1.819	5.102	0.837	2.347	0.005	0	0.46	1	2.174	477	2.805	1
9930	4.445	10.979	0.725	1.79	0.005	0	0.163	1	6.119	491	2.47	1
9931	4.511	9.329	2.107	4.357	0.005	0	0.467	1	2.141	474	2.068	1
9932	2.83	4.486	0.337	0.534	0.005	0	0.119	1	8.373	451	1.585	1
9933	4.842	11.761	0.586	1.423	0.005	0	0.121	1	8.287	460	2.429	1
9934	3.874	10.557	0.666	1.816	0.005	0	0.172	1	5.825	462	2.725	1
9935	2.928	8.304	0.422	1.196	0.005	0	0.144	1	6.931	482	2.836	1
9936	3.727	9.56	0.578	1.482	0.005	0	0.155	1	6.434	488	2.565	1
9937	1.242	1.957	0.296	0.466	0.005	0	0.238	1	4.21	470	1.576	1
9938	3.173	5.48	0.876	1.512	0.005	0	0.276	1	3.621	490	1.727	1
9939	1.578	4.033	0.574	1.468	0.005	0	0.364	1	2.75	494	2.556	1
9940	2.913	8.206	0.291	0.821	0.005	0	0.1	1	9.96	470	2.817	1
9941	2.522	6.6	0.525	1.373	0.005	0	0.208	1	4.806	470	2.617	1
9942	3.85	7.523	0.72	1.407	0.005	0	0.187	1	5.34	474	1.954	1
9943	1.658	3.465	0.375	0.783	0.005	0	0.226	1	4.423	465	2.09	1
9944	4.504	13.39	0.45	1.339	0.005	0	0.1	1	9.958	494	2.973	1
9945	1.106	3.026	0.186	0.508	0.005	0	0.168	1	5.939	454	2.736	1
9946	2.192	4.805	0.335	0.735	0.005	0	0.153	1	6.54	491	2.192	1
9947	1.028	1.843	0.23	0.413	0.005	0	0.224	1	4.462	477	1.793	1
9948	4.432	12.764	0.47	1.353	0.005	0	0.106	1	9.438	488	2.88	1
9949	1.529	2.845	0.164	0.304	0.005	0	0.107	1	9.342	484	1.861	1
9950	2.335	5.616	0.392	0.943	0.005	0	0.168	1	5.968	460	2.405	1
9951	2.206	3.916	0.245	0.435	0.005	0	0.111	1	9.008	494	1.775	1
9952	4.646	13.25	3.155	8.997	0.005	0	0.679	1	1.472	492	2.852	1
9953	1.83	4.656	0.192	0.489	0.005	0	0.105	1	9.529	455	2.544	1
9954	1.212	2.04	0.324	0.545	0.005	0	0.267	1	3.749	481	1.683	1
9955	1.991	5.28	0.237	0.628	0.005	0	0.119	1	8.379	450	2.652	1
9956	4.779	7.861	1.176	1.934	0.005	0	0.246	1	4.062	460	1.645	1
9957	4.288	9.519	2.165	4.807	0.005	0	0.505	1	1.981	466	2.22	1
9958	4.19	11.803	2.384	6.716	0.005	0	0.569	1	1.758	457	2.817	1
9959	2.403	6.947	0.843	2.438	0.005	0	0.351	1	2.853	466	2.891	1
9960	1.457	2.799	0.618	1.187	0.005	0	0.424	1	2.358	483	1.921	1
9961	3.038	6.033	1.346	2.673	0.005	0	0.443	1	2.257	484	1.986	1
9962	4.222	8.934	0.701	1.483	0.005	0	0.166	1	6.014	456	2.116	1
9963	3.463	6.136	0.492	0.871	0.005	0	0.142	1	7.025	491	1.772	1
9964	4.891	8.051	3.243	5.338	0.005	0	0.663	1	1.508	488	1.646	1
9965	3.739	10.372	3.002	8.329	0.005	0	0.803	1	1.246	468	2.774	1
9966	2.979	5.901	0.337	0.667	0.005	0	0.113	1	8.875	487	1.981	1
9967	2.215	4.479	0.361	0.73	0.005	0	0.163	1	6.145	467	2.022	1
9968	3.22	8.72	0.361	0.977	0.005	0	0.112	1	8.958	497	2.708	1
9969	3.174	5.859	0.46	0.85	0.005	0	0.145	1	6.916	459	1.846	1
9970	4.762	8.9	1.538	2.875	0.005	0	0.323	1	3.099	472	1.869	1
9971	2.337	6.864	0.243	0.714	0.005	0	0.104	1	9.659	492	2.937	1
9972	4.594	9.753	0.464	0.985	0.005	0	0.101	1	9.866	467	2.123	1
9973	4.853	11.773	3.829	9.289	0.005	0	0.789	1	1.268	451	2.426	1
9974	4.074	11.542	2.151	6.094	0.005	0	0.528	1	1.895	499	2.833	1
9975	1.596	2.922	0.519	0.95	0.005	0	0.325	1	3.078	479	1.831	1
9976	4.489	12.484	0.525	1.461	0.005	0	0.117	1	8.56	463	2.781	1
9977	1.327	3.146	0.508	1.205	0.005	0	0.383	1	2.61	454	2.371	1
9978	2.334	5.844	0.287	0.719	0.005	0	0.123	1	8.107	493	2.504	1
9979	1.885	4.057	1.574	3.388	0.005	0	0.835	1	1.198	461	2.152	1
9980	2.536	5.402	0.38	0.81	0.005	0	0.15	1	6.65	470	2.13	1
9981	1.639	3.317	0.193	0.391	0.005	0	0.118	1	8.445	477	2.024	1
9982	1.064	2.823	0.11	0.291	0.005	0	0.103	1	9.722	481	2.653	1
9983	1.755	4.477	0.179	0.457	0.005	0	0.102	1	9.813	490	2.551	1
9984	4.309	11.583	0.508	1.367	0.005	0	0.118	1	8.48	455	2.688	1
9985	1.228	3.615	0.155	0.455	0.005	0	0.126	1	7.965	475	2.944	1
9986	2.822	8.204	0.502	1.46	0.005	0	0.178	1	5.631	457	2.907	1
9987	1.457	3.659	0.408	1.025	0.005	0	0.28	1	3.571	454	2.511	1
9988	1.119	3.126	0.149	0.416	0.005	0	0.133	1	7.514	482	2.794	1
9989	4.146	12.368	0.647	1.929	0.005	0	0.156	1	6.401	467	2.983	1
9990	1.567	3.089	0.185	0.365	0.005	0	0.118	1	8.503	476	1.971	1
9991	3.986	7.478	0.913	1.712	0.005	0	0.229	1	4.37	484	1.876	1
9992	2.318	6.516	1.166	3.278	0.005	0	0.503	1	1.99	472	2.811	1
9993	4.652	13.835	1.465	4.358	0.005	0	0.315	1	3.177	462	2.974	1
9994	4.611	9.042	1.047	2.053	0.005	0	0.227	1	4.399	458	1.961	1
9995	1.467	2.635	0.71	1.275	0.005	0	0.484	1	2.064	453	1.796	1
9996	3.722	6.268	0.424	0.715	0.005	0	0.114	1	8.762	472	1.684	1
9997	4.03	10.063	0.709	1.771	0.005	0	0.176	1	5.696	488	2.497	1
9998	1.387	2.164	0.155	0.242	0.005	0	0.112	1	8.955	455	1.56	1
9999	1.729	3.629	0.316	0.664	0.005	0	0.183	1	5.461	457	2.099	1
